{"type":"FeatureCollection","features":[{"type":"Feature","properties":{},"geometry":{"type":"Polygon","coordinates":[[[174.6596,-36.7884],[174.6607,-36.7889],[174.6633,-36.7865],[174.6622,-36.787],[174.6596,-36.7884]]]}},{"type":"Feature","properties":{},"geometry":{"type":"Polygon","coordinates":[[[174.9598,-36.9196],[174.9611,-36.9206],[174.9614,-36.9229],[174.9616,-36.9227],[174.9612,-36.9201],[174.9601,-36.9194],[174.9598,-36.9196]]]}},{"type":"Feature","properties":{},"geometry":{"type":"Polygon","coordinates":[[[174.9615,-36.9274],[174.9622,-36.9295],[174.9627,-36.9291],[174.9642,-36.9287],[174.9669,-36.9307],[174.968,-36.9282],[174.9668,-36.9256],[174.9659,-36.925],[174.9666,-36.9259],[174.9654,-36.9282],[174.964,-36.927],[174.964,-36.9258],[174.9652,-36.9256],[174.9655,-36.9247],[174.9654,-36.9246],[174.964,-36.9256],[174.9625,-36.9267],[174.9634,-36.9265],[174.9625,-36.9276],[174.9624,-36.9274],[174.9625,-36.9274],[174.9625,-36.9273],[174.9623,-36.9273],[174.9623,-36.9274],[174.962,-36.9271],[174.9615,-36.9274]],[[174.9664,-36.9285],[174.9664,-36.9282],[174.9666,-36.9282],[174.9666,-36.9285],[174.9664,-36.9285]],[[174.9668,-36.9282],[174.9673,-36.9282],[174.9671,-36.9287],[174.9668,-36.9282]],[[174.9669,-36.9293],[174.9669,-36.9291],[174.9671,-36.9291],[174.9671,-36.9293],[174.9669,-36.9293]]]}},{"type":"Feature","properties":{},"geometry":{"type":"Polygon","coordinates":[[[174.9631,-36.9149],[174.9633,-36.9182],[174.9639,-36.9181],[174.9637,-36.9177],[174.9642,-36.9179],[174.9641,-36.9181],[174.9648,-36.918],[174.9653,-36.9199],[174.9656,-36.9169],[174.9693,-36.9147],[174.969,-36.9135],[174.9698,-36.9134],[174.9698,-36.9135],[174.97,-36.9135],[174.97,-36.9134],[174.9699,-36.9134],[174.9715,-36.9131],[174.97,-36.913],[174.9688,-36.9132],[174.9688,-36.9148],[174.9666,-36.9138],[174.9633,-36.9146],[174.9631,-36.9149]],[[174.9637,-36.915],[174.9637,-36.9149],[174.964,-36.9149],[174.964,-36.915],[174.9637,-36.915]],[[174.9644,-36.9162],[174.9654,-36.9153],[174.9649,-36.9171],[174.9644,-36.9162]],[[174.9644,-36.9151],[174.9644,-36.915],[174.9647,-36.915],[174.9647,-36.9151],[174.9644,-36.9151]],[[174.9652,-36.9149],[174.9652,-36.9147],[174.9654,-36.9147],[174.9654,-36.9149],[174.9652,-36.9149]],[[174.9656,-36.9153],[174.9656,-36.9151],[174.9659,-36.9151],[174.9659,-36.9153],[174.9656,-36.9153]],[[174.9661,-36.9151],[174.9663,-36.9143],[174.9666,-36.9151],[174.9661,-36.9151]],[[174.9663,-36.9154],[174.9663,-36.9153],[174.9666,-36.9153],[174.9666,-36.9154],[174.9663,-36.9154]],[[174.9668,-36.9153],[174.9671,-36.915],[174.9669,-36.9153],[174.9668,-36.9153]],[[174.9669,-36.9156],[174.9669,-36.9154],[174.9671,-36.9156],[174.9669,-36.9156]]]}},{"type":"Feature","properties":{},"geometry":{"type":"Polygon","coordinates":[[[174.9654,-36.9433],[174.9668,-36.9435],[174.9665,-36.9419],[174.9654,-36.9433]]]}},{"type":"Feature","properties":{},"geometry":{"type":"Polygon","coordinates":[[[174.9669,-36.9413],[174.9681,-36.9409],[174.9692,-36.9384],[174.9669,-36.9413]]]}},{"type":"Feature","properties":{},"geometry":{"type":"Polygon","coordinates":[[[174.9678,-36.9452],[174.969,-36.9479],[174.9705,-36.9508],[174.9681,-36.9453],[174.9678,-36.9452]]]}},{"type":"Feature","properties":{},"geometry":{"type":"Polygon","coordinates":[[[174.9711,-36.9387],[174.9725,-36.9405],[174.9722,-36.9392],[174.9712,-36.9387],[174.9711,-36.9373],[174.9711,-36.9387]]]}},{"type":"Feature","properties":{},"geometry":{"type":"Polygon","coordinates":[[[174.9726,-36.9357],[174.9736,-36.9362],[174.9744,-36.9356],[174.9743,-36.9354],[174.9726,-36.9357]]]}},{"type":"Feature","properties":{},"geometry":{"type":"Polygon","coordinates":[[[174.1622,-36.4633],[174.1623,-36.4706],[174.1624,-36.4706],[174.1624,-36.4708],[174.1623,-36.4708],[174.1624,-36.474],[174.1635,-36.4731],[174.1627,-36.4724],[174.1635,-36.4714],[174.1632,-36.4719],[174.1639,-36.4719],[174.1639,-36.4708],[174.1625,-36.4708],[174.1641,-36.4694],[174.1624,-36.469],[174.1637,-36.4683],[174.1627,-36.468],[174.1632,-36.4669],[174.1625,-36.4654],[174.1635,-36.4649],[174.1625,-36.4639],[174.1635,-36.4633],[174.1624,-36.4631],[174.1637,-36.4623],[174.1627,-36.462],[174.1622,-36.4633]],[[174.1625,-36.4627],[174.1627,-36.4627],[174.1627,-36.4628],[174.1625,-36.4627]],[[174.1627,-36.4646],[174.1627,-36.4644],[174.1629,-36.4644],[174.1629,-36.4646],[174.1627,-36.4646]],[[174.1635,-36.471],[174.1635,-36.4709],[174.1637,-36.4709],[174.1637,-36.471],[174.1635,-36.471]]]}},{"type":"Feature","properties":{},"geometry":{"type":"Polygon","coordinates":[[[174.1624,-36.4742],[174.1625,-36.4823],[174.1674,-36.4926],[174.187,-36.5157],[174.2627,-36.5987],[174.2578,-36.5927],[174.1825,-36.5081],[174.1705,-36.4937],[174.1659,-36.4868],[174.1627,-36.4798],[174.1634,-36.4789],[174.1626,-36.475],[174.1627,-36.475],[174.1627,-36.4749],[174.1625,-36.4749],[174.1624,-36.4742]]]}},{"type":"Feature","properties":{},"geometry":{"type":"Polygon","coordinates":[[[174.1631,-36.461],[174.1649,-36.4607],[174.1649,-36.4597],[174.1639,-36.4595],[174.1654,-36.4592],[174.1651,-36.4583],[174.1651,-36.4581],[174.1649,-36.4576],[174.1654,-36.4577],[174.1666,-36.4568],[174.1654,-36.4566],[174.1675,-36.4561],[174.1683,-36.454],[174.1678,-36.454],[174.1692,-36.4536],[174.1692,-36.4542],[174.1699,-36.4526],[174.1729,-36.4536],[174.1724,-36.4518],[174.1723,-36.4529],[174.1721,-36.4528],[174.1723,-36.4528],[174.1721,-36.4526],[174.1721,-36.4527],[174.1719,-36.4525],[174.1725,-36.4511],[174.1726,-36.4511],[174.1726,-36.451],[174.1729,-36.4503],[174.1724,-36.4493],[174.174,-36.4493],[174.174,-36.4484],[174.175,-36.4485],[174.175,-36.4477],[174.1765,-36.4485],[174.1772,-36.4506],[174.1796,-36.4498],[174.1798,-36.4506],[174.1811,-36.451],[174.1806,-36.4537],[174.1839,-36.4543],[174.1825,-36.4558],[174.1823,-36.4548],[174.1813,-36.4547],[174.1813,-36.4551],[174.1787,-36.455],[174.1786,-36.4557],[174.1801,-36.4557],[174.1804,-36.4565],[174.181,-36.4555],[174.181,-36.4568],[174.1822,-36.4557],[174.1823,-36.457],[174.1828,-36.4569],[174.1845,-36.4542],[174.19,-36.454],[174.1885,-36.4547],[174.19,-36.4554],[174.1885,-36.4583],[174.189,-36.4597],[174.19,-36.4618],[174.1919,-36.462],[174.1922,-36.4627],[174.1919,-36.463],[174.1919,-36.4629],[174.1917,-36.4629],[174.1917,-36.4631],[174.1918,-36.4631],[174.1914,-36.4635],[174.1919,-36.4649],[174.1948,-36.4655],[174.195,-36.4671],[174.1931,-36.4716],[174.1926,-36.4717],[174.1921,-36.4719],[174.1929,-36.4735],[174.1921,-36.4745],[174.1946,-36.4757],[174.1944,-36.4778],[174.1952,-36.479],[174.1951,-36.479],[174.1951,-36.4791],[174.1952,-36.4791],[174.1956,-36.4798],[174.1963,-36.4797],[174.198,-36.4753],[174.1994,-36.4746],[174.1996,-36.4719],[174.1989,-36.4709],[174.1978,-36.4752],[174.1965,-36.4619],[174.195,-36.4591],[174.1904,-36.4554],[174.1925,-36.4513],[174.1914,-36.4459],[174.1948,-36.4379],[174.1971,-36.4337],[174.1979,-36.4332],[174.1968,-36.4312],[174.1902,-36.4333],[174.1873,-36.435],[174.181,-36.4433],[174.1691,-36.4513],[174.1645,-36.4572],[174.1636,-36.4598],[174.1644,-36.4598],[174.1639,-36.4605],[174.1636,-36.4598],[174.1631,-36.461]],[[174.1644,-36.4585],[174.1644,-36.4584],[174.1649,-36.4584],[174.1649,-36.4585],[174.1644,-36.4585]],[[174.1652,-36.4574],[174.1652,-36.4573],[174.1654,-36.4573],[174.1654,-36.4574],[174.1652,-36.4574]],[[174.1724,-36.4532],[174.1724,-36.4528],[174.1726,-36.4528],[174.1726,-36.4532],[174.1724,-36.4532]],[[174.1803,-36.4555],[174.1803,-36.4554],[174.1804,-36.4554],[174.1804,-36.4555],[174.1803,-36.4555]]]}},{"type":"Feature","properties":{},"geometry":{"type":"Polygon","coordinates":[[[174.1743,-36.4574],[174.1752,-36.4584],[174.177,-36.4577],[174.1772,-36.4569],[174.1774,-36.4572],[174.1779,-36.458],[174.1798,-36.4576],[174.1789,-36.457],[174.1787,-36.457],[174.1788,-36.457],[174.1781,-36.4565],[174.1798,-36.4561],[174.1782,-36.4561],[174.1779,-36.454],[174.1767,-36.4537],[174.1765,-36.4548],[174.1775,-36.455],[174.1772,-36.4563],[174.1746,-36.4573],[174.1745,-36.4573],[174.1745,-36.4574],[174.1743,-36.4574]],[[174.1781,-36.4569],[174.1784,-36.457],[174.1782,-36.4572],[174.1781,-36.4569]]]}},{"type":"Feature","properties":{},"geometry":{"type":"Polygon","coordinates":[[[174.1781,-36.4531],[174.1786,-36.4539],[174.1788,-36.4537],[174.1789,-36.4537],[174.1798,-36.4533],[174.1799,-36.4533],[174.1799,-36.4532],[174.1804,-36.4529],[174.1806,-36.4513],[174.1796,-36.4509],[174.1787,-36.4517],[174.1781,-36.4526],[174.1798,-36.4524],[174.1781,-36.4531]]]}},{"type":"Feature","properties":{},"geometry":{"type":"Polygon","coordinates":[[[174.198,-36.4651],[174.1994,-36.4688],[174.1989,-36.4709],[174.1999,-36.4691],[174.2002,-36.4657],[174.1989,-36.4657],[174.1984,-36.4632],[174.1994,-36.4618],[174.1994,-36.458],[174.2011,-36.4566],[174.2001,-36.4568],[174.1996,-36.4535],[174.198,-36.4651]]]}},{"type":"Feature","properties":{},"geometry":{"type":"Polygon","coordinates":[[[174.202,-36.449],[174.203,-36.4474],[174.2037,-36.4469],[174.2037,-36.447],[174.2038,-36.447],[174.2038,-36.4468],[174.2039,-36.4467],[174.204,-36.4467],[174.205,-36.4459],[174.2048,-36.4455],[174.2036,-36.4463],[174.202,-36.449]]]}},{"type":"Feature","properties":{},"geometry":{"type":"Polygon","coordinates":[[[174.2755,-36.6142],[174.2869,-36.6305],[174.3212,-36.6739],[174.3287,-36.6867],[174.3507,-36.7148],[174.3897,-36.7702],[174.3901,-36.7701],[174.3892,-36.7686],[174.33,-36.6849],[174.2834,-36.6236],[174.2755,-36.6142]]]}},{"type":"Feature","properties":{},"geometry":{"type":"Polygon","coordinates":[[[174.39,-36.7707],[174.4135,-36.8072],[174.4153,-36.8083],[174.4148,-36.8071],[174.417,-36.8088],[174.4158,-36.8066],[174.4134,-36.8056],[174.4114,-36.8028],[174.3904,-36.7705],[174.39,-36.7707]]]}},{"type":"Feature","properties":{},"geometry":{"type":"Polygon","coordinates":[[[174.4177,-36.8133],[174.4247,-36.8251],[174.4256,-36.8306],[174.4269,-36.8295],[174.4242,-36.8231],[174.418,-36.8129],[174.4177,-36.8133]]]}},{"type":"Feature","properties":{},"geometry":{"type":"Polygon","coordinates":[[[174.4247,-36.833],[174.4259,-36.8335],[174.4274,-36.8377],[174.4276,-36.8372],[174.4267,-36.8336],[174.4247,-36.833]]]}},{"type":"Feature","properties":{},"geometry":{"type":"Polygon","coordinates":[[[174.4288,-36.8418],[174.4305,-36.8438],[174.4304,-36.8452],[174.4307,-36.8439],[174.429,-36.8417],[174.4288,-36.8418]]]}},{"type":"Feature","properties":{},"geometry":{"type":"Polygon","coordinates":[[[174.4303,-36.8566],[174.4324,-36.8579],[174.4324,-36.8577],[174.4312,-36.8564],[174.4303,-36.8566]]]}},{"type":"Feature","properties":{},"geometry":{"type":"Polygon","coordinates":[[[174.437,-36.888],[174.4378,-36.8877],[174.4385,-36.8868],[174.4385,-36.8861],[174.437,-36.888]]]}},{"type":"Feature","properties":{},"geometry":{"type":"Polygon","coordinates":[[[174.4378,-36.8888],[174.4379,-36.8892],[174.4384,-36.889],[174.441,-36.8903],[174.4399,-36.8891],[174.4378,-36.8888]]]}},{"type":"Feature","properties":{},"geometry":{"type":"Polygon","coordinates":[[[174.4424,-36.8911],[174.4425,-36.8911],[174.4473,-36.8906],[174.4484,-36.89],[174.4493,-36.888],[174.4486,-36.8891],[174.4477,-36.8895],[174.4477,-36.8896],[174.4476,-36.8896],[174.4452,-36.8907],[174.4424,-36.8911]],[[174.4472,-36.89],[174.4474,-36.8898],[174.4476,-36.89],[174.4472,-36.89]]]}},{"type":"Feature","properties":{},"geometry":{"type":"Polygon","coordinates":[[[174.443,-36.8922],[174.4469,-36.9006],[174.4474,-36.9003],[174.4465,-36.8982],[174.4453,-36.8971],[174.4435,-36.8926],[174.4468,-36.8909],[174.443,-36.8922]]]}},{"type":"Feature","properties":{},"geometry":{"type":"Polygon","coordinates":[[[174.4507,-36.9279],[174.4511,-36.9282],[174.4532,-36.9278],[174.4534,-36.9276],[174.4515,-36.9278],[174.4513,-36.9278],[174.4507,-36.9279]]]}},{"type":"Feature","properties":{},"geometry":{"type":"Polygon","coordinates":[[[174.4524,-36.925],[174.4534,-36.9276],[174.4539,-36.927],[174.4539,-36.9261],[174.4527,-36.9256],[174.4524,-36.9249],[174.4524,-36.925]]]}},{"type":"Feature","properties":{},"geometry":{"type":"Polygon","coordinates":[[[174.455,-36.9349],[174.4589,-36.9349],[174.4588,-36.9348],[174.4573,-36.9348],[174.4573,-36.9342],[174.455,-36.9349]]]}},{"type":"Feature","properties":{},"geometry":{"type":"Polygon","coordinates":[[[174.4561,-36.9189],[174.4571,-36.9188],[174.4568,-36.9165],[174.4566,-36.9183],[174.4561,-36.9185],[174.4561,-36.9189]],[[174.4566,-36.9186],[174.4566,-36.9184],[174.4568,-36.9184],[174.4566,-36.9186]]]}},{"type":"Feature","properties":{},"geometry":{"type":"Polygon","coordinates":[[[174.4686,-36.9855],[174.47,-36.9843],[174.4715,-36.9855],[174.472,-36.9848],[174.4708,-36.984],[174.4694,-36.9842],[174.4687,-36.9853],[174.4687,-36.9851],[174.4686,-36.9855]]]}},{"type":"Feature","properties":{},"geometry":{"type":"Polygon","coordinates":[[[174.4724,-36.9863],[174.473,-36.9868],[174.4731,-36.9873],[174.4757,-36.9869],[174.4742,-36.9866],[174.4743,-36.9866],[174.4743,-36.9865],[174.4742,-36.9865],[174.4742,-36.9866],[174.4724,-36.9863]]]}},{"type":"Feature","properties":{},"geometry":{"type":"Polygon","coordinates":[[[174.4776,-37.012],[174.4789,-37.0122],[174.4785,-37.0105],[174.4776,-37.012]]]}},{"type":"Feature","properties":{},"geometry":{"type":"Polygon","coordinates":[[[174.482,-37.0439],[174.4844,-37.0496],[174.4917,-37.0527],[174.503,-37.0505],[174.503,-37.0503],[174.5034,-37.0505],[174.5034,-37.0504],[174.5033,-37.0486],[174.5065,-37.047],[174.5087,-37.0468],[174.5106,-37.0487],[174.5118,-37.0474],[174.5115,-37.047],[174.5109,-37.0484],[174.5092,-37.047],[174.5092,-37.0459],[174.5109,-37.0458],[174.5104,-37.0448],[174.51,-37.0454],[174.5063,-37.0443],[174.5046,-37.0454],[174.5041,-37.0452],[174.5046,-37.0444],[174.5037,-37.0447],[174.5035,-37.0447],[174.5036,-37.0447],[174.5012,-37.0455],[174.5039,-37.0466],[174.502,-37.0478],[174.501,-37.0456],[174.4991,-37.0448],[174.4981,-37.0455],[174.4924,-37.0413],[174.4894,-37.0413],[174.4894,-37.0399],[174.4882,-37.0404],[174.4887,-37.0418],[174.4892,-37.0421],[174.4892,-37.0422],[174.4893,-37.0421],[174.4942,-37.0448],[174.4948,-37.0463],[174.4969,-37.0469],[174.4962,-37.0477],[174.4969,-37.0482],[174.4924,-37.0467],[174.4924,-37.0458],[174.4872,-37.043],[174.4868,-37.0436],[174.4877,-37.0439],[174.4866,-37.0443],[174.4877,-37.0445],[174.4873,-37.0449],[174.4866,-37.045],[174.4866,-37.0448],[174.4863,-37.0448],[174.4864,-37.045],[174.4856,-37.0451],[174.486,-37.0455],[174.4848,-37.046],[174.4846,-37.046],[174.4846,-37.0461],[174.4836,-37.0466],[174.4831,-37.0452],[174.4832,-37.0452],[174.4832,-37.0451],[174.4831,-37.0451],[174.483,-37.0448],[174.4831,-37.0448],[174.4831,-37.0447],[174.4829,-37.0448],[174.4827,-37.0441],[174.482,-37.0439]],[[174.4921,-37.0469],[174.4921,-37.0467],[174.4923,-37.0467],[174.4923,-37.0469],[174.4921,-37.0469]]]}},{"type":"Feature","properties":{},"geometry":{"type":"Polygon","coordinates":[[[174.5106,-37.0444],[174.5152,-37.0422],[174.5186,-37.038],[174.5217,-37.0371],[174.5248,-37.0337],[174.5348,-37.0317],[174.5353,-37.0314],[174.5303,-37.0321],[174.5291,-37.0312],[174.5259,-37.0323],[174.523,-37.0343],[174.5216,-37.0366],[174.5179,-37.0377],[174.516,-37.0411],[174.5141,-37.0426],[174.5112,-37.0433],[174.5106,-37.0444]]]}},{"type":"Feature","properties":{},"geometry":{"type":"Polygon","coordinates":[[[174.5359,-37.0308],[174.5401,-37.0275],[174.5387,-37.0279],[174.5359,-37.0308]]]}},{"type":"Feature","properties":{},"geometry":{"type":"Polygon","coordinates":[[[174.4628,-36.9635],[174.4644,-36.9652],[174.4641,-36.964],[174.4634,-36.9632],[174.4628,-36.9635]]]}},{"type":"Feature","properties":{},"geometry":{"type":"Polygon","coordinates":[[[174.4664,-36.9753],[174.4675,-36.9746],[174.4666,-36.9737],[174.4668,-36.9742],[174.4664,-36.9753]]]}},{"type":"Feature","properties":{},"geometry":{"type":"Polygon","coordinates":[[[174.4683,-36.9528],[174.4686,-36.9536],[174.4685,-36.9541],[174.4697,-36.9538],[174.4706,-36.9551],[174.4732,-36.9555],[174.4713,-36.9547],[174.4721,-36.9542],[174.4718,-36.9536],[174.4683,-36.9528]],[[174.4708,-36.9536],[174.4708,-36.9535],[174.4709,-36.9535],[174.4709,-36.9536],[174.4708,-36.9536]],[[174.4709,-36.9539],[174.4709,-36.9538],[174.4711,-36.9539],[174.4709,-36.9539]],[[174.4711,-36.9542],[174.4711,-36.954],[174.4713,-36.954],[174.4713,-36.9542],[174.4711,-36.9542]]]}},{"type":"Feature","properties":{},"geometry":{"type":"Polygon","coordinates":[[[174.536,-37.0613],[174.5379,-37.074],[174.5417,-37.0838],[174.5494,-37.0975],[174.5589,-37.1109],[174.5592,-37.11],[174.5517,-37.0987],[174.5507,-37.096],[174.55,-37.0959],[174.5477,-37.0934],[174.5396,-37.0775],[174.536,-37.0595],[174.536,-37.0613]]]}},{"type":"Feature","properties":{},"geometry":{"type":"Polygon","coordinates":[[[174.5361,-37.0585],[174.5368,-37.0538],[174.5379,-37.0526],[174.5362,-37.0537],[174.5361,-37.0585]]]}},{"type":"Feature","properties":{},"geometry":{"type":"Polygon","coordinates":[[[174.5647,-37.1205],[174.5693,-37.1298],[174.571,-37.1309],[174.5719,-37.1308],[174.5708,-37.1298],[174.5647,-37.1205]]]}},{"type":"Feature","properties":{},"geometry":{"type":"Polygon","coordinates":[[[174.5779,-37.1436],[174.5829,-37.1539],[174.5859,-37.159],[174.5864,-37.159],[174.5863,-37.1578],[174.5779,-37.1436]]]}},{"type":"Feature","properties":{},"geometry":{"type":"Polygon","coordinates":[[[174.5875,-37.1605],[174.5896,-37.1646],[174.6078,-37.1979],[174.609,-37.1994],[174.6085,-37.1987],[174.6049,-37.1925],[174.6025,-37.1864],[174.5913,-37.1676],[174.5877,-37.1604],[174.5884,-37.1596],[174.588,-37.1596],[174.5875,-37.1605]]]}},{"type":"Feature","properties":{},"geometry":{"type":"Polygon","coordinates":[[[174.6154,-37.2109],[174.6203,-37.2223],[174.6284,-37.2352],[174.6362,-37.2495],[174.6327,-37.2429],[174.624,-37.2271],[174.6203,-37.2221],[174.6208,-37.2218],[174.6194,-37.2186],[174.6154,-37.2109]]]}},{"type":"Feature","properties":{},"geometry":{"type":"Polygon","coordinates":[[[174.7113,-36.8612],[174.7119,-36.8621],[174.7121,-36.862],[174.7122,-36.8625],[174.7124,-36.8628],[174.7132,-36.8626],[174.7113,-36.8612]]]}},{"type":"Feature","properties":{},"geometry":{"type":"Polygon","coordinates":[[[174.4564,-36.6447],[174.4578,-36.6458],[174.4576,-36.6436],[174.4564,-36.6447]]]}},{"type":"Feature","properties":{},"geometry":{"type":"Polygon","coordinates":[[[175.0434,-36.9812],[175.0443,-36.9835],[175.0453,-36.9838],[175.0449,-36.9833],[175.046,-36.9829],[175.0447,-36.9852],[175.045,-36.9858],[175.0451,-36.9858],[175.0451,-36.9859],[175.0452,-36.9862],[175.0465,-36.9827],[175.0439,-36.9817],[175.0499,-36.9817],[175.049,-36.9827],[175.0496,-36.9828],[175.049,-36.9831],[175.0492,-36.9832],[175.0497,-36.9828],[175.0501,-36.9829],[175.0513,-36.9805],[175.0465,-36.9771],[175.0502,-36.9758],[175.0509,-36.9743],[175.0519,-36.9756],[175.0514,-36.9741],[175.0531,-36.9726],[175.0545,-36.9688],[175.0569,-36.9696],[175.0571,-36.9696],[175.0571,-36.9697],[175.0576,-36.9698],[175.0574,-36.9724],[175.0591,-36.9693],[175.0606,-36.9689],[175.0613,-36.9697],[175.0605,-36.9705],[175.0623,-36.9733],[175.0624,-36.9728],[175.0625,-36.9728],[175.0625,-36.9727],[175.0624,-36.9727],[175.0627,-36.9712],[175.0646,-36.9715],[175.0646,-36.9707],[175.0658,-36.9704],[175.0664,-36.9713],[175.067,-36.9716],[175.0676,-36.9724],[175.0678,-36.9719],[175.0675,-36.9717],[175.0687,-36.9722],[175.0692,-36.9715],[175.0704,-36.9724],[175.0714,-36.9712],[175.0709,-36.9722],[175.0717,-36.9726],[175.0733,-36.969],[175.0753,-36.9666],[175.0775,-36.967],[175.077,-36.9667],[175.0794,-36.9599],[175.081,-36.96],[175.081,-36.9593],[175.0835,-36.9581],[175.084,-36.9585],[175.0844,-36.9602],[175.0833,-36.9626],[175.0844,-36.9645],[175.0845,-36.9617],[175.0868,-36.9621],[175.0866,-36.9632],[175.0874,-36.9634],[175.0874,-36.9629],[175.0886,-36.9632],[175.0883,-36.9622],[175.0898,-36.9614],[175.0891,-36.957],[175.088,-36.9563],[175.0881,-36.9547],[175.0902,-36.954],[175.0905,-36.9531],[175.089,-36.9524],[175.0878,-36.9532],[175.0868,-36.952],[175.0862,-36.9532],[175.0835,-36.9546],[175.083,-36.9562],[175.0828,-36.9553],[175.0813,-36.9546],[175.0828,-36.9523],[175.0816,-36.9523],[175.08,-36.9561],[175.0803,-36.9561],[175.0803,-36.9562],[175.08,-36.9562],[175.0799,-36.9564],[175.0801,-36.9567],[175.0803,-36.9566],[175.0803,-36.9571],[175.0806,-36.9576],[175.0807,-36.9577],[175.0808,-36.9579],[175.0804,-36.9578],[175.0804,-36.9584],[175.0793,-36.9576],[175.0777,-36.9572],[175.0779,-36.9573],[175.0779,-36.9574],[175.0776,-36.9572],[175.0774,-36.9572],[175.0752,-36.9552],[175.0752,-36.95],[175.0783,-36.9484],[175.0775,-36.9479],[175.0784,-36.9464],[175.0799,-36.9476],[175.0807,-36.9461],[175.0803,-36.9476],[175.0826,-36.945],[175.0823,-36.9441],[175.0823,-36.9439],[175.0821,-36.9439],[175.0821,-36.9438],[175.0823,-36.9438],[175.0821,-36.943],[175.082,-36.943],[175.082,-36.9428],[175.0814,-36.9404],[175.0813,-36.9404],[175.0813,-36.9402],[175.0814,-36.9404],[175.0814,-36.9401],[175.0813,-36.9401],[175.0811,-36.9401],[175.0811,-36.94],[175.0812,-36.94],[175.0806,-36.9396],[175.0806,-36.9397],[175.0804,-36.9397],[175.0804,-36.9395],[175.0781,-36.938],[175.0828,-36.9375],[175.078,-36.9314],[175.0775,-36.9318],[175.0772,-36.9315],[175.078,-36.9314],[175.0772,-36.9304],[175.075,-36.9296],[175.0729,-36.9304],[175.0721,-36.9295],[175.0673,-36.9303],[175.067,-36.9319],[175.067,-36.9318],[175.0668,-36.9318],[175.0668,-36.9319],[175.0669,-36.9319],[175.0664,-36.9342],[175.0675,-36.9335],[175.0675,-36.9336],[175.0676,-36.9336],[175.0675,-36.9335],[175.0687,-36.9326],[175.0684,-36.9319],[175.0685,-36.9319],[175.0684,-36.9319],[175.0682,-36.9314],[175.0688,-36.9314],[175.0688,-36.9325],[175.0702,-36.934],[175.0721,-36.9342],[175.0721,-36.9353],[175.07,-36.9359],[175.0702,-36.9364],[175.0683,-36.9364],[175.0687,-36.9371],[175.0712,-36.9374],[175.0714,-36.9389],[175.0746,-36.9384],[175.0721,-36.9389],[175.0729,-36.9402],[175.0719,-36.9392],[175.0687,-36.9392],[175.0697,-36.9402],[175.0702,-36.9393],[175.0705,-36.9398],[175.0709,-36.9428],[175.0682,-36.9435],[175.0682,-36.9434],[175.068,-36.9434],[175.068,-36.9435],[175.0675,-36.9437],[175.0678,-36.9462],[175.0658,-36.9457],[175.0668,-36.9465],[175.0653,-36.948],[175.0653,-36.9495],[175.0651,-36.9495],[175.0651,-36.9497],[175.0653,-36.9497],[175.0653,-36.9502],[175.0641,-36.9499],[175.0625,-36.9524],[175.0639,-36.9535],[175.0641,-36.955],[175.0647,-36.9547],[175.0651,-36.9516],[175.0644,-36.9516],[175.0651,-36.9508],[175.0675,-36.9503],[175.0687,-36.949],[175.0699,-36.9488],[175.0699,-36.949],[175.07,-36.949],[175.0712,-36.9499],[175.0719,-36.9492],[175.0719,-36.9493],[175.0719,-36.9492],[175.0729,-36.948],[175.0733,-36.9482],[175.0733,-36.9483],[175.0735,-36.9483],[175.0736,-36.9484],[175.0752,-36.9491],[175.0744,-36.9497],[175.0743,-36.9495],[175.0743,-36.9498],[175.0726,-36.9513],[175.0726,-36.9512],[175.0724,-36.9512],[175.0724,-36.9513],[175.0726,-36.9513],[175.0724,-36.9514],[175.0705,-36.9517],[175.0699,-36.9529],[175.0712,-36.9533],[175.0714,-36.9544],[175.0704,-36.9558],[175.0676,-36.957],[175.0666,-36.9604],[175.0642,-36.9598],[175.0599,-36.9617],[175.0594,-36.9615],[175.0608,-36.9587],[175.0601,-36.9587],[175.0606,-36.9588],[175.0599,-36.9602],[175.0582,-36.9606],[175.0567,-36.9599],[175.0576,-36.961],[175.0554,-36.9628],[175.0559,-36.9636],[175.0588,-36.9622],[175.0584,-36.9634],[175.0557,-36.9655],[175.0513,-36.9668],[175.0526,-36.9683],[175.0506,-36.9679],[175.0509,-36.9674],[175.0497,-36.9679],[175.0485,-36.9709],[175.0492,-36.9727],[175.0484,-36.9739],[175.0502,-36.9743],[175.0475,-36.9743],[175.0471,-36.9734],[175.0473,-36.9745],[175.0453,-36.9772],[175.0507,-36.981],[175.0477,-36.9813],[175.0443,-36.9805],[175.0434,-36.9812]],[[175.0441,-36.981],[175.0441,-36.9809],[175.0443,-36.9809],[175.0443,-36.981],[175.0441,-36.981]],[[175.0449,-36.9812],[175.0449,-36.981],[175.0451,-36.9812],[175.0449,-36.9812]],[[175.0461,-36.9772],[175.0461,-36.9771],[175.0463,-36.9771],[175.0463,-36.9772],[175.0461,-36.9772]],[[175.0461,-36.9769],[175.0461,-36.9768],[175.0463,-36.9768],[175.0463,-36.9769],[175.0461,-36.9769]],[[175.0492,-36.9711],[175.0495,-36.9709],[175.0494,-36.9713],[175.0492,-36.9711]],[[175.0497,-36.9723],[175.0507,-36.9701],[175.0518,-36.9709],[175.0504,-36.9734],[175.0497,-36.9723]],[[175.0502,-36.9701],[175.0506,-36.97],[175.0504,-36.9704],[175.0502,-36.9701]],[[175.0518,-36.969],[175.0518,-36.9688],[175.0519,-36.969],[175.0518,-36.969]],[[175.0521,-36.9712],[175.0524,-36.9711],[175.0523,-36.9715],[175.0521,-36.9712]],[[175.0524,-36.9705],[175.0524,-36.9704],[175.0526,-36.9704],[175.0526,-36.9705],[175.0524,-36.9705]],[[175.0528,-36.9667],[175.056,-36.9666],[175.0543,-36.9681],[175.0528,-36.9667]],[[175.0538,-36.9682],[175.054,-36.9682],[175.054,-36.9683],[175.0538,-36.9682]],[[175.054,-36.9689],[175.054,-36.9685],[175.0542,-36.9689],[175.054,-36.9689]],[[175.0547,-36.9685],[175.0547,-36.9683],[175.0548,-36.9683],[175.0548,-36.9685],[175.0547,-36.9685]],[[175.0571,-36.9667],[175.0574,-36.9666],[175.0574,-36.967],[175.0571,-36.9667]],[[175.0577,-36.9707],[175.0577,-36.9704],[175.0579,-36.9704],[175.0579,-36.9707],[175.0577,-36.9707]],[[175.0579,-36.9644],[175.0581,-36.9638],[175.0586,-36.9644],[175.0579,-36.9644]],[[175.0579,-36.9621],[175.0579,-36.9618],[175.0581,-36.9618],[175.0579,-36.9621]],[[175.0579,-36.9614],[175.0579,-36.9613],[175.0582,-36.9613],[175.0582,-36.9614],[175.0579,-36.9614]],[[175.0608,-36.9623],[175.0608,-36.9622],[175.061,-36.9622],[175.061,-36.9623],[175.0608,-36.9623]],[[175.0612,-36.9628],[175.0613,-36.9626],[175.0615,-36.9629],[175.0612,-36.9628]],[[175.0612,-36.9619],[175.0612,-36.9618],[175.0613,-36.9618],[175.0613,-36.9619],[175.0612,-36.9619]],[[175.0615,-36.9618],[175.0615,-36.9617],[175.0617,-36.9617],[175.0617,-36.9618],[175.0615,-36.9618]],[[175.0617,-36.9712],[175.0617,-36.9711],[175.062,-36.9711],[175.062,-36.9712],[175.0617,-36.9712]],[[175.0617,-36.9656],[175.0632,-36.9655],[175.0623,-36.9666],[175.0617,-36.9656]],[[175.0618,-36.9617],[175.0618,-36.9615],[175.062,-36.9615],[175.062,-36.9617],[175.0618,-36.9617]],[[175.0622,-36.9636],[175.0639,-36.9638],[175.0627,-36.9645],[175.0622,-36.9636]],[[175.0622,-36.9615],[175.0622,-36.9614],[175.0623,-36.9614],[175.0623,-36.9615],[175.0622,-36.9615]],[[175.0625,-36.9614],[175.0625,-36.9613],[175.0627,-36.9613],[175.0627,-36.9614],[175.0625,-36.9614]],[[175.0635,-36.9688],[175.0637,-36.9689],[175.0637,-36.969],[175.0635,-36.9688]],[[175.0637,-36.9694],[175.0637,-36.9693],[175.0639,-36.9693],[175.0639,-36.9694],[175.0637,-36.9694]],[[175.0639,-36.9529],[175.0639,-36.9528],[175.0641,-36.9528],[175.0641,-36.9529],[175.0639,-36.9529]],[[175.0641,-36.964],[175.0646,-36.9638],[175.0647,-36.9641],[175.0641,-36.964]],[[175.0641,-36.9544],[175.0641,-36.9543],[175.0642,-36.9543],[175.0642,-36.9544],[175.0641,-36.9544]],[[175.0642,-36.9707],[175.0642,-36.9705],[175.0644,-36.9708],[175.0642,-36.9707]],[[175.0642,-36.9693],[175.0646,-36.9689],[175.0644,-36.9693],[175.0642,-36.9693]],[[175.0644,-36.9531],[175.0646,-36.9531],[175.0646,-36.9532],[175.0644,-36.9531]],[[175.0647,-36.9697],[175.0653,-36.9694],[175.0653,-36.9697],[175.0647,-36.9697]],[[175.0649,-36.9686],[175.0649,-36.9685],[175.0653,-36.9685],[175.0653,-36.9686],[175.0649,-36.9686]],[[175.0653,-36.9682],[175.0664,-36.9679],[175.0664,-36.9689],[175.0653,-36.9682]],[[175.0656,-36.9495],[175.0656,-36.9494],[175.0658,-36.9494],[175.0658,-36.9495],[175.0656,-36.9495]],[[175.0664,-36.9486],[175.0671,-36.9487],[175.067,-36.9494],[175.0668,-36.9491],[175.0668,-36.949],[175.0667,-36.949],[175.0664,-36.9486]],[[175.0664,-36.9477],[175.0664,-36.9476],[175.0668,-36.9476],[175.0668,-36.9477],[175.0664,-36.9477]],[[175.0666,-36.9483],[175.0673,-36.948],[175.0675,-36.9484],[175.0666,-36.9483]],[[175.0668,-36.9708],[175.0668,-36.9707],[175.067,-36.9707],[175.067,-36.9708],[175.0668,-36.9708]],[[175.0668,-36.9701],[175.0668,-36.9698],[175.067,-36.9698],[175.067,-36.9701],[175.0668,-36.9701]],[[175.0668,-36.9628],[175.0668,-36.9626],[175.067,-36.9626],[175.067,-36.9628],[175.0668,-36.9628]],[[175.067,-36.969],[175.067,-36.9688],[175.0673,-36.9692],[175.067,-36.969]],[[175.067,-36.9682],[175.067,-36.9681],[175.0671,-36.9681],[175.0671,-36.9682],[175.067,-36.9682]],[[175.067,-36.9629],[175.0671,-36.9629],[175.0671,-36.963],[175.067,-36.9629]],[[175.0671,-36.9493],[175.0671,-36.9491],[175.0673,-36.9491],[175.0673,-36.9493],[175.0671,-36.9493]],[[175.0671,-36.9476],[175.0671,-36.9475],[175.0673,-36.9475],[175.0673,-36.9476],[175.0671,-36.9476]],[[175.0673,-36.9694],[175.0673,-36.9693],[175.0675,-36.9693],[175.0675,-36.9694],[175.0673,-36.9694]],[[175.0673,-36.9679],[175.0673,-36.9678],[175.0675,-36.9678],[175.0673,-36.9679]],[[175.0673,-36.9487],[175.0673,-36.9486],[175.0675,-36.9486],[175.0673,-36.9487]],[[175.0675,-36.9632],[175.0675,-36.963],[175.0676,-36.963],[175.0675,-36.9632]],[[175.0675,-36.9479],[175.0678,-36.9477],[175.0682,-36.9482],[175.0675,-36.9479]],[[175.0676,-36.9679],[175.0676,-36.9678],[175.0678,-36.9678],[175.0678,-36.9679],[175.0676,-36.9679]],[[175.0676,-36.9629],[175.0676,-36.9628],[175.0678,-36.9628],[175.0678,-36.9629],[175.0676,-36.9629]],[[175.0678,-36.9697],[175.0685,-36.9701],[175.0682,-36.97],[175.0683,-36.9705],[175.0678,-36.9697]],[[175.0678,-36.9484],[175.068,-36.9483],[175.0682,-36.9484],[175.0678,-36.9484]],[[175.068,-36.9693],[175.068,-36.9692],[175.0682,-36.9692],[175.0682,-36.9693],[175.068,-36.9693]],[[175.0682,-36.9709],[175.0683,-36.9708],[175.0685,-36.9711],[175.0682,-36.9709]],[[175.0682,-36.9682],[175.0683,-36.9681],[175.0685,-36.9683],[175.0682,-36.9682]],[[175.0682,-36.9479],[175.0682,-36.9477],[175.0683,-36.9477],[175.0683,-36.9479],[175.0682,-36.9479]],[[175.0683,-36.9694],[175.0683,-36.9693],[175.0687,-36.9694],[175.0683,-36.9694]],[[175.0683,-36.9488],[175.0683,-36.9487],[175.0685,-36.9487],[175.0685,-36.9488],[175.0683,-36.9488]],[[175.0687,-36.9701],[175.069,-36.9698],[175.0693,-36.9705],[175.0687,-36.9701]],[[175.0687,-36.9694],[175.0688,-36.9693],[175.0688,-36.9694],[175.0687,-36.9694]],[[175.0687,-36.9692],[175.0687,-36.969],[175.0688,-36.969],[175.0688,-36.9692],[175.0687,-36.9692]],[[175.0687,-36.9686],[175.0687,-36.9685],[175.0688,-36.9685],[175.0688,-36.9686],[175.0687,-36.9686]],[[175.0687,-36.9663],[175.069,-36.966],[175.0688,-36.9663],[175.0687,-36.9663]],[[175.0687,-36.9622],[175.069,-36.9621],[175.0688,-36.9623],[175.0687,-36.9622]],[[175.0687,-36.9449],[175.0692,-36.9446],[175.069,-36.9449],[175.0687,-36.9449]],[[175.0688,-36.9475],[175.0699,-36.9472],[175.0692,-36.9479],[175.0688,-36.9475]],[[175.069,-36.9456],[175.069,-36.945],[175.0699,-36.9452],[175.069,-36.9456]],[[175.0692,-36.9685],[175.0693,-36.9683],[175.0693,-36.9685],[175.0692,-36.9685]],[[175.0693,-36.9696],[175.0709,-36.9694],[175.0711,-36.9705],[175.0693,-36.9696]],[[175.0693,-36.969],[175.0693,-36.9689],[175.0695,-36.9689],[175.0695,-36.969],[175.0693,-36.969]],[[175.0693,-36.9587],[175.0697,-36.9584],[175.0695,-36.9587],[175.0693,-36.9587]],[[175.0693,-36.9322],[175.0693,-36.9321],[175.0695,-36.9321],[175.0695,-36.9322],[175.0693,-36.9322]],[[175.0695,-36.9716],[175.0697,-36.9715],[175.0699,-36.9716],[175.0695,-36.9716]],[[175.0695,-36.9711],[175.0695,-36.9709],[175.0697,-36.9709],[175.0697,-36.9711],[175.0695,-36.9711]],[[175.0697,-36.9688],[175.0699,-36.9686],[175.0699,-36.9688],[175.0697,-36.9688]],[[175.0697,-36.9681],[175.0697,-36.9679],[175.0699,-36.9679],[175.0699,-36.9681],[175.0697,-36.9681]],[[175.0697,-36.9603],[175.0697,-36.9602],[175.0699,-36.9602],[175.0699,-36.9603],[175.0697,-36.9603]],[[175.0697,-36.9456],[175.0697,-36.9454],[175.0699,-36.9456],[175.0697,-36.9456]],[[175.0697,-36.9317],[175.0697,-36.9315],[175.0699,-36.9315],[175.0699,-36.9317],[175.0697,-36.9317]],[[175.0699,-36.9708],[175.0699,-36.9707],[175.07,-36.9708],[175.0699,-36.9708]],[[175.0699,-36.9449],[175.0699,-36.9447],[175.07,-36.9447],[175.07,-36.9449],[175.0699,-36.9449]],[[175.0699,-36.9318],[175.0705,-36.9319],[175.0705,-36.9329],[175.0699,-36.9318]],[[175.07,-36.9716],[175.07,-36.9713],[175.0702,-36.9713],[175.0702,-36.9716],[175.07,-36.9716]],[[175.07,-36.931],[175.0712,-36.9311],[175.0719,-36.9319],[175.0714,-36.9321],[175.07,-36.931]],[[175.0702,-36.9488],[175.0704,-36.9488],[175.0704,-36.949],[175.0702,-36.9488]],[[175.0702,-36.9482],[175.0702,-36.948],[175.0704,-36.948],[175.0704,-36.9482],[175.0702,-36.9482]],[[175.0702,-36.9445],[175.0704,-36.9445],[175.0704,-36.9446],[175.0702,-36.9445]],[[175.0704,-36.972],[175.0704,-36.9716],[175.0707,-36.9718],[175.0704,-36.972]],[[175.0705,-36.9675],[175.0707,-36.9674],[175.0707,-36.9675],[175.0705,-36.9675]],[[175.0705,-36.9482],[175.0705,-36.948],[175.0707,-36.948],[175.0707,-36.9482],[175.0705,-36.9482]],[[175.0709,-36.9563],[175.0711,-36.9563],[175.0711,-36.9565],[175.0709,-36.9563]],[[175.0711,-36.9442],[175.0711,-36.9441],[175.0714,-36.9442],[175.0711,-36.9442]],[[175.0712,-36.9653],[175.0712,-36.9648],[175.0716,-36.9649],[175.0712,-36.9653]],[[175.0712,-36.9467],[175.0712,-36.9465],[175.0714,-36.9465],[175.0714,-36.9467],[175.0712,-36.9467]],[[175.0714,-36.9709],[175.0714,-36.9707],[175.0717,-36.9709],[175.0714,-36.9709]],[[175.0714,-36.9688],[175.0719,-36.9685],[175.0716,-36.969],[175.0714,-36.9688]],[[175.0714,-36.9668],[175.0714,-36.9667],[175.0716,-36.9667],[175.0714,-36.9668]],[[175.0714,-36.9404],[175.0714,-36.9402],[175.0716,-36.9402],[175.0716,-36.9404],[175.0714,-36.9404]],[[175.0716,-36.9327],[175.0721,-36.9325],[175.0719,-36.933],[175.0716,-36.9327]],[[175.0716,-36.931],[175.0719,-36.9307],[175.0719,-36.9311],[175.0716,-36.931]],[[175.0721,-36.9667],[175.0721,-36.9666],[175.0722,-36.9666],[175.0722,-36.9667],[175.0721,-36.9667]],[[175.0721,-36.93],[175.0724,-36.9299],[175.0724,-36.9303],[175.0721,-36.93]],[[175.0722,-36.9707],[175.0722,-36.9705],[175.0724,-36.9705],[175.0724,-36.9707],[175.0722,-36.9707]],[[175.0724,-36.9678],[175.0726,-36.9678],[175.0726,-36.9679],[175.0724,-36.9678]],[[175.0724,-36.9667],[175.0724,-36.9666],[175.0728,-36.9666],[175.0728,-36.9667],[175.0724,-36.9667]],[[175.0724,-36.9524],[175.0724,-36.9521],[175.0726,-36.9521],[175.0724,-36.9524]],[[175.0728,-36.9381],[175.0733,-36.9371],[175.0741,-36.9378],[175.0762,-36.9372],[175.0765,-36.9379],[175.0746,-36.9383],[175.0728,-36.9381]],[[175.0728,-36.9317],[175.0728,-36.9315],[175.0729,-36.9315],[175.0729,-36.9317],[175.0728,-36.9317]],[[175.0729,-36.9524],[175.0729,-36.9523],[175.0731,-36.9523],[175.0729,-36.9524]],[[175.0731,-36.9468],[175.0733,-36.9465],[175.0736,-36.9468],[175.0731,-36.9468]],[[175.0733,-36.9477],[175.0733,-36.9476],[175.0734,-36.9476],[175.0734,-36.9477],[175.0733,-36.9477]],[[175.0734,-36.9554],[175.0734,-36.9553],[175.0736,-36.9553],[175.0736,-36.9554],[175.0734,-36.9554]],[[175.0734,-36.9531],[175.0736,-36.9529],[175.0736,-36.9531],[175.0734,-36.9531]],[[175.0734,-36.9527],[175.0736,-36.9527],[175.0736,-36.9529],[175.0734,-36.9527]],[[175.0736,-36.9668],[175.0741,-36.9667],[175.074,-36.9671],[175.0736,-36.9668]],[[175.0736,-36.9524],[175.0736,-36.9523],[175.0738,-36.9523],[175.0738,-36.9524],[175.0736,-36.9524]],[[175.0738,-36.9527],[175.0738,-36.9525],[175.074,-36.9525],[175.074,-36.9527],[175.0738,-36.9527]],[[175.0745,-36.9664],[175.0746,-36.9659],[175.0753,-36.966],[175.0745,-36.9664]],[[175.0745,-36.9583],[175.0745,-36.9581],[175.0746,-36.9581],[175.0746,-36.9583],[175.0745,-36.9583]],[[175.0745,-36.9375],[175.0745,-36.9374],[175.0746,-36.9374],[175.0746,-36.9375],[175.0745,-36.9375]],[[175.0745,-36.9333],[175.0746,-36.9327],[175.075,-36.9334],[175.0745,-36.9333]],[[175.0748,-36.9355],[175.0748,-36.9353],[175.075,-36.9353],[175.0748,-36.9355]],[[175.075,-36.957],[175.075,-36.9569],[175.0752,-36.9569],[175.0752,-36.957],[175.075,-36.957]],[[175.075,-36.9465],[175.0757,-36.9471],[175.0753,-36.9471],[175.075,-36.9465]],[[175.0752,-36.9566],[175.0752,-36.9565],[175.0753,-36.9565],[175.0753,-36.9566],[175.0752,-36.9566]],[[175.0752,-36.9387],[175.0752,-36.9386],[175.0753,-36.9386],[175.0753,-36.9387],[175.0752,-36.9387]],[[175.0753,-36.9563],[175.0755,-36.9562],[175.0755,-36.9563],[175.0753,-36.9563]],[[175.0753,-36.9491],[175.0762,-36.9488],[175.0755,-36.9495],[175.0754,-36.9494],[175.0755,-36.9494],[175.0755,-36.9493],[175.0754,-36.9493],[175.0753,-36.9491]],[[175.0757,-36.966],[175.0758,-36.9659],[175.0758,-36.966],[175.0757,-36.966]],[[175.0757,-36.9561],[175.0758,-36.9559],[175.0762,-36.9562],[175.0757,-36.9561]],[[175.0757,-36.9475],[175.076,-36.9473],[175.076,-36.9476],[175.0757,-36.9475]],[[175.0758,-36.9648],[175.0762,-36.9636],[175.0763,-36.9643],[175.0763,-36.9644],[175.0764,-36.9644],[175.0765,-36.9651],[175.0758,-36.9648]],[[175.0758,-36.931],[175.0769,-36.9307],[175.077,-36.9311],[175.0758,-36.931]],[[175.076,-36.9486],[175.0769,-36.9483],[175.0769,-36.9487],[175.076,-36.9486]],[[175.076,-36.9477],[175.0762,-36.9477],[175.0762,-36.9479],[175.0763,-36.948],[175.0762,-36.948],[175.076,-36.9477]],[[175.0762,-36.9621],[175.0765,-36.9618],[175.0763,-36.9621],[175.0762,-36.9621]],[[175.0762,-36.9477],[175.0763,-36.9477],[175.0765,-36.948],[175.0763,-36.948],[175.0763,-36.9479],[175.0762,-36.9477]],[[175.0763,-36.963],[175.0763,-36.9629],[175.0765,-36.9629],[175.0765,-36.963],[175.0763,-36.963]],[[175.0763,-36.9566],[175.0763,-36.9565],[175.0765,-36.9566],[175.0763,-36.9566]],[[175.0774,-36.9617],[175.0777,-36.9617],[175.0777,-36.9618],[175.0774,-36.9617]],[[175.0774,-36.9606],[175.0774,-36.9604],[175.0775,-36.9604],[175.0775,-36.9606],[175.0774,-36.9606]],[[175.0777,-36.9366],[175.0777,-36.9364],[175.0779,-36.9364],[175.0777,-36.9366]],[[175.0779,-36.9592],[175.0779,-36.9591],[175.0782,-36.9591],[175.0782,-36.9592],[175.0779,-36.9592]],[[175.0781,-36.9574],[175.0782,-36.9574],[175.0782,-36.9576],[175.0781,-36.9574]],[[175.0784,-36.9592],[175.0784,-36.9591],[175.0786,-36.9591],[175.0786,-36.9592],[175.0784,-36.9592]],[[175.0787,-36.9578],[175.0791,-36.9578],[175.0792,-36.9581],[175.0787,-36.9578]],[[175.0789,-36.9363],[175.0789,-36.9362],[175.0791,-36.9363],[175.0789,-36.9363]],[[175.0791,-36.9593],[175.0791,-36.9592],[175.0792,-36.9593],[175.0791,-36.9593]],[[175.0794,-36.9593],[175.0796,-36.9592],[175.0796,-36.9593],[175.0794,-36.9593]],[[175.0794,-36.9364],[175.0794,-36.9363],[175.0796,-36.9364],[175.0794,-36.9364]],[[175.0796,-36.9585],[175.0796,-36.9584],[175.0798,-36.9585],[175.0796,-36.9585]],[[175.0796,-36.9584],[175.0796,-36.9583],[175.0798,-36.9583],[175.0796,-36.9584]],[[175.0801,-36.9367],[175.0801,-36.9366],[175.0803,-36.9366],[175.0803,-36.9367],[175.0801,-36.9367]],[[175.0803,-36.9374],[175.0804,-36.9372],[175.0804,-36.9374],[175.0803,-36.9374]],[[175.0806,-36.9572],[175.0827,-36.9563],[175.0828,-36.9577],[175.0816,-36.9581],[175.0806,-36.9572]],[[175.0806,-36.9555],[175.0806,-36.9554],[175.0808,-36.9554],[175.0808,-36.9555],[175.0806,-36.9555]],[[175.0815,-36.9419],[175.0815,-36.9416],[175.0816,-36.9416],[175.0816,-36.9419],[175.0815,-36.9419]],[[175.0818,-36.9559],[175.0818,-36.9558],[175.082,-36.9558],[175.082,-36.9559],[175.0818,-36.9559]],[[175.0818,-36.9432],[175.082,-36.9431],[175.082,-36.9434],[175.0818,-36.9432]],[[175.0828,-36.9583],[175.0828,-36.9581],[175.083,-36.9581],[175.083,-36.9583],[175.0828,-36.9583]],[[175.0845,-36.9577],[175.0856,-36.9577],[175.0852,-36.9585],[175.0845,-36.9577]],[[175.0859,-36.9589],[175.0861,-36.9588],[175.0861,-36.9589],[175.0859,-36.9589]],[[175.0861,-36.9599],[175.0861,-36.9598],[175.0862,-36.9598],[175.0862,-36.9599],[175.0861,-36.9599]],[[175.0864,-36.96],[175.0864,-36.9599],[175.0869,-36.9599],[175.0869,-36.96],[175.0864,-36.96]],[[175.0874,-36.9574],[175.0881,-36.9573],[175.0881,-36.9577],[175.0874,-36.9574]],[[175.088,-36.9599],[175.089,-36.9599],[175.089,-36.9613],[175.088,-36.9599]],[[175.088,-36.9598],[175.088,-36.9596],[175.0881,-36.9596],[175.0881,-36.9598],[175.088,-36.9598]],[[175.0881,-36.9544],[175.0881,-36.9543],[175.0883,-36.9543],[175.0883,-36.9544],[175.0881,-36.9544]]]}},{"type":"Feature","properties":{},"geometry":{"type":"Polygon","coordinates":[[[175.0777,-36.9671],[175.0784,-36.9697],[175.0789,-36.9698],[175.0787,-36.9686],[175.0801,-36.9694],[175.0789,-36.9677],[175.0777,-36.9671]]]}},{"type":"Feature","properties":{},"geometry":{"type":"Polygon","coordinates":[[[175.0817,-36.9522],[175.0839,-36.9516],[175.0854,-36.95],[175.0817,-36.952],[175.0817,-36.9522]]]}},{"type":"Feature","properties":{},"geometry":{"type":"Polygon","coordinates":[[[175.0881,-36.9486],[175.0893,-36.9484],[175.0905,-36.9473],[175.0881,-36.9486]]]}},{"type":"Feature","properties":{},"geometry":{"type":"Polygon","coordinates":[[[175.042,-36.9944],[175.0425,-36.9948],[175.0424,-36.9922],[175.0436,-36.9919],[175.0427,-36.9899],[175.0434,-36.989],[175.0431,-36.9891],[175.0426,-36.99],[175.0432,-36.9914],[175.0422,-36.9919],[175.042,-36.9944]]]}},{"type":"Feature","properties":{},"geometry":{"type":"Polygon","coordinates":[[[175.0424,-36.9842],[175.0427,-36.9853],[175.0451,-36.9858],[175.0435,-36.9885],[175.0454,-36.9857],[175.0449,-36.985],[175.0446,-36.9855],[175.0441,-36.9842],[175.0437,-36.9837],[175.0424,-36.9842]],[[175.0429,-36.9846],[175.0439,-36.9848],[175.0436,-36.9851],[175.0429,-36.9846]]]}},{"type":"Feature","properties":{},"geometry":{"type":"Polygon","coordinates":[[[174.2793,-36.5479],[174.2805,-36.5479],[174.2806,-36.5472],[174.28,-36.547],[174.2793,-36.5479]]]}},{"type":"Feature","properties":{},"geometry":{"type":"Polygon","coordinates":[[[174.3107,-36.3672],[174.3115,-36.3679],[174.3149,-36.3671],[174.318,-36.3689],[174.3153,-36.3658],[174.3146,-36.3627],[174.3137,-36.3631],[174.3142,-36.364],[174.3131,-36.364],[174.3131,-36.3654],[174.3112,-36.3656],[174.311,-36.366],[174.3107,-36.3672]]]}},{"type":"Feature","properties":{},"geometry":{"type":"Polygon","coordinates":[[[174.6708,-36.5285],[174.6717,-36.5287],[174.6718,-36.53],[174.6727,-36.5287],[174.6764,-36.5293],[174.6776,-36.5277],[174.6775,-36.5259],[174.6761,-36.5276],[174.6708,-36.5285]],[[174.6773,-36.5274],[174.6773,-36.5273],[174.6775,-36.5273],[174.6775,-36.5274],[174.6773,-36.5274]]]}},{"type":"Feature","properties":{},"geometry":{"type":"Polygon","coordinates":[[[174.3605,-36.6317],[174.3626,-36.631],[174.3622,-36.6316],[174.3622,-36.6315],[174.362,-36.6315],[174.362,-36.6316],[174.3622,-36.6316],[174.3617,-36.6324],[174.3629,-36.6326],[174.3629,-36.6319],[174.3644,-36.6313],[174.3646,-36.6319],[174.3668,-36.6305],[174.3663,-36.6309],[174.367,-36.6312],[174.3687,-36.6299],[174.3624,-36.628],[174.3619,-36.6293],[174.3626,-36.6302],[174.3609,-36.6308],[174.3605,-36.6317]]]}},{"type":"Feature","properties":{},"geometry":{"type":"Polygon","coordinates":[[[174.2741,-36.3789],[174.2781,-36.3825],[174.2789,-36.3818],[174.2765,-36.3775],[174.2743,-36.377],[174.2741,-36.3789]],[[174.2745,-36.3787],[174.2745,-36.3786],[174.2747,-36.3786],[174.2747,-36.3787],[174.2745,-36.3787]],[[174.2762,-36.3781],[174.2762,-36.3779],[174.2764,-36.3779],[174.2764,-36.3781],[174.2762,-36.3781]],[[174.2774,-36.3808],[174.2776,-36.3807],[174.2777,-36.3809],[174.2774,-36.3808]],[[174.2777,-36.3811],[174.2779,-36.3811],[174.2781,-36.3814],[174.2779,-36.3814],[174.2777,-36.3811]]]}},{"type":"Feature","properties":{},"geometry":{"type":"Polygon","coordinates":[[[174.793,-37.1379],[174.7934,-37.1402],[174.7945,-37.1408],[174.7945,-37.1416],[174.7951,-37.1408],[174.7952,-37.1424],[174.7968,-37.143],[174.7961,-37.1422],[174.7966,-37.1408],[174.7959,-37.1385],[174.7951,-37.1389],[174.7945,-37.137],[174.7937,-37.1373],[174.793,-37.1379]],[[174.794,-37.1398],[174.7944,-37.14],[174.7942,-37.1401],[174.794,-37.1398]],[[174.794,-37.1397],[174.794,-37.1396],[174.7942,-37.1396],[174.7942,-37.1397],[174.794,-37.1397]],[[174.7956,-37.1417],[174.7959,-37.1417],[174.7957,-37.1419],[174.7956,-37.1417]],[[174.7959,-37.1426],[174.7959,-37.1424],[174.7961,-37.1424],[174.7961,-37.1426],[174.7959,-37.1426]],[[174.7961,-37.1412],[174.7961,-37.1411],[174.7962,-37.1411],[174.7962,-37.1412],[174.7961,-37.1412]]]}},{"type":"Feature","properties":{},"geometry":{"type":"Polygon","coordinates":[[[174.6391,-36.9668],[174.6394,-36.967],[174.6396,-36.967],[174.6396,-36.9671],[174.6401,-36.9674],[174.6413,-36.9673],[174.6415,-36.9662],[174.6391,-36.9668]],[[174.6408,-36.9668],[174.6408,-36.9667],[174.6413,-36.9667],[174.6413,-36.9668],[174.6408,-36.9668]]]}},{"type":"Feature","properties":{},"geometry":{"type":"Polygon","coordinates":[[[174.4875,-36.4101],[174.4889,-36.4091],[174.4885,-36.4081],[174.4875,-36.4101]]]}},{"type":"Feature","properties":{},"geometry":{"type":"Polygon","coordinates":[[[174.8063,-36.9293],[174.8073,-36.931],[174.8067,-36.9288],[174.8063,-36.9293]]]}},{"type":"Feature","properties":{},"geometry":{"type":"Polygon","coordinates":[[[174.8294,-36.9282],[174.8299,-36.9292],[174.8319,-36.9267],[174.832,-36.9266],[174.8321,-36.9266],[174.8326,-36.9259],[174.8321,-36.9254],[174.8301,-36.9259],[174.8306,-36.9262],[174.8294,-36.9269],[174.8304,-36.9277],[174.8294,-36.9282]]]}},{"type":"Feature","properties":{},"geometry":{"type":"Polygon","coordinates":[[[174.9243,-37.0609],[174.9272,-37.0617],[174.9269,-37.0612],[174.9243,-37.0609]]]}},{"type":"Feature","properties":{},"geometry":{"type":"Polygon","coordinates":[[[174.9306,-37.0628],[174.9311,-37.0642],[174.9326,-37.0656],[174.9334,-37.0658],[174.9306,-37.0628]]]}},{"type":"Feature","properties":{},"geometry":{"type":"Polygon","coordinates":[[[174.9283,-37.0574],[174.9304,-37.0593],[174.9304,-37.0588],[174.9285,-37.0573],[174.9283,-37.0574]]]}},{"type":"Feature","properties":{},"geometry":{"type":"Polygon","coordinates":[[[174.9337,-37.0603],[174.9368,-37.0595],[174.9355,-37.0591],[174.9337,-37.0603]]]}},{"type":"Feature","properties":{},"geometry":{"type":"Polygon","coordinates":[[[174.9214,-37.0565],[174.9215,-37.0571],[174.9224,-37.0582],[174.9215,-37.0569],[174.9232,-37.0568],[174.9234,-37.0564],[174.9232,-37.0567],[174.9214,-37.0565]]]}},{"type":"Feature","properties":{},"geometry":{"type":"Polygon","coordinates":[[[174.9253,-37.0539],[174.9271,-37.0539],[174.9268,-37.0535],[174.9261,-37.0528],[174.9253,-37.0539]]]}},{"type":"Feature","properties":{},"geometry":{"type":"Polygon","coordinates":[[[174.2603,-36.3708],[174.2608,-36.3708],[174.2605,-36.3723],[174.262,-36.3722],[174.2634,-36.3742],[174.2641,-36.3737],[174.2637,-36.3746],[174.2644,-36.3749],[174.2647,-36.3744],[174.2644,-36.3752],[174.2648,-36.3752],[174.2648,-36.3743],[174.2651,-36.3737],[174.2641,-36.3723],[174.2639,-36.3701],[174.2619,-36.3695],[174.2603,-36.3708]],[[174.2636,-36.373],[174.2636,-36.3728],[174.2639,-36.3728],[174.2639,-36.373],[174.2636,-36.373]],[[174.2646,-36.3738],[174.2646,-36.3737],[174.2648,-36.3737],[174.2648,-36.3738],[174.2646,-36.3738]]]}},{"type":"Feature","properties":{},"geometry":{"type":"Polygon","coordinates":[[[174.2642,-36.3686],[174.2644,-36.3704],[174.2651,-36.3702],[174.2648,-36.3712],[174.2652,-36.3713],[174.2651,-36.3713],[174.2653,-36.3713],[174.2663,-36.3715],[174.2671,-36.37],[174.2642,-36.3686]]]}},{"type":"Feature","properties":{},"geometry":{"type":"Polygon","coordinates":[[[174.9343,-37.0934],[174.935,-37.0947],[174.9352,-37.0936],[174.9343,-37.0934]]]}},{"type":"Feature","properties":{},"geometry":{"type":"Polygon","coordinates":[[[174.9695,-36.9141],[174.9722,-36.9157],[174.9721,-36.9132],[174.9695,-36.9141]],[[174.9712,-36.9145],[174.9714,-36.9145],[174.9714,-36.9146],[174.9712,-36.9145]],[[174.9715,-36.9136],[174.9715,-36.9135],[174.9717,-36.9135],[174.9717,-36.9136],[174.9715,-36.9136]],[[174.9719,-36.9136],[174.9719,-36.9135],[174.9721,-36.9135],[174.9721,-36.9136],[174.9719,-36.9136]]]}},{"type":"Feature","properties":{},"geometry":{"type":"Polygon","coordinates":[[[174.9722,-36.9146],[174.9736,-36.9164],[174.9756,-36.9166],[174.9744,-36.9156],[174.9743,-36.9147],[174.9751,-36.9146],[174.9722,-36.9146]],[[174.9729,-36.9151],[174.9731,-36.915],[174.9733,-36.9153],[174.9729,-36.9151]]]}},{"type":"Feature","properties":{},"geometry":{"type":"Polygon","coordinates":[[[174.3679,-36.3792],[174.3696,-36.3805],[174.3699,-36.3801],[174.3679,-36.3792]]]}},{"type":"Feature","properties":{},"geometry":{"type":"Polygon","coordinates":[[[174.266,-36.3812],[174.2677,-36.3811],[174.2675,-36.3819],[174.2688,-36.3823],[174.2685,-36.3841],[174.2695,-36.3847],[174.2753,-36.3844],[174.276,-36.3848],[174.2748,-36.3849],[174.275,-36.3859],[174.2762,-36.387],[174.2784,-36.3867],[174.2786,-36.3858],[174.2716,-36.3782],[174.2687,-36.3776],[174.2688,-36.3774],[174.2682,-36.3772],[174.2685,-36.3775],[174.266,-36.377],[174.2666,-36.3779],[174.2665,-36.3779],[174.2665,-36.3781],[174.2666,-36.3781],[174.2666,-36.378],[174.268,-36.38],[174.266,-36.3812]],[[174.2682,-36.3801],[174.2687,-36.3803],[174.2687,-36.3807],[174.2682,-36.3801]],[[174.2687,-36.3837],[174.2687,-36.3836],[174.2688,-36.3836],[174.2688,-36.3837],[174.2687,-36.3837]],[[174.2755,-36.3859],[174.2759,-36.3858],[174.2759,-36.386],[174.2755,-36.3859]],[[174.2764,-36.3855],[174.2764,-36.3852],[174.2765,-36.3852],[174.2765,-36.3855],[174.2764,-36.3855]]]}},{"type":"Feature","properties":{},"geometry":{"type":"Polygon","coordinates":[[[174.7887,-36.8234],[174.7894,-36.8245],[174.7911,-36.8248],[174.7899,-36.8241],[174.7899,-36.8242],[174.7898,-36.8242],[174.7898,-36.8241],[174.7899,-36.8241],[174.7887,-36.8234]]]}},{"type":"Feature","properties":{},"geometry":{"type":"Polygon","coordinates":[[[174.8444,-36.9358],[174.8447,-36.9358],[174.8509,-36.9338],[174.8509,-36.9337],[174.8452,-36.9351],[174.8444,-36.9358]]]}},{"type":"Feature","properties":{},"geometry":{"type":"Polygon","coordinates":[[[174.7674,-36.313],[174.7678,-36.3145],[174.7691,-36.3141],[174.7674,-36.313]]]}},{"type":"Feature","properties":{},"geometry":{"type":"Polygon","coordinates":[[[174.2782,-36.3823],[174.2794,-36.3842],[174.2817,-36.3847],[174.2813,-36.3841],[174.282,-36.3838],[174.2809,-36.3829],[174.281,-36.3829],[174.281,-36.3827],[174.2809,-36.3828],[174.2803,-36.3823],[174.2782,-36.3823]],[[174.2801,-36.3837],[174.2808,-36.3837],[174.2806,-36.384],[174.2801,-36.3837]],[[174.2808,-36.3841],[174.2808,-36.384],[174.281,-36.384],[174.281,-36.3841],[174.2808,-36.3841]]]}},{"type":"Feature","properties":{},"geometry":{"type":"Polygon","coordinates":[[[174.2796,-36.3855],[174.2803,-36.3858],[174.2805,-36.3858],[174.2805,-36.3859],[174.2815,-36.3863],[174.2822,-36.3862],[174.2815,-36.3852],[174.2796,-36.3855]]]}},{"type":"Feature","properties":{},"geometry":{"type":"Polygon","coordinates":[[[175.048,-36.1954],[175.0505,-36.2022],[175.0489,-36.2047],[175.0499,-36.2042],[175.0507,-36.2022],[175.0487,-36.1962],[175.048,-36.1954]]]}},{"type":"Feature","properties":{},"geometry":{"type":"Polygon","coordinates":[[[175.0493,-36.2064],[175.0498,-36.2091],[175.0521,-36.2139],[175.0493,-36.2064]]]}},{"type":"Feature","properties":{},"geometry":{"type":"Polygon","coordinates":[[[175.0506,-36.2201],[175.0519,-36.2181],[175.0524,-36.2148],[175.0524,-36.2147],[175.0506,-36.2201]]]}},{"type":"Feature","properties":{},"geometry":{"type":"Polygon","coordinates":[[[175.0507,-36.1852],[175.0574,-36.1841],[175.0682,-36.1785],[175.0682,-36.1779],[175.0743,-36.1791],[175.0762,-36.1789],[175.0681,-36.1778],[175.0577,-36.1839],[175.0516,-36.1844],[175.0507,-36.1852]]]}},{"type":"Feature","properties":{},"geometry":{"type":"Polygon","coordinates":[[[175.0519,-36.2207],[175.059,-36.2212],[175.0574,-36.2204],[175.0519,-36.2207]]]}},{"type":"Feature","properties":{},"geometry":{"type":"Polygon","coordinates":[[[175.0776,-36.1788],[175.0777,-36.1788],[175.0803,-36.1766],[175.0805,-36.1749],[175.0776,-36.1788]]]}},{"type":"Feature","properties":{},"geometry":{"type":"Polygon","coordinates":[[[175.0789,-36.2303],[175.0794,-36.2305],[175.0875,-36.2309],[175.0789,-36.2303]]]}},{"type":"Feature","properties":{},"geometry":{"type":"Polygon","coordinates":[[[175.1069,-36.1747],[175.1075,-36.1747],[175.1074,-36.1714],[175.1069,-36.1716],[175.1069,-36.1747]]]}},{"type":"Feature","properties":{},"geometry":{"type":"Polygon","coordinates":[[[175.1091,-36.19],[175.1091,-36.1901],[175.1125,-36.1845],[175.1098,-36.1878],[175.1091,-36.19]]]}},{"type":"Feature","properties":{},"geometry":{"type":"Polygon","coordinates":[[[175.1098,-36.2129],[175.1099,-36.2153],[175.1111,-36.2069],[175.111,-36.2063],[175.1098,-36.2129]]]}},{"type":"Feature","properties":{},"geometry":{"type":"Polygon","coordinates":[[[174.6915,-36.5299],[174.693,-36.5311],[174.6959,-36.5309],[174.6969,-36.5296],[174.6949,-36.528],[174.6921,-36.5278],[174.6915,-36.5299]]]}},{"type":"Feature","properties":{},"geometry":{"type":"Polygon","coordinates":[[[174.4505,-36.6635],[174.451,-36.6658],[174.4525,-36.6641],[174.4505,-36.6635]],[[174.451,-36.6639],[174.451,-36.6638],[174.4511,-36.6638],[174.4511,-36.6639],[174.451,-36.6639]],[[174.4511,-36.6642],[174.4518,-36.6641],[174.4515,-36.6643],[174.4511,-36.6642]]]}},{"type":"Feature","properties":{},"geometry":{"type":"Polygon","coordinates":[[[174.4936,-36.411],[174.4952,-36.4135],[174.495,-36.4123],[174.4936,-36.411]]]}},{"type":"Feature","properties":{},"geometry":{"type":"Polygon","coordinates":[[[174.4493,-36.6604],[174.4505,-36.6601],[174.4494,-36.6588],[174.4493,-36.6604]]]}},{"type":"Feature","properties":{},"geometry":{"type":"Polygon","coordinates":[[[174.2716,-36.3612],[174.2736,-36.359],[174.274,-36.357],[174.273,-36.3585],[174.2731,-36.3585],[174.2731,-36.3587],[174.273,-36.3586],[174.2726,-36.3592],[174.2724,-36.3585],[174.2718,-36.3594],[174.2716,-36.3612]],[[174.2723,-36.3599],[174.2723,-36.3594],[174.2724,-36.3594],[174.2724,-36.3599],[174.2723,-36.3599]],[[174.2733,-36.3588],[174.2733,-36.3587],[174.2735,-36.3587],[174.2735,-36.3588],[174.2733,-36.3588]]]}},{"type":"Feature","properties":{},"geometry":{"type":"Polygon","coordinates":[[[174.2716,-36.3566],[174.2724,-36.3585],[174.2727,-36.3575],[174.2728,-36.3576],[174.2728,-36.3572],[174.2731,-36.3557],[174.2716,-36.3566]]]}},{"type":"Feature","properties":{},"geometry":{"type":"Polygon","coordinates":[[[174.6899,-36.5647],[174.6927,-36.5653],[174.6937,-36.5643],[174.6937,-36.5649],[174.6952,-36.5642],[174.6953,-36.564],[174.6966,-36.5616],[174.696,-36.5629],[174.697,-36.5615],[174.6974,-36.5616],[174.6964,-36.5613],[174.6969,-36.558],[174.6956,-36.5591],[174.6939,-36.5587],[174.6952,-36.5602],[174.695,-36.5627],[174.6942,-36.5627],[174.6908,-36.5628],[174.6904,-36.5636],[174.6921,-36.5649],[174.6899,-36.5646],[174.6899,-36.5647]],[[174.6956,-36.5609],[174.6959,-36.5607],[174.6959,-36.561],[174.6956,-36.5609]],[[174.6962,-36.5591],[174.6962,-36.559],[174.6964,-36.559],[174.6964,-36.5591],[174.6962,-36.5591]]]}},{"type":"Feature","properties":{},"geometry":{"type":"Polygon","coordinates":[[[174.704,-36.5636],[174.7046,-36.5641],[174.7077,-36.5624],[174.704,-36.5636]]]}},{"type":"Feature","properties":{},"geometry":{"type":"Polygon","coordinates":[[[174.7048,-36.5435],[174.7067,-36.5444],[174.7082,-36.5435],[174.7082,-36.5447],[174.7087,-36.5436],[174.7092,-36.5444],[174.708,-36.5473],[174.7082,-36.5476],[174.7095,-36.5445],[174.7081,-36.5421],[174.7059,-36.5417],[174.7048,-36.5435]],[[174.707,-36.5422],[174.7072,-36.5421],[174.7073,-36.5424],[174.707,-36.5422]],[[174.7077,-36.5429],[174.708,-36.5425],[174.7086,-36.5434],[174.7077,-36.5429]]]}},{"type":"Feature","properties":{},"geometry":{"type":"Polygon","coordinates":[[[174.707,-36.558],[174.7079,-36.5608],[174.7072,-36.5572],[174.707,-36.558]]]}},{"type":"Feature","properties":{},"geometry":{"type":"Polygon","coordinates":[[[174.7073,-36.5568],[174.7092,-36.5556],[174.7075,-36.5558],[174.7073,-36.5568]]]}},{"type":"Feature","properties":{},"geometry":{"type":"Polygon","coordinates":[[[174.7058,-36.5418],[174.7063,-36.5421],[174.7105,-36.5414],[174.7123,-36.5418],[174.7106,-36.5409],[174.7063,-36.541],[174.7058,-36.5418]]]}},{"type":"Feature","properties":{},"geometry":{"type":"Polygon","coordinates":[[[174.7091,-36.5336],[174.7098,-36.5329],[174.7094,-36.5326],[174.7099,-36.5324],[174.7099,-36.5328],[174.7118,-36.531],[174.7116,-36.5328],[174.7119,-36.5324],[174.7137,-36.5266],[174.7141,-36.5281],[174.7144,-36.526],[174.7181,-36.5273],[174.7118,-36.5243],[174.7091,-36.5336]],[[174.7121,-36.5269],[174.7128,-36.5265],[174.7126,-36.5287],[174.7123,-36.5276],[174.7125,-36.5276],[174.7125,-36.5273],[174.7123,-36.5273],[174.7123,-36.5275],[174.7121,-36.5269]]]}},{"type":"Feature","properties":{},"geometry":{"type":"Polygon","coordinates":[[[174.7131,-36.5347],[174.7152,-36.5361],[174.7133,-36.5338],[174.7131,-36.5347]]]}},{"type":"Feature","properties":{},"geometry":{"type":"Polygon","coordinates":[[[174.7177,-36.5206],[174.721,-36.5177],[174.7199,-36.5224],[174.7213,-36.518],[174.7222,-36.518],[174.7213,-36.516],[174.7198,-36.517],[174.7177,-36.5206]]]}},{"type":"Feature","properties":{},"geometry":{"type":"Polygon","coordinates":[[[174.7196,-36.5237],[174.7211,-36.5249],[174.7198,-36.523],[174.7196,-36.5237]]]}},{"type":"Feature","properties":{},"geometry":{"type":"Polygon","coordinates":[[[174.6166,-36.1176],[174.6271,-36.1333],[174.636,-36.1453],[174.6363,-36.1489],[174.6351,-36.1507],[174.6356,-36.1528],[174.6338,-36.1536],[174.6358,-36.1537],[174.636,-36.1515],[174.637,-36.1521],[174.6361,-36.1503],[174.6362,-36.1503],[174.6362,-36.1502],[174.636,-36.1503],[174.636,-36.1502],[174.638,-36.148],[174.6447,-36.1563],[174.6261,-36.1317],[174.6166,-36.1176]]]}},{"type":"Feature","properties":{},"geometry":{"type":"Polygon","coordinates":[[[174.6499,-36.1611],[174.6508,-36.1623],[174.6527,-36.1632],[174.6528,-36.1632],[174.6499,-36.1611]]]}},{"type":"Feature","properties":{},"geometry":{"type":"Polygon","coordinates":[[[174.6712,-36.2072],[174.6718,-36.2075],[174.673,-36.2049],[174.6752,-36.2051],[174.6764,-36.2039],[174.6761,-36.204],[174.6761,-36.2038],[174.6765,-36.2038],[174.6771,-36.2031],[174.6804,-36.2029],[174.6819,-36.2038],[174.6938,-36.2148],[174.6719,-36.1932],[174.6797,-36.2016],[174.6787,-36.2013],[174.6785,-36.202],[174.6754,-36.2027],[174.6752,-36.2047],[174.6732,-36.2043],[174.6712,-36.2072]],[[174.6763,-36.2033],[174.6763,-36.2032],[174.6768,-36.2032],[174.6768,-36.2033],[174.6763,-36.2033]]]}},{"type":"Feature","properties":{},"geometry":{"type":"Polygon","coordinates":[[[174.6978,-36.2185],[174.706,-36.2261],[174.7244,-36.2416],[174.7232,-36.2412],[174.7222,-36.2431],[174.7198,-36.2433],[174.7198,-36.2422],[174.7171,-36.2407],[174.7172,-36.2397],[174.7155,-36.24],[174.7131,-36.2422],[174.7111,-36.247],[174.7137,-36.2492],[174.7131,-36.2503],[174.7092,-36.2518],[174.709,-36.2529],[174.7065,-36.2541],[174.7056,-36.2535],[174.7046,-36.2539],[174.7043,-36.2554],[174.7026,-36.2566],[174.7043,-36.2568],[174.7049,-36.255],[174.7053,-36.258],[174.7058,-36.2585],[174.7058,-36.2586],[174.7058,-36.2585],[174.7065,-36.2591],[174.708,-36.2579],[174.7116,-36.2581],[174.7142,-36.2573],[174.715,-36.2588],[174.7143,-36.2605],[174.7154,-36.2628],[174.7177,-36.2634],[174.7186,-36.262],[174.7196,-36.2638],[174.721,-36.2629],[174.7208,-36.2625],[174.7213,-36.2625],[174.7211,-36.2628],[174.7215,-36.2625],[174.7227,-36.2635],[174.7224,-36.2619],[174.7246,-36.2625],[174.7246,-36.2617],[174.7259,-36.2613],[174.7234,-36.2605],[174.7215,-36.2581],[174.7222,-36.2572],[174.7186,-36.2541],[174.7184,-36.2518],[174.7196,-36.2492],[174.7193,-36.2471],[174.7217,-36.2467],[174.7229,-36.2481],[174.7249,-36.2484],[174.7253,-36.2495],[174.7276,-36.2493],[174.7265,-36.2488],[174.7273,-36.2476],[174.7271,-36.2477],[174.7271,-36.2475],[174.7273,-36.2475],[174.7275,-36.2473],[174.7271,-36.2451],[174.7287,-36.2448],[174.7326,-36.2477],[174.7326,-36.2485],[174.7334,-36.2484],[174.7457,-36.2572],[174.7471,-36.2576],[174.7285,-36.2446],[174.6978,-36.2185]],[[174.7046,-36.254],[174.7049,-36.2543],[174.7049,-36.2547],[174.7046,-36.254]],[[174.7155,-36.2423],[174.7162,-36.2409],[174.7181,-36.2419],[174.7181,-36.2431],[174.7169,-36.2429],[174.7174,-36.2424],[174.7169,-36.242],[174.7155,-36.2423]],[[174.7157,-36.2407],[174.7162,-36.2408],[174.7162,-36.2409],[174.7157,-36.2407]],[[174.716,-36.2447],[174.7166,-36.2435],[174.7184,-36.2437],[174.7169,-36.2437],[174.716,-36.2447]],[[174.7181,-36.2539],[174.7181,-36.2536],[174.7183,-36.2536],[174.7183,-36.2539],[174.7181,-36.2539]],[[174.7181,-36.2455],[174.7181,-36.2453],[174.7183,-36.2453],[174.7183,-36.2455],[174.7181,-36.2455]],[[174.7183,-36.2451],[174.7184,-36.2449],[174.7184,-36.2452],[174.7183,-36.2451]],[[174.7183,-36.2419],[174.7183,-36.2418],[174.7184,-36.2418],[174.7184,-36.2419],[174.7183,-36.2419]],[[174.7186,-36.2606],[174.7186,-36.2605],[174.7188,-36.2605],[174.7188,-36.2606],[174.7186,-36.2606]],[[174.7186,-36.251],[174.7186,-36.2508],[174.7188,-36.2508],[174.7186,-36.251]],[[174.7196,-36.2576],[174.72,-36.2575],[174.72,-36.2577],[174.7196,-36.2576]],[[174.7206,-36.2452],[174.7206,-36.2451],[174.7208,-36.2451],[174.7208,-36.2452],[174.7206,-36.2452]],[[174.7208,-36.2456],[174.7208,-36.2453],[174.721,-36.2453],[174.721,-36.2456],[174.7208,-36.2456]],[[174.7212,-36.2598],[174.7213,-36.2598],[174.7213,-36.2599],[174.7212,-36.2598]],[[174.7212,-36.2595],[174.7213,-36.2595],[174.7213,-36.2597],[174.7212,-36.2595]],[[174.7215,-36.2598],[174.7215,-36.2597],[174.7217,-36.2598],[174.7215,-36.2598]],[[174.7215,-36.2597],[174.7215,-36.2594],[174.7217,-36.2594],[174.7215,-36.2597]],[[174.7215,-36.2445],[174.7235,-36.2447],[174.723,-36.2456],[174.7215,-36.2445]],[[174.722,-36.2619],[174.722,-36.2617],[174.7222,-36.2617],[174.7222,-36.2619],[174.722,-36.2619]],[[174.7225,-36.2462],[174.7227,-36.246],[174.7227,-36.2463],[174.7225,-36.2462]],[[174.7241,-36.2422],[174.7242,-36.2422],[174.7242,-36.2427],[174.7241,-36.2422]],[[174.7242,-36.2448],[174.7242,-36.2447],[174.7244,-36.2447],[174.7244,-36.2448],[174.7242,-36.2448]],[[174.7242,-36.2444],[174.7246,-36.2444],[174.7246,-36.2445],[174.7242,-36.2444]],[[174.7246,-36.2448],[174.7246,-36.2447],[174.7249,-36.2447],[174.7249,-36.2448],[174.7246,-36.2448]],[[174.7256,-36.2456],[174.7256,-36.2455],[174.7258,-36.2455],[174.7258,-36.2456],[174.7256,-36.2456]],[[174.7258,-36.2485],[174.7261,-36.2484],[174.7259,-36.2488],[174.7258,-36.2485]],[[174.7268,-36.248],[174.7268,-36.2478],[174.727,-36.2478],[174.727,-36.248],[174.7268,-36.248]]]}},{"type":"Feature","properties":{},"geometry":{"type":"Polygon","coordinates":[[[174.6997,-36.227],[174.6999,-36.2276],[174.6998,-36.2276],[174.6998,-36.2277],[174.6999,-36.2277],[174.7,-36.2279],[174.701,-36.2303],[174.7029,-36.2313],[174.7034,-36.2312],[174.7036,-36.2313],[174.7036,-36.2312],[174.7034,-36.2312],[174.7055,-36.2306],[174.7056,-36.232],[174.7049,-36.2321],[174.7056,-36.2324],[174.7058,-36.2341],[174.709,-36.2361],[174.7106,-36.2363],[174.7121,-36.2387],[174.7166,-36.238],[174.7174,-36.2394],[174.7172,-36.2378],[174.7128,-36.2364],[174.7111,-36.2343],[174.7073,-36.2324],[174.7061,-36.2302],[174.7017,-36.2279],[174.7,-36.2254],[174.6997,-36.227]],[[174.7,-36.2269],[174.7,-36.2268],[174.7002,-36.2268],[174.7002,-36.2269],[174.7,-36.2269]],[[174.7005,-36.2277],[174.7005,-36.2274],[174.7007,-36.2273],[174.7007,-36.2276],[174.7005,-36.2277]],[[174.7007,-36.2272],[174.7007,-36.2269],[174.7008,-36.2269],[174.7008,-36.2272],[174.7007,-36.2272]],[[174.7014,-36.2301],[174.7015,-36.2299],[174.7017,-36.2302],[174.7014,-36.2301]],[[174.7019,-36.2305],[174.702,-36.2303],[174.7022,-36.2306],[174.7019,-36.2305]],[[174.7029,-36.2307],[174.7031,-36.2307],[174.7031,-36.2309],[174.7029,-36.2307]],[[174.7058,-36.2321],[174.7058,-36.2318],[174.706,-36.2318],[174.706,-36.2321],[174.7058,-36.2321]],[[174.706,-36.2328],[174.7061,-36.2327],[174.7061,-36.2328],[174.706,-36.2328]],[[174.706,-36.2317],[174.706,-36.2316],[174.7061,-36.2316],[174.7061,-36.2317],[174.706,-36.2317]]]}},{"type":"Feature","properties":{},"geometry":{"type":"Polygon","coordinates":[[[174.7484,-36.2581],[174.7544,-36.2601],[174.7551,-36.2596],[174.7484,-36.2581]]]}},{"type":"Feature","properties":{},"geometry":{"type":"Polygon","coordinates":[[[174.7838,-36.3198],[174.789,-36.3214],[174.7905,-36.3215],[174.7841,-36.3199],[174.784,-36.3194],[174.7838,-36.3198]]]}},{"type":"Feature","properties":{},"geometry":{"type":"Polygon","coordinates":[[[174.7913,-36.3215],[174.7958,-36.3215],[174.7934,-36.3209],[174.7913,-36.3215]]]}},{"type":"Feature","properties":{},"geometry":{"type":"Polygon","coordinates":[[[174.7947,-36.3078],[174.7961,-36.3085],[174.7961,-36.3084],[174.7948,-36.3066],[174.7947,-36.3078]]]}},{"type":"Feature","properties":{},"geometry":{"type":"Polygon","coordinates":[[[174.7949,-36.3031],[174.799,-36.3011],[174.7978,-36.3008],[174.7973,-36.2983],[174.7975,-36.3005],[174.7949,-36.303],[174.7949,-36.3031]]]}},{"type":"Feature","properties":{},"geometry":{"type":"Polygon","coordinates":[[[174.7952,-36.3128],[174.7956,-36.3141],[174.7973,-36.3154],[174.7952,-36.3128]]]}},{"type":"Feature","properties":{},"geometry":{"type":"Polygon","coordinates":[[[174.7968,-36.2676],[174.7969,-36.2678],[174.7998,-36.2654],[174.7997,-36.2654],[174.7968,-36.2676]]]}},{"type":"Feature","properties":{},"geometry":{"type":"Polygon","coordinates":[[[174.7998,-36.3007],[174.8021,-36.2996],[174.8036,-36.2967],[174.8039,-36.2966],[174.8034,-36.2967],[174.8021,-36.2996],[174.8004,-36.2998],[174.7998,-36.3007]]]}},{"type":"Feature","properties":{},"geometry":{"type":"Polygon","coordinates":[[[174.8034,-36.2881],[174.804,-36.2883],[174.8037,-36.2882],[174.8047,-36.2882],[174.805,-36.2868],[174.8038,-36.2857],[174.8046,-36.2877],[174.8034,-36.2881]]]}},{"type":"Feature","properties":{},"geometry":{"type":"Polygon","coordinates":[[[174.8087,-36.2912],[174.8091,-36.2926],[174.8098,-36.2903],[174.8087,-36.2912]]]}},{"type":"Feature","properties":{},"geometry":{"type":"Polygon","coordinates":[[[174.8093,-36.2872],[174.8114,-36.2848],[174.8101,-36.2844],[174.8093,-36.2872]]]}},{"type":"Feature","properties":{},"geometry":{"type":"Polygon","coordinates":[[[174.8157,-36.2876],[174.8181,-36.2852],[174.8167,-36.2834],[174.8162,-36.2836],[174.8179,-36.2851],[174.8157,-36.2874],[174.8157,-36.2876]]]}},{"type":"Feature","properties":{},"geometry":{"type":"Polygon","coordinates":[[[174.8171,-36.2754],[174.8207,-36.2775],[174.821,-36.2775],[174.8178,-36.2754],[174.8171,-36.2754]]]}},{"type":"Feature","properties":{},"geometry":{"type":"Polygon","coordinates":[[[174.8183,-36.281],[174.8184,-36.2814],[174.8211,-36.2791],[174.8183,-36.281]]]}},{"type":"Feature","properties":{},"geometry":{"type":"Polygon","coordinates":[[[174.7276,-36.6575],[174.7299,-36.6619],[174.7319,-36.6621],[174.7295,-36.6627],[174.7353,-36.6664],[174.737,-36.6647],[174.7396,-36.6643],[174.7404,-36.6627],[174.7432,-36.6608],[174.744,-36.6609],[174.7438,-36.6607],[174.7298,-36.6617],[174.7282,-36.6585],[174.7281,-36.656],[174.7276,-36.6575]]]}},{"type":"Feature","properties":{},"geometry":{"type":"Polygon","coordinates":[[[174.7418,-36.6816],[174.7419,-36.683],[174.7422,-36.6835],[174.7423,-36.6818],[174.7451,-36.6821],[174.7444,-36.682],[174.7451,-36.6806],[174.747,-36.6812],[174.7461,-36.6806],[174.7454,-36.6802],[174.7433,-36.6811],[174.7432,-36.6812],[174.7424,-36.6814],[174.7418,-36.6816]]]}},{"type":"Feature","properties":{},"geometry":{"type":"Polygon","coordinates":[[[174.7451,-36.6617],[174.7471,-36.6641],[174.7483,-36.6643],[174.7451,-36.6617]]]}},{"type":"Feature","properties":{},"geometry":{"type":"Polygon","coordinates":[[[174.7465,-36.6807],[174.7472,-36.681],[174.7485,-36.6784],[174.748,-36.6758],[174.7485,-36.6784],[174.7465,-36.6807]]]}},{"type":"Feature","properties":{},"geometry":{"type":"Polygon","coordinates":[[[174.7471,-36.6812],[174.7473,-36.6813],[174.7485,-36.6806],[174.7519,-36.6876],[174.7522,-36.6888],[174.7517,-36.6888],[174.7523,-36.6889],[174.7525,-36.6887],[174.7486,-36.6806],[174.7471,-36.6812]]]}},{"type":"Feature","properties":{},"geometry":{"type":"Polygon","coordinates":[[[174.749,-36.6891],[174.7491,-36.6892],[174.7493,-36.6893],[174.7494,-36.6896],[174.7504,-36.6907],[174.7506,-36.6905],[174.751,-36.6896],[174.7502,-36.6902],[174.75,-36.6886],[174.749,-36.6891]]]}},{"type":"Feature","properties":{},"geometry":{"type":"Polygon","coordinates":[[[174.7078,-36.6021],[174.7147,-36.6104],[174.7162,-36.6112],[174.7081,-36.6019],[174.7078,-36.6021]]]}},{"type":"Feature","properties":{},"geometry":{"type":"Polygon","coordinates":[[[174.6922,-36.5753],[174.6926,-36.576],[174.7006,-36.5945],[174.7005,-36.5938],[174.6928,-36.5757],[174.6922,-36.5753]]]}},{"type":"Feature","properties":{},"geometry":{"type":"Polygon","coordinates":[[[174.6958,-36.5978],[174.6958,-36.598],[174.6974,-36.5989],[174.6966,-36.5975],[174.6958,-36.5978]]]}},{"type":"Feature","properties":{},"geometry":{"type":"Polygon","coordinates":[[[174.6879,-36.575],[174.6883,-36.5749],[174.6905,-36.5745],[174.6894,-36.574],[174.6879,-36.575]]]}},{"type":"Feature","properties":{},"geometry":{"type":"Polygon","coordinates":[[[174.6898,-36.5653],[174.6921,-36.5658],[174.6928,-36.5652],[174.6899,-36.5646],[174.6898,-36.5653]]]}},{"type":"Feature","properties":{},"geometry":{"type":"Polygon","coordinates":[[[174.6947,-36.5662],[174.695,-36.5711],[174.6953,-36.5705],[174.6951,-36.5657],[174.6949,-36.5657],[174.6947,-36.5662]]]}},{"type":"Feature","properties":{},"geometry":{"type":"Polygon","coordinates":[[[174.787,-36.5072],[174.787,-36.5071],[174.7884,-36.5055],[174.7911,-36.5034],[174.7897,-36.5042],[174.7871,-36.5068],[174.787,-36.5072]]]}},{"type":"Feature","properties":{},"geometry":{"type":"Polygon","coordinates":[[[174.7926,-36.5082],[174.7948,-36.5073],[174.7928,-36.5075],[174.7926,-36.5082]]]}},{"type":"Feature","properties":{},"geometry":{"type":"Polygon","coordinates":[[[174.7931,-36.4763],[174.7964,-36.4769],[174.8015,-36.4749],[174.8012,-36.4729],[174.8009,-36.4727],[174.8009,-36.4743],[174.8007,-36.4742],[174.8007,-36.4743],[174.8009,-36.4743],[174.8009,-36.4746],[174.7976,-36.475],[174.7956,-36.4765],[174.7935,-36.4758],[174.7935,-36.4748],[174.7933,-36.4747],[174.7931,-36.4763]],[[174.7986,-36.4756],[174.7986,-36.4754],[174.799,-36.4754],[174.799,-36.4756],[174.7986,-36.4756]]]}},{"type":"Feature","properties":{},"geometry":{"type":"Polygon","coordinates":[[[174.7937,-36.4748],[174.7956,-36.4754],[174.7976,-36.4741],[174.7966,-36.473],[174.7958,-36.4752],[174.7937,-36.4748]]]}},{"type":"Feature","properties":{},"geometry":{"type":"Polygon","coordinates":[[[174.7939,-36.4261],[174.7957,-36.4267],[174.7954,-36.4261],[174.7952,-36.4263],[174.794,-36.4258],[174.7939,-36.4261]]]}},{"type":"Feature","properties":{},"geometry":{"type":"Polygon","coordinates":[[[174.7955,-36.501],[174.7969,-36.501],[174.799,-36.4999],[174.7994,-36.4988],[174.7955,-36.501]]]}},{"type":"Feature","properties":{},"geometry":{"type":"Polygon","coordinates":[[[174.7963,-36.504],[174.8007,-36.5037],[174.8008,-36.5032],[174.7964,-36.5036],[174.7963,-36.504]]]}},{"type":"Feature","properties":{},"geometry":{"type":"Polygon","coordinates":[[[174.7966,-36.473],[174.7999,-36.4723],[174.7987,-36.4719],[174.797,-36.4721],[174.7966,-36.473]]]}},{"type":"Feature","properties":{},"geometry":{"type":"Polygon","coordinates":[[[174.8054,-36.4734],[174.8079,-36.4738],[174.811,-36.472],[174.8074,-36.4736],[174.8056,-36.4732],[174.8054,-36.4734]]]}},{"type":"Feature","properties":{},"geometry":{"type":"Polygon","coordinates":[[[174.8055,-36.4677],[174.8076,-36.4694],[174.8075,-36.47],[174.8082,-36.4694],[174.8067,-36.468],[174.8095,-36.4673],[174.8078,-36.4677],[174.8055,-36.4677]]]}},{"type":"Feature","properties":{},"geometry":{"type":"Polygon","coordinates":[[[174.8157,-36.4315],[174.8165,-36.4285],[174.8161,-36.4282],[174.8157,-36.4315]]]}},{"type":"Feature","properties":{},"geometry":{"type":"Polygon","coordinates":[[[174.8173,-36.429],[174.8183,-36.4303],[174.8198,-36.4303],[174.8205,-36.4288],[174.8216,-36.4288],[174.8203,-36.4285],[174.8189,-36.43],[174.8173,-36.429]]]}},{"type":"Feature","properties":{},"geometry":{"type":"Polygon","coordinates":[[[174.8188,-36.4136],[174.8208,-36.4135],[174.8225,-36.4122],[174.8188,-36.4136]]]}},{"type":"Feature","properties":{},"geometry":{"type":"Polygon","coordinates":[[[174.8191,-36.4183],[174.8233,-36.4187],[174.8205,-36.4178],[174.8192,-36.418],[174.8191,-36.4183]]]}},{"type":"Feature","properties":{},"geometry":{"type":"Polygon","coordinates":[[[174.8194,-36.4339],[174.8212,-36.435],[174.8208,-36.4341],[174.8194,-36.4339]]]}},{"type":"Feature","properties":{},"geometry":{"type":"Polygon","coordinates":[[[174.8217,-36.4257],[174.8275,-36.4277],[174.8298,-36.4256],[174.8296,-36.4253],[174.8279,-36.4273],[174.8217,-36.4257]]]}},{"type":"Feature","properties":{},"geometry":{"type":"Polygon","coordinates":[[[174.8232,-36.4119],[174.8277,-36.4128],[174.8284,-36.4125],[174.8278,-36.4126],[174.8232,-36.4119]]]}},{"type":"Feature","properties":{},"geometry":{"type":"Polygon","coordinates":[[[174.825,-36.4176],[174.8263,-36.4167],[174.8253,-36.4165],[174.825,-36.4176]]]}},{"type":"Feature","properties":{},"geometry":{"type":"Polygon","coordinates":[[[174.8264,-36.4167],[174.8287,-36.4178],[174.8286,-36.4184],[174.8289,-36.4179],[174.8277,-36.4168],[174.8264,-36.4167]]]}},{"type":"Feature","properties":{},"geometry":{"type":"Polygon","coordinates":[[[174.8281,-36.7905],[174.8313,-36.7914],[174.8332,-36.795],[174.8356,-36.7949],[174.8385,-36.798],[174.8403,-36.8015],[174.839,-36.8045],[174.843,-36.803],[174.8439,-36.8038],[174.844,-36.8038],[174.8442,-36.8032],[174.8423,-36.8023],[174.8398,-36.8037],[174.8393,-36.804],[174.8408,-36.8019],[174.8388,-36.7973],[174.8379,-36.7973],[174.8355,-36.7941],[174.8328,-36.7936],[174.8336,-36.7926],[174.833,-36.7929],[174.8328,-36.7926],[174.833,-36.7926],[174.833,-36.7925],[174.8328,-36.7926],[174.8316,-36.7902],[174.8287,-36.7899],[174.8281,-36.7905]]]}},{"type":"Feature","properties":{},"geometry":{"type":"Polygon","coordinates":[[[174.8284,-36.7861],[174.8286,-36.7868],[174.8304,-36.7827],[174.8304,-36.7814],[174.8297,-36.7813],[174.8284,-36.7861]],[[174.8297,-36.7817],[174.8297,-36.7816],[174.8299,-36.7816],[174.8299,-36.7817],[174.8297,-36.7817]]]}},{"type":"Feature","properties":{},"geometry":{"type":"Polygon","coordinates":[[[174.829,-36.7882],[174.8293,-36.7891],[174.8302,-36.7884],[174.829,-36.7882]]]}},{"type":"Feature","properties":{},"geometry":{"type":"Polygon","coordinates":[[[174.8297,-36.7813],[174.8307,-36.7807],[174.8316,-36.7777],[174.8338,-36.7754],[174.8355,-36.7754],[174.8371,-36.7732],[174.8369,-36.7721],[174.8384,-36.7717],[174.8381,-36.7706],[174.8369,-36.7704],[174.8377,-36.7691],[174.8403,-36.7676],[174.8458,-36.7664],[174.8458,-36.7656],[174.8523,-36.7644],[174.8505,-36.7641],[174.8393,-36.7674],[174.8367,-36.7698],[174.8353,-36.7749],[174.8335,-36.775],[174.8306,-36.7783],[174.8297,-36.7813]],[[174.8306,-36.779],[174.8306,-36.7788],[174.8307,-36.779],[174.8306,-36.779]],[[174.8306,-36.7786],[174.8309,-36.7784],[174.8311,-36.7787],[174.8306,-36.7786]],[[174.8367,-36.771],[174.8367,-36.7708],[174.8369,-36.7708],[174.8369,-36.771],[174.8367,-36.771]],[[174.8369,-36.7714],[174.8369,-36.7713],[174.8371,-36.7714],[174.8369,-36.7714]]]}},{"type":"Feature","properties":{},"geometry":{"type":"Polygon","coordinates":[[[174.8301,-36.4271],[174.8328,-36.4301],[174.8328,-36.43],[174.8301,-36.4261],[174.8301,-36.4271]]]}},{"type":"Feature","properties":{},"geometry":{"type":"Polygon","coordinates":[[[174.8302,-36.3982],[174.8303,-36.3984],[174.8304,-36.3983],[174.835,-36.3994],[174.8384,-36.3985],[174.8386,-36.398],[174.8349,-36.3993],[174.8302,-36.3982]]]}},{"type":"Feature","properties":{},"geometry":{"type":"Polygon","coordinates":[[[174.8312,-36.4042],[174.832,-36.4026],[174.8328,-36.4033],[174.8324,-36.4013],[174.8314,-36.4025],[174.8312,-36.4042]]]}},{"type":"Feature","properties":{},"geometry":{"type":"Polygon","coordinates":[[[174.8312,-36.4118],[174.8318,-36.412],[174.8342,-36.4102],[174.8344,-36.4091],[174.8319,-36.4117],[174.8312,-36.4118]]]}},{"type":"Feature","properties":{},"geometry":{"type":"Polygon","coordinates":[[[174.8322,-36.4459],[174.8335,-36.4489],[174.8336,-36.449],[174.833,-36.4463],[174.8322,-36.4459]]]}},{"type":"Feature","properties":{},"geometry":{"type":"Polygon","coordinates":[[[174.8333,-36.4439],[174.8342,-36.4444],[174.835,-36.4436],[174.8333,-36.4439]]]}},{"type":"Feature","properties":{},"geometry":{"type":"Polygon","coordinates":[[[174.8348,-36.4281],[174.8348,-36.4285],[174.8372,-36.4298],[174.836,-36.4281],[174.8356,-36.4285],[174.8369,-36.4296],[174.8348,-36.4281]]]}},{"type":"Feature","properties":{},"geometry":{"type":"Polygon","coordinates":[[[174.835,-36.4085],[174.8362,-36.408],[174.8367,-36.4067],[174.835,-36.4085]]]}},{"type":"Feature","properties":{},"geometry":{"type":"Polygon","coordinates":[[[174.8355,-36.4411],[174.8409,-36.4408],[174.8398,-36.4417],[174.8416,-36.441],[174.8432,-36.4421],[174.8432,-36.4404],[174.8382,-36.4408],[174.8374,-36.4401],[174.8355,-36.4411]]]}},{"type":"Feature","properties":{},"geometry":{"type":"Polygon","coordinates":[[[174.8364,-36.4051],[174.841,-36.402],[174.841,-36.4021],[174.8422,-36.402],[174.841,-36.4011],[174.8394,-36.4028],[174.8382,-36.4027],[174.8364,-36.4051]],[[174.8408,-36.4018],[174.8408,-36.4017],[174.841,-36.4017],[174.841,-36.4018],[174.8408,-36.4018]]]}},{"type":"Feature","properties":{},"geometry":{"type":"Polygon","coordinates":[[[174.8396,-36.3924],[174.8413,-36.393],[174.8399,-36.3919],[174.8396,-36.3924]]]}},{"type":"Feature","properties":{},"geometry":{"type":"Polygon","coordinates":[[[174.8398,-36.4278],[174.8401,-36.4281],[174.8434,-36.4279],[174.8464,-36.4265],[174.8463,-36.4264],[174.8432,-36.4279],[174.8398,-36.4278]]]}},{"type":"Feature","properties":{},"geometry":{"type":"Polygon","coordinates":[[[174.8418,-36.4221],[174.8424,-36.4224],[174.8432,-36.4209],[174.845,-36.4223],[174.8429,-36.4204],[174.8418,-36.4221]]]}},{"type":"Feature","properties":{},"geometry":{"type":"Polygon","coordinates":[[[174.842,-36.4463],[174.8464,-36.4472],[174.847,-36.447],[174.8471,-36.447],[174.8472,-36.447],[174.8471,-36.447],[174.847,-36.4469],[174.847,-36.447],[174.8463,-36.4472],[174.8454,-36.4465],[174.842,-36.4463]]]}},{"type":"Feature","properties":{},"geometry":{"type":"Polygon","coordinates":[[[174.843,-36.8059],[174.8463,-36.807],[174.8472,-36.8083],[174.8471,-36.8081],[174.8475,-36.8081],[174.8473,-36.8085],[174.8475,-36.8087],[174.8475,-36.8086],[174.8476,-36.8086],[174.8476,-36.8089],[174.8478,-36.8091],[174.8503,-36.808],[174.8505,-36.8048],[174.852,-36.8057],[174.8507,-36.8045],[174.8487,-36.8056],[174.849,-36.8074],[174.8483,-36.8074],[174.8456,-36.8066],[174.8454,-36.8053],[174.844,-36.8059],[174.8444,-36.8052],[174.8439,-36.8053],[174.8439,-36.8052],[174.8437,-36.8052],[174.8437,-36.8053],[174.8434,-36.8053],[174.843,-36.8059]],[[174.8435,-36.806],[174.8435,-36.8058],[174.8439,-36.8058],[174.8439,-36.806],[174.8435,-36.806]],[[174.8451,-36.8062],[174.8451,-36.806],[174.8452,-36.806],[174.8452,-36.8062],[174.8451,-36.8062]],[[174.8478,-36.8088],[174.8481,-36.8089],[174.848,-36.809],[174.8478,-36.8088]],[[174.849,-36.8064],[174.849,-36.8063],[174.8492,-36.8064],[174.849,-36.8064]],[[174.849,-36.8063],[174.849,-36.806],[174.8492,-36.806],[174.849,-36.8063]]]}},{"type":"Feature","properties":{},"geometry":{"type":"Polygon","coordinates":[[[174.8463,-36.4175],[174.8474,-36.4194],[174.8483,-36.4181],[174.847,-36.4176],[174.8466,-36.4163],[174.8463,-36.4175]]]}},{"type":"Feature","properties":{},"geometry":{"type":"Polygon","coordinates":[[[174.8466,-36.3959],[174.8481,-36.3973],[174.8499,-36.3976],[174.8521,-36.3968],[174.8521,-36.3967],[174.8485,-36.3973],[174.8469,-36.3953],[174.8466,-36.3959]]]}},{"type":"Feature","properties":{},"geometry":{"type":"Polygon","coordinates":[[[174.8476,-36.4468],[174.8492,-36.4464],[174.8478,-36.4461],[174.8476,-36.4468]]]}},{"type":"Feature","properties":{},"geometry":{"type":"Polygon","coordinates":[[[174.8486,-36.4284],[174.849,-36.4294],[174.8495,-36.4293],[174.8491,-36.4282],[174.8486,-36.4284]]]}},{"type":"Feature","properties":{},"geometry":{"type":"Polygon","coordinates":[[[174.8492,-36.4182],[174.8512,-36.4184],[174.8504,-36.4176],[174.8495,-36.4175],[174.8492,-36.4182]]]}},{"type":"Feature","properties":{},"geometry":{"type":"Polygon","coordinates":[[[174.851,-36.4218],[174.8549,-36.426],[174.8528,-36.4268],[174.8536,-36.4274],[174.8557,-36.4271],[174.8592,-36.4246],[174.8615,-36.4242],[174.8611,-36.4238],[174.857,-36.4242],[174.8565,-36.4257],[174.8553,-36.4256],[174.8527,-36.4235],[174.8522,-36.4222],[174.851,-36.4218]]]}},{"type":"Feature","properties":{},"geometry":{"type":"Polygon","coordinates":[[[174.8516,-36.3976],[174.8521,-36.3998],[174.8575,-36.4011],[174.8576,-36.4012],[174.8574,-36.4009],[174.8526,-36.3997],[174.8521,-36.3969],[174.8516,-36.3976]]]}},{"type":"Feature","properties":{},"geometry":{"type":"Polygon","coordinates":[[[174.852,-36.8057],[174.8522,-36.8077],[174.8553,-36.8088],[174.8537,-36.8081],[174.8538,-36.8081],[174.8538,-36.8079],[174.8536,-36.808],[174.8534,-36.8079],[174.8534,-36.807],[174.852,-36.8057]],[[174.8524,-36.8073],[174.8524,-36.8071],[174.8526,-36.8071],[174.8526,-36.8073],[174.8524,-36.8073]]]}},{"type":"Feature","properties":{},"geometry":{"type":"Polygon","coordinates":[[[174.8528,-36.7645],[174.8543,-36.7657],[174.8569,-36.7656],[174.8615,-36.7642],[174.8615,-36.7635],[174.8671,-36.7631],[174.8688,-36.7634],[174.8671,-36.7627],[174.8613,-36.7631],[174.8562,-36.7651],[174.8528,-36.7645]]]}},{"type":"Feature","properties":{},"geometry":{"type":"Polygon","coordinates":[[[174.8531,-36.4453],[174.8549,-36.4466],[174.8552,-36.4465],[174.8538,-36.4452],[174.8531,-36.4453]]]}},{"type":"Feature","properties":{},"geometry":{"type":"Polygon","coordinates":[[[174.8555,-36.4461],[174.8555,-36.4462],[174.8568,-36.4451],[174.8557,-36.4419],[174.8576,-36.4403],[174.8574,-36.4401],[174.8557,-36.4418],[174.8567,-36.4451],[174.8555,-36.4461]]]}},{"type":"Feature","properties":{},"geometry":{"type":"Polygon","coordinates":[[[174.8559,-36.809],[174.8562,-36.8091],[174.8613,-36.8086],[174.8613,-36.8085],[174.8559,-36.809]]]}},{"type":"Feature","properties":{},"geometry":{"type":"Polygon","coordinates":[[[174.8585,-36.4029],[174.8586,-36.4039],[174.8613,-36.4044],[174.8618,-36.4055],[174.8617,-36.4045],[174.8588,-36.4035],[174.8585,-36.4029]]]}},{"type":"Feature","properties":{},"geometry":{"type":"Polygon","coordinates":[[[174.861,-36.4417],[174.8617,-36.4419],[174.8626,-36.4404],[174.8625,-36.4403],[174.861,-36.4417]]]}},{"type":"Feature","properties":{},"geometry":{"type":"Polygon","coordinates":[[[174.8616,-36.8066],[174.8617,-36.8078],[174.8628,-36.8062],[174.8631,-36.8073],[174.8668,-36.8081],[174.8669,-36.8081],[174.8666,-36.8077],[174.8673,-36.8077],[174.867,-36.808],[174.8676,-36.8076],[174.8654,-36.8063],[174.865,-36.8074],[174.864,-36.8071],[174.8627,-36.8059],[174.8616,-36.8066]]]}},{"type":"Feature","properties":{},"geometry":{"type":"Polygon","coordinates":[[[174.862,-36.406],[174.8621,-36.4062],[174.8644,-36.4075],[174.8676,-36.4081],[174.8698,-36.4076],[174.8643,-36.4072],[174.862,-36.406]]]}},{"type":"Feature","properties":{},"geometry":{"type":"Polygon","coordinates":[[[174.8627,-36.4405],[174.8645,-36.4427],[174.864,-36.4414],[174.8627,-36.4405]]]}},{"type":"Feature","properties":{},"geometry":{"type":"Polygon","coordinates":[[[174.8655,-36.4439],[174.8672,-36.446],[174.8676,-36.4454],[174.8666,-36.4437],[174.8655,-36.4439]]]}},{"type":"Feature","properties":{},"geometry":{"type":"Polygon","coordinates":[[[174.8676,-36.4464],[174.8694,-36.4487],[174.8686,-36.4462],[174.8676,-36.4464]]]}},{"type":"Feature","properties":{},"geometry":{"type":"Polygon","coordinates":[[[174.8702,-36.8061],[174.8717,-36.8051],[174.8702,-36.8053],[174.8702,-36.8061]]]}},{"type":"Feature","properties":{},"geometry":{"type":"Polygon","coordinates":[[[174.8703,-36.7641],[174.8705,-36.7649],[174.8768,-36.7672],[174.8775,-36.7686],[174.8788,-36.769],[174.8767,-36.7669],[174.8703,-36.7641]]]}},{"type":"Feature","properties":{},"geometry":{"type":"Polygon","coordinates":[[[174.8741,-36.4432],[174.8744,-36.4459],[174.8783,-36.4472],[174.8784,-36.4471],[174.8745,-36.4456],[174.8742,-36.443],[174.8741,-36.4432]]]}},{"type":"Feature","properties":{},"geometry":{"type":"Polygon","coordinates":[[[174.8742,-36.443],[174.8773,-36.4414],[174.8755,-36.4412],[174.8742,-36.443]]]}},{"type":"Feature","properties":{},"geometry":{"type":"Polygon","coordinates":[[[174.8778,-36.4323],[174.8778,-36.4331],[174.8794,-36.4344],[174.8778,-36.4323]]]}},{"type":"Feature","properties":{},"geometry":{"type":"Polygon","coordinates":[[[174.8792,-36.7702],[174.8836,-36.7693],[174.8869,-36.7701],[174.89,-36.7698],[174.8898,-36.7692],[174.884,-36.7689],[174.8798,-36.7701],[174.8792,-36.7694],[174.8792,-36.7702]]]}},{"type":"Feature","properties":{},"geometry":{"type":"Polygon","coordinates":[[[174.8852,-36.5928],[174.8855,-36.5934],[174.8884,-36.5935],[174.8864,-36.593],[174.8864,-36.5931],[174.8862,-36.5931],[174.8862,-36.593],[174.8852,-36.5928]],[[174.8857,-36.5934],[174.8857,-36.5932],[174.8859,-36.5932],[174.8859,-36.5934],[174.8857,-36.5934]]]}},{"type":"Feature","properties":{},"geometry":{"type":"Polygon","coordinates":[[[174.888,-36.6046],[174.8887,-36.6068],[174.8899,-36.6078],[174.888,-36.6046]]]}},{"type":"Feature","properties":{},"geometry":{"type":"Polygon","coordinates":[[[174.8897,-36.8297],[174.8915,-36.8318],[174.892,-36.8359],[174.8922,-36.8359],[174.8917,-36.8319],[174.8903,-36.8299],[174.8897,-36.8297]]]}},{"type":"Feature","properties":{},"geometry":{"type":"Polygon","coordinates":[[[174.8914,-36.773],[174.8915,-36.7746],[174.8964,-36.7753],[174.8963,-36.7749],[174.8918,-36.774],[174.8914,-36.773]]]}},{"type":"Feature","properties":{},"geometry":{"type":"Polygon","coordinates":[[[174.8938,-36.7874],[174.8941,-36.7881],[174.8964,-36.7891],[174.8964,-36.7888],[174.8938,-36.7874]]]}},{"type":"Feature","properties":{},"geometry":{"type":"Polygon","coordinates":[[[174.894,-36.7591],[174.894,-36.7593],[174.8966,-36.7567],[174.8966,-36.7564],[174.894,-36.7591]]]}},{"type":"Feature","properties":{},"geometry":{"type":"Polygon","coordinates":[[[174.8941,-36.7709],[174.8975,-36.7743],[174.8975,-36.7748],[174.8978,-36.7743],[174.8941,-36.7709]]]}},{"type":"Feature","properties":{},"geometry":{"type":"Polygon","coordinates":[[[174.896,-36.827],[174.8968,-36.8278],[174.8991,-36.8283],[174.8963,-36.827],[174.896,-36.827]]]}},{"type":"Feature","properties":{},"geometry":{"type":"Polygon","coordinates":[[[174.8964,-36.834],[174.8988,-36.8318],[174.8966,-36.8328],[174.8964,-36.834]]]}},{"type":"Feature","properties":{},"geometry":{"type":"Polygon","coordinates":[[[174.8975,-36.7753],[174.8976,-36.7779],[174.9005,-36.7808],[174.898,-36.7754],[174.8975,-36.7753]],[[174.8976,-36.7771],[174.8976,-36.7769],[174.8978,-36.7769],[174.8978,-36.7771],[174.8976,-36.7771]]]}},{"type":"Feature","properties":{},"geometry":{"type":"Polygon","coordinates":[[[174.8993,-36.8314],[174.8998,-36.8309],[174.8993,-36.8287],[174.8993,-36.8314]]]}},{"type":"Feature","properties":{},"geometry":{"type":"Polygon","coordinates":[[[174.9009,-36.7816],[174.9031,-36.7882],[174.9016,-36.7831],[174.9009,-36.7816]]]}},{"type":"Feature","properties":{},"geometry":{"type":"Polygon","coordinates":[[[174.9034,-36.7527],[174.9075,-36.7523],[174.9091,-36.751],[174.9034,-36.7527]]]}},{"type":"Feature","properties":{},"geometry":{"type":"Polygon","coordinates":[[[174.9145,-36.7887],[174.9177,-36.788],[174.9157,-36.788],[174.9145,-36.7887]]]}},{"type":"Feature","properties":{},"geometry":{"type":"Polygon","coordinates":[[[174.9149,-36.7333],[174.9152,-36.7345],[174.9159,-36.7333],[174.9154,-36.7322],[174.9149,-36.7333]]]}},{"type":"Feature","properties":{},"geometry":{"type":"Polygon","coordinates":[[[174.9229,-36.7384],[174.9245,-36.7388],[174.9232,-36.7375],[174.9229,-36.7384]]]}},{"type":"Feature","properties":{},"geometry":{"type":"Polygon","coordinates":[[[174.9285,-36.746],[174.9301,-36.7501],[174.9315,-36.7504],[174.9294,-36.7476],[174.9295,-36.7451],[174.9321,-36.7458],[174.9342,-36.7424],[174.9333,-36.7417],[174.9319,-36.7456],[174.9296,-36.7448],[174.9285,-36.746]]]}},{"type":"Feature","properties":{},"geometry":{"type":"Polygon","coordinates":[[[174.929,-36.7685],[174.9294,-36.7675],[174.9346,-36.7662],[174.9372,-36.7674],[174.9366,-36.7665],[174.9345,-36.7661],[174.9321,-36.7667],[174.9294,-36.766],[174.9304,-36.7663],[174.9292,-36.7675],[174.929,-36.7685]]]}},{"type":"Feature","properties":{},"geometry":{"type":"Polygon","coordinates":[[[174.9314,-36.754],[174.9346,-36.7538],[174.9323,-36.7532],[174.9324,-36.7521],[174.9318,-36.7525],[174.9314,-36.754]]]}},{"type":"Feature","properties":{},"geometry":{"type":"Polygon","coordinates":[[[174.9357,-36.8045],[174.9379,-36.8042],[174.9376,-36.8038],[174.9364,-36.8037],[174.9357,-36.8045]]]}},{"type":"Feature","properties":{},"geometry":{"type":"Polygon","coordinates":[[[174.9357,-36.7646],[174.9372,-36.7674],[174.9373,-36.7675],[174.9359,-36.7642],[174.9357,-36.7646]]]}},{"type":"Feature","properties":{},"geometry":{"type":"Polygon","coordinates":[[[174.9357,-36.7619],[174.9361,-36.7624],[174.9365,-36.7604],[174.936,-36.7606],[174.9357,-36.7619]]]}},{"type":"Feature","properties":{},"geometry":{"type":"Polygon","coordinates":[[[174.9363,-36.8004],[174.9364,-36.8022],[174.9375,-36.8029],[174.9363,-36.8004]]]}},{"type":"Feature","properties":{},"geometry":{"type":"Polygon","coordinates":[[[174.9382,-36.8034],[174.941,-36.8052],[174.9445,-36.8062],[174.9382,-36.8034]]]}},{"type":"Feature","properties":{},"geometry":{"type":"Polygon","coordinates":[[[174.9388,-36.8051],[174.9422,-36.8094],[174.9432,-36.813],[174.942,-36.8153],[174.9429,-36.8148],[174.9434,-36.8127],[174.9417,-36.8079],[174.9388,-36.8051]]]}},{"type":"Feature","properties":{},"geometry":{"type":"Polygon","coordinates":[[[174.94,-36.718],[174.9431,-36.7177],[174.9427,-36.7212],[174.9427,-36.7213],[174.9435,-36.7198],[174.9434,-36.7177],[174.9422,-36.7173],[174.9401,-36.718],[174.9402,-36.7179],[174.94,-36.718]]]}},{"type":"Feature","properties":{},"geometry":{"type":"Polygon","coordinates":[[[174.9424,-36.7131],[174.9444,-36.7121],[174.9444,-36.7111],[174.9442,-36.7111],[174.9442,-36.711],[174.9444,-36.711],[174.9444,-36.7106],[174.9446,-36.7106],[174.9446,-36.7104],[174.9444,-36.7104],[174.9444,-36.7101],[174.9424,-36.7131]],[[174.9434,-36.7121],[174.9434,-36.712],[174.9435,-36.712],[174.9435,-36.7121],[174.9434,-36.7121]]]}},{"type":"Feature","properties":{},"geometry":{"type":"Polygon","coordinates":[[[174.9428,-36.7169],[174.9442,-36.717],[174.9452,-36.716],[174.9428,-36.7169]]]}},{"type":"Feature","properties":{},"geometry":{"type":"Polygon","coordinates":[[[174.9449,-36.7139],[174.9452,-36.716],[174.9454,-36.7158],[174.9454,-36.714],[174.9449,-36.7139]]]}},{"type":"Feature","properties":{},"geometry":{"type":"Polygon","coordinates":[[[174.9465,-36.821],[174.9511,-36.8158],[174.9492,-36.8167],[174.9465,-36.821]]]}},{"type":"Feature","properties":{},"geometry":{"type":"Polygon","coordinates":[[[174.9466,-36.8068],[174.9483,-36.8073],[174.9511,-36.807],[174.9466,-36.8068]]]}},{"type":"Feature","properties":{},"geometry":{"type":"Polygon","coordinates":[[[174.9466,-36.7096],[174.9506,-36.7111],[174.9529,-36.7111],[174.9469,-36.7092],[174.9466,-36.7096]]]}},{"type":"Feature","properties":{},"geometry":{"type":"Polygon","coordinates":[[[174.9476,-36.7259],[174.9485,-36.7249],[174.9506,-36.7265],[174.9504,-36.7249],[174.9492,-36.7244],[174.9477,-36.7251],[174.9476,-36.7259]]]}},{"type":"Feature","properties":{},"geometry":{"type":"Polygon","coordinates":[[[174.9517,-36.7185],[174.9523,-36.7221],[174.9533,-36.7225],[174.9533,-36.7229],[174.9536,-36.7227],[174.9518,-36.7185],[174.9542,-36.7158],[174.9537,-36.7138],[174.9536,-36.714],[174.954,-36.7154],[174.9517,-36.7185]]]}},{"type":"Feature","properties":{},"geometry":{"type":"Polygon","coordinates":[[[174.9534,-36.8133],[174.9575,-36.8131],[174.9552,-36.8123],[174.9536,-36.813],[174.9534,-36.8133]]]}},{"type":"Feature","properties":{},"geometry":{"type":"Polygon","coordinates":[[[174.7294,-36.4154],[174.7307,-36.422],[174.7324,-36.4249],[174.7346,-36.4259],[174.7351,-36.4259],[174.7325,-36.4248],[174.7312,-36.4225],[174.7295,-36.4136],[174.7294,-36.4154]]]}},{"type":"Feature","properties":{},"geometry":{"type":"Polygon","coordinates":[[[174.7295,-36.4088],[174.7299,-36.4084],[174.7296,-36.4121],[174.731,-36.4071],[174.7304,-36.4072],[174.7295,-36.4088]]]}},{"type":"Feature","properties":{},"geometry":{"type":"Polygon","coordinates":[[[174.739,-36.425],[174.7413,-36.4291],[174.7415,-36.4289],[174.7392,-36.4249],[174.739,-36.425]]]}},{"type":"Feature","properties":{},"geometry":{"type":"Polygon","coordinates":[[[174.7531,-36.3812],[174.7564,-36.3839],[174.755,-36.3817],[174.7669,-36.3839],[174.7667,-36.383],[174.7654,-36.3829],[174.7613,-36.3827],[174.7597,-36.3818],[174.7561,-36.3814],[174.7561,-36.3812],[174.7556,-36.3812],[174.756,-36.3814],[174.7541,-36.3812],[174.7544,-36.3809],[174.7545,-36.3808],[174.7548,-36.3808],[174.755,-36.3805],[174.7545,-36.3808],[174.7551,-36.3801],[174.7539,-36.3774],[174.7543,-36.3783],[174.7531,-36.3812]],[[174.7659,-36.3836],[174.7662,-36.3833],[174.7662,-36.3837],[174.7659,-36.3836]]]}},{"type":"Feature","properties":{},"geometry":{"type":"Polygon","coordinates":[[[174.755,-36.3877],[174.7578,-36.3904],[174.7578,-36.3903],[174.7552,-36.3874],[174.755,-36.3877]]]}},{"type":"Feature","properties":{},"geometry":{"type":"Polygon","coordinates":[[[174.7652,-36.3867],[174.7673,-36.3906],[174.7716,-36.3926],[174.7754,-36.3917],[174.7755,-36.3913],[174.7708,-36.3919],[174.7671,-36.39],[174.7671,-36.3886],[174.7653,-36.3865],[174.7652,-36.3867]]]}},{"type":"Feature","properties":{},"geometry":{"type":"Polygon","coordinates":[[[174.7657,-36.382],[174.7667,-36.3829],[174.7664,-36.3809],[174.7665,-36.3809],[174.7659,-36.3807],[174.7657,-36.3812],[174.7664,-36.3812],[174.7657,-36.382]],[[174.766,-36.3818],[174.7662,-36.3816],[174.7664,-36.3819],[174.766,-36.3818]]]}},{"type":"Feature","properties":{},"geometry":{"type":"Polygon","coordinates":[[[174.768,-36.3827],[174.7693,-36.382],[174.77,-36.38],[174.7698,-36.3802],[174.7695,-36.3805],[174.7688,-36.3813],[174.7689,-36.3813],[174.768,-36.3827]]]}},{"type":"Feature","properties":{},"geometry":{"type":"Polygon","coordinates":[[[174.7753,-36.3903],[174.7756,-36.3911],[174.7766,-36.3881],[174.7763,-36.3877],[174.7753,-36.3903]]]}},{"type":"Feature","properties":{},"geometry":{"type":"Polygon","coordinates":[[[174.7785,-36.3852],[174.7812,-36.3849],[174.7811,-36.3852],[174.7812,-36.3849],[174.7794,-36.3829],[174.7787,-36.384],[174.78,-36.3847],[174.7785,-36.3852]]]}},{"type":"Feature","properties":{},"geometry":{"type":"Polygon","coordinates":[[[174.7805,-36.3375],[174.7816,-36.3411],[174.7845,-36.3459],[174.7893,-36.3506],[174.7894,-36.3506],[174.784,-36.3451],[174.7805,-36.3375]]]}},{"type":"Feature","properties":{},"geometry":{"type":"Polygon","coordinates":[[[174.7806,-36.3865],[174.782,-36.3887],[174.7863,-36.3876],[174.7857,-36.3874],[174.7821,-36.3882],[174.7807,-36.3862],[174.7806,-36.3865]]]}},{"type":"Feature","properties":{},"geometry":{"type":"Polygon","coordinates":[[[174.7855,-36.375],[174.7874,-36.3764],[174.7886,-36.3763],[174.7898,-36.3743],[174.7915,-36.3741],[174.7942,-36.3778],[174.7944,-36.3768],[174.7945,-36.3776],[174.7988,-36.3792],[174.8004,-36.3774],[174.8024,-36.3778],[174.8014,-36.3754],[174.8002,-36.3753],[174.7997,-36.3743],[174.8007,-36.3727],[174.8,-36.3724],[174.7985,-36.3739],[174.7969,-36.3723],[174.7964,-36.3738],[174.7951,-36.3742],[174.7911,-36.373],[174.7893,-36.3738],[174.7893,-36.3737],[174.7891,-36.3737],[174.7891,-36.3738],[174.7892,-36.3738],[174.7872,-36.3746],[174.7857,-36.3738],[174.7855,-36.375]],[[174.7864,-36.3746],[174.7864,-36.3745],[174.7865,-36.3745],[174.7865,-36.3746],[174.7864,-36.3746]],[[174.7867,-36.375],[174.7867,-36.3749],[174.7869,-36.3749],[174.7869,-36.375],[174.7867,-36.375]],[[174.7876,-36.3759],[174.7876,-36.3757],[174.7877,-36.3757],[174.7877,-36.3759],[174.7876,-36.3759]],[[174.7939,-36.3753],[174.794,-36.375],[174.7942,-36.3753],[174.7939,-36.3753]],[[174.7942,-36.3757],[174.7942,-36.3756],[174.7944,-36.3756],[174.7944,-36.3757],[174.7942,-36.3757]],[[174.7944,-36.3767],[174.7944,-36.3765],[174.7945,-36.3765],[174.7945,-36.3767],[174.7944,-36.3767]],[[174.7951,-36.3767],[174.7951,-36.3765],[174.7952,-36.3765],[174.7952,-36.3767],[174.7951,-36.3767]],[[174.7952,-36.3764],[174.7956,-36.3761],[174.7954,-36.3764],[174.7952,-36.3764]],[[174.7954,-36.3756],[174.7956,-36.3753],[174.7959,-36.3759],[174.7954,-36.3756]],[[174.7971,-36.3765],[174.7976,-36.3765],[174.7975,-36.3771],[174.7971,-36.3765]],[[174.7975,-36.3785],[174.7975,-36.3783],[174.7976,-36.3783],[174.7976,-36.3785],[174.7975,-36.3785]],[[174.7992,-36.3774],[174.7997,-36.3772],[174.7997,-36.3775],[174.7992,-36.3774]]]}},{"type":"Feature","properties":{},"geometry":{"type":"Polygon","coordinates":[[[174.7865,-36.3877],[174.7881,-36.3892],[174.7876,-36.388],[174.7865,-36.3877]]]}},{"type":"Feature","properties":{},"geometry":{"type":"Polygon","coordinates":[[[174.7888,-36.3899],[174.7915,-36.3898],[174.7902,-36.3832],[174.7899,-36.3836],[174.7906,-36.3856],[174.7901,-36.3869],[174.7915,-36.3897],[174.7888,-36.3899]]]}},{"type":"Feature","properties":{},"geometry":{"type":"Polygon","coordinates":[[[174.7976,-36.3511],[174.7978,-36.3511],[174.8041,-36.3486],[174.8039,-36.3485],[174.7976,-36.3511]]]}},{"type":"Feature","properties":{},"geometry":{"type":"Polygon","coordinates":[[[174.8,-36.3806],[174.8047,-36.383],[174.8078,-36.38],[174.8046,-36.3829],[174.8005,-36.3805],[174.8,-36.3806]]]}},{"type":"Feature","properties":{},"geometry":{"type":"Polygon","coordinates":[[[174.8078,-36.3506],[174.8121,-36.3562],[174.8133,-36.3566],[174.8144,-36.3561],[174.8127,-36.3564],[174.8079,-36.3506],[174.8078,-36.3506]]]}},{"type":"Feature","properties":{},"geometry":{"type":"Polygon","coordinates":[[[174.8138,-36.3573],[174.8155,-36.3576],[174.8141,-36.3572],[174.815,-36.356],[174.8146,-36.356],[174.8138,-36.3573]]]}},{"type":"Feature","properties":{},"geometry":{"type":"Polygon","coordinates":[[[174.8145,-36.3708],[174.8178,-36.3738],[174.8169,-36.376],[174.8169,-36.3761],[174.8168,-36.3761],[174.8166,-36.3767],[174.819,-36.3771],[174.8224,-36.3752],[174.8227,-36.3756],[174.82,-36.3768],[174.8191,-36.378],[174.8232,-36.3754],[174.8222,-36.3743],[174.8263,-36.373],[174.8273,-36.3709],[174.8307,-36.3711],[174.8326,-36.3697],[174.828,-36.3702],[174.8275,-36.3693],[174.8243,-36.3689],[174.8244,-36.3676],[174.8236,-36.3682],[174.8237,-36.3676],[174.822,-36.3676],[174.8244,-36.3709],[174.8241,-36.3723],[174.8234,-36.3724],[174.8234,-36.3723],[174.8232,-36.3723],[174.8232,-36.3724],[174.8203,-36.3728],[174.8147,-36.3701],[174.8145,-36.3708]],[[174.8183,-36.3722],[174.8183,-36.372],[174.8184,-36.372],[174.8184,-36.3722],[174.8183,-36.3722]],[[174.8224,-36.3679],[174.8231,-36.3678],[174.8229,-36.3682],[174.8224,-36.3679]],[[174.8289,-36.3708],[174.8289,-36.3706],[174.8292,-36.3708],[174.8289,-36.3708]],[[174.8307,-36.3702],[174.8309,-36.3701],[174.8312,-36.3702],[174.8307,-36.3702]],[[174.8316,-36.3701],[174.8318,-36.37],[174.8318,-36.3701],[174.8316,-36.3701]]]}},{"type":"Feature","properties":{},"geometry":{"type":"Polygon","coordinates":[[[174.815,-36.3587],[174.8186,-36.3612],[174.8258,-36.3643],[174.8287,-36.3665],[174.8355,-36.369],[174.8359,-36.3688],[174.8348,-36.3686],[174.8183,-36.3607],[174.8163,-36.3582],[174.8159,-36.3588],[174.815,-36.3587]]]}},{"type":"Feature","properties":{},"geometry":{"type":"Polygon","coordinates":[[[174.8373,-36.3691],[174.8379,-36.3702],[174.8429,-36.3691],[174.8447,-36.3664],[174.8426,-36.3689],[174.8399,-36.3697],[174.8373,-36.3691]]]}},{"type":"Feature","properties":{},"geometry":{"type":"Polygon","coordinates":[[[174.8586,-36.3732],[174.8595,-36.3728],[174.8603,-36.3708],[174.8599,-36.3709],[174.8586,-36.3732]]]}},{"type":"Feature","properties":{},"geometry":{"type":"Polygon","coordinates":[[[174.8619,-36.3624],[174.8649,-36.3634],[174.8662,-36.3644],[174.866,-36.3634],[174.8621,-36.3623],[174.8619,-36.3624]]]}},{"type":"Feature","properties":{},"geometry":{"type":"Polygon","coordinates":[[[174.8658,-36.3692],[174.867,-36.3689],[174.8668,-36.3675],[174.8658,-36.3692]]]}},{"type":"Feature","properties":{},"geometry":{"type":"Polygon","coordinates":[[[174.7554,-36.7363],[174.7562,-36.7389],[174.756,-36.7389],[174.756,-36.739],[174.7561,-36.739],[174.7562,-36.739],[174.7563,-36.739],[174.7566,-36.7389],[174.7554,-36.7363]]]}},{"type":"Feature","properties":{},"geometry":{"type":"Polygon","coordinates":[[[174.7512,-36.7208],[174.7554,-36.7273],[174.7556,-36.7272],[174.7514,-36.72],[174.7512,-36.7208]]]}},{"type":"Feature","properties":{},"geometry":{"type":"Polygon","coordinates":[[[174.7521,-36.7047],[174.7524,-36.7076],[174.7536,-36.71],[174.7521,-36.7047]]]}},{"type":"Feature","properties":{},"geometry":{"type":"Polygon","coordinates":[[[174.7491,-36.717],[174.7499,-36.7177],[174.7503,-36.7177],[174.7505,-36.7122],[174.7491,-36.717]]]}},{"type":"Feature","properties":{},"geometry":{"type":"Polygon","coordinates":[[[174.7389,-36.6479],[174.7411,-36.6479],[174.7424,-36.6467],[174.741,-36.6478],[174.7393,-36.6476],[174.7389,-36.6479]]]}},{"type":"Feature","properties":{},"geometry":{"type":"Polygon","coordinates":[[[174.7461,-36.6427],[174.7465,-36.6431],[174.7508,-36.6392],[174.7493,-36.6397],[174.7461,-36.6427]]]}},{"type":"Feature","properties":{},"geometry":{"type":"Polygon","coordinates":[[[174.7348,-36.6261],[174.7396,-36.6278],[174.7399,-36.6263],[174.7393,-36.6261],[174.7435,-36.6269],[174.7445,-36.6243],[174.7439,-36.6239],[174.7382,-36.6242],[174.7386,-36.6243],[174.743,-36.6243],[174.7411,-36.6254],[174.7404,-36.6247],[174.7396,-36.6256],[174.7348,-36.6261]],[[174.7384,-36.6261],[174.7384,-36.626],[174.7386,-36.626],[174.7386,-36.6261],[174.7384,-36.6261]],[[174.7386,-36.6268],[174.7386,-36.6267],[174.7387,-36.6267],[174.7387,-36.6268],[174.7386,-36.6268]],[[174.7404,-36.6263],[174.7404,-36.6261],[174.7406,-36.6263],[174.7404,-36.6263]],[[174.7404,-36.6261],[174.7404,-36.626],[174.7406,-36.626],[174.7404,-36.6261]],[[174.7425,-36.6263],[174.7433,-36.6261],[174.7433,-36.6267],[174.7425,-36.6263]],[[174.7432,-36.6243],[174.7432,-36.6242],[174.7435,-36.6242],[174.7435,-36.6243],[174.7432,-36.6243]],[[174.7437,-36.6254],[174.7437,-36.6253],[174.7439,-36.6253],[174.7439,-36.6254],[174.7437,-36.6254]],[[174.7437,-36.6242],[174.7437,-36.6241],[174.7439,-36.6241],[174.7439,-36.6242],[174.7437,-36.6242]]]}},{"type":"Feature","properties":{},"geometry":{"type":"Polygon","coordinates":[[[174.7423,-36.6278],[174.7428,-36.629],[174.7433,-36.6278],[174.7428,-36.6275],[174.7423,-36.6278]]]}},{"type":"Feature","properties":{},"geometry":{"type":"Polygon","coordinates":[[[174.7428,-36.6306],[174.744,-36.6313],[174.744,-36.6302],[174.7428,-36.6295],[174.7428,-36.6306]]]}},{"type":"Feature","properties":{},"geometry":{"type":"Polygon","coordinates":[[[174.7361,-36.5037],[174.7361,-36.5041],[174.7377,-36.5024],[174.7381,-36.5026],[174.7375,-36.5023],[174.7361,-36.5037]]]}},{"type":"Feature","properties":{},"geometry":{"type":"Polygon","coordinates":[[[174.7396,-36.4996],[174.7406,-36.5008],[174.7407,-36.5006],[174.7398,-36.4984],[174.7396,-36.4996]]]}},{"type":"Feature","properties":{},"geometry":{"type":"Polygon","coordinates":[[[174.7399,-36.4977],[174.7414,-36.4956],[174.7439,-36.494],[174.7442,-36.494],[174.744,-36.494],[174.7416,-36.4953],[174.7401,-36.4968],[174.7399,-36.4977]]]}},{"type":"Feature","properties":{},"geometry":{"type":"Polygon","coordinates":[[[174.7419,-36.4303],[174.7432,-36.4325],[174.7455,-36.4343],[174.7419,-36.4303]]]}},{"type":"Feature","properties":{},"geometry":{"type":"Polygon","coordinates":[[[174.7464,-36.4941],[174.7489,-36.4941],[174.7471,-36.4934],[174.7464,-36.4941]]]}},{"type":"Feature","properties":{},"geometry":{"type":"Polygon","coordinates":[[[174.7476,-36.4359],[174.7498,-36.4377],[174.7514,-36.4378],[174.7476,-36.4359]]]}},{"type":"Feature","properties":{},"geometry":{"type":"Polygon","coordinates":[[[174.7514,-36.4378],[174.7527,-36.4378],[174.7531,-36.4367],[174.7514,-36.4378]]]}},{"type":"Feature","properties":{},"geometry":{"type":"Polygon","coordinates":[[[174.7544,-36.4755],[174.756,-36.474],[174.755,-36.4743],[174.7544,-36.4754],[174.7544,-36.4755]]]}},{"type":"Feature","properties":{},"geometry":{"type":"Polygon","coordinates":[[[174.7585,-36.4371],[174.763,-36.4406],[174.7645,-36.441],[174.7586,-36.4368],[174.7585,-36.4371]]]}},{"type":"Feature","properties":{},"geometry":{"type":"Polygon","coordinates":[[[174.7606,-36.4641],[174.7611,-36.463],[174.7652,-36.4607],[174.7632,-36.455],[174.7654,-36.4471],[174.7673,-36.4454],[174.7672,-36.4454],[174.7652,-36.447],[174.7631,-36.4551],[174.765,-36.4603],[174.7635,-36.4607],[174.7611,-36.4629],[174.7606,-36.4641]]]}},{"type":"Feature","properties":{},"geometry":{"type":"Polygon","coordinates":[[[174.7646,-36.441],[174.7655,-36.4412],[174.7674,-36.4396],[174.7646,-36.441]]]}},{"type":"Feature","properties":{},"geometry":{"type":"Polygon","coordinates":[[[174.7682,-36.4392],[174.7691,-36.4412],[174.7736,-36.4425],[174.7747,-36.4409],[174.7732,-36.4422],[174.7698,-36.4414],[174.7683,-36.4392],[174.7682,-36.4392]]]}},{"type":"Feature","properties":{},"geometry":{"type":"Polygon","coordinates":[[[174.7759,-36.4398],[174.7778,-36.4395],[174.7786,-36.4387],[174.7784,-36.4375],[174.7759,-36.4398]]]}},{"type":"Feature","properties":{},"geometry":{"type":"Polygon","coordinates":[[[174.7749,-36.7851],[174.7751,-36.7862],[174.7758,-36.7844],[174.7753,-36.7844],[174.7749,-36.7851]]]}},{"type":"Feature","properties":{},"geometry":{"type":"Polygon","coordinates":[[[174.7752,-36.787],[174.7754,-36.7881],[174.7769,-36.7897],[174.7752,-36.787]]]}},{"type":"Feature","properties":{},"geometry":{"type":"Polygon","coordinates":[[[174.7758,-36.7736],[174.7763,-36.7781],[174.7778,-36.7793],[174.7778,-36.7791],[174.7762,-36.7754],[174.776,-36.7738],[174.7758,-36.7736]]]}},{"type":"Feature","properties":{},"geometry":{"type":"Polygon","coordinates":[[[174.7642,-36.753],[174.7696,-36.7591],[174.7697,-36.7589],[174.7642,-36.7528],[174.7642,-36.753]]]}},{"type":"Feature","properties":{},"geometry":{"type":"Polygon","coordinates":[[[174.7679,-36.7617],[174.7692,-36.7597],[174.7681,-36.7597],[174.7679,-36.7617]]]}},{"type":"Feature","properties":{},"geometry":{"type":"Polygon","coordinates":[[[174.7633,-36.7719],[174.7638,-36.7715],[174.7663,-36.7689],[174.766,-36.7687],[174.7663,-36.7687],[174.7649,-36.767],[174.7649,-36.7671],[174.766,-36.7684],[174.7655,-36.7682],[174.7633,-36.7719]]]}},{"type":"Feature","properties":{},"geometry":{"type":"Polygon","coordinates":[[[174.765,-36.766],[174.7655,-36.7656],[174.766,-36.7645],[174.7667,-36.7645],[174.7677,-36.7636],[174.7676,-36.7635],[174.7659,-36.7641],[174.765,-36.766]]]}},{"type":"Feature","properties":{},"geometry":{"type":"Polygon","coordinates":[[[174.7589,-36.7413],[174.7616,-36.7449],[174.7644,-36.7472],[174.759,-36.7413],[174.7589,-36.7413]]]}},{"type":"Feature","properties":{},"geometry":{"type":"Polygon","coordinates":[[[174.7545,-36.7017],[174.7562,-36.702],[174.7563,-36.6984],[174.759,-36.6982],[174.7568,-36.6976],[174.7558,-36.6988],[174.756,-36.7018],[174.7545,-36.7017]]]}},{"type":"Feature","properties":{},"geometry":{"type":"Polygon","coordinates":[[[174.7593,-36.6982],[174.7612,-36.6963],[174.7604,-36.6964],[174.7593,-36.6982]]]}},{"type":"Feature","properties":{},"geometry":{"type":"Polygon","coordinates":[[[174.7557,-36.6282],[174.7601,-36.6282],[174.7637,-36.6268],[174.7557,-36.628],[174.7557,-36.6282]]]}},{"type":"Feature","properties":{},"geometry":{"type":"Polygon","coordinates":[[[174.7623,-36.6367],[174.7655,-36.6367],[174.7649,-36.6358],[174.7625,-36.6363],[174.7623,-36.6367]]]}},{"type":"Feature","properties":{},"geometry":{"type":"Polygon","coordinates":[[[174.7671,-36.6359],[174.7695,-36.6338],[174.7705,-36.6314],[174.7671,-36.6359]]]}},{"type":"Feature","properties":{},"geometry":{"type":"Polygon","coordinates":[[[174.7478,-36.6231],[174.7485,-36.6246],[174.7527,-36.6272],[174.7519,-36.6282],[174.7557,-36.6282],[174.7557,-36.628],[174.7489,-36.6248],[174.7478,-36.6227],[174.7478,-36.6231]]]}},{"type":"Feature","properties":{},"geometry":{"type":"Polygon","coordinates":[[[174.7933,-36.8023],[174.7945,-36.8047],[174.7965,-36.8067],[174.7965,-36.8066],[174.7938,-36.8028],[174.7933,-36.8023]]]}},{"type":"Feature","properties":{},"geometry":{"type":"Polygon","coordinates":[[[174.7782,-36.7909],[174.78,-36.7928],[174.7815,-36.7934],[174.7782,-36.7909]]]}},{"type":"Feature","properties":{},"geometry":{"type":"Polygon","coordinates":[[[174.785,-36.7959],[174.7867,-36.7977],[174.7893,-36.799],[174.785,-36.7959]]]}},{"type":"Feature","properties":{},"geometry":{"type":"Polygon","coordinates":[[[174.7634,-36.7718],[174.7667,-36.7694],[174.7671,-36.768],[174.766,-36.7668],[174.7665,-36.7652],[174.7655,-36.7656],[174.766,-36.7647],[174.7657,-36.7644],[174.765,-36.766],[174.7649,-36.7669],[174.7663,-36.7687],[174.7664,-36.7687],[174.7667,-36.7693],[174.7663,-36.7689],[174.7634,-36.7718]]]}},{"type":"Feature","properties":{},"geometry":{"type":"Polygon","coordinates":[[[174.7668,-36.6221],[174.7686,-36.6213],[174.7711,-36.6184],[174.7668,-36.6221]]]}},{"type":"Feature","properties":{},"geometry":{"type":"Polygon","coordinates":[[[174.7688,-36.6109],[174.7714,-36.6181],[174.7715,-36.6179],[174.7688,-36.6109]]]}},{"type":"Feature","properties":{},"geometry":{"type":"Polygon","coordinates":[[[174.77,-36.6291],[174.7707,-36.6302],[174.771,-36.6301],[174.7702,-36.628],[174.77,-36.6291]]]}},{"type":"Feature","properties":{},"geometry":{"type":"Polygon","coordinates":[[[174.7701,-36.6087],[174.7736,-36.6082],[174.7746,-36.607],[174.7743,-36.607],[174.7701,-36.6086],[174.7701,-36.6087]]]}},{"type":"Feature","properties":{},"geometry":{"type":"Polygon","coordinates":[[[174.7703,-36.6275],[174.7717,-36.6253],[174.7705,-36.6264],[174.7703,-36.6275]]]}},{"type":"Feature","properties":{},"geometry":{"type":"Polygon","coordinates":[[[174.7722,-36.6249],[174.7758,-36.6238],[174.7776,-36.6253],[174.7765,-36.6236],[174.773,-36.6242],[174.7722,-36.6249]]]}},{"type":"Feature","properties":{},"geometry":{"type":"Polygon","coordinates":[[[174.7769,-36.6071],[174.7794,-36.6076],[174.7808,-36.6072],[174.7769,-36.6071]]]}},{"type":"Feature","properties":{},"geometry":{"type":"Polygon","coordinates":[[[174.7777,-36.6254],[174.778,-36.6257],[174.7834,-36.6231],[174.7777,-36.6254]]]}},{"type":"Feature","properties":{},"geometry":{"type":"Polygon","coordinates":[[[174.7852,-36.6214],[174.786,-36.6189],[174.7852,-36.6201],[174.7852,-36.6214]]]}},{"type":"Feature","properties":{},"geometry":{"type":"Polygon","coordinates":[[[174.7992,-36.8104],[174.7997,-36.8114],[174.8005,-36.8117],[174.7996,-36.8102],[174.7992,-36.8104]]]}},{"type":"Feature","properties":{},"geometry":{"type":"Polygon","coordinates":[[[174.7852,-36.6223],[174.786,-36.6189],[174.7852,-36.6201],[174.7852,-36.6223]]]}},{"type":"Feature","properties":{},"geometry":{"type":"Polygon","coordinates":[[[174.7857,-36.623],[174.7877,-36.6247],[174.7865,-36.6258],[174.7872,-36.6264],[174.7896,-36.6242],[174.7902,-36.6247],[174.7893,-36.6235],[174.7917,-36.6212],[174.7956,-36.6219],[174.7957,-36.621],[174.7922,-36.6205],[174.7911,-36.6193],[174.7903,-36.6161],[174.792,-36.6146],[174.7906,-36.6146],[174.7896,-36.6164],[174.7877,-36.616],[174.7877,-36.6167],[174.7896,-36.6171],[174.7905,-36.6186],[174.7881,-36.6179],[174.7857,-36.623]]]}},{"type":"Feature","properties":{},"geometry":{"type":"Polygon","coordinates":[[[174.7927,-36.6268],[174.7935,-36.6274],[174.7935,-36.6292],[174.7963,-36.6295],[174.7935,-36.6289],[174.794,-36.6275],[174.7927,-36.6268]]]}},{"type":"Feature","properties":{},"geometry":{"type":"Polygon","coordinates":[[[174.8067,-36.6101],[174.8067,-36.6103],[174.8082,-36.6077],[174.8077,-36.6078],[174.8067,-36.6101]]]}},{"type":"Feature","properties":{},"geometry":{"type":"Polygon","coordinates":[[[174.7969,-36.6018],[174.7992,-36.601],[174.8133,-36.6015],[174.8162,-36.599],[174.8164,-36.5956],[174.8163,-36.5957],[174.8161,-36.599],[174.8131,-36.6013],[174.7987,-36.601],[174.7969,-36.6018]]]}},{"type":"Feature","properties":{},"geometry":{"type":"Polygon","coordinates":[[[174.8076,-36.6079],[174.8128,-36.6074],[174.8128,-36.6073],[174.813,-36.6073],[174.813,-36.6074],[174.8135,-36.6074],[174.8138,-36.6079],[174.8135,-36.603],[174.8123,-36.6032],[174.8123,-36.6031],[174.8121,-36.6031],[174.8121,-36.6032],[174.8094,-36.6036],[174.8076,-36.6079]],[[174.8091,-36.6075],[174.8091,-36.6073],[174.8094,-36.6073],[174.8094,-36.6075],[174.8091,-36.6075]],[[174.8094,-36.6041],[174.8094,-36.6039],[174.8096,-36.6039],[174.8096,-36.6041],[174.8094,-36.6041]],[[174.8099,-36.6073],[174.8099,-36.6072],[174.8104,-36.6072],[174.8104,-36.6073],[174.8099,-36.6073]],[[174.8109,-36.6072],[174.8109,-36.6071],[174.8116,-36.6071],[174.8116,-36.6072],[174.8109,-36.6072]],[[174.8126,-36.6043],[174.8126,-36.6042],[174.8128,-36.6042],[174.8128,-36.6043],[174.8126,-36.6043]]]}},{"type":"Feature","properties":{},"geometry":{"type":"Polygon","coordinates":[[[174.8215,-36.6145],[174.8251,-36.6142],[174.8291,-36.6156],[174.83,-36.617],[174.8297,-36.6178],[174.8301,-36.6175],[174.8299,-36.6157],[174.8265,-36.6143],[174.8232,-36.6141],[174.8215,-36.6145]]]}},{"type":"Feature","properties":{},"geometry":{"type":"Polygon","coordinates":[[[174.8283,-36.5933],[174.8297,-36.5942],[174.8326,-36.5946],[174.8283,-36.5933]]]}},{"type":"Feature","properties":{},"geometry":{"type":"Polygon","coordinates":[[[174.8298,-36.6197],[174.8329,-36.6194],[174.8337,-36.6187],[174.8298,-36.6197]]]}},{"type":"Feature","properties":{},"geometry":{"type":"Polygon","coordinates":[[[174.8329,-36.5946],[174.8338,-36.5947],[174.8367,-36.5945],[174.8373,-36.5935],[174.8329,-36.5946]]]}},{"type":"Feature","properties":{},"geometry":{"type":"Polygon","coordinates":[[[174.8374,-36.5975],[174.8375,-36.5976],[174.8384,-36.5932],[174.8382,-36.5933],[174.8374,-36.5975]]]}},{"type":"Feature","properties":{},"geometry":{"type":"Polygon","coordinates":[[[174.8234,-36.8443],[174.8236,-36.8444],[174.8272,-36.8451],[174.8282,-36.8456],[174.8243,-36.8436],[174.8234,-36.8443]]]}},{"type":"Feature","properties":{},"geometry":{"type":"Polygon","coordinates":[[[174.8615,-36.8465],[174.8635,-36.8443],[174.8627,-36.8443],[174.8615,-36.8465]]]}},{"type":"Feature","properties":{},"geometry":{"type":"Polygon","coordinates":[[[174.903,-36.849],[174.9051,-36.8535],[174.9051,-36.8523],[174.903,-36.849]]]}},{"type":"Feature","properties":{},"geometry":{"type":"Polygon","coordinates":[[[174.927,-36.8803],[174.9301,-36.8832],[174.9391,-36.8877],[174.9398,-36.8886],[174.9394,-36.8879],[174.927,-36.8803]]]}},{"type":"Feature","properties":{},"geometry":{"type":"Polygon","coordinates":[[[174.9404,-36.8896],[174.9408,-36.8923],[174.942,-36.8926],[174.9404,-36.8896]]]}},{"type":"Feature","properties":{},"geometry":{"type":"Polygon","coordinates":[[[174.9111,-36.869],[174.9111,-36.8691],[174.9144,-36.8736],[174.9191,-36.8782],[174.9209,-36.8787],[174.915,-36.8743],[174.9111,-36.869]]]}},{"type":"Feature","properties":{},"geometry":{"type":"Polygon","coordinates":[[[174.9634,-36.9145],[174.9663,-36.9137],[174.9644,-36.9128],[174.9634,-36.9145]]]}},{"type":"Feature","properties":{},"geometry":{"type":"Polygon","coordinates":[[[174.9688,-36.913],[174.9693,-36.9128],[174.9693,-36.9111],[174.9689,-36.9114],[174.9688,-36.913]]]}},{"type":"Feature","properties":{},"geometry":{"type":"Polygon","coordinates":[[[174.9765,-36.9087],[174.9774,-36.9102],[174.9816,-36.9121],[174.982,-36.913],[174.9835,-36.9131],[174.9857,-36.9121],[174.9859,-36.9112],[174.9903,-36.9104],[174.9906,-36.9101],[174.9811,-36.9098],[174.9793,-36.9107],[174.9765,-36.9087]],[[174.9809,-36.9113],[174.9809,-36.9112],[174.9811,-36.9112],[174.9811,-36.9113],[174.9809,-36.9113]],[[174.9809,-36.9111],[174.9809,-36.9109],[174.9811,-36.9109],[174.9811,-36.9111],[174.9809,-36.9111]]]}},{"type":"Feature","properties":{},"geometry":{"type":"Polygon","coordinates":[[[174.9728,-36.8108],[174.9742,-36.8119],[174.9736,-36.8126],[174.9898,-36.8126],[174.9895,-36.8124],[174.9895,-36.8125],[174.9881,-36.8118],[174.9879,-36.8048],[174.9887,-36.803],[174.9882,-36.8025],[174.9876,-36.8023],[174.9875,-36.8019],[174.9875,-36.8018],[174.9874,-36.8013],[174.9881,-36.8006],[174.9888,-36.7994],[174.9888,-36.7977],[174.9903,-36.7966],[174.9903,-36.7965],[174.9895,-36.7944],[174.9903,-36.7935],[174.9903,-36.7929],[174.9882,-36.792],[174.9874,-36.7922],[174.9865,-36.7913],[174.9831,-36.7898],[174.9828,-36.7886],[174.9823,-36.7879],[174.9824,-36.7867],[174.9816,-36.7834],[174.9728,-36.8108]],[[174.9854,-36.7947],[174.9861,-36.7947],[174.986,-36.7948],[174.986,-36.7951],[174.9859,-36.7955],[174.9858,-36.7954],[174.9856,-36.795],[174.9854,-36.7947]]]}},{"type":"Feature","properties":{},"geometry":{"type":"Polygon","coordinates":[[[174.9898,-36.8127],[175.0186,-36.8116],[175.0199,-36.811],[175.0199,-36.8101],[175.0198,-36.8099],[175.0187,-36.8096],[175.0181,-36.8097],[175.0186,-36.8096],[175.0183,-36.8095],[175.0221,-36.8082],[175.0228,-36.8064],[175.025,-36.8056],[175.0251,-36.805],[175.0245,-36.8034],[175.0234,-36.8022],[175.024,-36.802],[175.0238,-36.8016],[175.0262,-36.8009],[175.0263,-36.7996],[175.0262,-36.7989],[175.0276,-36.7977],[175.0229,-36.7939],[175.0217,-36.7934],[175.0204,-36.7941],[175.0198,-36.795],[175.0188,-36.7951],[175.0171,-36.7926],[175.0174,-36.7915],[175.0171,-36.7906],[175.0158,-36.7903],[175.0097,-36.7896],[175.0077,-36.791],[175.0076,-36.7935],[175.0065,-36.7943],[175.0064,-36.7946],[175.0064,-36.7983],[175.0055,-36.7988],[175.0048,-36.8013],[175.0059,-36.8034],[175.0054,-36.8034],[175.001,-36.8028],[175.0009,-36.8028],[174.9977,-36.8039],[174.997,-36.8057],[174.9973,-36.807],[174.996,-36.8081],[174.9952,-36.8099],[174.9951,-36.8104],[174.995,-36.8104],[174.9949,-36.8107],[174.9924,-36.8102],[174.9923,-36.8103],[174.9898,-36.8127]]]}},{"type":"Feature","properties":{},"geometry":{"type":"Polygon","coordinates":[[[175.0092,-36.7797],[175.0124,-36.7828],[175.0159,-36.7838],[175.0159,-36.7836],[175.0161,-36.7836],[175.016,-36.7838],[175.0182,-36.7845],[175.0198,-36.7821],[175.0212,-36.7794],[175.0216,-36.7795],[175.0219,-36.779],[175.0243,-36.7812],[175.0253,-36.7809],[175.0271,-36.7815],[175.0274,-36.7816],[175.0293,-36.7792],[175.028,-36.7768],[175.0281,-36.7767],[175.028,-36.7766],[175.0282,-36.7767],[175.03,-36.7762],[175.0304,-36.7757],[175.0311,-36.776],[175.0311,-36.7759],[175.0314,-36.7761],[175.0339,-36.7772],[175.0345,-36.7766],[175.0345,-36.7762],[175.0349,-36.7762],[175.0359,-36.7753],[175.0361,-36.7742],[175.0367,-36.7745],[175.0367,-36.7744],[175.0368,-36.7746],[175.0374,-36.7749],[175.0385,-36.7779],[175.0394,-36.7796],[175.0452,-36.7797],[175.0457,-36.7793],[175.0458,-36.7784],[175.047,-36.778],[175.0466,-36.777],[175.0465,-36.7769],[175.0463,-36.7763],[175.0461,-36.7759],[175.0462,-36.7759],[175.0461,-36.7758],[175.0484,-36.7762],[175.0493,-36.7754],[175.0495,-36.7749],[175.0499,-36.7748],[175.0501,-36.7746],[175.0503,-36.7747],[175.0506,-36.7746],[175.0514,-36.7748],[175.0542,-36.7752],[175.0558,-36.7724],[175.055,-36.7709],[175.0559,-36.7702],[175.0568,-36.7712],[175.0587,-36.7715],[175.0603,-36.7696],[175.06,-36.7666],[175.0593,-36.7661],[175.0599,-36.7657],[175.0599,-36.7655],[175.0152,-36.7676],[175.0154,-36.768],[175.0151,-36.7679],[175.0144,-36.7706],[175.0151,-36.7714],[175.0142,-36.7717],[175.0146,-36.7731],[175.0135,-36.774],[175.013,-36.7757],[175.013,-36.776],[175.0129,-36.776],[175.0118,-36.7772],[175.0113,-36.7772],[175.0095,-36.7771],[175.0092,-36.7797]],[[175.0149,-36.7693],[175.0149,-36.7691],[175.0151,-36.7691],[175.0151,-36.7693],[175.0149,-36.7693]],[[175.0154,-36.7836],[175.0154,-36.7835],[175.0156,-36.7835],[175.0156,-36.7836],[175.0154,-36.7836]],[[175.0279,-36.7765],[175.0279,-36.7764],[175.028,-36.7764],[175.028,-36.7765],[175.0279,-36.7765]],[[175.033,-36.7766],[175.033,-36.7764],[175.0332,-36.7764],[175.0332,-36.7766],[175.033,-36.7766]],[[175.0554,-36.7699],[175.0554,-36.7698],[175.0555,-36.7698],[175.0555,-36.7699],[175.0554,-36.7699]],[[175.0596,-36.7657],[175.0598,-36.7656],[175.0598,-36.7657],[175.0596,-36.7657]]]}},{"type":"Feature","properties":{},"geometry":{"type":"Polygon","coordinates":[[[175.0457,-36.8025],[175.0479,-36.802],[175.0479,-36.8039],[175.0458,-36.807],[175.0482,-36.8058],[175.0492,-36.8059],[175.0498,-36.8057],[175.0562,-36.8064],[175.0591,-36.8059],[175.0599,-36.8066],[175.0605,-36.8056],[175.0606,-36.8053],[175.0607,-36.8052],[175.0612,-36.8044],[175.0631,-36.8041],[175.0639,-36.8037],[175.0648,-36.8038],[175.0671,-36.8034],[175.0676,-36.8042],[175.0677,-36.8042],[175.068,-36.8035],[175.0678,-36.8034],[175.0682,-36.8032],[175.0685,-36.8028],[175.0694,-36.8027],[175.0695,-36.8026],[175.0667,-36.8025],[175.0666,-36.8025],[175.0665,-36.8025],[175.0659,-36.8025],[175.0632,-36.8016],[175.0612,-36.8027],[175.0606,-36.8032],[175.0612,-36.8043],[175.0605,-36.803],[175.0574,-36.8013],[175.0566,-36.8011],[175.0565,-36.8012],[175.0552,-36.8022],[175.0546,-36.8018],[175.0544,-36.8019],[175.0544,-36.8017],[175.054,-36.8014],[175.0544,-36.8007],[175.0543,-36.7979],[175.0538,-36.7966],[175.0527,-36.7969],[175.0526,-36.7969],[175.0526,-36.7977],[175.0529,-36.7991],[175.0526,-36.7991],[175.0526,-36.7995],[175.0488,-36.7993],[175.0475,-36.7993],[175.0457,-36.8025]],[[175.0581,-36.8038],[175.0581,-36.8037],[175.0582,-36.8037],[175.0582,-36.8038],[175.0581,-36.8038]],[[175.0629,-36.8032],[175.0629,-36.803],[175.063,-36.803],[175.063,-36.8032],[175.0629,-36.8032]],[[175.0675,-36.8032],[175.0675,-36.803],[175.0676,-36.803],[175.0676,-36.8032],[175.0675,-36.8032]]]}},{"type":"Feature","properties":{},"geometry":{"type":"Polygon","coordinates":[[[175.0601,-36.7759],[175.0627,-36.7768],[175.0631,-36.7778],[175.0632,-36.7778],[175.0632,-36.778],[175.063,-36.7784],[175.062,-36.7807],[175.0643,-36.7831],[175.0653,-36.7833],[175.066,-36.7848],[175.0665,-36.7853],[175.0866,-36.7882],[175.0872,-36.7881],[175.088,-36.787],[175.0896,-36.7874],[175.0919,-36.7868],[175.0934,-36.7846],[175.0935,-36.7847],[175.0938,-36.7843],[175.0971,-36.7858],[175.0984,-36.7862],[175.0992,-36.786],[175.1021,-36.7846],[175.1023,-36.7846],[175.1065,-36.7819],[175.1068,-36.7801],[175.1067,-36.7781],[175.1072,-36.7777],[175.1076,-36.7758],[175.1065,-36.7745],[175.1059,-36.7742],[175.1059,-36.7738],[175.106,-36.7733],[175.1062,-36.7721],[175.1035,-36.7695],[175.1035,-36.7693],[175.1033,-36.7691],[175.1036,-36.7689],[175.1036,-36.7684],[175.106,-36.7662],[175.106,-36.7658],[175.1052,-36.7652],[175.1057,-36.7641],[175.1078,-36.7638],[175.0605,-36.7655],[175.0607,-36.766],[175.0616,-36.7667],[175.0627,-36.7665],[175.0628,-36.7675],[175.0632,-36.7679],[175.063,-36.7711],[175.063,-36.7714],[175.063,-36.7715],[175.063,-36.7716],[175.0629,-36.7716],[175.0625,-36.7724],[175.061,-36.7729],[175.0602,-36.7734],[175.0602,-36.7736],[175.0601,-36.7759]],[[175.0639,-36.7779],[175.0639,-36.7777],[175.0641,-36.7776],[175.0639,-36.7779]],[[175.1018,-36.7843],[175.1019,-36.784],[175.1025,-36.7844],[175.1018,-36.7843]],[[175.1031,-36.7694],[175.1031,-36.7693],[175.1033,-36.7693],[175.1033,-36.7694],[175.1031,-36.7694]]]}},{"type":"Feature","properties":{},"geometry":{"type":"Polygon","coordinates":[[[175.0645,-36.8199],[175.0678,-36.8197],[175.0686,-36.8225],[175.0676,-36.8271],[175.0701,-36.8282],[175.0718,-36.8247],[175.0683,-36.8183],[175.0663,-36.8176],[175.0655,-36.8184],[175.0645,-36.8199]]]}},{"type":"Feature","properties":{},"geometry":{"type":"Polygon","coordinates":[[[175.0956,-36.8324],[175.0981,-36.8299],[175.1014,-36.8293],[175.1131,-36.8325],[175.1124,-36.8301],[175.1089,-36.8282],[175.1077,-36.8247],[175.1076,-36.8245],[175.1075,-36.824],[175.1072,-36.8208],[175.1089,-36.8156],[175.1074,-36.8159],[175.1057,-36.8167],[175.1057,-36.8168],[175.1057,-36.817],[175.1056,-36.8171],[175.1057,-36.8171],[175.1054,-36.8213],[175.1047,-36.8226],[175.1045,-36.8239],[175.1029,-36.8259],[175.1025,-36.8268],[175.1019,-36.8273],[175.1014,-36.8279],[175.1011,-36.8279],[175.101,-36.8278],[175.0988,-36.8271],[175.0981,-36.8282],[175.098,-36.8294],[175.0969,-36.8302],[175.0956,-36.8324]],[[175.1083,-36.8163],[175.1083,-36.8161],[175.1084,-36.8161],[175.1084,-36.8163],[175.1083,-36.8163]]]}},{"type":"Feature","properties":{},"geometry":{"type":"Polygon","coordinates":[[[175.1224,-36.8397],[175.1254,-36.8432],[175.1283,-36.8408],[175.1368,-36.8445],[175.1363,-36.843],[175.1357,-36.8426],[175.136,-36.8423],[175.1359,-36.842],[175.1363,-36.8418],[175.1371,-36.8406],[175.1382,-36.8405],[175.1399,-36.8394],[175.1393,-36.8372],[175.1388,-36.836],[175.1311,-36.8364],[175.1301,-36.8366],[175.1305,-36.8361],[175.132,-36.8336],[175.132,-36.8328],[175.134,-36.8319],[175.1383,-36.8301],[175.1361,-36.8257],[175.1365,-36.8256],[175.1364,-36.8256],[175.1368,-36.825],[175.1383,-36.8254],[175.139,-36.8246],[175.1372,-36.8234],[175.1362,-36.8228],[175.1336,-36.8238],[175.1335,-36.8245],[175.1314,-36.8247],[175.1311,-36.8248],[175.131,-36.8248],[175.1307,-36.824],[175.13,-36.8225],[175.1296,-36.8228],[175.1287,-36.8237],[175.1286,-36.8243],[175.1287,-36.8247],[175.1289,-36.8248],[175.129,-36.8255],[175.1298,-36.8283],[175.1299,-36.8284],[175.1299,-36.8285],[175.1299,-36.8286],[175.1278,-36.8312],[175.1272,-36.8323],[175.124,-36.8358],[175.1229,-36.8371],[175.1224,-36.8397]],[[175.131,-36.8257],[175.132,-36.8256],[175.1319,-36.8257],[175.1318,-36.8257],[175.1318,-36.8258],[175.1319,-36.8258],[175.1318,-36.8263],[175.1313,-36.8259],[175.1313,-36.826],[175.1311,-36.826],[175.1311,-36.8258],[175.1312,-36.8258],[175.131,-36.8257]],[[175.1311,-36.8265],[175.1311,-36.8261],[175.1315,-36.8265],[175.1311,-36.8265]],[[175.1323,-36.8268],[175.1323,-36.8267],[175.1325,-36.8267],[175.1325,-36.8268],[175.1323,-36.8268]],[[175.1323,-36.8261],[175.1325,-36.8261],[175.1325,-36.8263],[175.1323,-36.8261]],[[175.1323,-36.8257],[175.1327,-36.8257],[175.1325,-36.8258],[175.1323,-36.8257]],[[175.1327,-36.8268],[175.1327,-36.8267],[175.1328,-36.8267],[175.1328,-36.8268],[175.1327,-36.8268]],[[175.1332,-36.8254],[175.1335,-36.8253],[175.1335,-36.8256],[175.1332,-36.8254]],[[175.1342,-36.8257],[175.1343,-36.8257],[175.1344,-36.8257],[175.1344,-36.8256],[175.1349,-36.8254],[175.1347,-36.8258],[175.1342,-36.8257]],[[175.1349,-36.8261],[175.1352,-36.826],[175.1351,-36.8264],[175.1349,-36.8261]]]}},{"type":"Feature","properties":{},"geometry":{"type":"Polygon","coordinates":[[[175.1466,-36.8332],[175.1469,-36.8341],[175.1479,-36.8344],[175.1474,-36.8355],[175.1481,-36.8376],[175.1488,-36.8378],[175.1508,-36.8376],[175.1516,-36.8372],[175.1518,-36.8375],[175.1519,-36.8375],[175.1531,-36.8403],[175.1697,-36.8233],[175.1732,-36.8158],[175.1802,-36.7912],[175.1838,-36.7866],[175.193,-36.7791],[175.1882,-36.7747],[175.1845,-36.7745],[175.1835,-36.7746],[175.183,-36.7744],[175.1815,-36.7742],[175.1798,-36.7733],[175.1782,-36.774],[175.1762,-36.7772],[175.1751,-36.7767],[175.174,-36.7763],[175.1717,-36.778],[175.1718,-36.7781],[175.1715,-36.7781],[175.1714,-36.7781],[175.1689,-36.778],[175.1685,-36.778],[175.1665,-36.7779],[175.1636,-36.7807],[175.1633,-36.7811],[175.1631,-36.7817],[175.1625,-36.7842],[175.1623,-36.7842],[175.1623,-36.7843],[175.1619,-36.7842],[175.1608,-36.7843],[175.1595,-36.7834],[175.1592,-36.7833],[175.1567,-36.7848],[175.1566,-36.7849],[175.1565,-36.7848],[175.1552,-36.7844],[175.1537,-36.7848],[175.1558,-36.7848],[175.1549,-36.7898],[175.1553,-36.7905],[175.1568,-36.7916],[175.1575,-36.7918],[175.1579,-36.7916],[175.1584,-36.791],[175.1595,-36.7911],[175.1596,-36.7926],[175.1585,-36.793],[175.1572,-36.7954],[175.1587,-36.8],[175.1613,-36.8015],[175.164,-36.8049],[175.1643,-36.805],[175.167,-36.8053],[175.1668,-36.8058],[175.1672,-36.8059],[175.1659,-36.8089],[175.1643,-36.8092],[175.1645,-36.813],[175.1644,-36.813],[175.1643,-36.813],[175.1626,-36.8133],[175.1647,-36.8167],[175.1658,-36.8171],[175.1646,-36.8176],[175.1631,-36.8188],[175.1639,-36.8219],[175.1648,-36.8226],[175.1641,-36.8229],[175.1645,-36.8247],[175.1646,-36.8248],[175.1645,-36.8247],[175.1632,-36.8252],[175.163,-36.8257],[175.1636,-36.8268],[175.1639,-36.8269],[175.1637,-36.827],[175.1639,-36.8274],[175.1622,-36.8277],[175.1628,-36.829],[175.1634,-36.8293],[175.1629,-36.8292],[175.1594,-36.8302],[175.1603,-36.8316],[175.1607,-36.8319],[175.1604,-36.8319],[175.1607,-36.8323],[175.1558,-36.8319],[175.1516,-36.8342],[175.1489,-36.8323],[175.1479,-36.8327],[175.1479,-36.8329],[175.1474,-36.8329],[175.1466,-36.8332]],[[175.1564,-36.8329],[175.1564,-36.8327],[175.1566,-36.8327],[175.1566,-36.8329],[175.1564,-36.8329]],[[175.1564,-36.8325],[175.1564,-36.8323],[175.1566,-36.8323],[175.1566,-36.8325],[175.1564,-36.8325]]]}},{"type":"Feature","properties":{},"geometry":{"type":"Polygon","coordinates":[[[174.9818,-36.7839],[174.9824,-36.7863],[174.9825,-36.7843],[174.9822,-36.7838],[174.9818,-36.7839]]]}},{"type":"Feature","properties":{},"geometry":{"type":"Polygon","coordinates":[[[174.983,-36.7888],[174.9832,-36.7899],[174.9865,-36.7913],[174.9857,-36.7904],[174.9835,-36.7896],[174.983,-36.7888]]]}},{"type":"Feature","properties":{},"geometry":{"type":"Polygon","coordinates":[[[174.984,-36.7836],[174.9859,-36.7842],[174.9862,-36.7835],[174.9883,-36.7836],[174.9923,-36.7825],[174.984,-36.7836]]]}},{"type":"Feature","properties":{},"geometry":{"type":"Polygon","coordinates":[[[174.9877,-36.801],[174.9888,-36.8],[174.9888,-36.799],[174.9877,-36.801]]]}},{"type":"Feature","properties":{},"geometry":{"type":"Polygon","coordinates":[[[174.9882,-36.792],[174.9903,-36.7929],[174.9895,-36.7944],[174.9907,-36.793],[174.9893,-36.7922],[174.9907,-36.7913],[174.9882,-36.792]]]}},{"type":"Feature","properties":{},"geometry":{"type":"Polygon","coordinates":[[[174.9906,-36.7776],[174.9919,-36.7794],[174.992,-36.7786],[174.9907,-36.7776],[174.9906,-36.7776]]]}},{"type":"Feature","properties":{},"geometry":{"type":"Polygon","coordinates":[[[174.9924,-36.7824],[174.9931,-36.7822],[174.9929,-36.7805],[174.9927,-36.7804],[174.9928,-36.7805],[174.9924,-36.7824]]]}},{"type":"Feature","properties":{},"geometry":{"type":"Polygon","coordinates":[[[174.9962,-36.7752],[174.9973,-36.7753],[174.9992,-36.7728],[174.9977,-36.7713],[174.9962,-36.7714],[174.9985,-36.7723],[174.9962,-36.7752]]]}},{"type":"Feature","properties":{},"geometry":{"type":"Polygon","coordinates":[[[174.9968,-36.8049],[174.9971,-36.806],[174.9983,-36.8035],[175.0032,-36.8031],[175.0006,-36.8028],[174.998,-36.8036],[174.9968,-36.8049]]]}},{"type":"Feature","properties":{},"geometry":{"type":"Polygon","coordinates":[[[175.0025,-36.7696],[175.0026,-36.7697],[175.006,-36.7684],[175.0059,-36.7682],[175.0025,-36.7696]]]}},{"type":"Feature","properties":{},"geometry":{"type":"Polygon","coordinates":[[[175.0076,-36.7925],[175.0089,-36.7902],[175.0077,-36.791],[175.0076,-36.7925]]]}},{"type":"Feature","properties":{},"geometry":{"type":"Polygon","coordinates":[[[175.0089,-36.7795],[175.0118,-36.7827],[175.0154,-36.7837],[175.0124,-36.7828],[175.0092,-36.7797],[175.0095,-36.7771],[175.0107,-36.7769],[175.01,-36.7765],[175.0089,-36.7777],[175.0089,-36.7795]]]}},{"type":"Feature","properties":{},"geometry":{"type":"Polygon","coordinates":[[[175.0094,-36.7898],[175.0162,-36.7904],[175.011,-36.7894],[175.011,-36.7887],[175.0094,-36.7898]]]}},{"type":"Feature","properties":{},"geometry":{"type":"Polygon","coordinates":[[[175.0098,-36.7724],[175.0106,-36.7725],[175.0099,-36.7711],[175.0098,-36.7724]]]}},{"type":"Feature","properties":{},"geometry":{"type":"Polygon","coordinates":[[[175.0106,-36.7725],[175.011,-36.7725],[175.0135,-36.7708],[175.0142,-36.7696],[175.0141,-36.769],[175.0106,-36.7725]]]}},{"type":"Feature","properties":{},"geometry":{"type":"Polygon","coordinates":[[[175.0128,-36.7745],[175.0129,-36.7752],[175.0141,-36.7735],[175.0128,-36.7745]]]}},{"type":"Feature","properties":{},"geometry":{"type":"Polygon","coordinates":[[[174.9846,-36.8877],[174.9852,-36.8881],[174.9854,-36.8881],[174.9854,-36.8882],[174.9857,-36.8884],[174.9856,-36.8888],[174.9857,-36.8888],[174.9857,-36.8889],[174.9856,-36.8889],[174.9856,-36.8893],[174.9869,-36.8907],[174.99,-36.89],[174.9895,-36.8881],[174.9876,-36.8878],[174.9847,-36.8876],[174.9847,-36.8877],[174.9846,-36.8877]],[[174.9866,-36.888],[174.9866,-36.8878],[174.9869,-36.8878],[174.9869,-36.888],[174.9866,-36.888]]]}},{"type":"Feature","properties":{},"geometry":{"type":"Polygon","coordinates":[[[174.9864,-36.8911],[174.9885,-36.8921],[174.9868,-36.8988],[174.9869,-36.899],[174.9891,-36.8913],[174.9864,-36.8911]]]}},{"type":"Feature","properties":{},"geometry":{"type":"Polygon","coordinates":[[[174.9875,-36.9003],[174.9895,-36.9041],[174.9899,-36.9042],[174.9902,-36.9042],[174.9902,-36.9043],[174.9911,-36.9045],[174.9912,-36.9032],[174.9911,-36.9056],[174.9951,-36.9075],[174.9932,-36.905],[174.9934,-36.904],[174.9891,-36.9019],[174.9875,-36.9003]],[[174.9902,-36.9037],[174.9903,-36.9031],[174.9905,-36.9038],[174.9902,-36.9037]],[[174.992,-36.9052],[174.9922,-36.9049],[174.9927,-36.9056],[174.992,-36.9052]]]}},{"type":"Feature","properties":{},"geometry":{"type":"Polygon","coordinates":[[[175.0143,-36.8809],[175.0151,-36.882],[175.0169,-36.8817],[175.0143,-36.8809]]]}},{"type":"Feature","properties":{},"geometry":{"type":"Polygon","coordinates":[[[175.0178,-36.8859],[175.0197,-36.8867],[175.0199,-36.8863],[175.0197,-36.8843],[175.0178,-36.8859]]]}},{"type":"Feature","properties":{},"geometry":{"type":"Polygon","coordinates":[[[174.9847,-36.8815],[174.9941,-36.8806],[174.9943,-36.8804],[174.9858,-36.8808],[174.9847,-36.8815]]]}},{"type":"Feature","properties":{},"geometry":{"type":"Polygon","coordinates":[[[175.0027,-36.8781],[175.0035,-36.8786],[175.0065,-36.8791],[175.0086,-36.8784],[175.0027,-36.8781]]]}},{"type":"Feature","properties":{},"geometry":{"type":"Polygon","coordinates":[[[175.0189,-36.8855],[175.0198,-36.8865],[175.0205,-36.885],[175.0202,-36.8839],[175.02,-36.8841],[175.0189,-36.8855]]]}},{"type":"Feature","properties":{},"geometry":{"type":"Polygon","coordinates":[[[175.0241,-36.878],[175.0246,-36.8782],[175.0332,-36.8771],[175.0336,-36.8768],[175.0241,-36.878]]]}},{"type":"Feature","properties":{},"geometry":{"type":"Polygon","coordinates":[[[175.0348,-36.8762],[175.0379,-36.8746],[175.0388,-36.8751],[175.038,-36.8743],[175.0348,-36.8762]]]}},{"type":"Feature","properties":{},"geometry":{"type":"Polygon","coordinates":[[[175.0423,-36.8799],[175.0437,-36.881],[175.0456,-36.8817],[175.0475,-36.8815],[175.0475,-36.8814],[175.0477,-36.8814],[175.0477,-36.8815],[175.0519,-36.881],[175.0517,-36.881],[175.0441,-36.8808],[175.0423,-36.8799]],[[175.0461,-36.8816],[175.0461,-36.8814],[175.0463,-36.8814],[175.0463,-36.8816],[175.0461,-36.8816]],[[175.0465,-36.8813],[175.0468,-36.8813],[175.0468,-36.8814],[175.0465,-36.8813]]]}},{"type":"Feature","properties":{},"geometry":{"type":"Polygon","coordinates":[[[175.0525,-36.8813],[175.0575,-36.8846],[175.0558,-36.8826],[175.0525,-36.8813]]]}},{"type":"Feature","properties":{},"geometry":{"type":"Polygon","coordinates":[[[175.0581,-36.8853],[175.0586,-36.8881],[175.0613,-36.8928],[175.0582,-36.8854],[175.0581,-36.8853]]]}},{"type":"Feature","properties":{},"geometry":{"type":"Polygon","coordinates":[[[175.0191,-36.8091],[175.0192,-36.8093],[175.0221,-36.8084],[175.0225,-36.8071],[175.0191,-36.8091]]]}},{"type":"Feature","properties":{},"geometry":{"type":"Polygon","coordinates":[[[175.0222,-36.7936],[175.0272,-36.7981],[175.0277,-36.7977],[175.0263,-36.7961],[175.0274,-36.7961],[175.0222,-36.7936]]]}},{"type":"Feature","properties":{},"geometry":{"type":"Polygon","coordinates":[[[175.0236,-36.8017],[175.0238,-36.8021],[175.0262,-36.8013],[175.0262,-36.8011],[175.0236,-36.8017]]]}},{"type":"Feature","properties":{},"geometry":{"type":"Polygon","coordinates":[[[175.0241,-36.8092],[175.0266,-36.8102],[175.0259,-36.8096],[175.0271,-36.8085],[175.0258,-36.8093],[175.0241,-36.8092]],[[175.0258,-36.8099],[175.0258,-36.8097],[175.026,-36.8099],[175.0258,-36.8099]]]}},{"type":"Feature","properties":{},"geometry":{"type":"Polygon","coordinates":[[[175.0241,-36.8029],[175.025,-36.8055],[175.0253,-36.8043],[175.0241,-36.8029]]]}},{"type":"Feature","properties":{},"geometry":{"type":"Polygon","coordinates":[[[175.027,-36.8055],[175.0278,-36.8079],[175.0279,-36.8079],[175.0276,-36.8052],[175.0285,-36.8051],[175.0279,-36.8048],[175.027,-36.8055]]]}},{"type":"Feature","properties":{},"geometry":{"type":"Polygon","coordinates":[[[175.0315,-36.8008],[175.0323,-36.804],[175.032,-36.801],[175.0374,-36.8011],[175.0344,-36.8003],[175.0315,-36.8008]]]}},{"type":"Feature","properties":{},"geometry":{"type":"Polygon","coordinates":[[[175.0366,-36.7987],[175.0388,-36.8001],[175.0388,-36.7995],[175.0366,-36.7986],[175.0366,-36.7987]]]}},{"type":"Feature","properties":{},"geometry":{"type":"Polygon","coordinates":[[[175.0375,-36.8012],[175.0382,-36.8038],[175.0386,-36.8029],[175.0378,-36.8013],[175.0375,-36.8012]]]}},{"type":"Feature","properties":{},"geometry":{"type":"Polygon","coordinates":[[[175.0227,-36.7799],[175.0238,-36.7814],[175.0253,-36.7809],[175.0275,-36.7817],[175.0296,-36.7797],[175.0292,-36.7789],[175.0294,-36.7796],[175.0274,-36.7816],[175.0227,-36.7799]]]}},{"type":"Feature","properties":{},"geometry":{"type":"Polygon","coordinates":[[[175.0284,-36.7765],[175.0285,-36.7768],[175.0294,-36.7771],[175.0304,-36.7757],[175.0284,-36.7765]]]}},{"type":"Feature","properties":{},"geometry":{"type":"Polygon","coordinates":[[[175.0389,-36.7789],[175.0391,-36.7795],[175.0424,-36.7802],[175.0456,-36.7798],[175.0457,-36.7794],[175.0456,-36.7796],[175.0392,-36.7795],[175.0389,-36.7789]]]}},{"type":"Feature","properties":{},"geometry":{"type":"Polygon","coordinates":[[[175.0465,-36.7782],[175.048,-36.7776],[175.047,-36.7772],[175.0471,-36.7773],[175.0465,-36.7782]]]}},{"type":"Feature","properties":{},"geometry":{"type":"Polygon","coordinates":[[[175.0509,-36.7747],[175.0542,-36.7755],[175.0557,-36.7749],[175.056,-36.7723],[175.0552,-36.7712],[175.0551,-36.7749],[175.0509,-36.7747]]]}},{"type":"Feature","properties":{},"geometry":{"type":"Polygon","coordinates":[[[175.0566,-36.771],[175.0571,-36.7714],[175.0589,-36.7716],[175.0597,-36.7706],[175.0598,-36.7706],[175.0598,-36.7705],[175.0606,-36.7694],[175.0605,-36.7669],[175.0597,-36.7664],[175.0604,-36.7693],[175.0588,-36.7714],[175.0566,-36.771]]]}},{"type":"Feature","properties":{},"geometry":{"type":"Polygon","coordinates":[[[175.0598,-36.7758],[175.0616,-36.7764],[175.0599,-36.7751],[175.0598,-36.7758]]]}},{"type":"Feature","properties":{},"geometry":{"type":"Polygon","coordinates":[[[175.0599,-36.775],[175.0622,-36.7725],[175.0603,-36.7731],[175.0599,-36.775]]]}},{"type":"Feature","properties":{},"geometry":{"type":"Polygon","coordinates":[[[175.0618,-36.7807],[175.0625,-36.7818],[175.0631,-36.7818],[175.0621,-36.7801],[175.0618,-36.7807]]]}},{"type":"Feature","properties":{},"geometry":{"type":"Polygon","coordinates":[[[175.0627,-36.7672],[175.063,-36.7711],[175.0631,-36.7678],[175.0627,-36.7672]]]}},{"type":"Feature","properties":{},"geometry":{"type":"Polygon","coordinates":[[[175.0632,-36.8979],[175.0634,-36.8997],[175.0643,-36.9009],[175.0632,-36.8979]]]}},{"type":"Feature","properties":{},"geometry":{"type":"Polygon","coordinates":[[[175.0642,-36.9018],[175.0719,-36.9049],[175.0646,-36.9014],[175.0651,-36.9019],[175.0642,-36.9018]]]}},{"type":"Feature","properties":{},"geometry":{"type":"Polygon","coordinates":[[[175.0702,-36.906],[175.075,-36.9067],[175.0755,-36.9048],[175.0733,-36.9055],[175.075,-36.9061],[175.0702,-36.906]]]}},{"type":"Feature","properties":{},"geometry":{"type":"Polygon","coordinates":[[[175.0741,-36.9194],[175.0755,-36.9218],[175.077,-36.9229],[175.0772,-36.924],[175.0772,-36.9233],[175.0779,-36.9237],[175.0781,-36.9236],[175.0782,-36.9236],[175.0807,-36.9223],[175.0783,-36.9222],[175.0769,-36.9201],[175.0771,-36.9148],[175.0801,-36.9114],[175.0839,-36.9104],[175.0816,-36.9105],[175.0808,-36.9098],[175.0794,-36.9104],[175.0789,-36.9124],[175.0774,-36.913],[175.0777,-36.913],[175.0777,-36.9131],[175.0774,-36.9131],[175.0774,-36.913],[175.0758,-36.9135],[175.0743,-36.9157],[175.0745,-36.9198],[175.0741,-36.9194]],[[175.0757,-36.9216],[175.0757,-36.9214],[175.0758,-36.9214],[175.0758,-36.9216],[175.0757,-36.9216]]]}},{"type":"Feature","properties":{},"geometry":{"type":"Polygon","coordinates":[[[175.0782,-36.9311],[175.0831,-36.9375],[175.0866,-36.9371],[175.085,-36.9352],[175.0849,-36.9352],[175.0849,-36.9351],[175.085,-36.9351],[175.0848,-36.9348],[175.0847,-36.9348],[175.0847,-36.9347],[175.0845,-36.9345],[175.0833,-36.933],[175.0847,-36.9324],[175.0833,-36.9282],[175.0804,-36.9289],[175.0801,-36.9312],[175.0782,-36.9311]],[[175.081,-36.9291],[175.0813,-36.9295],[175.0811,-36.9295],[175.081,-36.9291]],[[175.0813,-36.9297],[175.0813,-36.9296],[175.0815,-36.9296],[175.0815,-36.9297],[175.0813,-36.9297]],[[175.0815,-36.93],[175.0816,-36.9299],[175.0818,-36.9302],[175.0815,-36.93]],[[175.0818,-36.9304],[175.0818,-36.9303],[175.082,-36.9303],[175.082,-36.9304],[175.0818,-36.9304]],[[175.082,-36.9306],[175.0821,-36.9306],[175.0821,-36.9307],[175.082,-36.9306]],[[175.0821,-36.9308],[175.0823,-36.9308],[175.0823,-36.931],[175.0821,-36.9308]],[[175.0823,-36.9311],[175.0825,-36.9311],[175.0827,-36.9314],[175.0825,-36.9314],[175.0823,-36.9311]],[[175.0827,-36.9317],[175.0828,-36.9315],[175.083,-36.9318],[175.0827,-36.9317]],[[175.0835,-36.9322],[175.0837,-36.9321],[175.084,-36.9325],[175.0835,-36.9322]]]}},{"type":"Feature","properties":{},"geometry":{"type":"Polygon","coordinates":[[[175.0813,-36.9237],[175.0828,-36.9265],[175.0814,-36.9223],[175.0813,-36.9223],[175.0813,-36.9237]]]}},{"type":"Feature","properties":{},"geometry":{"type":"Polygon","coordinates":[[[175.0892,-36.9058],[175.0942,-36.9046],[175.0949,-36.9032],[175.0941,-36.9045],[175.0893,-36.9056],[175.0892,-36.9058]]]}},{"type":"Feature","properties":{},"geometry":{"type":"Polygon","coordinates":[[[175.09,-36.9017],[175.0903,-36.9018],[175.0983,-36.9005],[175.0988,-36.9002],[175.09,-36.9017]]]}},{"type":"Feature","properties":{},"geometry":{"type":"Polygon","coordinates":[[[175.0906,-36.9472],[175.0907,-36.9472],[175.0934,-36.9458],[175.0958,-36.9424],[175.0933,-36.9457],[175.0906,-36.9472]]]}},{"type":"Feature","properties":{},"geometry":{"type":"Polygon","coordinates":[[[175.0968,-36.9447],[175.0982,-36.9481],[175.099,-36.9463],[175.0974,-36.9435],[175.0968,-36.9447]]]}},{"type":"Feature","properties":{},"geometry":{"type":"Polygon","coordinates":[[[175.0982,-36.9483],[175.0984,-36.9486],[175.1021,-36.9493],[175.1083,-36.9483],[175.1081,-36.9478],[175.1077,-36.9478],[175.1077,-36.9479],[175.1074,-36.9479],[175.1076,-36.9477],[175.1008,-36.9468],[175.1006,-36.9468],[175.1002,-36.9467],[175.0982,-36.9483]],[[175.1008,-36.9486],[175.1008,-36.9484],[175.1009,-36.9484],[175.1008,-36.9486]],[[175.1009,-36.9482],[175.1009,-36.948],[175.1011,-36.948],[175.1011,-36.9482],[175.1009,-36.9482]],[[175.1013,-36.9469],[175.1014,-36.9469],[175.1014,-36.9471],[175.1013,-36.9469]],[[175.1016,-36.9472],[175.1016,-36.9471],[175.1019,-36.9471],[175.1019,-36.9472],[175.1016,-36.9472]],[[175.1025,-36.9473],[175.1025,-36.9472],[175.1026,-36.9472],[175.1026,-36.9473],[175.1025,-36.9473]],[[175.1042,-36.9476],[175.1042,-36.9475],[175.1045,-36.9476],[175.1042,-36.9476]],[[175.1052,-36.9476],[175.1055,-36.9475],[175.1054,-36.9477],[175.1052,-36.9476]]]}},{"type":"Feature","properties":{},"geometry":{"type":"Polygon","coordinates":[[[175.1082,-36.9478],[175.1088,-36.9484],[175.1089,-36.9484],[175.1089,-36.9486],[175.1093,-36.9486],[175.1093,-36.9484],[175.1102,-36.9484],[175.1095,-36.948],[175.1082,-36.9478]]]}},{"type":"Feature","properties":{},"geometry":{"type":"Polygon","coordinates":[[[175.1113,-36.9461],[175.1121,-36.9497],[175.1117,-36.9494],[175.112,-36.9498],[175.118,-36.9497],[175.1182,-36.9508],[175.1197,-36.9505],[175.119,-36.9502],[175.1188,-36.9503],[175.1185,-36.9502],[175.1189,-36.9501],[175.1182,-36.9498],[175.119,-36.9495],[175.1194,-36.9475],[175.1163,-36.9491],[175.1175,-36.9475],[175.1171,-36.9447],[175.1154,-36.9438],[175.1171,-36.9416],[175.1161,-36.9398],[175.1162,-36.9418],[175.1113,-36.9461]],[[175.112,-36.9456],[175.112,-36.9454],[175.1122,-36.9454],[175.1122,-36.9456],[175.112,-36.9456]],[[175.1136,-36.945],[175.1136,-36.9449],[175.1137,-36.9449],[175.1137,-36.945],[175.1136,-36.945]],[[175.1137,-36.9461],[175.1141,-36.9464],[175.1139,-36.9464],[175.1137,-36.9461]],[[175.1137,-36.9453],[175.1139,-36.9452],[175.1139,-36.9453],[175.1137,-36.9453]],[[175.1139,-36.9468],[175.1141,-36.9467],[175.1141,-36.9468],[175.1139,-36.9468]],[[175.1141,-36.9452],[175.1141,-36.945],[175.1142,-36.945],[175.1141,-36.9452]],[[175.1141,-36.9446],[175.1144,-36.9445],[175.1142,-36.9447],[175.1141,-36.9446]],[[175.1146,-36.9473],[175.1146,-36.9472],[175.1147,-36.9472],[175.1147,-36.9473],[175.1146,-36.9473]],[[175.1147,-36.9447],[175.1147,-36.9446],[175.1149,-36.9446],[175.1149,-36.9447],[175.1147,-36.9447]],[[175.1147,-36.9443],[175.1147,-36.9442],[175.1149,-36.9442],[175.1149,-36.9443],[175.1147,-36.9443]],[[175.1151,-36.9442],[175.1151,-36.9441],[175.1153,-36.9441],[175.1153,-36.9442],[175.1151,-36.9442]],[[175.1153,-36.9445],[175.1153,-36.9443],[175.1154,-36.9443],[175.1154,-36.9445],[175.1153,-36.9445]],[[175.1156,-36.9443],[175.1156,-36.9442],[175.1158,-36.9442],[175.1158,-36.9443],[175.1156,-36.9443]],[[175.1182,-36.9486],[175.1182,-36.9484],[175.1183,-36.9486],[175.1182,-36.9486]]]}},{"type":"Feature","properties":{},"geometry":{"type":"Polygon","coordinates":[[[175.1203,-36.9394],[175.1206,-36.94],[175.1226,-36.9404],[175.1313,-36.9396],[175.1314,-36.9395],[175.1315,-36.9396],[175.1315,-36.9394],[175.1349,-36.9367],[175.1347,-36.9358],[175.1345,-36.937],[175.133,-36.938],[175.1251,-36.94],[175.1203,-36.9394]],[[175.1209,-36.94],[175.1209,-36.9398],[175.1212,-36.9398],[175.1212,-36.94],[175.1209,-36.94]],[[175.1223,-36.9401],[175.1223,-36.94],[175.1231,-36.94],[175.1231,-36.9401],[175.1223,-36.9401]],[[175.127,-36.9398],[175.127,-36.9397],[175.1275,-36.9397],[175.1275,-36.9398],[175.127,-36.9398]],[[175.1281,-36.9397],[175.1281,-36.9396],[175.1282,-36.9396],[175.1282,-36.9397],[175.1281,-36.9397]],[[175.1287,-36.9394],[175.1291,-36.9394],[175.1289,-36.9396],[175.1287,-36.9394]],[[175.1294,-36.9394],[175.1294,-36.9393],[175.1296,-36.9393],[175.1296,-36.9394],[175.1294,-36.9394]],[[175.1299,-36.9393],[175.1299,-36.9392],[175.1301,-36.9392],[175.1301,-36.9393],[175.1299,-36.9393]],[[175.1305,-36.9392],[175.1305,-36.939],[175.1306,-36.939],[175.1306,-36.9392],[175.1305,-36.9392]]]}},{"type":"Feature","properties":{},"geometry":{"type":"Polygon","coordinates":[[[175.1436,-36.9381],[175.1442,-36.9385],[175.1436,-36.9361],[175.1436,-36.9381]]]}},{"type":"Feature","properties":{},"geometry":{"type":"Polygon","coordinates":[[[175.1496,-36.9424],[175.1497,-36.9457],[175.1501,-36.9461],[175.1497,-36.943],[175.1508,-36.9415],[175.1496,-36.9424]]]}},{"type":"Feature","properties":{},"geometry":{"type":"Polygon","coordinates":[[[175.1588,-36.951],[175.1588,-36.9512],[175.1617,-36.9509],[175.1642,-36.9497],[175.164,-36.9483],[175.1637,-36.9499],[175.1589,-36.951],[175.1588,-36.951]]]}},{"type":"Feature","properties":{},"geometry":{"type":"Polygon","coordinates":[[[175.1643,-36.9473],[175.1675,-36.9484],[175.1718,-36.9472],[175.1733,-36.9449],[175.1731,-36.9442],[175.1717,-36.9469],[175.1673,-36.9484],[175.1643,-36.9471],[175.1643,-36.9473]]]}},{"type":"Feature","properties":{},"geometry":{"type":"Polygon","coordinates":[[[175.1699,-36.9479],[175.1709,-36.9483],[175.1707,-36.9494],[175.17,-36.9494],[175.1709,-36.9505],[175.1719,-36.9473],[175.1699,-36.9479]]]}},{"type":"Feature","properties":{},"geometry":{"type":"Polygon","coordinates":[[[175.1737,-36.943],[175.1762,-36.9411],[175.1756,-36.9395],[175.1737,-36.943]]]}},{"type":"Feature","properties":{},"geometry":{"type":"Polygon","coordinates":[[[175.1764,-36.9379],[175.1823,-36.9381],[175.1827,-36.9377],[175.1764,-36.9379]]]}},{"type":"Feature","properties":{},"geometry":{"type":"Polygon","coordinates":[[[175.187,-36.9344],[175.1875,-36.9342],[175.1919,-36.9306],[175.1927,-36.9323],[175.192,-36.9304],[175.187,-36.9344]]]}},{"type":"Feature","properties":{},"geometry":{"type":"Polygon","coordinates":[[[175.2038,-36.9405],[175.2064,-36.9419],[175.2143,-36.9443],[175.2146,-36.9444],[175.2056,-36.9415],[175.204,-36.9406],[175.2039,-36.9403],[175.2038,-36.9405]]]}},{"type":"Feature","properties":{},"geometry":{"type":"Polygon","coordinates":[[[175.2186,-36.9446],[175.2187,-36.9446],[175.2213,-36.9486],[175.2228,-36.949],[175.2188,-36.9445],[175.2186,-36.9446]]]}},{"type":"Feature","properties":{},"geometry":{"type":"Polygon","coordinates":[[[175.2303,-36.9505],[175.2308,-36.951],[175.2305,-36.9528],[175.2335,-36.9561],[175.2338,-36.9561],[175.2307,-36.9528],[175.2316,-36.951],[175.2315,-36.9512],[175.231,-36.9512],[175.2317,-36.9508],[175.2318,-36.9508],[175.2303,-36.9505]]]}},{"type":"Feature","properties":{},"geometry":{"type":"Polygon","coordinates":[[[175.2357,-36.9564],[175.2453,-36.9576],[175.2467,-36.9584],[175.2455,-36.9592],[175.2472,-36.9591],[175.2477,-36.9577],[175.2492,-36.9581],[175.2492,-36.9578],[175.2357,-36.9564]]]}},{"type":"Feature","properties":{},"geometry":{"type":"Polygon","coordinates":[[[175.2487,-36.9607],[175.2494,-36.9617],[175.2491,-36.9641],[175.2501,-36.9651],[175.2493,-36.9586],[175.2487,-36.9607]]]}},{"type":"Feature","properties":{},"geometry":{"type":"Polygon","coordinates":[[[175.2593,-36.9751],[175.2595,-36.9764],[175.2602,-36.9761],[175.2605,-36.9761],[175.2605,-36.9759],[175.2607,-36.9758],[175.2625,-36.9773],[175.2606,-36.9757],[175.2593,-36.9751]]]}},{"type":"Feature","properties":{},"geometry":{"type":"Polygon","coordinates":[[[175.2697,-36.9833],[175.2706,-36.984],[175.2792,-36.9869],[175.2697,-36.9833]]]}},{"type":"Feature","properties":{},"geometry":{"type":"Polygon","coordinates":[[[175.282,-37.0004],[175.2836,-37.0011],[175.2834,-37.0001],[175.2846,-36.9983],[175.282,-37.0004]]]}},{"type":"Feature","properties":{},"geometry":{"type":"Polygon","coordinates":[[[175.2825,-36.9949],[175.2839,-36.9959],[175.2847,-36.9979],[175.2856,-36.9968],[175.285,-36.9985],[175.2858,-36.9966],[175.2854,-36.9966],[175.2854,-36.9964],[175.2859,-36.9964],[175.2861,-36.996],[175.2859,-36.9937],[175.2866,-36.9948],[175.2867,-36.9946],[175.2838,-36.9912],[175.2833,-36.9885],[175.2829,-36.9883],[175.2829,-36.9885],[175.2829,-36.9887],[175.283,-36.9887],[175.2837,-36.9915],[175.2853,-36.993],[175.2839,-36.9921],[175.2825,-36.9949]],[[175.2851,-36.9967],[175.2851,-36.9964],[175.2853,-36.9964],[175.2853,-36.9967],[175.2851,-36.9967]]]}},{"type":"Feature","properties":{},"geometry":{"type":"Polygon","coordinates":[[[175.2839,-37.0015],[175.2858,-37.0045],[175.2905,-37.0093],[175.2907,-37.009],[175.284,-37.0013],[175.2839,-37.0015]]]}},{"type":"Feature","properties":{},"geometry":{"type":"Polygon","coordinates":[[[175.2887,-37.0154],[175.29,-37.0215],[175.2908,-37.0225],[175.2887,-37.0154]]]}},{"type":"Feature","properties":{},"geometry":{"type":"Polygon","coordinates":[[[175.2887,-37.0114],[175.289,-37.0128],[175.2904,-37.0095],[175.2887,-37.0114]]]}},{"type":"Feature","properties":{},"geometry":{"type":"Polygon","coordinates":[[[175.0346,-36.8135],[175.0359,-36.8134],[175.0378,-36.8119],[175.0394,-36.8121],[175.0376,-36.8118],[175.0346,-36.8135]]]}},{"type":"Feature","properties":{},"geometry":{"type":"Polygon","coordinates":[[[175.045,-36.8097],[175.0466,-36.8096],[175.0454,-36.8092],[175.0451,-36.8074],[175.045,-36.8097]]]}},{"type":"Feature","properties":{},"geometry":{"type":"Polygon","coordinates":[[[175.0466,-36.8195],[175.0486,-36.8203],[175.0541,-36.818],[175.054,-36.8179],[175.0487,-36.8201],[175.0466,-36.8195]]]}},{"type":"Feature","properties":{},"geometry":{"type":"Polygon","coordinates":[[[175.049,-36.8059],[175.0545,-36.8067],[175.0588,-36.806],[175.049,-36.8059]]]}},{"type":"Feature","properties":{},"geometry":{"type":"Polygon","coordinates":[[[175.0542,-36.818],[175.0567,-36.8211],[175.0562,-36.819],[175.0542,-36.818]]]}},{"type":"Feature","properties":{},"geometry":{"type":"Polygon","coordinates":[[[175.0605,-36.8298],[175.0626,-36.8316],[175.0618,-36.8302],[175.0605,-36.8298]]]}},{"type":"Feature","properties":{},"geometry":{"type":"Polygon","coordinates":[[[175.0621,-36.8299],[175.0627,-36.8304],[175.0646,-36.8305],[175.0661,-36.829],[175.0666,-36.827],[175.0665,-36.827],[175.064,-36.8304],[175.0621,-36.8299]]]}},{"type":"Feature","properties":{},"geometry":{"type":"Polygon","coordinates":[[[175.066,-36.8179],[175.0675,-36.8179],[175.0713,-36.8224],[175.0715,-36.8261],[175.0699,-36.8284],[175.0676,-36.8274],[175.0707,-36.8294],[175.0733,-36.8283],[175.0729,-36.8273],[175.0707,-36.8279],[175.0724,-36.8248],[175.0722,-36.8215],[175.0711,-36.8204],[175.0712,-36.8204],[175.0712,-36.8201],[175.0711,-36.8201],[175.0711,-36.8203],[175.0709,-36.8201],[175.0708,-36.8201],[175.0707,-36.82],[175.0707,-36.8197],[175.0705,-36.8197],[175.0705,-36.8198],[175.0704,-36.8197],[175.0705,-36.8196],[175.0704,-36.8196],[175.0692,-36.8185],[175.0666,-36.8172],[175.066,-36.8179]],[[175.0714,-36.8217],[175.0716,-36.8217],[175.0716,-36.8219],[175.0714,-36.8217]],[[175.0716,-36.8222],[175.0717,-36.8222],[175.0717,-36.8223],[175.0716,-36.8222]],[[175.0717,-36.8227],[175.0721,-36.8224],[175.0719,-36.8227],[175.0717,-36.8227]],[[175.0717,-36.822],[175.0717,-36.8219],[175.0719,-36.8219],[175.0719,-36.822],[175.0717,-36.822]],[[175.0719,-36.8232],[175.0719,-36.8231],[175.0721,-36.8231],[175.0721,-36.8232],[175.0719,-36.8232]],[[175.0721,-36.8242],[175.0721,-36.8239],[175.0722,-36.8239],[175.0722,-36.8242],[175.0721,-36.8242]]]}},{"type":"Feature","properties":{},"geometry":{"type":"Polygon","coordinates":[[[175.0713,-36.8364],[175.0713,-36.8366],[175.0745,-36.8356],[175.0743,-36.8354],[175.0713,-36.8364]]]}},{"type":"Feature","properties":{},"geometry":{"type":"Polygon","coordinates":[[[175.0772,-36.8367],[175.0805,-36.8338],[175.0848,-36.8351],[175.0868,-36.8384],[175.0928,-36.8369],[175.0926,-36.8366],[175.0869,-36.8383],[175.0856,-36.8353],[175.0804,-36.8336],[175.0784,-36.8344],[175.0772,-36.8367]]]}},{"type":"Feature","properties":{},"geometry":{"type":"Polygon","coordinates":[[[175.0953,-36.8321],[175.0965,-36.8331],[175.0966,-36.833],[175.0956,-36.8312],[175.0955,-36.8313],[175.0953,-36.8321]]]}},{"type":"Feature","properties":{},"geometry":{"type":"Polygon","coordinates":[[[175.0972,-36.7858],[175.0984,-36.7863],[175.1006,-36.7853],[175.0972,-36.7857],[175.0972,-36.7858]]]}},{"type":"Feature","properties":{},"geometry":{"type":"Polygon","coordinates":[[[175.0982,-36.8275],[175.0988,-36.8268],[175.1005,-36.8272],[175.0997,-36.8263],[175.0984,-36.8261],[175.0982,-36.8275]]]}},{"type":"Feature","properties":{},"geometry":{"type":"Polygon","coordinates":[[[175.1024,-36.7846],[175.1033,-36.7847],[175.1069,-36.7818],[175.1067,-36.7781],[175.1069,-36.778],[175.1067,-36.7782],[175.1066,-36.7819],[175.1024,-36.7846]]]}},{"type":"Feature","properties":{},"geometry":{"type":"Polygon","coordinates":[[[175.1025,-36.8267],[175.1044,-36.8242],[175.1046,-36.8227],[175.1025,-36.8267]]]}},{"type":"Feature","properties":{},"geometry":{"type":"Polygon","coordinates":[[[175.1056,-36.7744],[175.1075,-36.7752],[175.108,-36.777],[175.1083,-36.7768],[175.1084,-36.7754],[175.1059,-36.7742],[175.1062,-36.7721],[175.1061,-36.772],[175.1056,-36.7744]]]}},{"type":"Feature","properties":{},"geometry":{"type":"Polygon","coordinates":[[[175.1065,-36.8163],[175.1067,-36.8164],[175.1089,-36.8154],[175.1074,-36.8203],[175.1095,-36.8159],[175.1088,-36.8152],[175.1065,-36.8163]]]}},{"type":"Feature","properties":{},"geometry":{"type":"Polygon","coordinates":[[[175.1099,-36.8286],[175.112,-36.8297],[175.1136,-36.8322],[175.1112,-36.8326],[175.1114,-36.8328],[175.1139,-36.8324],[175.1139,-36.8317],[175.1124,-36.8294],[175.1099,-36.8286]],[[175.1124,-36.8298],[175.1124,-36.8297],[175.1125,-36.8297],[175.1125,-36.8298],[175.1124,-36.8298]]]}},{"type":"Feature","properties":{},"geometry":{"type":"Polygon","coordinates":[[[175.1112,-36.845],[175.1124,-36.8465],[175.1125,-36.8459],[175.1115,-36.8447],[175.1112,-36.845]]]}},{"type":"Feature","properties":{},"geometry":{"type":"Polygon","coordinates":[[[175.1121,-36.8373],[175.1123,-36.8376],[175.1141,-36.8351],[175.1127,-36.834],[175.1139,-36.8352],[175.1121,-36.8373]]]}},{"type":"Feature","properties":{},"geometry":{"type":"Polygon","coordinates":[[[175.1126,-36.8382],[175.1141,-36.8411],[175.1144,-36.8409],[175.113,-36.8384],[175.1126,-36.8382]]]}},{"type":"Feature","properties":{},"geometry":{"type":"Polygon","coordinates":[[[175.1144,-36.8471],[175.1173,-36.8466],[175.1151,-36.8462],[175.1144,-36.8471]]]}},{"type":"Feature","properties":{},"geometry":{"type":"Polygon","coordinates":[[[175.1175,-36.8465],[175.1199,-36.8461],[175.1195,-36.8457],[175.118,-36.8455],[175.1175,-36.8465]]]}},{"type":"Feature","properties":{},"geometry":{"type":"Polygon","coordinates":[[[175.12,-36.763],[175.121,-36.7634],[175.121,-36.7628],[175.1202,-36.7624],[175.12,-36.763]]]}},{"type":"Feature","properties":{},"geometry":{"type":"Polygon","coordinates":[[[175.1207,-36.765],[175.1233,-36.7654],[175.1229,-36.769],[175.1264,-36.7678],[175.1264,-36.7683],[175.1278,-36.7684],[175.1263,-36.7677],[175.1237,-36.7683],[175.1233,-36.7652],[175.1209,-36.7646],[175.1209,-36.7642],[175.1207,-36.765]],[[175.1233,-36.7682],[175.1233,-36.768],[175.1235,-36.768],[175.1235,-36.7682],[175.1233,-36.7682]],[[175.1267,-36.7683],[175.1267,-36.7682],[175.1269,-36.7682],[175.1269,-36.7683],[175.1267,-36.7683]]]}},{"type":"Feature","properties":{},"geometry":{"type":"Polygon","coordinates":[[[175.1223,-36.8403],[175.1261,-36.844],[175.1225,-36.8393],[175.1223,-36.8403]]]}},{"type":"Feature","properties":{},"geometry":{"type":"Polygon","coordinates":[[[175.1225,-36.839],[175.1267,-36.8328],[175.1229,-36.8369],[175.1225,-36.839]]]}},{"type":"Feature","properties":{},"geometry":{"type":"Polygon","coordinates":[[[175.1229,-36.8456],[175.127,-36.8479],[175.127,-36.8478],[175.1241,-36.8458],[175.1229,-36.8456]]]}},{"type":"Feature","properties":{},"geometry":{"type":"Polygon","coordinates":[[[175.1276,-36.8315],[175.1292,-36.8291],[175.1291,-36.8291],[175.1291,-36.829],[175.1293,-36.829],[175.1293,-36.8291],[175.1296,-36.8285],[175.1284,-36.8288],[175.1289,-36.829],[175.1276,-36.8315]]]}},{"type":"Feature","properties":{},"geometry":{"type":"Polygon","coordinates":[[[175.1279,-36.8246],[175.1289,-36.8248],[175.1291,-36.8275],[175.1298,-36.8283],[175.13,-36.828],[175.1287,-36.8236],[175.1295,-36.8228],[175.1294,-36.8228],[175.1294,-36.8227],[175.1296,-36.8227],[175.1296,-36.8228],[175.13,-36.8225],[175.1304,-36.8232],[175.1298,-36.8216],[175.1289,-36.822],[175.1286,-36.8243],[175.1279,-36.8246]],[[175.1289,-36.8226],[175.1293,-36.8223],[175.1293,-36.8227],[175.1289,-36.8226]]]}},{"type":"Feature","properties":{},"geometry":{"type":"Polygon","coordinates":[[[175.1301,-36.7675],[175.1323,-36.7682],[175.1325,-36.7676],[175.1301,-36.7675]]]}},{"type":"Feature","properties":{},"geometry":{"type":"Polygon","coordinates":[[[175.1307,-36.8356],[175.1307,-36.8358],[175.132,-36.8342],[175.132,-36.8335],[175.1307,-36.8356]]]}},{"type":"Feature","properties":{},"geometry":{"type":"Polygon","coordinates":[[[175.1331,-36.8323],[175.1383,-36.8301],[175.1373,-36.8261],[175.1365,-36.8256],[175.1361,-36.8257],[175.138,-36.8301],[175.1331,-36.8323]]]}},{"type":"Feature","properties":{},"geometry":{"type":"Polygon","coordinates":[[[175.1345,-36.8355],[175.1388,-36.836],[175.1393,-36.8372],[175.1392,-36.8368],[175.14,-36.8366],[175.1385,-36.8357],[175.1347,-36.8354],[175.1345,-36.8355]]]}},{"type":"Feature","properties":{},"geometry":{"type":"Polygon","coordinates":[[[175.1364,-36.7661],[175.1369,-36.7667],[175.1374,-36.7657],[175.1368,-36.7649],[175.1378,-36.7649],[175.1371,-36.7637],[175.1368,-36.7636],[175.1364,-36.7661]]]}},{"type":"Feature","properties":{},"geometry":{"type":"Polygon","coordinates":[[[175.1367,-36.8451],[175.1382,-36.8477],[175.1383,-36.8467],[175.1368,-36.8451],[175.1376,-36.8439],[175.1374,-36.8437],[175.1367,-36.8451]]]}},{"type":"Feature","properties":{},"geometry":{"type":"Polygon","coordinates":[[[175.1384,-36.8405],[175.139,-36.8405],[175.139,-36.841],[175.14,-36.8398],[175.1399,-36.8395],[175.1384,-36.8405]]]}},{"type":"Feature","properties":{},"geometry":{"type":"Polygon","coordinates":[[[175.1433,-36.8466],[175.1441,-36.8482],[175.1441,-36.8469],[175.1433,-36.8466]]]}},{"type":"Feature","properties":{},"geometry":{"type":"Polygon","coordinates":[[[175.1441,-36.8482],[175.1441,-36.8483],[175.1481,-36.8445],[175.147,-36.8446],[175.1441,-36.8482]]]}},{"type":"Feature","properties":{},"geometry":{"type":"Polygon","coordinates":[[[175.1441,-36.7649],[175.1444,-36.765],[175.1465,-36.765],[175.1501,-36.763],[175.1492,-36.7609],[175.1491,-36.7609],[175.1496,-36.7631],[175.1467,-36.7648],[175.1441,-36.7649]]]}},{"type":"Feature","properties":{},"geometry":{"type":"Polygon","coordinates":[[[175.147,-36.8364],[175.1476,-36.8373],[175.1475,-36.8373],[175.1475,-36.8375],[175.1476,-36.8374],[175.1477,-36.8375],[175.148,-36.8375],[175.1473,-36.8358],[175.147,-36.8364]]]}},{"type":"Feature","properties":{},"geometry":{"type":"Polygon","coordinates":[[[175.1479,-36.8326],[175.1488,-36.8319],[175.1517,-36.834],[175.1501,-36.8319],[175.1479,-36.8317],[175.1479,-36.8326]]]}},{"type":"Feature","properties":{},"geometry":{"type":"Polygon","coordinates":[[[175.1481,-36.8376],[175.1499,-36.8381],[175.1513,-36.8374],[175.1512,-36.8372],[175.1481,-36.8376]]]}},{"type":"Feature","properties":{},"geometry":{"type":"Polygon","coordinates":[[[175.1483,-36.8426],[175.1524,-36.8423],[175.1525,-36.8421],[175.1494,-36.8417],[175.1484,-36.8422],[175.1483,-36.8426]]]}},{"type":"Feature","properties":{},"geometry":{"type":"Polygon","coordinates":[[[175.1491,-36.7571],[175.1501,-36.7564],[175.1497,-36.7555],[175.1491,-36.7571]]]}},{"type":"Feature","properties":{},"geometry":{"type":"Polygon","coordinates":[[[175.1503,-36.7539],[175.1509,-36.754],[175.1523,-36.7501],[175.1543,-36.7501],[175.1543,-36.7498],[175.1545,-36.7498],[175.1545,-36.7497],[175.1543,-36.7497],[175.1543,-36.7494],[175.1564,-36.7494],[175.1581,-36.7482],[175.1601,-36.7459],[175.1601,-36.7454],[175.1594,-36.7463],[175.1593,-36.7464],[175.1579,-36.7481],[175.1517,-36.7501],[175.1503,-36.7539]]]}},{"type":"Feature","properties":{},"geometry":{"type":"Polygon","coordinates":[[[175.1532,-36.8623],[175.1596,-36.8634],[175.1617,-36.8658],[175.1617,-36.8648],[175.1598,-36.8634],[175.1532,-36.8622],[175.1532,-36.8623]]]}},{"type":"Feature","properties":{},"geometry":{"type":"Polygon","coordinates":[[[175.1535,-36.7874],[175.154,-36.7859],[175.1554,-36.7851],[175.1545,-36.7891],[175.1549,-36.7897],[175.1559,-36.7847],[175.1562,-36.7847],[175.1559,-36.7846],[175.1557,-36.7845],[175.155,-36.7843],[175.155,-36.7836],[175.1535,-36.7844],[175.1535,-36.7874]],[[175.1537,-36.7847],[175.1554,-36.7847],[175.1542,-36.7853],[175.1543,-36.7854],[175.1542,-36.7854],[175.1542,-36.7853],[175.1537,-36.7856],[175.1537,-36.7847]]]}},{"type":"Feature","properties":{},"geometry":{"type":"Polygon","coordinates":[[[175.1549,-36.8321],[175.1564,-36.8327],[175.1566,-36.8327],[175.1566,-36.8328],[175.1567,-36.8329],[175.1572,-36.8319],[175.1552,-36.8319],[175.1549,-36.8321]],[[175.1564,-36.8325],[175.1564,-36.8323],[175.1566,-36.8323],[175.1566,-36.8325],[175.1564,-36.8325]]]}},{"type":"Feature","properties":{},"geometry":{"type":"Polygon","coordinates":[[[175.1566,-36.9188],[175.1571,-36.9187],[175.1572,-36.9142],[175.1585,-36.9118],[175.1638,-36.9112],[175.1645,-36.9109],[175.1618,-36.9113],[175.1595,-36.9106],[175.1586,-36.9112],[175.1569,-36.9138],[175.1566,-36.9188]]]}},{"type":"Feature","properties":{},"geometry":{"type":"Polygon","coordinates":[[[175.157,-36.7847],[175.1573,-36.7847],[175.1595,-36.7834],[175.1593,-36.7832],[175.157,-36.7847]]]}},{"type":"Feature","properties":{},"geometry":{"type":"Polygon","coordinates":[[[175.1571,-36.7954],[175.1584,-36.7999],[175.1586,-36.8],[175.1573,-36.7949],[175.1571,-36.7954]]]}},{"type":"Feature","properties":{},"geometry":{"type":"Polygon","coordinates":[[[175.1574,-36.9234],[175.1583,-36.9249],[175.1587,-36.9246],[175.1577,-36.9232],[175.1574,-36.9234]]]}},{"type":"Feature","properties":{},"geometry":{"type":"Polygon","coordinates":[[[175.1576,-36.7944],[175.1598,-36.7928],[175.1595,-36.7916],[175.1596,-36.7926],[175.1583,-36.793],[175.1576,-36.7944]]]}},{"type":"Feature","properties":{},"geometry":{"type":"Polygon","coordinates":[[[175.1588,-36.8616],[175.1627,-36.8623],[175.1642,-36.8607],[175.1656,-36.8573],[175.1655,-36.8572],[175.1629,-36.8621],[175.1588,-36.8616]]]}},{"type":"Feature","properties":{},"geometry":{"type":"Polygon","coordinates":[[[175.1593,-36.831],[175.1606,-36.8318],[175.1594,-36.83],[175.1625,-36.8291],[175.162,-36.829],[175.1593,-36.8301],[175.1593,-36.831]]]}},{"type":"Feature","properties":{},"geometry":{"type":"Polygon","coordinates":[[[175.1597,-36.8685],[175.1658,-36.8709],[175.1657,-36.8725],[175.1661,-36.8723],[175.1661,-36.8711],[175.1644,-36.8697],[175.1597,-36.8685]]]}},{"type":"Feature","properties":{},"geometry":{"type":"Polygon","coordinates":[[[175.1602,-36.8679],[175.1617,-36.8672],[175.1617,-36.8661],[175.1602,-36.8679]]]}},{"type":"Feature","properties":{},"geometry":{"type":"Polygon","coordinates":[[[175.1622,-36.8287],[175.1628,-36.829],[175.1629,-36.829],[175.1622,-36.8284],[175.1638,-36.8271],[175.1637,-36.827],[175.1622,-36.8276],[175.1622,-36.8287]]]}},{"type":"Feature","properties":{},"geometry":{"type":"Polygon","coordinates":[[[175.1625,-36.8137],[175.1626,-36.8138],[175.1645,-36.813],[175.1643,-36.8092],[175.166,-36.8086],[175.167,-36.8054],[175.1669,-36.8054],[175.166,-36.8086],[175.1642,-36.8092],[175.1644,-36.813],[175.1627,-36.813],[175.1625,-36.8137]]]}},{"type":"Feature","properties":{},"geometry":{"type":"Polygon","coordinates":[[[175.1628,-36.7832],[175.1661,-36.7781],[175.1684,-36.778],[175.1663,-36.7777],[175.1651,-36.7791],[175.1651,-36.779],[175.1649,-36.779],[175.1649,-36.7791],[175.1651,-36.7791],[175.1632,-36.7812],[175.1628,-36.7832]]]}},{"type":"Feature","properties":{},"geometry":{"type":"Polygon","coordinates":[[[175.1631,-36.8183],[175.1634,-36.8215],[175.1639,-36.8219],[175.1631,-36.8188],[175.1654,-36.8173],[175.1631,-36.8183]]]}},{"type":"Feature","properties":{},"geometry":{"type":"Polygon","coordinates":[[[175.1646,-36.9109],[175.1691,-36.9089],[175.1653,-36.91],[175.1646,-36.9109]]]}},{"type":"Feature","properties":{},"geometry":{"type":"Polygon","coordinates":[[[175.1653,-36.8769],[175.166,-36.8758],[175.1661,-36.8734],[175.1656,-36.8728],[175.1653,-36.8769]]]}},{"type":"Feature","properties":{},"geometry":{"type":"Polygon","coordinates":[[[175.1654,-36.8768],[175.1678,-36.8756],[175.1716,-36.8797],[175.1718,-36.8807],[175.1719,-36.8803],[175.1712,-36.8787],[175.1699,-36.8766],[175.1677,-36.8753],[175.1654,-36.8768]]]}},{"type":"Feature","properties":{},"geometry":{"type":"Polygon","coordinates":[[[175.1656,-36.8573],[175.1658,-36.8586],[175.1668,-36.8589],[175.1656,-36.8573]]]}},{"type":"Feature","properties":{},"geometry":{"type":"Polygon","coordinates":[[[175.168,-36.7494],[175.1695,-36.7501],[175.1695,-36.7493],[175.1721,-36.7509],[175.1733,-36.7507],[175.1776,-36.753],[175.1796,-36.753],[175.1699,-36.7492],[175.1689,-36.7461],[175.1704,-36.7427],[175.1721,-36.7422],[175.1704,-36.7423],[175.1695,-36.7431],[175.1682,-36.746],[175.1689,-36.7475],[175.168,-36.7494]],[[175.1687,-36.7483],[175.1687,-36.7482],[175.1689,-36.7483],[175.1687,-36.7483]]]}},{"type":"Feature","properties":{},"geometry":{"type":"Polygon","coordinates":[[[175.169,-36.7779],[175.1709,-36.7778],[175.1699,-36.7773],[175.169,-36.7779]]]}},{"type":"Feature","properties":{},"geometry":{"type":"Polygon","coordinates":[[[175.1716,-36.7775],[175.1716,-36.7776],[175.1737,-36.7764],[175.1752,-36.7767],[175.1733,-36.7761],[175.1716,-36.7775]]]}},{"type":"Feature","properties":{},"geometry":{"type":"Polygon","coordinates":[[[175.1719,-36.7388],[175.1728,-36.7393],[175.1745,-36.7386],[175.1746,-36.7415],[175.1753,-36.7413],[175.1752,-36.7384],[175.1726,-36.7387],[175.1719,-36.7388]]]}},{"type":"Feature","properties":{},"geometry":{"type":"Polygon","coordinates":[[[175.172,-36.8389],[175.1721,-36.8391],[175.1729,-36.838],[175.173,-36.8369],[175.172,-36.8389]]]}},{"type":"Feature","properties":{},"geometry":{"type":"Polygon","coordinates":[[[175.1723,-36.8832],[175.1729,-36.8853],[175.1731,-36.8847],[175.1726,-36.8832],[175.1723,-36.8832]]]}},{"type":"Feature","properties":{},"geometry":{"type":"Polygon","coordinates":[[[175.1723,-36.8396],[175.1725,-36.8403],[175.1754,-36.8391],[175.1765,-36.8403],[175.1757,-36.839],[175.1723,-36.8396]]]}},{"type":"Feature","properties":{},"geometry":{"type":"Polygon","coordinates":[[[175.1738,-36.8437],[175.1759,-36.8432],[175.1764,-36.842],[175.1779,-36.8424],[175.1771,-36.8412],[175.1738,-36.8437]]]}},{"type":"Feature","properties":{},"geometry":{"type":"Polygon","coordinates":[[[175.1741,-36.8912],[175.176,-36.8949],[175.1763,-36.8946],[175.1762,-36.8947],[175.1743,-36.8909],[175.1741,-36.8912]]]}},{"type":"Feature","properties":{},"geometry":{"type":"Polygon","coordinates":[[[175.1745,-36.8613],[175.1759,-36.8618],[175.1781,-36.8604],[175.1788,-36.8594],[175.1777,-36.8589],[175.1773,-36.8609],[175.1755,-36.8616],[175.1745,-36.8613]]]}},{"type":"Feature","properties":{},"geometry":{"type":"Polygon","coordinates":[[[175.1746,-36.8494],[175.1785,-36.8505],[175.1781,-36.8545],[175.1779,-36.8546],[175.1782,-36.8545],[175.1789,-36.8518],[175.1799,-36.8518],[175.1788,-36.8515],[175.1791,-36.8502],[175.1747,-36.8493],[175.1746,-36.8494]]]}},{"type":"Feature","properties":{},"geometry":{"type":"Polygon","coordinates":[[[175.1771,-36.7749],[175.1789,-36.7737],[175.1835,-36.7751],[175.1885,-36.7748],[175.1912,-36.7773],[175.1885,-36.7739],[175.1835,-36.7746],[175.1801,-36.7731],[175.1774,-36.7743],[175.1771,-36.7749]]]}},{"type":"Feature","properties":{},"geometry":{"type":"Polygon","coordinates":[[[175.1789,-36.896],[175.179,-36.8961],[175.181,-36.8959],[175.1801,-36.8954],[175.1789,-36.896]]]}},{"type":"Feature","properties":{},"geometry":{"type":"Polygon","coordinates":[[[175.1809,-36.7535],[175.1811,-36.754],[175.1822,-36.7538],[175.1824,-36.7531],[175.1812,-36.7536],[175.1809,-36.7535]]]}},{"type":"Feature","properties":{},"geometry":{"type":"Polygon","coordinates":[[[175.1827,-36.8364],[175.1835,-36.8358],[175.183,-36.8349],[175.1827,-36.8364]]]}},{"type":"Feature","properties":{},"geometry":{"type":"Polygon","coordinates":[[[175.1833,-36.7528],[175.1893,-36.7544],[175.1897,-36.7541],[175.1838,-36.7526],[175.1833,-36.7528]],[[175.184,-36.7529],[175.184,-36.7527],[175.1842,-36.7527],[175.1842,-36.7529],[175.184,-36.7529]]]}},{"type":"Feature","properties":{},"geometry":{"type":"Polygon","coordinates":[[[175.1836,-36.8956],[175.187,-36.8952],[175.1895,-36.8978],[175.1889,-36.8983],[175.1895,-36.8979],[175.1885,-36.8947],[175.1864,-36.8945],[175.1861,-36.8943],[175.1851,-36.8943],[175.1859,-36.8945],[175.1847,-36.8944],[175.1859,-36.8921],[175.1883,-36.8914],[175.189,-36.8903],[175.1849,-36.8919],[175.1842,-36.8952],[175.1836,-36.8956]],[[175.1876,-36.8952],[175.1876,-36.8951],[175.188,-36.8952],[175.188,-36.8954],[175.1876,-36.8952]]]}},{"type":"Feature","properties":{},"geometry":{"type":"Polygon","coordinates":[[[175.1875,-36.8375],[175.1893,-36.8385],[175.1902,-36.8385],[175.1875,-36.8372],[175.1875,-36.8375]]]}},{"type":"Feature","properties":{},"geometry":{"type":"Polygon","coordinates":[[[175.1908,-36.7948],[175.1931,-36.7975],[175.1926,-36.7956],[175.1908,-36.7948]]]}},{"type":"Feature","properties":{},"geometry":{"type":"Polygon","coordinates":[[[175.1912,-36.7773],[175.1932,-36.7791],[175.1954,-36.7777],[175.1949,-36.776],[175.1973,-36.7751],[175.2034,-36.7659],[175.2027,-36.7648],[175.1968,-36.7742],[175.1945,-36.775],[175.1948,-36.7766],[175.1938,-36.7781],[175.1912,-36.7773]]]}},{"type":"Feature","properties":{},"geometry":{"type":"Polygon","coordinates":[[[175.1916,-36.8185],[175.1935,-36.8176],[175.1931,-36.8174],[175.1921,-36.8178],[175.1916,-36.8185]]]}},{"type":"Feature","properties":{},"geometry":{"type":"Polygon","coordinates":[[[175.1916,-36.7925],[175.1919,-36.7937],[175.1984,-36.7967],[175.1968,-36.7996],[175.1969,-36.7996],[175.1995,-36.797],[175.1989,-36.7963],[175.1916,-36.7925]]]}},{"type":"Feature","properties":{},"geometry":{"type":"Polygon","coordinates":[[[175.193,-36.8399],[175.1953,-36.8409],[175.1953,-36.8392],[175.1942,-36.8379],[175.1948,-36.8397],[175.193,-36.8399]]]}},{"type":"Feature","properties":{},"geometry":{"type":"Polygon","coordinates":[[[175.1931,-36.8343],[175.1933,-36.835],[175.1933,-36.8343],[175.1975,-36.8357],[175.2028,-36.8349],[175.2034,-36.8343],[175.2024,-36.8349],[175.1971,-36.8355],[175.1931,-36.8343]]]}},{"type":"Feature","properties":{},"geometry":{"type":"Polygon","coordinates":[[[175.1932,-36.8112],[175.1953,-36.8115],[175.1972,-36.8108],[175.1973,-36.8106],[175.1932,-36.8112]]]}},{"type":"Feature","properties":{},"geometry":{"type":"Polygon","coordinates":[[[175.1936,-36.752],[175.1939,-36.7529],[175.1955,-36.7529],[175.1962,-36.7542],[175.1965,-36.7555],[175.1963,-36.7535],[175.1962,-36.7535],[175.1962,-36.7533],[175.1963,-36.7534],[175.1963,-36.7529],[175.1938,-36.7519],[175.1936,-36.752]]]}},{"type":"Feature","properties":{},"geometry":{"type":"Polygon","coordinates":[[[175.1945,-36.8172],[175.1957,-36.8166],[175.1978,-36.8173],[175.1972,-36.8161],[175.1951,-36.8163],[175.1945,-36.8172]]]}},{"type":"Feature","properties":{},"geometry":{"type":"Polygon","coordinates":[[[175.1948,-36.864],[175.1955,-36.8653],[175.197,-36.8661],[175.1948,-36.864]]]}},{"type":"Feature","properties":{},"geometry":{"type":"Polygon","coordinates":[[[175.1948,-36.8555],[175.1963,-36.8581],[175.1955,-36.8594],[175.1964,-36.8582],[175.1951,-36.8553],[175.196,-36.8546],[175.1948,-36.8555]]]}},{"type":"Feature","properties":{},"geometry":{"type":"Polygon","coordinates":[[[175.1952,-36.8998],[175.1976,-36.8966],[175.2008,-36.8971],[175.1991,-36.896],[175.1977,-36.8963],[175.1957,-36.8985],[175.1952,-36.8998]]]}},{"type":"Feature","properties":{},"geometry":{"type":"Polygon","coordinates":[[[175.1955,-36.7589],[175.1975,-36.7595],[175.1968,-36.7593],[175.1966,-36.7563],[175.196,-36.7568],[175.1962,-36.7587],[175.1955,-36.7589]],[[175.1963,-36.7583],[175.1963,-36.758],[175.1965,-36.758],[175.1965,-36.7583],[175.1963,-36.7583]]]}},{"type":"Feature","properties":{},"geometry":{"type":"Polygon","coordinates":[[[175.1965,-36.8521],[175.197,-36.8538],[175.1972,-36.8505],[175.1996,-36.8508],[175.1996,-36.8507],[175.1972,-36.8503],[175.1965,-36.8521]]]}},{"type":"Feature","properties":{},"geometry":{"type":"Polygon","coordinates":[[[175.1979,-36.81],[175.1987,-36.8089],[175.1983,-36.8081],[175.1979,-36.81]]]}},{"type":"Feature","properties":{},"geometry":{"type":"Polygon","coordinates":[[[175.1979,-36.8243],[175.1996,-36.8253],[175.2013,-36.8247],[175.203,-36.8212],[175.2007,-36.8172],[175.2016,-36.8156],[175.2006,-36.8157],[175.1999,-36.8167],[175.1999,-36.8182],[175.2023,-36.8207],[175.2016,-36.8235],[175.1996,-36.825],[175.1979,-36.8243]],[[175.2025,-36.8209],[175.2025,-36.8208],[175.2026,-36.8208],[175.2026,-36.8209],[175.2025,-36.8209]]]}},{"type":"Feature","properties":{},"geometry":{"type":"Polygon","coordinates":[[[175.1986,-36.807],[175.2004,-36.8077],[175.2004,-36.8107],[175.2013,-36.8125],[175.2025,-36.813],[175.2009,-36.8148],[175.2018,-36.8154],[175.2032,-36.813],[175.2018,-36.8111],[175.2011,-36.8077],[175.1987,-36.8066],[175.1986,-36.807]]]}},{"type":"Feature","properties":{},"geometry":{"type":"Polygon","coordinates":[[[175.1989,-36.8478],[175.1995,-36.8497],[175.1993,-36.848],[175.2008,-36.8445],[175.1989,-36.8478]]]}},{"type":"Feature","properties":{},"geometry":{"type":"Polygon","coordinates":[[[175.1991,-36.7608],[175.1997,-36.7609],[175.2004,-36.7631],[175.2018,-36.7634],[175.1998,-36.7603],[175.1993,-36.7602],[175.1991,-36.7608]]]}},{"type":"Feature","properties":{},"geometry":{"type":"Polygon","coordinates":[[[175.1994,-36.8902],[175.2002,-36.8925],[175.1995,-36.8881],[175.1994,-36.8902]]]}},{"type":"Feature","properties":{},"geometry":{"type":"Polygon","coordinates":[[[175.1995,-36.888],[175.2027,-36.8836],[175.2016,-36.8839],[175.1996,-36.8873],[175.1995,-36.888]]]}},{"type":"Feature","properties":{},"geometry":{"type":"Polygon","coordinates":[[[175.2014,-36.8406],[175.2061,-36.8384],[175.2077,-36.8391],[175.2076,-36.8385],[175.2059,-36.8381],[175.2015,-36.8402],[175.2014,-36.8406]]]}},{"type":"Feature","properties":{},"geometry":{"type":"Polygon","coordinates":[[[175.2015,-36.8727],[175.2027,-36.8738],[175.202,-36.8719],[175.2015,-36.8727]]]}},{"type":"Feature","properties":{},"geometry":{"type":"Polygon","coordinates":[[[175.2035,-36.8324],[175.2039,-36.8339],[175.2044,-36.8335],[175.2037,-36.8325],[175.204,-36.8324],[175.2035,-36.8324]]]}},{"type":"Feature","properties":{},"geometry":{"type":"Polygon","coordinates":[[[175.2247,-36.7905],[175.225,-36.7908],[175.225,-36.7907],[175.2252,-36.7907],[175.2252,-36.7909],[175.227,-36.7921],[175.2272,-36.7917],[175.2255,-36.791],[175.2262,-36.7907],[175.2263,-36.7893],[175.2247,-36.7905]]]}},{"type":"Feature","properties":{},"geometry":{"type":"Polygon","coordinates":[[[175.2268,-36.7889],[175.2274,-36.7894],[175.2272,-36.7917],[175.2282,-36.7897],[175.2276,-36.7883],[175.2268,-36.7889]],[[175.2276,-36.7899],[175.2276,-36.7896],[175.2279,-36.7896],[175.2279,-36.7899],[175.2276,-36.7899]]]}},{"type":"Feature","properties":{},"geometry":{"type":"Polygon","coordinates":[[[175.0396,-36.7979],[175.0424,-36.8006],[175.0426,-36.8002],[175.0417,-36.7981],[175.0396,-36.7979]]]}},{"type":"Feature","properties":{},"geometry":{"type":"Polygon","coordinates":[[[175.0413,-36.8044],[175.0426,-36.8029],[175.0421,-36.8022],[175.0413,-36.8044]]]}},{"type":"Feature","properties":{},"geometry":{"type":"Polygon","coordinates":[[[175.0452,-36.8032],[175.0454,-36.8031],[175.0472,-36.7997],[175.0514,-36.7994],[175.0473,-36.7992],[175.0452,-36.8032]]]}},{"type":"Feature","properties":{},"geometry":{"type":"Polygon","coordinates":[[[175.0534,-36.7966],[175.0542,-36.797],[175.0546,-36.8004],[175.0554,-36.7992],[175.0547,-36.7971],[175.0536,-36.7965],[175.0534,-36.7966]]]}},{"type":"Feature","properties":{},"geometry":{"type":"Polygon","coordinates":[[[175.0558,-36.8017],[175.0572,-36.8014],[175.0603,-36.803],[175.0604,-36.803],[175.0576,-36.8014],[175.0565,-36.8011],[175.0558,-36.8017]]]}},{"type":"Feature","properties":{},"geometry":{"type":"Polygon","coordinates":[[[175.0659,-36.7847],[175.0663,-36.7854],[175.0728,-36.7869],[175.0869,-36.7884],[175.0879,-36.7871],[175.0878,-36.7871],[175.0866,-36.7882],[175.0673,-36.7856],[175.0659,-36.7847]]]}},{"type":"Feature","properties":{},"geometry":{"type":"Polygon","coordinates":[[[175.0881,-36.7871],[175.0903,-36.7876],[175.092,-36.7868],[175.0935,-36.7847],[175.0933,-36.7847],[175.0918,-36.7868],[175.0881,-36.7871]]]}},{"type":"Feature","properties":{},"geometry":{"type":"Polygon","coordinates":[[[174.7084,-36.5114],[174.7089,-36.5115],[174.7089,-36.5114],[174.709,-36.5114],[174.709,-36.5115],[174.7131,-36.5122],[174.7154,-36.5147],[174.7162,-36.5151],[174.7162,-36.5152],[174.7164,-36.5152],[174.7198,-36.517],[174.7212,-36.516],[174.7193,-36.5137],[174.7179,-36.5138],[174.7166,-36.5126],[174.7162,-36.5104],[174.7101,-36.5103],[174.7096,-36.5106],[174.7084,-36.5114]]]}},{"type":"Feature","properties":{},"geometry":{"type":"Polygon","coordinates":[[[174.4542,-36.6446],[174.4552,-36.645],[174.458,-36.6428],[174.4546,-36.6434],[174.4542,-36.6446]],[[174.4549,-36.6436],[174.4556,-36.6436],[174.4552,-36.6441],[174.4549,-36.6436]],[[174.4554,-36.6442],[174.4554,-36.6441],[174.4556,-36.6441],[174.4556,-36.6442],[174.4554,-36.6442]]]}},{"type":"Feature","properties":{},"geometry":{"type":"Polygon","coordinates":[[[174.7959,-36.9254],[174.7961,-36.9265],[174.7971,-36.9255],[174.7959,-36.9254]]]}},{"type":"Feature","properties":{},"geometry":{"type":"Polygon","coordinates":[[[174.9333,-36.9297],[174.9341,-36.9272],[174.9335,-36.9285],[174.9346,-36.9256],[174.9347,-36.9252],[174.9335,-36.9276],[174.9333,-36.9297]]]}},{"type":"Feature","properties":{},"geometry":{"type":"Polygon","coordinates":[[[174.937,-36.9197],[174.9407,-36.915],[174.9406,-36.915],[174.9371,-36.9194],[174.937,-36.9197]]]}},{"type":"Feature","properties":{},"geometry":{"type":"Polygon","coordinates":[[[174.9423,-36.9197],[174.9429,-36.9206],[174.9427,-36.9176],[174.9423,-36.9178],[174.9423,-36.9197]]]}},{"type":"Feature","properties":{},"geometry":{"type":"Polygon","coordinates":[[[174.9478,-36.9175],[174.9485,-36.9209],[174.9485,-36.9207],[174.9485,-36.9206],[174.9487,-36.918],[174.9489,-36.9179],[174.949,-36.9167],[174.9488,-36.9164],[174.9478,-36.9175]]]}},{"type":"Feature","properties":{},"geometry":{"type":"Polygon","coordinates":[[[174.9495,-36.9177],[174.9502,-36.9175],[174.9507,-36.9162],[174.9502,-36.9156],[174.9495,-36.9177]]]}},{"type":"Feature","properties":{},"geometry":{"type":"Polygon","coordinates":[[[174.9511,-36.9131],[174.9536,-36.9128],[174.9569,-36.9145],[174.957,-36.9144],[174.9529,-36.9124],[174.9511,-36.9131]]]}},{"type":"Feature","properties":{},"geometry":{"type":"Polygon","coordinates":[[[174.9465,-36.9141],[174.9478,-36.9139],[174.9503,-36.9112],[174.9482,-36.9124],[174.9475,-36.9138],[174.9465,-36.9141]]]}},{"type":"Feature","properties":{},"geometry":{"type":"Polygon","coordinates":[[[174.9519,-36.9102],[174.9533,-36.9095],[174.9545,-36.9102],[174.9544,-36.9092],[174.9541,-36.9089],[174.9519,-36.9102]]]}},{"type":"Feature","properties":{},"geometry":{"type":"Polygon","coordinates":[[[174.766,-36.7924],[174.7664,-36.7931],[174.7662,-36.7918],[174.7669,-36.7906],[174.7666,-36.7903],[174.766,-36.7924]]]}},{"type":"Feature","properties":{},"geometry":{"type":"Polygon","coordinates":[[[174.2793,-36.3246],[174.2798,-36.3265],[174.2827,-36.3254],[174.284,-36.3269],[174.2837,-36.3253],[174.2793,-36.3246]]]}},{"type":"Feature","properties":{},"geometry":{"type":"Polygon","coordinates":[[[174.7884,-36.354],[174.7899,-36.3546],[174.7923,-36.354],[174.7884,-36.354]]]}},{"type":"Feature","properties":{},"geometry":{"type":"Polygon","coordinates":[[[174.4494,-36.662],[174.4503,-36.6605],[174.4494,-36.6604],[174.4494,-36.662]]]}},{"type":"Feature","properties":{},"geometry":{"type":"Polygon","coordinates":[[[174.7062,-36.3691],[174.708,-36.3711],[174.709,-36.3697],[174.7097,-36.3728],[174.7109,-36.3733],[174.7101,-36.3729],[174.7091,-36.3696],[174.7083,-36.3702],[174.7082,-36.3704],[174.7081,-36.3703],[174.7077,-36.3706],[174.7068,-36.3693],[174.7063,-36.369],[174.7062,-36.3691]]]}},{"type":"Feature","properties":{},"geometry":{"type":"Polygon","coordinates":[[[174.7084,-36.3779],[174.7106,-36.3798],[174.7109,-36.3798],[174.7089,-36.3782],[174.7087,-36.3782],[174.7087,-36.3781],[174.7084,-36.3779],[174.7088,-36.378],[174.7096,-36.3765],[174.7084,-36.3779]]]}},{"type":"Feature","properties":{},"geometry":{"type":"Polygon","coordinates":[[[174.712,-36.3759],[174.7126,-36.3739],[174.7121,-36.3737],[174.712,-36.3759]]]}},{"type":"Feature","properties":{},"geometry":{"type":"Polygon","coordinates":[[[174.7131,-36.3863],[174.7143,-36.3878],[174.7145,-36.3879],[174.7132,-36.3858],[174.7131,-36.3863]]]}},{"type":"Feature","properties":{},"geometry":{"type":"Polygon","coordinates":[[[174.7266,-36.3937],[174.7276,-36.3948],[174.7283,-36.394],[174.7271,-36.3934],[174.7276,-36.393],[174.7276,-36.3932],[174.7278,-36.3931],[174.7311,-36.3944],[174.7334,-36.3961],[174.7338,-36.3984],[174.7345,-36.3985],[174.7335,-36.396],[174.7284,-36.3926],[174.7293,-36.3899],[174.729,-36.3904],[174.7292,-36.3892],[174.7296,-36.3889],[174.7297,-36.3886],[174.7275,-36.3907],[174.7272,-36.3931],[174.7266,-36.3926],[174.7266,-36.3937]],[[174.7282,-36.391],[174.7282,-36.3907],[174.7283,-36.3907],[174.7283,-36.391],[174.7282,-36.391]],[[174.7283,-36.3922],[174.7283,-36.3919],[174.7285,-36.3919],[174.7283,-36.3922]],[[174.7285,-36.3914],[174.7288,-36.3911],[174.7287,-36.3918],[174.7285,-36.3914]],[[174.7285,-36.391],[174.7285,-36.3908],[174.7287,-36.3908],[174.7287,-36.391],[174.7285,-36.391]],[[174.7288,-36.3907],[174.7288,-36.3906],[174.729,-36.3906],[174.729,-36.3907],[174.7288,-36.3907]]]}},{"type":"Feature","properties":{},"geometry":{"type":"Polygon","coordinates":[[[174.7366,-36.3989],[174.7372,-36.3989],[174.7379,-36.4007],[174.7381,-36.4005],[174.7376,-36.3988],[174.7366,-36.3989]]]}},{"type":"Feature","properties":{},"geometry":{"type":"Polygon","coordinates":[[[174.701,-36.3705],[174.7019,-36.3706],[174.7026,-36.3695],[174.701,-36.3705]]]}},{"type":"Feature","properties":{},"geometry":{"type":"Polygon","coordinates":[[[174.7026,-36.3695],[174.7055,-36.3698],[174.7061,-36.369],[174.7067,-36.3696],[174.7068,-36.3696],[174.7083,-36.3705],[174.7085,-36.3704],[174.709,-36.3697],[174.7091,-36.3701],[174.7096,-36.3698],[174.7093,-36.3686],[174.7082,-36.3704],[174.706,-36.3687],[174.7056,-36.3695],[174.7026,-36.3695]]]}},{"type":"Feature","properties":{},"geometry":{"type":"Polygon","coordinates":[[[174.7108,-36.3728],[174.7108,-36.3729],[174.7135,-36.3739],[174.7134,-36.3742],[174.7135,-36.3745],[174.715,-36.3742],[174.7108,-36.3728]]]}},{"type":"Feature","properties":{},"geometry":{"type":"Polygon","coordinates":[[[174.7146,-36.3822],[174.7161,-36.3828],[174.7152,-36.3844],[174.7152,-36.3847],[174.7169,-36.3825],[174.7146,-36.3822]]]}},{"type":"Feature","properties":{},"geometry":{"type":"Polygon","coordinates":[[[174.7162,-36.3861],[174.7167,-36.3882],[174.717,-36.3882],[174.7166,-36.3862],[174.7162,-36.3861]]]}},{"type":"Feature","properties":{},"geometry":{"type":"Polygon","coordinates":[[[174.7162,-36.3581],[174.7169,-36.359],[174.7164,-36.3592],[174.7191,-36.3611],[174.7171,-36.3591],[174.7171,-36.3581],[174.7162,-36.3581]]]}},{"type":"Feature","properties":{},"geometry":{"type":"Polygon","coordinates":[[[174.721,-36.3644],[174.7276,-36.3691],[174.7277,-36.3689],[174.721,-36.3644]]]}},{"type":"Feature","properties":{},"geometry":{"type":"Polygon","coordinates":[[[174.7213,-36.3847],[174.7221,-36.3867],[174.7218,-36.3847],[174.7222,-36.3845],[174.7213,-36.3847]]]}},{"type":"Feature","properties":{},"geometry":{"type":"Polygon","coordinates":[[[174.7224,-36.3636],[174.7231,-36.3644],[174.7229,-36.3629],[174.7228,-36.3627],[174.7224,-36.3636]]]}},{"type":"Feature","properties":{},"geometry":{"type":"Polygon","coordinates":[[[174.723,-36.3765],[174.7235,-36.3764],[174.7235,-36.3762],[174.7247,-36.3755],[174.7241,-36.3753],[174.723,-36.3765]]]}},{"type":"Feature","properties":{},"geometry":{"type":"Polygon","coordinates":[[[174.7251,-36.37],[174.7265,-36.3714],[174.7259,-36.3706],[174.7263,-36.3695],[174.7251,-36.37]]]}},{"type":"Feature","properties":{},"geometry":{"type":"Polygon","coordinates":[[[174.7242,-36.3643],[174.7261,-36.3668],[174.7262,-36.3668],[174.7258,-36.3654],[174.7242,-36.3643]]]}},{"type":"Feature","properties":{},"geometry":{"type":"Polygon","coordinates":[[[174.7288,-36.377],[174.7291,-36.379],[174.7292,-36.379],[174.7294,-36.3761],[174.7288,-36.377]]]}},{"type":"Feature","properties":{},"geometry":{"type":"Polygon","coordinates":[[[174.7289,-36.3606],[174.7311,-36.3613],[174.7318,-36.3597],[174.7316,-36.361],[174.7317,-36.361],[174.7317,-36.3612],[174.7316,-36.3612],[174.7312,-36.3638],[174.7338,-36.3651],[174.7341,-36.3632],[174.7338,-36.3606],[174.734,-36.3606],[174.734,-36.3605],[174.7338,-36.3606],[174.7338,-36.3605],[174.7324,-36.3601],[174.7321,-36.3592],[174.7324,-36.3592],[174.7324,-36.3591],[174.7321,-36.3591],[174.7321,-36.3592],[174.7319,-36.3588],[174.7307,-36.3591],[174.7289,-36.3606]],[[174.7316,-36.3616],[174.7316,-36.3614],[174.7317,-36.3614],[174.7317,-36.3616],[174.7316,-36.3616]],[[174.7316,-36.3592],[174.7316,-36.3591],[174.7317,-36.3591],[174.7317,-36.3592],[174.7316,-36.3592]],[[174.7326,-36.3634],[174.7326,-36.3632],[174.7328,-36.3632],[174.7328,-36.3634],[174.7326,-36.3634]]]}},{"type":"Feature","properties":{},"geometry":{"type":"Polygon","coordinates":[[[174.7291,-36.3613],[174.7307,-36.3658],[174.7319,-36.3673],[174.732,-36.367],[174.7291,-36.3613]]]}},{"type":"Feature","properties":{},"geometry":{"type":"Polygon","coordinates":[[[174.7354,-36.3789],[174.7367,-36.3798],[174.7399,-36.38],[174.7354,-36.3789]]]}},{"type":"Feature","properties":{},"geometry":{"type":"Polygon","coordinates":[[[174.7386,-36.3694],[174.7386,-36.3699],[174.7388,-36.3697],[174.7393,-36.371],[174.7394,-36.3697],[174.7386,-36.3694]]]}},{"type":"Feature","properties":{},"geometry":{"type":"Polygon","coordinates":[[[174.7391,-36.3779],[174.7413,-36.3797],[174.741,-36.3785],[174.7391,-36.3778],[174.7391,-36.3779]]]}},{"type":"Feature","properties":{},"geometry":{"type":"Polygon","coordinates":[[[174.7391,-36.3776],[174.7398,-36.376],[174.7395,-36.3746],[174.7391,-36.3776]]]}},{"type":"Feature","properties":{},"geometry":{"type":"Polygon","coordinates":[[[174.7417,-36.3903],[174.7422,-36.3904],[174.7435,-36.3889],[174.7437,-36.3889],[174.7437,-36.3888],[174.7436,-36.3888],[174.7442,-36.3881],[174.7439,-36.3883],[174.7417,-36.3903]]]}},{"type":"Feature","properties":{},"geometry":{"type":"Polygon","coordinates":[[[174.4508,-36.668],[174.4515,-36.6697],[174.4513,-36.6673],[174.4508,-36.668]]]}},{"type":"Feature","properties":{},"geometry":{"type":"Polygon","coordinates":[[[174.2789,-36.3529],[174.282,-36.3531],[174.2819,-36.3528],[174.282,-36.3528],[174.282,-36.3526],[174.2819,-36.3526],[174.2815,-36.3508],[174.2823,-36.3495],[174.2806,-36.3458],[174.2796,-36.3482],[174.2796,-36.3474],[174.2794,-36.3474],[174.2794,-36.3482],[174.2796,-36.3482],[174.2793,-36.3491],[174.2789,-36.3529]],[[174.2793,-36.3528],[174.2793,-36.3526],[174.2794,-36.3526],[174.2794,-36.3528],[174.2793,-36.3528]],[[174.2801,-36.3529],[174.2803,-36.3519],[174.2806,-36.3529],[174.2801,-36.3529]],[[174.2803,-36.351],[174.2803,-36.3508],[174.2805,-36.3508],[174.2805,-36.351],[174.2803,-36.351]]]}},{"type":"Feature","properties":{},"geometry":{"type":"Polygon","coordinates":[[[174.3854,-36.6447],[174.3865,-36.6441],[174.3859,-36.6435],[174.3854,-36.6447]]]}},{"type":"Feature","properties":{},"geometry":{"type":"Polygon","coordinates":[[[175.0731,-36.8275],[175.0743,-36.8281],[175.0746,-36.828],[175.0746,-36.8283],[175.0752,-36.8286],[175.0758,-36.8278],[175.0731,-36.8275]]]}},{"type":"Feature","properties":{},"geometry":{"type":"Polygon","coordinates":[[[174.7261,-36.8507],[174.7275,-36.8507],[174.7287,-36.8505],[174.7297,-36.8515],[174.7316,-36.8532],[174.7317,-36.851],[174.7302,-36.8513],[174.7287,-36.8503],[174.7261,-36.8507]]]}},{"type":"Feature","properties":{},"geometry":{"type":"Polygon","coordinates":[[[174.8132,-36.6041],[174.8137,-36.6045],[174.8142,-36.6032],[174.8137,-36.6028],[174.8132,-36.6041]]]}},{"type":"Feature","properties":{},"geometry":{"type":"Polygon","coordinates":[[[174.2788,-36.3541],[174.2805,-36.3543],[174.2822,-36.3531],[174.2789,-36.3531],[174.2788,-36.3541]],[[174.2803,-36.3537],[174.2803,-36.3533],[174.2805,-36.3537],[174.2803,-36.3537]]]}},{"type":"Feature","properties":{},"geometry":{"type":"Polygon","coordinates":[[[174.8275,-36.9293],[174.8292,-36.9307],[174.8292,-36.9293],[174.8275,-36.9293]]]}},{"type":"Feature","properties":{},"geometry":{"type":"Polygon","coordinates":[[[174.2808,-36.328],[174.2813,-36.3301],[174.2815,-36.3288],[174.2808,-36.328]]]}},{"type":"Feature","properties":{},"geometry":{"type":"Polygon","coordinates":[[[174.8567,-36.948],[174.8572,-36.949],[174.8586,-36.949],[174.8603,-36.9462],[174.8596,-36.9464],[174.8584,-36.9486],[174.8567,-36.948]]]}},{"type":"Feature","properties":{},"geometry":{"type":"Polygon","coordinates":[[[174.8613,-36.946],[174.8635,-36.949],[174.8641,-36.9491],[174.8616,-36.946],[174.8613,-36.946]]]}},{"type":"Feature","properties":{},"geometry":{"type":"Polygon","coordinates":[[[174.8681,-36.952],[174.8698,-36.9505],[174.8689,-36.9497],[174.8691,-36.9505],[174.8681,-36.952]]]}},{"type":"Feature","properties":{},"geometry":{"type":"Polygon","coordinates":[[[174.8495,-36.9552],[174.8501,-36.9559],[174.8499,-36.9554],[174.8541,-36.9542],[174.8543,-36.9543],[174.8544,-36.9541],[174.8495,-36.9552]]]}},{"type":"Feature","properties":{},"geometry":{"type":"Polygon","coordinates":[[[174.8528,-36.9535],[174.8551,-36.953],[174.8541,-36.9527],[174.8528,-36.9535]]]}},{"type":"Feature","properties":{},"geometry":{"type":"Polygon","coordinates":[[[174.8563,-36.9573],[174.8574,-36.9577],[174.8565,-36.9562],[174.8564,-36.9566],[174.8567,-36.9574],[174.8564,-36.9572],[174.8563,-36.9573]]]}},{"type":"Feature","properties":{},"geometry":{"type":"Polygon","coordinates":[[[174.8434,-36.9644],[174.8434,-36.9647],[174.8451,-36.9649],[174.8459,-36.9642],[174.8434,-36.9644]]]}},{"type":"Feature","properties":{},"geometry":{"type":"Polygon","coordinates":[[[174.8444,-36.9565],[174.8454,-36.957],[174.8475,-36.9566],[174.8466,-36.9564],[174.8444,-36.9565]]]}},{"type":"Feature","properties":{},"geometry":{"type":"Polygon","coordinates":[[[174.8525,-36.9494],[174.8543,-36.9485],[174.8543,-36.9484],[174.8527,-36.9483],[174.8525,-36.9494]]]}},{"type":"Feature","properties":{},"geometry":{"type":"Polygon","coordinates":[[[174.8534,-36.9458],[174.8534,-36.9459],[174.8559,-36.9472],[174.8555,-36.9464],[174.8534,-36.9458]]]}},{"type":"Feature","properties":{},"geometry":{"type":"Polygon","coordinates":[[[174.8567,-36.9359],[174.8578,-36.9331],[174.8569,-36.9326],[174.8575,-36.9333],[174.8569,-36.9334],[174.8567,-36.9359]]]}},{"type":"Feature","properties":{},"geometry":{"type":"Polygon","coordinates":[[[174.8579,-36.9342],[174.8596,-36.9356],[174.8597,-36.9351],[174.8579,-36.9341],[174.8579,-36.9342]]]}},{"type":"Feature","properties":{},"geometry":{"type":"Polygon","coordinates":[[[174.8588,-36.9336],[174.8597,-36.935],[174.8599,-36.9344],[174.859,-36.9333],[174.8588,-36.9336]]]}},{"type":"Feature","properties":{},"geometry":{"type":"Polygon","coordinates":[[[174.8502,-36.9127],[174.8531,-36.913],[174.8539,-36.9121],[174.8533,-36.9122],[174.8529,-36.9124],[174.8508,-36.9126],[174.8502,-36.9127]]]}},{"type":"Feature","properties":{},"geometry":{"type":"Polygon","coordinates":[[[174.8575,-36.9188],[174.8584,-36.9207],[174.8598,-36.9221],[174.8575,-36.9188]]]}},{"type":"Feature","properties":{},"geometry":{"type":"Polygon","coordinates":[[[174.852,-36.9327],[174.8529,-36.9296],[174.858,-36.9291],[174.8538,-36.9291],[174.8526,-36.9297],[174.852,-36.9327]]]}},{"type":"Feature","properties":{},"geometry":{"type":"Polygon","coordinates":[[[174.8582,-36.9094],[174.8603,-36.9129],[174.8603,-36.912],[174.8584,-36.9092],[174.8582,-36.9094]]]}},{"type":"Feature","properties":{},"geometry":{"type":"Polygon","coordinates":[[[174.8633,-36.9088],[174.8648,-36.9106],[174.8644,-36.9106],[174.8649,-36.9106],[174.8642,-36.9091],[174.8633,-36.9088]]]}},{"type":"Feature","properties":{},"geometry":{"type":"Polygon","coordinates":[[[174.8652,-36.9072],[174.8686,-36.9086],[174.8683,-36.9102],[174.8687,-36.9103],[174.8683,-36.9101],[174.869,-36.9086],[174.8652,-36.9072]]]}},{"type":"Feature","properties":{},"geometry":{"type":"Polygon","coordinates":[[[174.8437,-36.9064],[174.8444,-36.9068],[174.8458,-36.9037],[174.8495,-36.902],[174.8459,-36.9035],[174.8437,-36.9064]]]}},{"type":"Feature","properties":{},"geometry":{"type":"Polygon","coordinates":[[[174.8537,-36.902],[174.8571,-36.9073],[174.8572,-36.9073],[174.8538,-36.902],[174.8537,-36.902]]]}},{"type":"Feature","properties":{},"geometry":{"type":"Polygon","coordinates":[[[174.8589,-36.9065],[174.8657,-36.9034],[174.8657,-36.9033],[174.8608,-36.9048],[174.8589,-36.9065]]]}},{"type":"Feature","properties":{},"geometry":{"type":"Polygon","coordinates":[[[174.8678,-36.9003],[174.8684,-36.9022],[174.8688,-36.902],[174.8684,-36.8977],[174.8678,-36.9003]]]}},{"type":"Feature","properties":{},"geometry":{"type":"Polygon","coordinates":[[[174.8695,-36.8854],[174.8734,-36.8838],[174.8734,-36.8829],[174.8732,-36.8837],[174.87,-36.8846],[174.8695,-36.8854]]]}},{"type":"Feature","properties":{},"geometry":{"type":"Polygon","coordinates":[[[174.8725,-36.8787],[174.8727,-36.8788],[174.8767,-36.8775],[174.8767,-36.8774],[174.8725,-36.8787]]]}},{"type":"Feature","properties":{},"geometry":{"type":"Polygon","coordinates":[[[174.8678,-36.8904],[174.868,-36.8904],[174.869,-36.8862],[174.8683,-36.8874],[174.8678,-36.8904]]]}},{"type":"Feature","properties":{},"geometry":{"type":"Polygon","coordinates":[[[174.8761,-36.9466],[174.8763,-36.9473],[174.8778,-36.9473],[174.8761,-36.9466]]]}},{"type":"Feature","properties":{},"geometry":{"type":"Polygon","coordinates":[[[174.8782,-36.9577],[174.8784,-36.9604],[174.8784,-36.9587],[174.8789,-36.9583],[174.8784,-36.958],[174.8809,-36.9555],[174.8812,-36.9535],[174.8809,-36.9542],[174.8809,-36.9544],[174.8807,-36.9555],[174.8782,-36.9577]]]}},{"type":"Feature","properties":{},"geometry":{"type":"Polygon","coordinates":[[[174.8645,-36.943],[174.8668,-36.9435],[174.8668,-36.9452],[174.8674,-36.9454],[174.8674,-36.9437],[174.8647,-36.9427],[174.8645,-36.943]]]}},{"type":"Feature","properties":{},"geometry":{"type":"Polygon","coordinates":[[[174.8668,-36.9391],[174.8685,-36.9389],[174.869,-36.9381],[174.8668,-36.9391]]]}},{"type":"Feature","properties":{},"geometry":{"type":"Polygon","coordinates":[[[174.8681,-36.9475],[174.8722,-36.9467],[174.8729,-36.9462],[174.8681,-36.9475]]]}},{"type":"Feature","properties":{},"geometry":{"type":"Polygon","coordinates":[[[174.8701,-36.9357],[174.8746,-36.9348],[174.8745,-36.9347],[174.8703,-36.9355],[174.8701,-36.9357]]]}},{"type":"Feature","properties":{},"geometry":{"type":"Polygon","coordinates":[[[174.8725,-36.9346],[174.8725,-36.9347],[174.8745,-36.9347],[174.8739,-36.934],[174.8725,-36.9346]]]}},{"type":"Feature","properties":{},"geometry":{"type":"Polygon","coordinates":[[[174.8761,-36.9432],[174.8763,-36.9436],[174.8766,-36.9433],[174.8791,-36.9428],[174.8784,-36.9424],[174.8761,-36.9432]]]}},{"type":"Feature","properties":{},"geometry":{"type":"Polygon","coordinates":[[[174.8893,-36.9225],[174.8903,-36.9209],[174.8896,-36.921],[174.8893,-36.9225]]]}},{"type":"Feature","properties":{},"geometry":{"type":"Polygon","coordinates":[[[174.88,-36.892],[174.887,-36.8916],[174.8869,-36.8915],[174.881,-36.8914],[174.88,-36.892]]]}},{"type":"Feature","properties":{},"geometry":{"type":"Polygon","coordinates":[[[174.8821,-36.8573],[174.8833,-36.8596],[174.8834,-36.8595],[174.8827,-36.8559],[174.8821,-36.8573]]]}},{"type":"Feature","properties":{},"geometry":{"type":"Polygon","coordinates":[[[174.8761,-36.8768],[174.8784,-36.8742],[174.8809,-36.8732],[174.878,-36.8741],[174.8761,-36.876],[174.8761,-36.8768]]]}},{"type":"Feature","properties":{},"geometry":{"type":"Polygon","coordinates":[[[174.8782,-36.8644],[174.8804,-36.8652],[174.883,-36.8709],[174.8838,-36.8716],[174.8838,-36.8717],[174.884,-36.8717],[174.8855,-36.873],[174.8845,-36.8726],[174.8843,-36.8726],[174.883,-36.8721],[174.883,-36.872],[174.8828,-36.872],[174.8828,-36.8721],[174.8823,-36.8719],[174.8819,-36.8723],[174.8828,-36.8727],[174.8821,-36.8729],[174.8821,-36.873],[174.8859,-36.8732],[174.8915,-36.8716],[174.8832,-36.8681],[174.8803,-36.8633],[174.8801,-36.8648],[174.8785,-36.8638],[174.8782,-36.8644]],[[174.8859,-36.8698],[174.886,-36.8698],[174.886,-36.87],[174.8859,-36.8698]],[[174.886,-36.8708],[174.886,-36.8706],[174.8862,-36.8706],[174.8862,-36.8708],[174.886,-36.8708]],[[174.8862,-36.87],[174.8865,-36.8701],[174.8865,-36.8702],[174.8864,-36.8702],[174.8862,-36.87]],[[174.8865,-36.8704],[174.8869,-36.8702],[174.8871,-36.8711],[174.8865,-36.8704]],[[174.8869,-36.8713],[174.8869,-36.8712],[174.8871,-36.8712],[174.8871,-36.8713],[174.8869,-36.8713]],[[174.8871,-36.8705],[174.8871,-36.8704],[174.8872,-36.8704],[174.8872,-36.8705],[174.8871,-36.8705]],[[174.8872,-36.8709],[174.8874,-36.8708],[174.8876,-36.8711],[174.8872,-36.8709]],[[174.8874,-36.8706],[174.8874,-36.8705],[174.8877,-36.8706],[174.8874,-36.8706]],[[174.8883,-36.8709],[174.8883,-36.8708],[174.8884,-36.8708],[174.8884,-36.8709],[174.8883,-36.8709]],[[174.8891,-36.8715],[174.8891,-36.8713],[174.8893,-36.8713],[174.8893,-36.8715],[174.8891,-36.8715]],[[174.8901,-36.8715],[174.8901,-36.8713],[174.8903,-36.8713],[174.8903,-36.8715],[174.8901,-36.8715]]]}},{"type":"Feature","properties":{},"geometry":{"type":"Polygon","coordinates":[[[174.8953,-36.9162],[174.8954,-36.9165],[174.8993,-36.9182],[174.8993,-36.918],[174.8953,-36.9162]]]}},{"type":"Feature","properties":{},"geometry":{"type":"Polygon","coordinates":[[[174.8992,-36.9201],[174.9027,-36.9162],[174.9021,-36.9162],[174.8992,-36.9197],[174.8992,-36.9201]]]}},{"type":"Feature","properties":{},"geometry":{"type":"Polygon","coordinates":[[[174.8923,-36.922],[174.8935,-36.9216],[174.8931,-36.9202],[174.8923,-36.922]]]}},{"type":"Feature","properties":{},"geometry":{"type":"Polygon","coordinates":[[[174.8923,-36.9237],[174.8951,-36.9231],[174.8935,-36.9239],[174.8939,-36.924],[174.8946,-36.9239],[174.8953,-36.9229],[174.8935,-36.9228],[174.8923,-36.9237]]]}},{"type":"Feature","properties":{},"geometry":{"type":"Polygon","coordinates":[[[174.8997,-36.9207],[174.9,-36.922],[174.9005,-36.9219],[174.9,-36.9206],[174.8997,-36.9207]]]}},{"type":"Feature","properties":{},"geometry":{"type":"Polygon","coordinates":[[[174.8886,-36.8908],[174.8923,-36.8924],[174.8922,-36.8918],[174.8886,-36.8908]]]}},{"type":"Feature","properties":{},"geometry":{"type":"Polygon","coordinates":[[[174.8947,-36.8837],[174.8966,-36.8801],[174.8981,-36.8799],[174.9014,-36.8813],[174.9023,-36.879],[174.9011,-36.8783],[174.904,-36.8768],[174.9034,-36.876],[174.8962,-36.8796],[174.8947,-36.8837]]]}},{"type":"Feature","properties":{},"geometry":{"type":"Polygon","coordinates":[[[174.8992,-36.862],[174.8999,-36.8634],[174.8999,-36.8633],[174.9,-36.8633],[174.9,-36.8634],[174.8999,-36.8634],[174.9034,-36.8706],[174.9054,-36.873],[174.9053,-36.8721],[174.9038,-36.8711],[174.9021,-36.8661],[174.9023,-36.8661],[174.9023,-36.866],[174.9021,-36.866],[174.9019,-36.8655],[174.8992,-36.862]],[[174.8997,-36.863],[174.8997,-36.8629],[174.8999,-36.863],[174.8997,-36.863]]]}},{"type":"Feature","properties":{},"geometry":{"type":"Polygon","coordinates":[[[174.8996,-36.8507],[174.8997,-36.8515],[174.9004,-36.8484],[174.9001,-36.8484],[174.8996,-36.8507]]]}},{"type":"Feature","properties":{},"geometry":{"type":"Polygon","coordinates":[[[174.9009,-36.9183],[174.9025,-36.9174],[174.9024,-36.9171],[174.9009,-36.918],[174.9009,-36.9183]]]}},{"type":"Feature","properties":{},"geometry":{"type":"Polygon","coordinates":[[[174.9028,-36.9169],[174.9028,-36.9172],[174.904,-36.9165],[174.9048,-36.9143],[174.9047,-36.9143],[174.9038,-36.9162],[174.9032,-36.9162],[174.9028,-36.9169]]]}},{"type":"Feature","properties":{},"geometry":{"type":"Polygon","coordinates":[[[174.9048,-36.9134],[174.9048,-36.9138],[174.906,-36.9126],[174.9048,-36.9123],[174.9048,-36.9134]]]}},{"type":"Feature","properties":{},"geometry":{"type":"Polygon","coordinates":[[[174.9029,-36.8773],[174.9029,-36.8774],[174.9058,-36.8758],[174.9058,-36.8754],[174.9029,-36.8773]]]}},{"type":"Feature","properties":{},"geometry":{"type":"Polygon","coordinates":[[[174.7222,-36.6385],[174.7224,-36.6415],[174.7229,-36.6417],[174.7233,-36.6402],[174.723,-36.6404],[174.7233,-36.64],[174.7235,-36.6393],[174.7223,-36.6408],[174.7223,-36.6384],[174.7222,-36.6385]]]}},{"type":"Feature","properties":{},"geometry":{"type":"Polygon","coordinates":[[[174.723,-36.6433],[174.7234,-36.6438],[174.7252,-36.6425],[174.7255,-36.6421],[174.723,-36.6433]]]}},{"type":"Feature","properties":{},"geometry":{"type":"Polygon","coordinates":[[[174.6976,-36.6294],[174.703,-36.6216],[174.7022,-36.6219],[174.6976,-36.6294]]]}},{"type":"Feature","properties":{},"geometry":{"type":"Polygon","coordinates":[[[174.7023,-36.6171],[174.7034,-36.6171],[174.7048,-36.619],[174.7051,-36.6184],[174.7095,-36.6189],[174.7087,-36.6177],[174.7031,-36.6168],[174.7023,-36.6171]]]}},{"type":"Feature","properties":{},"geometry":{"type":"Polygon","coordinates":[[[174.7111,-36.6263],[174.7131,-36.6263],[174.7114,-36.6258],[174.7113,-36.6255],[174.7111,-36.6263]]]}},{"type":"Feature","properties":{},"geometry":{"type":"Polygon","coordinates":[[[174.7145,-36.6339],[174.7158,-36.6303],[174.7156,-36.6303],[174.7157,-36.6305],[174.7145,-36.6324],[174.7145,-36.6339]]]}},{"type":"Feature","properties":{},"geometry":{"type":"Polygon","coordinates":[[[174.6732,-36.619],[174.6737,-36.6191],[174.6737,-36.6193],[174.6739,-36.6193],[174.6739,-36.6192],[174.6747,-36.6194],[174.6759,-36.6184],[174.6756,-36.618],[174.6746,-36.6193],[174.6743,-36.619],[174.6743,-36.6192],[174.6732,-36.6189],[174.6732,-36.619]]]}},{"type":"Feature","properties":{},"geometry":{"type":"Polygon","coordinates":[[[174.6823,-36.6202],[174.6855,-36.6201],[174.6864,-36.6194],[174.686,-36.6195],[174.685,-36.6197],[174.6823,-36.6202]]]}},{"type":"Feature","properties":{},"geometry":{"type":"Polygon","coordinates":[[[174.686,-36.6245],[174.6861,-36.6247],[174.6866,-36.6244],[174.6889,-36.6202],[174.6877,-36.6215],[174.686,-36.6245]]]}},{"type":"Feature","properties":{},"geometry":{"type":"Polygon","coordinates":[[[174.6732,-36.619],[174.6737,-36.6191],[174.6737,-36.6192],[174.6738,-36.6192],[174.6739,-36.6192],[174.6744,-36.6191],[174.6734,-36.6182],[174.6732,-36.619]]]}},{"type":"Feature","properties":{},"geometry":{"type":"Polygon","coordinates":[[[174.692,-36.6175],[174.6949,-36.6165],[174.6953,-36.616],[174.6928,-36.6168],[174.692,-36.6175]]]}},{"type":"Feature","properties":{},"geometry":{"type":"Polygon","coordinates":[[[174.6923,-36.6157],[174.6925,-36.6158],[174.696,-36.6133],[174.6949,-36.6136],[174.6923,-36.6157]]]}},{"type":"Feature","properties":{},"geometry":{"type":"Polygon","coordinates":[[[174.7079,-36.6149],[174.7101,-36.616],[174.7101,-36.6152],[174.7079,-36.6149]]]}},{"type":"Feature","properties":{},"geometry":{"type":"Polygon","coordinates":[[[174.7205,-36.6324],[174.7219,-36.6346],[174.7215,-36.6331],[174.7205,-36.6324]]]}},{"type":"Feature","properties":{},"geometry":{"type":"Polygon","coordinates":[[[174.7103,-36.6165],[174.7122,-36.6195],[174.7119,-36.6182],[174.7103,-36.6165]]]}},{"type":"Feature","properties":{},"geometry":{"type":"Polygon","coordinates":[[[174.7256,-36.6382],[174.7267,-36.639],[174.7297,-36.644],[174.7298,-36.644],[174.7271,-36.639],[174.7256,-36.6382]]]}},{"type":"Feature","properties":{},"geometry":{"type":"Polygon","coordinates":[[[174.6783,-36.4871],[174.6828,-36.4864],[174.6849,-36.4853],[174.6791,-36.4867],[174.6783,-36.4871]]]}},{"type":"Feature","properties":{},"geometry":{"type":"Polygon","coordinates":[[[174.6793,-36.4182],[174.6821,-36.4186],[174.6824,-36.4198],[174.6833,-36.4202],[174.6818,-36.4182],[174.6842,-36.4194],[174.6809,-36.4174],[174.6793,-36.4182]]]}},{"type":"Feature","properties":{},"geometry":{"type":"Polygon","coordinates":[[[174.6819,-36.4816],[174.683,-36.4832],[174.684,-36.4822],[174.6855,-36.4806],[174.6858,-36.4806],[174.6857,-36.4804],[174.6843,-36.4815],[174.6819,-36.4816]]]}},{"type":"Feature","properties":{},"geometry":{"type":"Polygon","coordinates":[[[174.6829,-36.4211],[174.6857,-36.4241],[174.6896,-36.424],[174.686,-36.4239],[174.6834,-36.4203],[174.6829,-36.4211]]]}},{"type":"Feature","properties":{},"geometry":{"type":"Polygon","coordinates":[[[174.683,-36.4112],[174.6836,-36.4113],[174.6848,-36.4106],[174.6851,-36.4116],[174.6843,-36.411],[174.6841,-36.4121],[174.6855,-36.4126],[174.6848,-36.4132],[174.6884,-36.4156],[174.6883,-36.4167],[174.6886,-36.4168],[174.6893,-36.4153],[174.6857,-36.4108],[174.6842,-36.4096],[174.683,-36.4112]]]}},{"type":"Feature","properties":{},"geometry":{"type":"Polygon","coordinates":[[[174.6873,-36.4334],[174.6907,-36.4326],[174.6877,-36.4329],[174.6873,-36.4334]]]}},{"type":"Feature","properties":{},"geometry":{"type":"Polygon","coordinates":[[[174.6904,-36.4784],[174.6911,-36.4797],[174.6912,-36.4797],[174.6913,-36.476],[174.6908,-36.4758],[174.6904,-36.4784]]]}},{"type":"Feature","properties":{},"geometry":{"type":"Polygon","coordinates":[[[174.692,-36.4897],[174.6925,-36.4898],[174.6926,-36.4897],[174.6929,-36.4892],[174.6926,-36.4883],[174.692,-36.4897]]]}},{"type":"Feature","properties":{},"geometry":{"type":"Polygon","coordinates":[[[174.6928,-36.4459],[174.6931,-36.446],[174.6949,-36.4453],[174.6962,-36.4454],[174.6947,-36.4451],[174.6928,-36.4459]]]}},{"type":"Feature","properties":{},"geometry":{"type":"Polygon","coordinates":[[[174.6937,-36.4644],[174.6956,-36.4645],[174.7015,-36.4609],[174.7019,-36.4592],[174.701,-36.4583],[174.701,-36.4607],[174.699,-36.4616],[174.6985,-36.4627],[174.6937,-36.4644]]]}},{"type":"Feature","properties":{},"geometry":{"type":"Polygon","coordinates":[[[174.6939,-36.4461],[174.6977,-36.447],[174.6976,-36.4468],[174.6949,-36.446],[174.6939,-36.4461]]]}},{"type":"Feature","properties":{},"geometry":{"type":"Polygon","coordinates":[[[174.6948,-36.4864],[174.6973,-36.4856],[174.6974,-36.4845],[174.6969,-36.4841],[174.6969,-36.4856],[174.6948,-36.4864]]]}},{"type":"Feature","properties":{},"geometry":{"type":"Polygon","coordinates":[[[174.6977,-36.4668],[174.6991,-36.4701],[174.7005,-36.4702],[174.7043,-36.4687],[174.7044,-36.4679],[174.7039,-36.4687],[174.6999,-36.4702],[174.6977,-36.4668]]]}},{"type":"Feature","properties":{},"geometry":{"type":"Polygon","coordinates":[[[174.6982,-36.4475],[174.6992,-36.4496],[174.6991,-36.4496],[174.6991,-36.4498],[174.6993,-36.4497],[174.6993,-36.4498],[174.7002,-36.4498],[174.6982,-36.4475]]]}},{"type":"Feature","properties":{},"geometry":{"type":"Polygon","coordinates":[[[174.7008,-36.4574],[174.7031,-36.4577],[174.702,-36.457],[174.7017,-36.4571],[174.7017,-36.457],[174.7015,-36.457],[174.7015,-36.4572],[174.7016,-36.4572],[174.7008,-36.4574]]]}},{"type":"Feature","properties":{},"geometry":{"type":"Polygon","coordinates":[[[174.7015,-36.4949],[174.705,-36.4948],[174.7016,-36.4947],[174.7081,-36.4914],[174.7044,-36.4923],[174.7015,-36.494],[174.7015,-36.4949]]]}},{"type":"Feature","properties":{},"geometry":{"type":"Polygon","coordinates":[[[174.7016,-36.434],[174.7017,-36.4347],[174.7046,-36.4354],[174.7046,-36.4351],[174.7017,-36.4345],[174.7016,-36.434]]]}},{"type":"Feature","properties":{},"geometry":{"type":"Polygon","coordinates":[[[174.7017,-36.4874],[174.7027,-36.4874],[174.7036,-36.4865],[174.7018,-36.4869],[174.7018,-36.4854],[174.7017,-36.4854],[174.7017,-36.4874]]]}},{"type":"Feature","properties":{},"geometry":{"type":"Polygon","coordinates":[[[174.7041,-36.4375],[174.7048,-36.439],[174.705,-36.439],[174.7049,-36.439],[174.7047,-36.4364],[174.7041,-36.4375]]]}},{"type":"Feature","properties":{},"geometry":{"type":"Polygon","coordinates":[[[174.7055,-36.4861],[174.7061,-36.4864],[174.7077,-36.4857],[174.7077,-36.4858],[174.7077,-36.4856],[174.7055,-36.4861]]]}},{"type":"Feature","properties":{},"geometry":{"type":"Polygon","coordinates":[[[174.707,-36.4731],[174.7073,-36.4741],[174.709,-36.4741],[174.7073,-36.4737],[174.7075,-36.4728],[174.707,-36.4731]]]}},{"type":"Feature","properties":{},"geometry":{"type":"Polygon","coordinates":[[[174.7073,-36.489],[174.7081,-36.4911],[174.7078,-36.488],[174.7073,-36.489]]]}},{"type":"Feature","properties":{},"geometry":{"type":"Polygon","coordinates":[[[174.7076,-36.4764],[174.7077,-36.4764],[174.7098,-36.4763],[174.709,-36.4785],[174.7093,-36.4788],[174.7102,-36.4771],[174.7097,-36.4761],[174.7076,-36.4764]]]}},{"type":"Feature","properties":{},"geometry":{"type":"Polygon","coordinates":[[[174.7076,-36.4501],[174.7087,-36.4513],[174.7098,-36.4514],[174.7076,-36.4501]]]}},{"type":"Feature","properties":{},"geometry":{"type":"Polygon","coordinates":[[[174.7081,-36.4642],[174.7104,-36.4643],[174.7113,-36.4631],[174.7082,-36.464],[174.7081,-36.4642]]]}},{"type":"Feature","properties":{},"geometry":{"type":"Polygon","coordinates":[[[174.7085,-36.4722],[174.7098,-36.4713],[174.7085,-36.471],[174.7085,-36.4721],[174.7085,-36.4722]]]}},{"type":"Feature","properties":{},"geometry":{"type":"Polygon","coordinates":[[[174.7101,-36.4798],[174.7119,-36.482],[174.7119,-36.4809],[174.7101,-36.4798]]]}},{"type":"Feature","properties":{},"geometry":{"type":"Polygon","coordinates":[[[174.7131,-36.471],[174.7131,-36.4711],[174.716,-36.4713],[174.7152,-36.4708],[174.7131,-36.471]]]}},{"type":"Feature","properties":{},"geometry":{"type":"Polygon","coordinates":[[[174.7133,-36.4628],[174.7147,-36.4638],[174.7159,-36.4638],[174.7133,-36.4628]]]}},{"type":"Feature","properties":{},"geometry":{"type":"Polygon","coordinates":[[[174.7143,-36.4668],[174.716,-36.4672],[174.7143,-36.4662],[174.7143,-36.4668]]]}},{"type":"Feature","properties":{},"geometry":{"type":"Polygon","coordinates":[[[174.7148,-36.4798],[174.7162,-36.4801],[174.7154,-36.4806],[174.7152,-36.4811],[174.7171,-36.4798],[174.7166,-36.4798],[174.7148,-36.4798]]]}},{"type":"Feature","properties":{},"geometry":{"type":"Polygon","coordinates":[[[174.7154,-36.4996],[174.7173,-36.5],[174.716,-36.4993],[174.716,-36.4977],[174.7157,-36.4978],[174.7155,-36.499],[174.7154,-36.4991],[174.7154,-36.4996]]]}},{"type":"Feature","properties":{},"geometry":{"type":"Polygon","coordinates":[[[174.7183,-36.5041],[174.7188,-36.5044],[174.719,-36.5019],[174.7183,-36.5041]]]}},{"type":"Feature","properties":{},"geometry":{"type":"Polygon","coordinates":[[[174.722,-36.511],[174.7227,-36.5119],[174.7224,-36.509],[174.722,-36.511]]]}},{"type":"Feature","properties":{},"geometry":{"type":"Polygon","coordinates":[[[174.6676,-36.397],[174.6676,-36.3975],[174.6724,-36.399],[174.6737,-36.4014],[174.6754,-36.4027],[174.6756,-36.4027],[174.6756,-36.4028],[174.6766,-36.4036],[174.6768,-36.4035],[174.6769,-36.4038],[174.6855,-36.4106],[174.6905,-36.4176],[174.6914,-36.417],[174.6943,-36.4218],[174.6952,-36.4225],[174.6923,-36.4182],[174.6918,-36.4167],[174.6932,-36.415],[174.6932,-36.4136],[174.6925,-36.4135],[174.6932,-36.4127],[174.6926,-36.4124],[174.6918,-36.4141],[174.6923,-36.4152],[174.6918,-36.4161],[174.6906,-36.4161],[174.6891,-36.4134],[174.6845,-36.4087],[174.68,-36.406],[174.6771,-36.4022],[174.6737,-36.401],[174.6732,-36.3989],[174.6676,-36.397]],[[174.6759,-36.4029],[174.6761,-36.4029],[174.6761,-36.4031],[174.6759,-36.4029]]]}},{"type":"Feature","properties":{},"geometry":{"type":"Polygon","coordinates":[[[174.6954,-36.4227],[174.6986,-36.4255],[174.702,-36.4261],[174.7034,-36.4255],[174.7015,-36.426],[174.6991,-36.4253],[174.6954,-36.4227]]]}},{"type":"Feature","properties":{},"geometry":{"type":"Polygon","coordinates":[[[174.7118,-36.4252],[174.712,-36.4254],[174.7145,-36.4253],[174.7145,-36.4251],[174.7118,-36.4252]]]}},{"type":"Feature","properties":{},"geometry":{"type":"Polygon","coordinates":[[[174.714,-36.4235],[174.7145,-36.4245],[174.7146,-36.4233],[174.7167,-36.4219],[174.7166,-36.4219],[174.714,-36.4235]]]}},{"type":"Feature","properties":{},"geometry":{"type":"Polygon","coordinates":[[[174.6628,-36.3977],[174.6653,-36.3969],[174.67,-36.3984],[174.6674,-36.3974],[174.6675,-36.397],[174.6667,-36.3967],[174.6628,-36.3966],[174.6628,-36.3977]]]}},{"type":"Feature","properties":{},"geometry":{"type":"Polygon","coordinates":[[[174.6693,-36.3994],[174.6701,-36.4],[174.6729,-36.3999],[174.6727,-36.4013],[174.6747,-36.4024],[174.6735,-36.4028],[174.6744,-36.4035],[174.6751,-36.4044],[174.6766,-36.4036],[174.6756,-36.4028],[174.6754,-36.4028],[174.6754,-36.4027],[174.6733,-36.4011],[174.6729,-36.3994],[174.6709,-36.3987],[174.6715,-36.3989],[174.6693,-36.3994]],[[174.6744,-36.4035],[174.6752,-36.4028],[174.6754,-36.4034],[174.6744,-36.4035]]]}},{"type":"Feature","properties":{},"geometry":{"type":"Polygon","coordinates":[[[174.6763,-36.4055],[174.6776,-36.4051],[174.6781,-36.4062],[174.6822,-36.4081],[174.6821,-36.409],[174.6834,-36.4099],[174.6836,-36.4091],[174.6769,-36.4038],[174.6771,-36.4049],[174.6763,-36.4055]]]}},{"type":"Feature","properties":{},"geometry":{"type":"Polygon","coordinates":[[[174.6814,-36.4108],[174.683,-36.4112],[174.6834,-36.41],[174.6814,-36.4108]]]}},{"type":"Feature","properties":{},"geometry":{"type":"Polygon","coordinates":[[[174.7245,-36.4346],[174.7249,-36.4359],[174.7258,-36.4342],[174.7285,-36.4328],[174.7245,-36.4346]]]}},{"type":"Feature","properties":{},"geometry":{"type":"Polygon","coordinates":[[[174.7253,-36.4418],[174.7258,-36.4415],[174.7282,-36.4417],[174.7299,-36.4407],[174.7293,-36.4405],[174.7257,-36.4415],[174.7253,-36.4418]]]}},{"type":"Feature","properties":{},"geometry":{"type":"Polygon","coordinates":[[[174.7256,-36.4828],[174.7271,-36.4823],[174.7274,-36.4813],[174.7256,-36.4828]]]}},{"type":"Feature","properties":{},"geometry":{"type":"Polygon","coordinates":[[[174.7263,-36.4889],[174.727,-36.4916],[174.7284,-36.4915],[174.7268,-36.4885],[174.7263,-36.4889]]]}},{"type":"Feature","properties":{},"geometry":{"type":"Polygon","coordinates":[[[174.7305,-36.4585],[174.7309,-36.4633],[174.7316,-36.4618],[174.7306,-36.4579],[174.7305,-36.4585]]]}},{"type":"Feature","properties":{},"geometry":{"type":"Polygon","coordinates":[[[174.7308,-36.4722],[174.7311,-36.4728],[174.7345,-36.4687],[174.7344,-36.4682],[174.7311,-36.4726],[174.7308,-36.4722]]]}},{"type":"Feature","properties":{},"geometry":{"type":"Polygon","coordinates":[[[174.731,-36.4638],[174.7337,-36.4649],[174.7343,-36.4667],[174.7341,-36.4654],[174.7331,-36.4642],[174.731,-36.4638]]]}},{"type":"Feature","properties":{},"geometry":{"type":"Polygon","coordinates":[[[174.7346,-36.4594],[174.7379,-36.4633],[174.7372,-36.4642],[174.7374,-36.4664],[174.738,-36.4664],[174.7373,-36.4641],[174.7405,-36.4629],[174.7404,-36.4628],[174.7407,-36.4628],[174.7408,-36.4628],[174.7367,-36.4579],[174.7367,-36.458],[174.7352,-36.4584],[174.7346,-36.4594]],[[174.7398,-36.4631],[174.7398,-36.4629],[174.7399,-36.4629],[174.7399,-36.4631],[174.7398,-36.4631]]]}},{"type":"Feature","properties":{},"geometry":{"type":"Polygon","coordinates":[[[174.7357,-36.4963],[174.7359,-36.501],[174.7367,-36.4993],[174.7359,-36.4961],[174.7357,-36.4963]]]}},{"type":"Feature","properties":{},"geometry":{"type":"Polygon","coordinates":[[[174.7368,-36.4954],[174.7399,-36.4935],[174.7396,-36.4918],[174.7391,-36.4917],[174.7397,-36.4932],[174.7368,-36.4954]]]}},{"type":"Feature","properties":{},"geometry":{"type":"Polygon","coordinates":[[[174.7377,-36.4863],[174.7389,-36.4878],[174.7434,-36.4871],[174.7377,-36.4863]]]}},{"type":"Feature","properties":{},"geometry":{"type":"Polygon","coordinates":[[[174.7391,-36.4582],[174.7393,-36.4585],[174.7398,-36.4572],[174.7393,-36.4566],[174.7391,-36.4582]]]}},{"type":"Feature","properties":{},"geometry":{"type":"Polygon","coordinates":[[[174.7431,-36.4836],[174.7452,-36.4871],[174.7462,-36.4874],[174.7451,-36.4861],[174.745,-36.4857],[174.7449,-36.4857],[174.7449,-36.4856],[174.7445,-36.4839],[174.7433,-36.4832],[174.7431,-36.4836]]]}},{"type":"Feature","properties":{},"geometry":{"type":"Polygon","coordinates":[[[174.7451,-36.4796],[174.7471,-36.4828],[174.7455,-36.4789],[174.7451,-36.4796]]]}},{"type":"Feature","properties":{},"geometry":{"type":"Polygon","coordinates":[[[174.7465,-36.4668],[174.7478,-36.4673],[174.7485,-36.4664],[174.7526,-36.4646],[174.7512,-36.4649],[174.7466,-36.4666],[174.7465,-36.4668]]]}},{"type":"Feature","properties":{},"geometry":{"type":"Polygon","coordinates":[[[174.7465,-36.4726],[174.7483,-36.4739],[174.7475,-36.4753],[174.7475,-36.4754],[174.749,-36.4736],[174.7465,-36.4726]]]}},{"type":"Feature","properties":{},"geometry":{"type":"Polygon","coordinates":[[[174.7485,-36.478],[174.7495,-36.4805],[174.7492,-36.4825],[174.7497,-36.4824],[174.7495,-36.4802],[174.7485,-36.478]]]}},{"type":"Feature","properties":{},"geometry":{"type":"Polygon","coordinates":[[[174.281,-36.3811],[174.2835,-36.384],[174.2835,-36.3825],[174.2825,-36.3811],[174.281,-36.3811]],[[174.2815,-36.3814],[174.2815,-36.3812],[174.2817,-36.3814],[174.2815,-36.3814]],[[174.283,-36.3833],[174.283,-36.3831],[174.2832,-36.3833],[174.283,-36.3833]]]}},{"type":"Feature","properties":{},"geometry":{"type":"Polygon","coordinates":[[[174.7957,-37.1362],[174.7976,-37.1368],[174.799,-37.1363],[174.7992,-37.1353],[174.7957,-37.1362]]]}},{"type":"Feature","properties":{},"geometry":{"type":"Polygon","coordinates":[[[175.4844,-36.2624],[175.4855,-36.263],[175.4855,-36.262],[175.4851,-36.2616],[175.4844,-36.2624]]]}},{"type":"Feature","properties":{},"geometry":{"type":"Polygon","coordinates":[[[174.2644,-36.3781],[174.2646,-36.3789],[174.2665,-36.3785],[174.2663,-36.3778],[174.2644,-36.3781]]]}},{"type":"Feature","properties":{},"geometry":{"type":"Polygon","coordinates":[[[174.4742,-36.9535],[174.4752,-36.9538],[174.4757,-36.9535],[174.475,-36.9531],[174.4742,-36.9535]]]}},{"type":"Feature","properties":{},"geometry":{"type":"Polygon","coordinates":[[[174.7737,-36.9574],[174.7743,-36.9579],[174.7745,-36.9579],[174.7741,-36.9561],[174.7737,-36.9574]]]}},{"type":"Feature","properties":{},"geometry":{"type":"Polygon","coordinates":[[[174.7741,-36.9559],[174.7774,-36.9542],[174.7796,-36.9543],[174.7813,-36.9568],[174.7782,-36.9596],[174.7799,-36.9593],[174.7804,-36.9591],[174.7814,-36.957],[174.7816,-36.9561],[174.7799,-36.9542],[174.777,-36.954],[174.7742,-36.9554],[174.7741,-36.9559]]]}},{"type":"Feature","properties":{},"geometry":{"type":"Polygon","coordinates":[[[174.7637,-36.3139],[174.7645,-36.3145],[174.7652,-36.3141],[174.7649,-36.314],[174.7652,-36.3137],[174.7652,-36.3141],[174.7655,-36.3139],[174.7655,-36.314],[174.7657,-36.314],[174.7655,-36.3139],[174.7657,-36.3137],[174.7659,-36.3137],[174.7659,-36.3136],[174.7674,-36.3126],[174.7659,-36.3122],[174.7643,-36.3129],[174.7637,-36.3139]],[[174.764,-36.3136],[174.7643,-36.3136],[174.7642,-36.3139],[174.764,-36.3136]]]}},{"type":"Feature","properties":{},"geometry":{"type":"Polygon","coordinates":[[[174.4191,-36.6564],[174.4196,-36.6564],[174.4196,-36.6557],[174.4228,-36.6549],[174.4247,-36.6558],[174.4261,-36.6546],[174.4235,-36.6524],[174.4223,-36.6521],[174.4221,-36.6527],[174.422,-36.6519],[174.422,-36.6517],[174.4219,-36.6517],[174.4218,-36.651],[174.4214,-36.6516],[174.4206,-36.6509],[174.4199,-36.6527],[174.4208,-36.6535],[174.4215,-36.6542],[174.4216,-36.6545],[174.4217,-36.6544],[174.422,-36.6546],[174.4201,-36.655],[174.4196,-36.6547],[174.4191,-36.6564]],[[174.4208,-36.6519],[174.4213,-36.6517],[174.4211,-36.6528],[174.4208,-36.6519]],[[174.4213,-36.6534],[174.4213,-36.6531],[174.4216,-36.6534],[174.4213,-36.6534]],[[174.4214,-36.6524],[174.4214,-36.6523],[174.4216,-36.6523],[174.4216,-36.6524],[174.4214,-36.6524]],[[174.4216,-36.6536],[174.4218,-36.6535],[174.422,-36.6538],[174.4216,-36.6536]],[[174.422,-36.6532],[174.422,-36.6528],[174.4223,-36.6532],[174.422,-36.6532]],[[174.4221,-36.6543],[174.4223,-36.6542],[174.4225,-36.6545],[174.4221,-36.6543]],[[174.4226,-36.6532],[174.4228,-36.6531],[174.4232,-36.6535],[174.4226,-36.6532]],[[174.4228,-36.6538],[174.4232,-36.6538],[174.423,-36.6539],[174.4228,-36.6538]],[[174.423,-36.653],[174.423,-36.6528],[174.4233,-36.6528],[174.4233,-36.653],[174.423,-36.653]],[[174.4233,-36.6532],[174.4233,-36.6531],[174.4237,-36.6531],[174.4237,-36.6532],[174.4233,-36.6532]],[[174.4249,-36.6551],[174.425,-36.6551],[174.425,-36.6553],[174.4249,-36.6551]],[[174.4249,-36.655],[174.4252,-36.6546],[174.4254,-36.6551],[174.4249,-36.655]]]}},{"type":"Feature","properties":{},"geometry":{"type":"Polygon","coordinates":[[[174.4194,-36.6535],[174.4199,-36.6536],[174.4196,-36.6545],[174.4209,-36.6542],[174.4208,-36.6535],[174.4194,-36.6535]],[[174.4204,-36.6539],[174.4204,-36.6538],[174.4206,-36.6538],[174.4206,-36.6539],[174.4204,-36.6539]]]}},{"type":"Feature","properties":{},"geometry":{"type":"Polygon","coordinates":[[[174.4213,-36.6567],[174.4232,-36.6575],[174.4236,-36.657],[174.4238,-36.6571],[174.4238,-36.6568],[174.4237,-36.6569],[174.4242,-36.6562],[174.4226,-36.6564],[174.4233,-36.6558],[174.4228,-36.6554],[174.4221,-36.6558],[174.4226,-36.6572],[174.4213,-36.6567]],[[174.4237,-36.6565],[174.4237,-36.6564],[174.4238,-36.6564],[174.4238,-36.6565],[174.4237,-36.6565]]]}},{"type":"Feature","properties":{},"geometry":{"type":"Polygon","coordinates":[[[174.5991,-36.7919],[174.6007,-36.7941],[174.6013,-36.7941],[174.5991,-36.7919]]]}},{"type":"Feature","properties":{},"geometry":{"type":"Polygon","coordinates":[[[174.5988,-36.7867],[174.601,-36.7839],[174.6007,-36.7827],[174.5988,-36.7867]]]}},{"type":"Feature","properties":{},"geometry":{"type":"Polygon","coordinates":[[[174.6008,-36.7928],[174.6021,-36.7945],[174.6024,-36.7948],[174.602,-36.7937],[174.6008,-36.7928]]]}},{"type":"Feature","properties":{},"geometry":{"type":"Polygon","coordinates":[[[174.6165,-36.7801],[174.6181,-36.7803],[174.6186,-36.7814],[174.6179,-36.7797],[174.6179,-36.7799],[174.6169,-36.7795],[174.6172,-36.7784],[174.6165,-36.7801]]]}},{"type":"Feature","properties":{},"geometry":{"type":"Polygon","coordinates":[[[174.6233,-36.7761],[174.6234,-36.7766],[174.6268,-36.7748],[174.6233,-36.7761]]]}},{"type":"Feature","properties":{},"geometry":{"type":"Polygon","coordinates":[[[174.6307,-36.7756],[174.631,-36.7762],[174.6328,-36.7756],[174.6327,-36.7755],[174.6307,-36.7756]]]}},{"type":"Feature","properties":{},"geometry":{"type":"Polygon","coordinates":[[[174.6368,-36.7766],[174.639,-36.7747],[174.6383,-36.7747],[174.6368,-36.7766]]]}},{"type":"Feature","properties":{},"geometry":{"type":"Polygon","coordinates":[[[174.6377,-36.7965],[174.6378,-36.7963],[174.6384,-36.7955],[174.6385,-36.7954],[174.6404,-36.7931],[174.6405,-36.7922],[174.6377,-36.7965]]]}},{"type":"Feature","properties":{},"geometry":{"type":"Polygon","coordinates":[[[174.638,-36.7909],[174.6406,-36.7917],[174.6406,-36.7914],[174.6382,-36.7908],[174.638,-36.7909]]]}},{"type":"Feature","properties":{},"geometry":{"type":"Polygon","coordinates":[[[174.6457,-36.7824],[174.6469,-36.7822],[174.6462,-36.7826],[174.6535,-36.7823],[174.6598,-36.7802],[174.66,-36.7798],[174.6554,-36.7809],[174.6536,-36.7822],[174.6493,-36.7818],[174.6496,-36.7816],[174.6458,-36.782],[174.6457,-36.7824]],[[174.6471,-36.7822],[174.6471,-36.7821],[174.6476,-36.7821],[174.6476,-36.7822],[174.6471,-36.7822]],[[174.6478,-36.7821],[174.6491,-36.7818],[174.6483,-36.7821],[174.6478,-36.7821]]]}},{"type":"Feature","properties":{},"geometry":{"type":"Polygon","coordinates":[[[174.6507,-36.7809],[174.6536,-36.779],[174.6587,-36.7776],[174.6599,-36.7745],[174.6598,-36.7745],[174.6581,-36.7775],[174.6529,-36.7787],[174.6507,-36.7809]]]}},{"type":"Feature","properties":{},"geometry":{"type":"Polygon","coordinates":[[[174.5915,-36.7922],[174.5924,-36.7885],[174.5926,-36.7883],[174.592,-36.7883],[174.5915,-36.7922]]]}},{"type":"Feature","properties":{},"geometry":{"type":"Polygon","coordinates":[[[174.5948,-36.7869],[174.5979,-36.7847],[174.5957,-36.7855],[174.5948,-36.7869]]]}},{"type":"Feature","properties":{},"geometry":{"type":"Polygon","coordinates":[[[174.5963,-36.7683],[174.5978,-36.7687],[174.6,-36.7677],[174.5963,-36.7683]]]}},{"type":"Feature","properties":{},"geometry":{"type":"Polygon","coordinates":[[[174.5967,-36.7539],[174.5971,-36.7541],[174.5983,-36.7535],[174.5984,-36.7526],[174.5977,-36.7524],[174.5979,-36.7531],[174.5979,-36.7533],[174.5967,-36.7539]]]}},{"type":"Feature","properties":{},"geometry":{"type":"Polygon","coordinates":[[[174.5971,-36.7505],[174.5974,-36.7516],[174.5983,-36.7505],[174.5981,-36.7477],[174.599,-36.7472],[174.6027,-36.7482],[174.6036,-36.7472],[174.6032,-36.7467],[174.6041,-36.7464],[174.6048,-36.7482],[174.6065,-36.7485],[174.607,-36.7467],[174.6061,-36.7462],[174.6066,-36.7471],[174.6061,-36.7482],[174.6051,-36.7481],[174.6044,-36.7459],[174.6025,-36.7464],[174.6029,-36.7477],[174.602,-36.7478],[174.5979,-36.7468],[174.5978,-36.7507],[174.5971,-36.7505]]]}},{"type":"Feature","properties":{},"geometry":{"type":"Polygon","coordinates":[[[174.6009,-36.7602],[174.602,-36.7608],[174.603,-36.7602],[174.6009,-36.7602]]]}},{"type":"Feature","properties":{},"geometry":{"type":"Polygon","coordinates":[[[174.6028,-36.766],[174.6051,-36.7668],[174.6042,-36.766],[174.6028,-36.766]]]}},{"type":"Feature","properties":{},"geometry":{"type":"Polygon","coordinates":[[[174.6105,-36.7708],[174.6119,-36.771],[174.6126,-36.7703],[174.6126,-36.7702],[174.6105,-36.7708]]]}},{"type":"Feature","properties":{},"geometry":{"type":"Polygon","coordinates":[[[174.6138,-36.7726],[174.6138,-36.7727],[174.6195,-36.7698],[174.6193,-36.7698],[174.6138,-36.7726]]]}},{"type":"Feature","properties":{},"geometry":{"type":"Polygon","coordinates":[[[174.6199,-36.7698],[174.6229,-36.7705],[174.622,-36.7697],[174.6199,-36.7698]]]}},{"type":"Feature","properties":{},"geometry":{"type":"Polygon","coordinates":[[[174.6264,-36.7693],[174.6267,-36.7697],[174.6301,-36.7686],[174.6297,-36.7683],[174.6264,-36.7693]]]}},{"type":"Feature","properties":{},"geometry":{"type":"Polygon","coordinates":[[[174.6309,-36.7671],[174.6321,-36.7691],[174.6321,-36.7647],[174.6319,-36.7667],[174.6309,-36.7671]]]}},{"type":"Feature","properties":{},"geometry":{"type":"Polygon","coordinates":[[[174.6331,-36.7578],[174.6339,-36.7559],[174.6331,-36.7559],[174.6331,-36.7578]]]}},{"type":"Feature","properties":{},"geometry":{"type":"Polygon","coordinates":[[[174.5959,-36.7606],[174.5984,-36.761],[174.5985,-36.7609],[174.5964,-36.7606],[174.5978,-36.7598],[174.5979,-36.7595],[174.5959,-36.7606]]]}},{"type":"Feature","properties":{},"geometry":{"type":"Polygon","coordinates":[[[174.5959,-36.7537],[174.5974,-36.7557],[174.5991,-36.7561],[174.5992,-36.7558],[174.5963,-36.754],[174.5977,-36.7532],[174.5959,-36.7537]]]}},{"type":"Feature","properties":{},"geometry":{"type":"Polygon","coordinates":[[[174.5962,-36.752],[174.5979,-36.7531],[174.5982,-36.7529],[174.5971,-36.7522],[174.5969,-36.7522],[174.5969,-36.7521],[174.5966,-36.7519],[174.5968,-36.7512],[174.5962,-36.752]]]}},{"type":"Feature","properties":{},"geometry":{"type":"Polygon","coordinates":[[[174.5976,-36.7627],[174.5983,-36.7639],[174.5984,-36.7632],[174.5981,-36.7634],[174.5984,-36.7614],[174.5976,-36.7627]]]}},{"type":"Feature","properties":{},"geometry":{"type":"Polygon","coordinates":[[[174.5981,-36.7563],[174.5982,-36.7586],[174.5991,-36.7563],[174.5981,-36.7563]]]}},{"type":"Feature","properties":{},"geometry":{"type":"Polygon","coordinates":[[[174.6349,-36.8709],[174.6365,-36.8694],[174.6365,-36.8682],[174.635,-36.8705],[174.6349,-36.8709]]]}},{"type":"Feature","properties":{},"geometry":{"type":"Polygon","coordinates":[[[174.6168,-36.8553],[174.6186,-36.8553],[174.6219,-36.8528],[174.6168,-36.8553]]]}},{"type":"Feature","properties":{},"geometry":{"type":"Polygon","coordinates":[[[174.619,-36.8539],[174.6248,-36.8491],[174.6242,-36.8491],[174.6201,-36.8519],[174.6208,-36.8521],[174.619,-36.8539]]]}},{"type":"Feature","properties":{},"geometry":{"type":"Polygon","coordinates":[[[174.628,-36.8417],[174.6283,-36.842],[174.6302,-36.8409],[174.6303,-36.8408],[174.628,-36.8417]]]}},{"type":"Feature","properties":{},"geometry":{"type":"Polygon","coordinates":[[[174.6289,-36.84],[174.6346,-36.8368],[174.6317,-36.8375],[174.6289,-36.84]]]}},{"type":"Feature","properties":{},"geometry":{"type":"Polygon","coordinates":[[[174.6304,-36.8242],[174.6311,-36.8244],[174.6341,-36.8237],[174.6304,-36.8242]]]}},{"type":"Feature","properties":{},"geometry":{"type":"Polygon","coordinates":[[[174.6353,-36.8246],[174.6363,-36.8263],[174.6369,-36.8262],[174.6353,-36.8245],[174.6353,-36.8246]]]}},{"type":"Feature","properties":{},"geometry":{"type":"Polygon","coordinates":[[[174.6425,-36.7913],[174.6464,-36.7893],[174.6462,-36.7892],[174.6425,-36.7912],[174.6425,-36.7913]]]}},{"type":"Feature","properties":{},"geometry":{"type":"Polygon","coordinates":[[[174.6487,-36.8025],[174.6489,-36.8028],[174.6501,-36.8015],[174.653,-36.8019],[174.6532,-36.8017],[174.6522,-36.8013],[174.6502,-36.8011],[174.6487,-36.8025]]]}},{"type":"Feature","properties":{},"geometry":{"type":"Polygon","coordinates":[[[174.6349,-36.8767],[174.6353,-36.8771],[174.6358,-36.8754],[174.6351,-36.8742],[174.6354,-36.8752],[174.6356,-36.8756],[174.6355,-36.8757],[174.6356,-36.8761],[174.6349,-36.8767]]]}},{"type":"Feature","properties":{},"geometry":{"type":"Polygon","coordinates":[[[174.6294,-36.8464],[174.63,-36.8458],[174.6308,-36.844],[174.6302,-36.8441],[174.6294,-36.8464]]]}},{"type":"Feature","properties":{},"geometry":{"type":"Polygon","coordinates":[[[174.6336,-36.8461],[174.6347,-36.8479],[174.6336,-36.8446],[174.6336,-36.8461]]]}},{"type":"Feature","properties":{},"geometry":{"type":"Polygon","coordinates":[[[174.6349,-36.8482],[174.635,-36.8482],[174.637,-36.8478],[174.6373,-36.8465],[174.6349,-36.8482]]]}},{"type":"Feature","properties":{},"geometry":{"type":"Polygon","coordinates":[[[174.6377,-36.8465],[174.6394,-36.8473],[174.6398,-36.8469],[174.6398,-36.8465],[174.6377,-36.8465]]]}},{"type":"Feature","properties":{},"geometry":{"type":"Polygon","coordinates":[[[174.6384,-36.8528],[174.6403,-36.8532],[174.6388,-36.8576],[174.6402,-36.8551],[174.6402,-36.8549],[174.6401,-36.8549],[174.6401,-36.8548],[174.6402,-36.8549],[174.6403,-36.8532],[174.6385,-36.8528],[174.6411,-36.8527],[174.6411,-36.8504],[174.6404,-36.8526],[174.6384,-36.8528]]]}},{"type":"Feature","properties":{},"geometry":{"type":"Polygon","coordinates":[[[174.6362,-36.8699],[174.6372,-36.8689],[174.6368,-36.8665],[174.6367,-36.8663],[174.6365,-36.868],[174.6368,-36.8678],[174.6364,-36.8684],[174.6362,-36.8699]]]}},{"type":"Feature","properties":{},"geometry":{"type":"Polygon","coordinates":[[[174.6389,-36.858],[174.6389,-36.8584],[174.6391,-36.8586],[174.6401,-36.8566],[174.6404,-36.857],[174.6408,-36.8556],[174.6389,-36.858]]]}},{"type":"Feature","properties":{},"geometry":{"type":"Polygon","coordinates":[[[174.6419,-36.843],[174.6446,-36.8455],[174.6447,-36.8454],[174.6438,-36.8436],[174.6419,-36.843]]]}},{"type":"Feature","properties":{},"geometry":{"type":"Polygon","coordinates":[[[174.6371,-36.8379],[174.6372,-36.8379],[174.6375,-36.8379],[174.6397,-36.8362],[174.6397,-36.8364],[174.6399,-36.8364],[174.6399,-36.8361],[174.6401,-36.836],[174.6403,-36.8342],[174.6411,-36.8334],[174.6409,-36.8334],[174.6371,-36.8379]]]}},{"type":"Feature","properties":{},"geometry":{"type":"Polygon","coordinates":[[[174.6424,-36.832],[174.6442,-36.8336],[174.6445,-36.8336],[174.6428,-36.8313],[174.6437,-36.8282],[174.6435,-36.8275],[174.6424,-36.832]]]}},{"type":"Feature","properties":{},"geometry":{"type":"Polygon","coordinates":[[[174.6502,-36.8249],[174.6523,-36.8284],[174.6529,-36.8284],[174.6504,-36.8249],[174.6502,-36.8249]]]}},{"type":"Feature","properties":{},"geometry":{"type":"Polygon","coordinates":[[[174.6412,-36.8219],[174.6455,-36.8178],[174.642,-36.82],[174.6412,-36.8219]]]}},{"type":"Feature","properties":{},"geometry":{"type":"Polygon","coordinates":[[[174.6445,-36.8116],[174.6502,-36.8136],[174.6528,-36.8079],[174.6489,-36.8068],[174.646,-36.8086],[174.6485,-36.8032],[174.6483,-36.8029],[174.6471,-36.804],[174.6455,-36.8079],[174.6461,-36.8092],[174.6452,-36.8114],[174.6445,-36.8116]]]}},{"type":"Feature","properties":{},"geometry":{"type":"Polygon","coordinates":[[[174.6346,-36.7715],[174.6389,-36.7694],[174.6363,-36.7698],[174.6346,-36.7715]]]}},{"type":"Feature","properties":{},"geometry":{"type":"Polygon","coordinates":[[[174.6348,-36.7573],[174.6351,-36.7575],[174.6351,-36.7564],[174.6363,-36.7556],[174.6358,-36.7527],[174.6356,-36.7528],[174.6353,-36.7544],[174.6355,-36.7546],[174.6352,-36.755],[174.6348,-36.7573]]]}},{"type":"Feature","properties":{},"geometry":{"type":"Polygon","coordinates":[[[174.6469,-36.7658],[174.6472,-36.7663],[174.6485,-36.7654],[174.6483,-36.7653],[174.6469,-36.7658]]]}},{"type":"Feature","properties":{},"geometry":{"type":"Polygon","coordinates":[[[174.66,-36.7703],[174.6608,-36.7702],[174.6647,-36.7665],[174.6635,-36.7669],[174.66,-36.7703]]]}},{"type":"Feature","properties":{},"geometry":{"type":"Polygon","coordinates":[[[174.6686,-36.7583],[174.6687,-36.7592],[174.6715,-36.7564],[174.6714,-36.7564],[174.6713,-36.7564],[174.6686,-36.7583]]]}},{"type":"Feature","properties":{},"geometry":{"type":"Polygon","coordinates":[[[174.6776,-36.7452],[174.6778,-36.7465],[174.6784,-36.7445],[174.6776,-36.7452]]]}},{"type":"Feature","properties":{},"geometry":{"type":"Polygon","coordinates":[[[174.6802,-36.7413],[174.6815,-36.7381],[174.6805,-36.7386],[174.6802,-36.7413]]]}},{"type":"Feature","properties":{},"geometry":{"type":"Polygon","coordinates":[[[174.6594,-36.8943],[174.6595,-36.8945],[174.6642,-36.8909],[174.6658,-36.8874],[174.6642,-36.8889],[174.6635,-36.891],[174.6619,-36.8915],[174.6594,-36.8943]]]}},{"type":"Feature","properties":{},"geometry":{"type":"Polygon","coordinates":[[[174.6594,-36.8605],[174.6616,-36.8618],[174.6619,-36.8615],[174.6606,-36.8608],[174.6594,-36.8605]]]}},{"type":"Feature","properties":{},"geometry":{"type":"Polygon","coordinates":[[[174.661,-36.8637],[174.6646,-36.864],[174.6645,-36.8637],[174.661,-36.8637]]]}},{"type":"Feature","properties":{},"geometry":{"type":"Polygon","coordinates":[[[174.6633,-36.8614],[174.6676,-36.8661],[174.6758,-36.8705],[174.676,-36.8705],[174.6681,-36.8664],[174.6633,-36.8614]]]}},{"type":"Feature","properties":{},"geometry":{"type":"Polygon","coordinates":[[[174.6645,-36.8687],[174.6652,-36.8659],[174.6648,-36.8645],[174.6645,-36.8687]]]}},{"type":"Feature","properties":{},"geometry":{"type":"Polygon","coordinates":[[[174.6652,-36.8777],[174.6672,-36.8757],[174.6681,-36.8738],[174.6672,-36.8731],[174.6657,-36.8735],[174.6653,-36.8729],[174.6656,-36.8735],[174.668,-36.8739],[174.6652,-36.8777]]]}},{"type":"Feature","properties":{},"geometry":{"type":"Polygon","coordinates":[[[174.6653,-36.8589],[174.6746,-36.8691],[174.6746,-36.8654],[174.6656,-36.8574],[174.6653,-36.8589]]]}},{"type":"Feature","properties":{},"geometry":{"type":"Polygon","coordinates":[[[174.6716,-36.8741],[174.6738,-36.8719],[174.6723,-36.8724],[174.6716,-36.8741]]]}},{"type":"Feature","properties":{},"geometry":{"type":"Polygon","coordinates":[[[174.6779,-36.872],[174.6785,-36.8722],[174.6789,-36.8754],[174.6831,-36.8721],[174.6837,-36.8721],[174.6783,-36.8721],[174.6779,-36.872]]]}},{"type":"Feature","properties":{},"geometry":{"type":"Polygon","coordinates":[[[174.6818,-36.8713],[174.6848,-36.8717],[174.6888,-36.8716],[174.6818,-36.8713]]]}},{"type":"Feature","properties":{},"geometry":{"type":"Polygon","coordinates":[[[174.6537,-36.882],[174.6546,-36.8821],[174.6541,-36.8836],[174.6563,-36.8798],[174.6537,-36.882]]]}},{"type":"Feature","properties":{},"geometry":{"type":"Polygon","coordinates":[[[174.6551,-36.8777],[174.6552,-36.8778],[174.6579,-36.8775],[174.6577,-36.8771],[174.6551,-36.8777]]]}},{"type":"Feature","properties":{},"geometry":{"type":"Polygon","coordinates":[[[174.6563,-36.8661],[174.6589,-36.8655],[174.6594,-36.8602],[174.6572,-36.8594],[174.6563,-36.8608],[174.6566,-36.863],[174.6563,-36.8661]]]}},{"type":"Feature","properties":{},"geometry":{"type":"Polygon","coordinates":[[[174.6532,-36.8732],[174.6548,-36.8741],[174.6568,-36.8737],[174.6534,-36.8732],[174.6532,-36.8732]]]}},{"type":"Feature","properties":{},"geometry":{"type":"Polygon","coordinates":[[[174.6549,-36.8706],[174.6557,-36.8721],[174.6558,-36.872],[174.6557,-36.8703],[174.6549,-36.8706]]]}},{"type":"Feature","properties":{},"geometry":{"type":"Polygon","coordinates":[[[174.6526,-36.8266],[174.6528,-36.8292],[174.6532,-36.8294],[174.6539,-36.8276],[174.6602,-36.8309],[174.6609,-36.8321],[174.6603,-36.8307],[174.6535,-36.8269],[174.6526,-36.8266]]]}},{"type":"Feature","properties":{},"geometry":{"type":"Polygon","coordinates":[[[174.6548,-36.8508],[174.6549,-36.8508],[174.6555,-36.8529],[174.6556,-36.8529],[174.6556,-36.853],[174.6555,-36.853],[174.6568,-36.8575],[174.6567,-36.8507],[174.6614,-36.8414],[174.6615,-36.8406],[174.6597,-36.8414],[174.6599,-36.8418],[174.6601,-36.8418],[174.6601,-36.8421],[174.66,-36.8421],[174.6601,-36.8422],[174.6585,-36.8431],[174.6585,-36.8441],[174.6578,-36.844],[174.6572,-36.8467],[174.6563,-36.8455],[174.6548,-36.8504],[174.6548,-36.8507],[174.6548,-36.8508]],[[174.6554,-36.8497],[174.6554,-36.8496],[174.6556,-36.8496],[174.6554,-36.8497]],[[174.6556,-36.85],[174.6556,-36.8499],[174.6558,-36.8499],[174.6558,-36.85],[174.6556,-36.85]],[[174.6561,-36.8463],[174.6561,-36.8462],[174.6563,-36.8462],[174.6563,-36.8463],[174.6561,-36.8463]],[[174.6577,-36.8459],[174.6577,-36.8458],[174.6578,-36.8458],[174.6578,-36.8459],[174.6577,-36.8459]],[[174.6578,-36.8448],[174.6578,-36.8447],[174.658,-36.8447],[174.658,-36.8448],[174.6578,-36.8448]],[[174.6602,-36.8421],[174.6602,-36.842],[174.6606,-36.842],[174.6606,-36.8421],[174.6602,-36.8421]],[[174.6604,-36.8417],[174.6604,-36.8416],[174.6607,-36.8416],[174.6607,-36.8417],[174.6604,-36.8417]],[[174.6609,-36.8414],[174.6609,-36.8413],[174.6611,-36.8413],[174.6611,-36.8414],[174.6609,-36.8414]]]}},{"type":"Feature","properties":{},"geometry":{"type":"Polygon","coordinates":[[[174.6697,-36.8011],[174.6723,-36.8019],[174.6706,-36.8049],[174.6703,-36.8052],[174.6708,-36.805],[174.6727,-36.8018],[174.6697,-36.8011]]]}},{"type":"Feature","properties":{},"geometry":{"type":"Polygon","coordinates":[[[174.671,-36.7878],[174.6729,-36.789],[174.6727,-36.7882],[174.671,-36.7878]]]}},{"type":"Feature","properties":{},"geometry":{"type":"Polygon","coordinates":[[[174.6522,-36.7921],[174.6534,-36.7911],[174.6532,-36.7884],[174.6531,-36.7884],[174.6522,-36.7921]]]}},{"type":"Feature","properties":{},"geometry":{"type":"Polygon","coordinates":[[[174.6798,-36.9],[174.6828,-36.8999],[174.6836,-36.9018],[174.6842,-36.902],[174.6831,-36.8998],[174.6798,-36.9]]]}},{"type":"Feature","properties":{},"geometry":{"type":"Polygon","coordinates":[[[174.6875,-36.9019],[174.6877,-36.9019],[174.6903,-36.904],[174.6923,-36.9041],[174.6908,-36.9038],[174.6899,-36.9029],[174.6878,-36.9018],[174.6875,-36.9019]]]}},{"type":"Feature","properties":{},"geometry":{"type":"Polygon","coordinates":[[[174.6724,-36.8988],[174.6751,-36.9003],[174.6747,-36.8994],[174.6724,-36.8988]]]}},{"type":"Feature","properties":{},"geometry":{"type":"Polygon","coordinates":[[[174.6754,-36.9005],[174.6758,-36.9007],[174.6763,-36.8997],[174.6759,-36.899],[174.6756,-36.8989],[174.6754,-36.9005]]]}},{"type":"Feature","properties":{},"geometry":{"type":"Polygon","coordinates":[[[174.677,-36.899],[174.6773,-36.9007],[174.6778,-36.901],[174.6772,-36.8991],[174.677,-36.899]]]}},{"type":"Feature","properties":{},"geometry":{"type":"Polygon","coordinates":[[[174.6723,-36.8889],[174.6737,-36.8878],[174.674,-36.8858],[174.6723,-36.8889]]]}},{"type":"Feature","properties":{},"geometry":{"type":"Polygon","coordinates":[[[174.6724,-36.889],[174.6759,-36.8921],[174.6766,-36.8921],[174.6724,-36.889]]]}},{"type":"Feature","properties":{},"geometry":{"type":"Polygon","coordinates":[[[174.6788,-36.7901],[174.6831,-36.7932],[174.6829,-36.7926],[174.6788,-36.79],[174.6788,-36.7901]]]}},{"type":"Feature","properties":{},"geometry":{"type":"Polygon","coordinates":[[[174.6816,-36.7977],[174.684,-36.7987],[174.6843,-36.8002],[174.6844,-36.8002],[174.6846,-36.7988],[174.6816,-36.7976],[174.6816,-36.7977]]]}},{"type":"Feature","properties":{},"geometry":{"type":"Polygon","coordinates":[[[174.6707,-36.7848],[174.6749,-36.7856],[174.6747,-36.7854],[174.6708,-36.7847],[174.6707,-36.7848]]]}},{"type":"Feature","properties":{},"geometry":{"type":"Polygon","coordinates":[[[174.6803,-36.7847],[174.684,-36.781],[174.6869,-36.7824],[174.6919,-36.7807],[174.6921,-36.7805],[174.6867,-36.7822],[174.6858,-36.7807],[174.6841,-36.7806],[174.6807,-36.7835],[174.6803,-36.7847]]]}},{"type":"Feature","properties":{},"geometry":{"type":"Polygon","coordinates":[[[174.6926,-36.7802],[174.6979,-36.7765],[174.695,-36.7777],[174.6926,-36.7802]]]}},{"type":"Feature","properties":{},"geometry":{"type":"Polygon","coordinates":[[[174.6653,-36.78],[174.669,-36.7808],[174.6698,-36.7827],[174.6712,-36.7828],[174.6701,-36.7844],[174.6703,-36.7844],[174.6717,-36.7821],[174.67,-36.7825],[174.6688,-36.7802],[174.6653,-36.78]]]}},{"type":"Feature","properties":{},"geometry":{"type":"Polygon","coordinates":[[[174.6659,-36.7676],[174.6661,-36.7682],[174.6674,-36.7683],[174.6671,-36.7679],[174.6659,-36.7676]]]}},{"type":"Feature","properties":{},"geometry":{"type":"Polygon","coordinates":[[[174.6669,-36.7674],[174.6669,-36.7675],[174.6691,-36.766],[174.6693,-36.7645],[174.6689,-36.7659],[174.6669,-36.7674]]]}},{"type":"Feature","properties":{},"geometry":{"type":"Polygon","coordinates":[[[174.6761,-36.7595],[174.6785,-36.7623],[174.6786,-36.7624],[174.6771,-36.76],[174.6761,-36.7595]]]}},{"type":"Feature","properties":{},"geometry":{"type":"Polygon","coordinates":[[[174.6789,-36.7478],[174.6798,-36.7479],[174.6805,-36.7449],[174.68,-36.7443],[174.6804,-36.7451],[174.6789,-36.7478]]]}},{"type":"Feature","properties":{},"geometry":{"type":"Polygon","coordinates":[[[174.6875,-36.7354],[174.6889,-36.734],[174.6883,-36.7332],[174.6875,-36.7354]]]}},{"type":"Feature","properties":{},"geometry":{"type":"Polygon","coordinates":[[[174.6935,-36.7304],[174.694,-36.7304],[174.694,-36.7299],[174.6936,-36.7292],[174.6941,-36.7291],[174.6942,-36.7267],[174.6941,-36.7267],[174.6938,-36.7265],[174.6935,-36.7304]]]}},{"type":"Feature","properties":{},"geometry":{"type":"Polygon","coordinates":[[[174.692,-36.9062],[174.693,-36.9074],[174.6935,-36.9072],[174.6922,-36.9059],[174.692,-36.9062]]]}},{"type":"Feature","properties":{},"geometry":{"type":"Polygon","coordinates":[[[174.6941,-36.8783],[174.6942,-36.8784],[174.6956,-36.8756],[174.6952,-36.8739],[174.6941,-36.8783]]]}},{"type":"Feature","properties":{},"geometry":{"type":"Polygon","coordinates":[[[174.6993,-36.873],[174.7032,-36.8741],[174.7041,-36.8737],[174.6993,-36.873]]]}},{"type":"Feature","properties":{},"geometry":{"type":"Polygon","coordinates":[[[174.6963,-36.869],[174.6969,-36.8692],[174.6968,-36.8687],[174.6974,-36.8687],[174.6968,-36.868],[174.6981,-36.8648],[174.6972,-36.8655],[174.6963,-36.869]]]}},{"type":"Feature","properties":{},"geometry":{"type":"Polygon","coordinates":[[[174.6978,-36.8687],[174.698,-36.8695],[174.699,-36.8698],[174.6989,-36.8708],[174.7003,-36.8706],[174.6985,-36.8687],[174.6978,-36.8687]]]}},{"type":"Feature","properties":{},"geometry":{"type":"Polygon","coordinates":[[[174.6983,-36.8637],[174.6987,-36.8636],[174.699,-36.8629],[174.6991,-36.8608],[174.6983,-36.8637]]]}},{"type":"Feature","properties":{},"geometry":{"type":"Polygon","coordinates":[[[174.6996,-36.8586],[174.7029,-36.8537],[174.703,-36.8524],[174.6999,-36.8574],[174.6996,-36.8586]]]}},{"type":"Feature","properties":{},"geometry":{"type":"Polygon","coordinates":[[[174.7078,-36.8584],[174.709,-36.8589],[174.7085,-36.8599],[174.7096,-36.8598],[174.7097,-36.8598],[174.7083,-36.8564],[174.7078,-36.8584]]]}},{"type":"Feature","properties":{},"geometry":{"type":"Polygon","coordinates":[[[174.6957,-36.8151],[174.6992,-36.8134],[174.6991,-36.8134],[174.6957,-36.8147],[174.6957,-36.8151]]]}},{"type":"Feature","properties":{},"geometry":{"type":"Polygon","coordinates":[[[174.7022,-36.8243],[174.7056,-36.8251],[174.7075,-36.8236],[174.707,-36.8235],[174.7053,-36.825],[174.7043,-36.8243],[174.7022,-36.8243]]]}},{"type":"Feature","properties":{},"geometry":{"type":"Polygon","coordinates":[[[174.7077,-36.8236],[174.7093,-36.8258],[174.7099,-36.8252],[174.7082,-36.8237],[174.7077,-36.8236]]]}},{"type":"Feature","properties":{},"geometry":{"type":"Polygon","coordinates":[[[174.7162,-36.824],[174.7208,-36.8225],[174.7181,-36.823],[174.7162,-36.824]]]}},{"type":"Feature","properties":{},"geometry":{"type":"Polygon","coordinates":[[[174.7225,-36.8223],[174.724,-36.8229],[174.7246,-36.8216],[174.7242,-36.822],[174.7225,-36.8223]]]}},{"type":"Feature","properties":{},"geometry":{"type":"Polygon","coordinates":[[[174.7254,-36.8201],[174.7263,-36.8184],[174.7254,-36.8189],[174.7254,-36.8201]]]}},{"type":"Feature","properties":{},"geometry":{"type":"Polygon","coordinates":[[[174.6871,-36.8071],[174.6871,-36.8072],[174.6904,-36.8088],[174.6904,-36.8081],[174.6871,-36.8071]]]}},{"type":"Feature","properties":{},"geometry":{"type":"Polygon","coordinates":[[[174.6903,-36.8125],[174.6904,-36.8128],[174.6978,-36.8128],[174.6903,-36.8125]]]}},{"type":"Feature","properties":{},"geometry":{"type":"Polygon","coordinates":[[[174.6897,-36.7862],[174.6898,-36.7871],[174.6901,-36.7873],[174.6904,-36.7862],[174.6897,-36.7862]]]}},{"type":"Feature","properties":{},"geometry":{"type":"Polygon","coordinates":[[[174.7034,-36.7856],[174.7041,-36.7884],[174.7051,-36.7896],[174.7035,-36.7856],[174.7034,-36.7856]]]}},{"type":"Feature","properties":{},"geometry":{"type":"Polygon","coordinates":[[[174.6977,-36.7784],[174.6997,-36.7768],[174.6999,-36.7752],[174.6977,-36.7784]]]}},{"type":"Feature","properties":{},"geometry":{"type":"Polygon","coordinates":[[[174.7094,-36.8587],[174.7102,-36.8597],[174.7116,-36.8607],[174.7095,-36.8576],[174.7094,-36.8587]]]}},{"type":"Feature","properties":{},"geometry":{"type":"Polygon","coordinates":[[[174.711,-36.8558],[174.7111,-36.8563],[174.7131,-36.8586],[174.7152,-36.8589],[174.7179,-36.8579],[174.7129,-36.8583],[174.711,-36.8558]]]}},{"type":"Feature","properties":{},"geometry":{"type":"Polygon","coordinates":[[[174.715,-36.8521],[174.7179,-36.8517],[174.7192,-36.8503],[174.7191,-36.8502],[174.715,-36.8521]]]}},{"type":"Feature","properties":{},"geometry":{"type":"Polygon","coordinates":[[[174.716,-36.8563],[174.7178,-36.8573],[174.7177,-36.8566],[174.716,-36.8563]]]}},{"type":"Feature","properties":{},"geometry":{"type":"Polygon","coordinates":[[[174.7042,-36.7861],[174.7043,-36.7862],[174.7077,-36.7847],[174.7066,-36.7847],[174.7042,-36.7861]]]}},{"type":"Feature","properties":{},"geometry":{"type":"Polygon","coordinates":[[[174.7043,-36.7862],[174.7058,-36.7884],[174.7056,-36.7868],[174.7043,-36.7862]]]}},{"type":"Feature","properties":{},"geometry":{"type":"Polygon","coordinates":[[[174.7427,-36.8384],[174.7452,-36.8399],[174.7481,-36.8396],[174.7485,-36.8402],[174.7461,-36.8407],[174.7459,-36.8414],[174.7495,-36.8428],[174.7503,-36.8421],[174.7517,-36.8436],[174.7524,-36.843],[174.7533,-36.8411],[174.7534,-36.8401],[174.7541,-36.8395],[174.7574,-36.8366],[174.748,-36.8355],[174.7433,-36.8355],[174.7427,-36.8384]]]}},{"type":"Feature","properties":{},"geometry":{"type":"Polygon","coordinates":[[[174.7234,-36.8476],[174.725,-36.8502],[174.7253,-36.8499],[174.7234,-36.8475],[174.7234,-36.8476]]]}},{"type":"Feature","properties":{},"geometry":{"type":"Polygon","coordinates":[[[174.7262,-36.8439],[174.728,-36.8439],[174.7313,-36.8414],[174.7308,-36.8414],[174.7262,-36.8439]]]}},{"type":"Feature","properties":{},"geometry":{"type":"Polygon","coordinates":[[[174.727,-36.818],[174.7301,-36.8201],[174.7297,-36.8193],[174.7271,-36.8179],[174.727,-36.818]]]}},{"type":"Feature","properties":{},"geometry":{"type":"Polygon","coordinates":[[[174.7365,-36.8142],[174.7374,-36.816],[174.7396,-36.816],[174.7393,-36.8175],[174.7401,-36.8166],[174.7389,-36.8149],[174.7384,-36.8148],[174.7375,-36.8149],[174.7365,-36.8142]]]}},{"type":"Feature","properties":{},"geometry":{"type":"Polygon","coordinates":[[[174.738,-36.819],[174.7396,-36.8194],[174.7394,-36.8198],[174.7398,-36.8196],[174.7386,-36.8184],[174.738,-36.819]]]}},{"type":"Feature","properties":{},"geometry":{"type":"Polygon","coordinates":[[[174.7385,-36.8148],[174.739,-36.8149],[174.7404,-36.8159],[174.7416,-36.8131],[174.7411,-36.813],[174.7394,-36.8146],[174.7385,-36.8148]]]}},{"type":"Feature","properties":{},"geometry":{"type":"Polygon","coordinates":[[[174.7495,-36.8125],[174.75,-36.8155],[174.7505,-36.8153],[174.75,-36.8149],[174.7497,-36.8123],[174.7495,-36.8125]]]}},{"type":"Feature","properties":{},"geometry":{"type":"Polygon","coordinates":[[[174.7499,-36.8245],[174.7509,-36.823],[174.75,-36.823],[174.7499,-36.8245]]]}},{"type":"Feature","properties":{},"geometry":{"type":"Polygon","coordinates":[[[174.7444,-36.8099],[174.7497,-36.8119],[174.75,-36.812],[174.7445,-36.8097],[174.7444,-36.8099]]]}},{"type":"Feature","properties":{},"geometry":{"type":"Polygon","coordinates":[[[174.7577,-36.8447],[174.758,-36.844],[174.7584,-36.8452],[174.7602,-36.8432],[174.7631,-36.8431],[174.7633,-36.8424],[174.7618,-36.8421],[174.763,-36.842],[174.7631,-36.8411],[174.764,-36.842],[174.7636,-36.8408],[174.7634,-36.8407],[174.7635,-36.8409],[174.763,-36.8407],[174.76,-36.8405],[174.7577,-36.8429],[174.758,-36.8439],[174.7577,-36.8439],[174.7577,-36.8447]],[[174.7604,-36.8418],[174.7609,-36.8414],[174.7616,-36.842],[174.7604,-36.8418]]]}},{"type":"Feature","properties":{},"geometry":{"type":"Polygon","coordinates":[[[174.7511,-36.8008],[174.7522,-36.7995],[174.7541,-36.7995],[174.7553,-36.8007],[174.7546,-36.7996],[174.7524,-36.7992],[174.7512,-36.8002],[174.7511,-36.8008]]]}},{"type":"Feature","properties":{},"geometry":{"type":"Polygon","coordinates":[[[174.7603,-36.8044],[174.7605,-36.8044],[174.7631,-36.7991],[174.7629,-36.7991],[174.7626,-36.7993],[174.7603,-36.8044]]]}},{"type":"Feature","properties":{},"geometry":{"type":"Polygon","coordinates":[[[174.7449,-36.8071],[174.745,-36.808],[174.746,-36.8094],[174.7457,-36.8075],[174.7449,-36.8071]]]}},{"type":"Feature","properties":{},"geometry":{"type":"Polygon","coordinates":[[[174.7462,-36.8097],[174.7463,-36.8097],[174.7497,-36.8111],[174.7514,-36.815],[174.7515,-36.8149],[174.7515,-36.815],[174.7543,-36.8138],[174.7543,-36.8135],[174.7521,-36.8146],[174.7514,-36.8148],[174.7515,-36.8135],[174.75,-36.8112],[174.7462,-36.8097]]]}},{"type":"Feature","properties":{},"geometry":{"type":"Polygon","coordinates":[[[174.7509,-36.8034],[174.7521,-36.804],[174.751,-36.8022],[174.7509,-36.8034]]]}},{"type":"Feature","properties":{},"geometry":{"type":"Polygon","coordinates":[[[174.7554,-36.8105],[174.7601,-36.8051],[174.7601,-36.8048],[174.7597,-36.8055],[174.76,-36.8044],[174.7583,-36.8067],[174.7568,-36.8037],[174.7566,-36.8037],[174.7575,-36.8074],[174.7585,-36.8069],[174.7554,-36.8105]]]}},{"type":"Feature","properties":{},"geometry":{"type":"Polygon","coordinates":[[[174.7573,-36.7937],[174.7574,-36.7939],[174.7594,-36.7958],[174.7614,-36.7966],[174.7621,-36.7981],[174.7631,-36.798],[174.763,-36.7981],[174.7631,-36.7981],[174.7631,-36.798],[174.7636,-36.7979],[174.7643,-36.7975],[174.7643,-36.7966],[174.763,-36.7974],[174.7573,-36.7937]]]}},{"type":"Feature","properties":{},"geometry":{"type":"Polygon","coordinates":[[[174.77,-36.8436],[174.771,-36.8428],[174.7711,-36.8429],[174.7713,-36.8418],[174.7701,-36.8432],[174.77,-36.8436]]]}},{"type":"Feature","properties":{},"geometry":{"type":"Polygon","coordinates":[[[174.7712,-36.8433],[174.7715,-36.8439],[174.7729,-36.8403],[174.7712,-36.8433]]]}},{"type":"Feature","properties":{},"geometry":{"type":"Polygon","coordinates":[[[174.7766,-36.8431],[174.7773,-36.8432],[174.7798,-36.8413],[174.7766,-36.8431]]]}},{"type":"Feature","properties":{},"geometry":{"type":"Polygon","coordinates":[[[174.7796,-36.8442],[174.78,-36.8443],[174.7818,-36.8432],[174.7817,-36.843],[174.7796,-36.8442]]]}},{"type":"Feature","properties":{},"geometry":{"type":"Polygon","coordinates":[[[174.7855,-36.841],[174.7877,-36.8413],[174.7884,-36.8435],[174.7876,-36.8458],[174.7876,-36.8459],[174.7886,-36.8437],[174.7877,-36.8413],[174.7861,-36.8405],[174.7855,-36.841]]]}},{"type":"Feature","properties":{},"geometry":{"type":"Polygon","coordinates":[[[174.7631,-36.8219],[174.7666,-36.8229],[174.7673,-36.8211],[174.766,-36.8217],[174.7667,-36.8189],[174.7641,-36.8196],[174.7631,-36.8219]]]}},{"type":"Feature","properties":{},"geometry":{"type":"Polygon","coordinates":[[[174.7678,-36.8201],[174.768,-36.8196],[174.7712,-36.8179],[174.7703,-36.8181],[174.7678,-36.8196],[174.7678,-36.8201]]]}},{"type":"Feature","properties":{},"geometry":{"type":"Polygon","coordinates":[[[174.7679,-36.8183],[174.7683,-36.8182],[174.7681,-36.8153],[174.7679,-36.8183]]]}},{"type":"Feature","properties":{},"geometry":{"type":"Polygon","coordinates":[[[174.7707,-36.8134],[174.7714,-36.8135],[174.7713,-36.8135],[174.7717,-36.8135],[174.7716,-36.8135],[174.773,-36.8135],[174.7778,-36.8123],[174.7782,-36.8121],[174.7707,-36.8134]]]}},{"type":"Feature","properties":{},"geometry":{"type":"Polygon","coordinates":[[[174.778,-36.8161],[174.7869,-36.8142],[174.7878,-36.8136],[174.7802,-36.8149],[174.778,-36.8161]]]}},{"type":"Feature","properties":{},"geometry":{"type":"Polygon","coordinates":[[[174.7783,-36.812],[174.7828,-36.8085],[174.7796,-36.8095],[174.7783,-36.812]]]}},{"type":"Feature","properties":{},"geometry":{"type":"Polygon","coordinates":[[[174.7727,-36.8277],[174.7739,-36.8272],[174.7745,-36.8253],[174.7744,-36.8253],[174.7727,-36.8277]]]}},{"type":"Feature","properties":{},"geometry":{"type":"Polygon","coordinates":[[[174.7778,-36.8277],[174.7803,-36.8268],[174.7787,-36.8267],[174.7778,-36.8277]]]}},{"type":"Feature","properties":{},"geometry":{"type":"Polygon","coordinates":[[[174.7794,-36.8253],[174.7802,-36.826],[174.7811,-36.826],[174.7811,-36.8261],[174.7812,-36.8261],[174.7821,-36.8261],[174.7828,-36.8245],[174.7804,-36.825],[174.7802,-36.8236],[174.7801,-36.8237],[174.7801,-36.8253],[174.7794,-36.8253]]]}},{"type":"Feature","properties":{},"geometry":{"type":"Polygon","coordinates":[[[174.7805,-36.8268],[174.7811,-36.8284],[174.7847,-36.8299],[174.7847,-36.8297],[174.7809,-36.8268],[174.7805,-36.8268]]]}},{"type":"Feature","properties":{},"geometry":{"type":"Polygon","coordinates":[[[174.7821,-36.8227],[174.7853,-36.8223],[174.7848,-36.8238],[174.7857,-36.8238],[174.7879,-36.8234],[174.7874,-36.8224],[174.7849,-36.8238],[174.7857,-36.8225],[174.7843,-36.8215],[174.7822,-36.8226],[174.7821,-36.8227]]]}},{"type":"Feature","properties":{},"geometry":{"type":"Polygon","coordinates":[[[174.7829,-36.8302],[174.7858,-36.832],[174.7831,-36.8316],[174.7861,-36.8321],[174.787,-36.8309],[174.7881,-36.832],[174.7876,-36.8308],[174.7872,-36.8308],[174.786,-36.8297],[174.7869,-36.831],[174.7848,-36.8309],[174.7847,-36.8299],[174.7829,-36.8302]]]}},{"type":"Feature","properties":{},"geometry":{"type":"Polygon","coordinates":[[[174.7761,-36.806],[174.7799,-36.8032],[174.7768,-36.8051],[174.7761,-36.806]]]}},{"type":"Feature","properties":{},"geometry":{"type":"Polygon","coordinates":[[[174.7884,-36.8637],[174.7899,-36.8639],[174.7899,-36.864],[174.7901,-36.864],[174.79,-36.8639],[174.7905,-36.864],[174.7905,-36.8646],[174.7909,-36.8639],[174.7905,-36.8639],[174.7891,-36.863],[174.7884,-36.8637]]]}},{"type":"Feature","properties":{},"geometry":{"type":"Polygon","coordinates":[[[174.7923,-36.865],[174.7937,-36.8653],[174.7945,-36.8672],[174.7952,-36.8672],[174.7959,-36.87],[174.7962,-36.8646],[174.7959,-36.8657],[174.7942,-36.8648],[174.7923,-36.865]],[[174.7954,-36.8678],[174.7954,-36.8676],[174.7957,-36.8676],[174.7957,-36.8678],[174.7954,-36.8678]],[[174.7956,-36.868],[174.7956,-36.8679],[174.7957,-36.8679],[174.7957,-36.868],[174.7956,-36.868]],[[174.7957,-36.8683],[174.7957,-36.8682],[174.7959,-36.8682],[174.7957,-36.8683]]]}},{"type":"Feature","properties":{},"geometry":{"type":"Polygon","coordinates":[[[174.7926,-36.8491],[174.7969,-36.8527],[174.7942,-36.8503],[174.7956,-36.8511],[174.7927,-36.8491],[174.7926,-36.8491]]]}},{"type":"Feature","properties":{},"geometry":{"type":"Polygon","coordinates":[[[174.7978,-36.8523],[174.799,-36.8529],[174.7986,-36.8541],[174.8022,-36.8552],[174.8014,-36.8566],[174.8028,-36.8578],[174.8031,-36.8579],[174.8037,-36.8585],[174.8054,-36.86],[174.8018,-36.8559],[174.804,-36.8532],[174.8034,-36.8533],[174.8041,-36.8529],[174.8041,-36.8532],[174.804,-36.8532],[174.8061,-36.8542],[174.8056,-36.8529],[174.805,-36.8529],[174.8084,-36.8518],[174.8106,-36.8492],[174.8142,-36.8517],[174.8152,-36.8514],[174.8107,-36.849],[174.8108,-36.8491],[174.8107,-36.849],[174.8081,-36.8518],[174.8012,-36.8532],[174.7978,-36.8523]],[[174.7993,-36.8529],[174.8021,-36.8534],[174.7997,-36.8533],[174.7993,-36.8529]]]}},{"type":"Feature","properties":{},"geometry":{"type":"Polygon","coordinates":[[[174.8092,-36.8582],[174.8097,-36.8586],[174.8096,-36.856],[174.8093,-36.8558],[174.8092,-36.8582]]]}},{"type":"Feature","properties":{},"geometry":{"type":"Polygon","coordinates":[[[174.812,-36.8606],[174.8126,-36.8611],[174.8123,-36.8618],[174.8125,-36.8618],[174.8126,-36.862],[174.8142,-36.8619],[174.812,-36.8606]]]}},{"type":"Feature","properties":{},"geometry":{"type":"Polygon","coordinates":[[[174.8053,-36.8603],[174.8088,-36.8635],[174.8089,-36.8634],[174.808,-36.8619],[174.8058,-36.8605],[174.8053,-36.8603]]]}},{"type":"Feature","properties":{},"geometry":{"type":"Polygon","coordinates":[[[174.8065,-36.8661],[174.8077,-36.8656],[174.8086,-36.8639],[174.8065,-36.8661]]]}},{"type":"Feature","properties":{},"geometry":{"type":"Polygon","coordinates":[[[174.808,-36.8615],[174.8094,-36.8622],[174.8119,-36.8618],[174.808,-36.8615]]]}},{"type":"Feature","properties":{},"geometry":{"type":"Polygon","coordinates":[[[174.8109,-36.8636],[174.8142,-36.8643],[174.8121,-36.8634],[174.8109,-36.8636]]]}},{"type":"Feature","properties":{},"geometry":{"type":"Polygon","coordinates":[[[174.812,-36.8631],[174.8177,-36.865],[174.8181,-36.8651],[174.8128,-36.8623],[174.812,-36.8631]]]}},{"type":"Feature","properties":{},"geometry":{"type":"Polygon","coordinates":[[[174.8125,-36.8705],[174.813,-36.8708],[174.815,-36.8701],[174.8161,-36.8691],[174.8131,-36.8707],[174.8125,-36.8705]]]}},{"type":"Feature","properties":{},"geometry":{"type":"Polygon","coordinates":[[[174.8169,-36.8741],[174.8172,-36.8741],[174.8187,-36.8707],[174.8178,-36.8681],[174.8186,-36.8706],[174.8169,-36.8741]]]}},{"type":"Feature","properties":{},"geometry":{"type":"Polygon","coordinates":[[[174.7901,-36.8592],[174.7902,-36.8599],[174.7903,-36.8595],[174.792,-36.8571],[174.7901,-36.8592]]]}},{"type":"Feature","properties":{},"geometry":{"type":"Polygon","coordinates":[[[174.7926,-36.8194],[174.7945,-36.8185],[174.7966,-36.8205],[174.8004,-36.8208],[174.8007,-36.8212],[174.8008,-36.8213],[174.8012,-36.8219],[174.8027,-36.8212],[174.8029,-36.8211],[174.8041,-36.8205],[174.8017,-36.8178],[174.8014,-36.8156],[174.8024,-36.8137],[174.8012,-36.8136],[174.8012,-36.8135],[174.801,-36.8135],[174.801,-36.8136],[174.8007,-36.8135],[174.8007,-36.813],[174.7962,-36.8164],[174.7945,-36.8167],[174.7945,-36.8175],[174.7942,-36.8174],[174.7944,-36.8181],[174.7926,-36.8194]],[[174.7969,-36.82],[174.7971,-36.8197],[174.7973,-36.82],[174.7969,-36.82]],[[174.7988,-36.8201],[174.7988,-36.82],[174.799,-36.82],[174.7988,-36.8201]],[[174.7995,-36.8207],[174.7995,-36.8205],[174.7997,-36.8205],[174.7997,-36.8207],[174.7995,-36.8207]]]}},{"type":"Feature","properties":{},"geometry":{"type":"Polygon","coordinates":[[[174.7916,-36.831],[174.796,-36.8332],[174.795,-36.834],[174.7975,-36.8326],[174.7916,-36.831]]]}},{"type":"Feature","properties":{},"geometry":{"type":"Polygon","coordinates":[[[174.798,-36.8323],[174.799,-36.8317],[174.8035,-36.8315],[174.8037,-36.8307],[174.8033,-36.831],[174.7983,-36.8317],[174.798,-36.8323]]]}},{"type":"Feature","properties":{},"geometry":{"type":"Polygon","coordinates":[[[174.8157,-36.8512],[174.8166,-36.851],[174.8183,-36.8496],[174.8181,-36.8489],[174.8182,-36.8496],[174.8157,-36.8512]]]}},{"type":"Feature","properties":{},"geometry":{"type":"Polygon","coordinates":[[[174.8174,-36.8452],[174.8174,-36.8454],[174.822,-36.8457],[174.8237,-36.845],[174.8233,-36.8444],[174.8217,-36.8456],[174.8174,-36.8452]]]}},{"type":"Feature","properties":{},"geometry":{"type":"Polygon","coordinates":[[[174.818,-36.8659],[174.8194,-36.8712],[174.8217,-36.8719],[174.8195,-36.8708],[174.8186,-36.8661],[174.818,-36.8659]]]}},{"type":"Feature","properties":{},"geometry":{"type":"Polygon","coordinates":[[[174.802,-36.821],[174.802,-36.8215],[174.8027,-36.8212],[174.8027,-36.8213],[174.8029,-36.8213],[174.8029,-36.8211],[174.8041,-36.8205],[174.8039,-36.8203],[174.802,-36.821]]]}},{"type":"Feature","properties":{},"geometry":{"type":"Polygon","coordinates":[[[174.8045,-36.83],[174.8077,-36.8283],[174.8094,-36.8294],[174.8084,-36.8282],[174.8068,-36.8282],[174.8045,-36.83]]]}},{"type":"Feature","properties":{},"geometry":{"type":"Polygon","coordinates":[[[174.8094,-36.8294],[174.8101,-36.8299],[174.8116,-36.8295],[174.8094,-36.8294]]]}},{"type":"Feature","properties":{},"geometry":{"type":"Polygon","coordinates":[[[174.8271,-36.8639],[174.8317,-36.8651],[174.8314,-36.8645],[174.8277,-36.8635],[174.8271,-36.8637],[174.8271,-36.8639]]]}},{"type":"Feature","properties":{},"geometry":{"type":"Polygon","coordinates":[[[174.7722,-36.9228],[174.777,-36.9256],[174.7782,-36.9252],[174.7782,-36.9244],[174.7766,-36.9237],[174.7733,-36.9229],[174.7722,-36.9228]]]}},{"type":"Feature","properties":{},"geometry":{"type":"Polygon","coordinates":[[[174.7722,-36.9228],[174.773,-36.9232],[174.7756,-36.9232],[174.7722,-36.9228]]]}},{"type":"Feature","properties":{},"geometry":{"type":"Polygon","coordinates":[[[174.3542,-36.6272],[174.3552,-36.6265],[174.3554,-36.6254],[174.3545,-36.6252],[174.3542,-36.6272]],[[174.3547,-36.6265],[174.3547,-36.6264],[174.3549,-36.6264],[174.3549,-36.6265],[174.3547,-36.6265]]]}},{"type":"Feature","properties":{},"geometry":{"type":"Polygon","coordinates":[[[174.8041,-36.8679],[174.8046,-36.868],[174.8055,-36.8674],[174.8045,-36.8672],[174.805,-36.866],[174.8041,-36.8679]]]}},{"type":"Feature","properties":{},"geometry":{"type":"Polygon","coordinates":[[[174.6826,-36.5429],[174.6829,-36.5447],[174.6853,-36.5439],[174.6851,-36.5425],[174.6826,-36.5429]]]}},{"type":"Feature","properties":{},"geometry":{"type":"Polygon","coordinates":[[[174.7947,-36.9511],[174.7947,-36.9512],[174.7954,-36.9512],[174.7962,-36.9508],[174.7967,-36.9503],[174.7968,-36.9499],[174.7947,-36.9511]]]}},{"type":"Feature","properties":{},"geometry":{"type":"Polygon","coordinates":[[[174.7481,-36.8176],[174.7493,-36.8193],[174.7485,-36.8171],[174.7481,-36.8176]]]}},{"type":"Feature","properties":{},"geometry":{"type":"Polygon","coordinates":[[[174.5543,-37.0458],[174.5546,-37.0463],[174.5553,-37.0464],[174.5641,-37.0428],[174.5664,-37.0441],[174.5689,-37.0441],[174.5701,-37.0436],[174.5702,-37.0431],[174.5685,-37.0441],[174.5641,-37.0427],[174.5562,-37.0457],[174.5543,-37.0458]]]}},{"type":"Feature","properties":{},"geometry":{"type":"Polygon","coordinates":[[[174.5706,-37.0429],[174.5706,-37.0432],[174.5727,-37.0437],[174.5761,-37.043],[174.5758,-37.0428],[174.5722,-37.0435],[174.5712,-37.0426],[174.5706,-37.0429]]]}},{"type":"Feature","properties":{},"geometry":{"type":"Polygon","coordinates":[[[174.5767,-37.0433],[174.5774,-37.0443],[174.5817,-37.0459],[174.5767,-37.0433]]]}},{"type":"Feature","properties":{},"geometry":{"type":"Polygon","coordinates":[[[174.5993,-37.0471],[174.6019,-37.0485],[174.6021,-37.0485],[174.5996,-37.0471],[174.5994,-37.046],[174.5993,-37.0471]]]}},{"type":"Feature","properties":{},"geometry":{"type":"Polygon","coordinates":[[[174.603,-37.0486],[174.6075,-37.049],[174.6084,-37.0488],[174.603,-37.0486]]]}},{"type":"Feature","properties":{},"geometry":{"type":"Polygon","coordinates":[[[174.6086,-37.0487],[174.6133,-37.0473],[174.6148,-37.0464],[174.6086,-37.0487]]]}},{"type":"Feature","properties":{},"geometry":{"type":"Polygon","coordinates":[[[174.6104,-37.0489],[174.6112,-37.0498],[174.6131,-37.0479],[174.6129,-37.0479],[174.6131,-37.0478],[174.6132,-37.0478],[174.6135,-37.0475],[174.6104,-37.0489]]]}},{"type":"Feature","properties":{},"geometry":{"type":"Polygon","coordinates":[[[174.6281,-37.037],[174.6305,-37.0381],[174.6284,-37.0361],[174.6283,-37.0362],[174.6281,-37.037]]]}},{"type":"Feature","properties":{},"geometry":{"type":"Polygon","coordinates":[[[174.6306,-37.0382],[174.6331,-37.0409],[174.6353,-37.0414],[174.6351,-37.0415],[174.6353,-37.0415],[174.6353,-37.0414],[174.6359,-37.0416],[174.6326,-37.0402],[174.6306,-37.0382]]]}},{"type":"Feature","properties":{},"geometry":{"type":"Polygon","coordinates":[[[174.6336,-37.0459],[174.636,-37.0456],[174.6408,-37.0471],[174.6409,-37.0488],[174.6392,-37.0501],[174.6391,-37.0501],[174.6391,-37.0503],[174.6392,-37.0502],[174.6389,-37.0504],[174.6406,-37.0504],[174.6428,-37.0478],[174.6418,-37.046],[174.6408,-37.046],[174.6406,-37.046],[174.6399,-37.0459],[174.6397,-37.044],[174.6402,-37.0437],[174.6403,-37.0437],[174.6411,-37.0432],[174.6476,-37.0433],[174.6511,-37.0427],[174.6394,-37.0427],[174.6394,-37.0434],[174.6356,-37.0422],[174.6356,-37.0434],[174.6343,-37.0436],[174.6344,-37.0434],[174.6343,-37.0434],[174.6343,-37.0436],[174.6339,-37.0436],[174.6336,-37.0459]],[[174.6346,-37.0451],[174.6348,-37.0449],[174.6351,-37.0452],[174.6346,-37.0451]],[[174.6353,-37.0448],[174.6353,-37.0447],[174.6355,-37.0447],[174.6355,-37.0448],[174.6353,-37.0448]],[[174.6353,-37.044],[174.6353,-37.0439],[174.6355,-37.0439],[174.6355,-37.044],[174.6353,-37.044]],[[174.6355,-37.0454],[174.6355,-37.0452],[174.6356,-37.0454],[174.6355,-37.0454]],[[174.6355,-37.0452],[174.6355,-37.0449],[174.6358,-37.0454],[174.6356,-37.0454],[174.6356,-37.0452],[174.6355,-37.0452]],[[174.6356,-37.0448],[174.6356,-37.0447],[174.636,-37.0447],[174.636,-37.0448],[174.6356,-37.0448]],[[174.636,-37.0444],[174.636,-37.0443],[174.6362,-37.0443],[174.6362,-37.0444],[174.636,-37.0444]],[[174.636,-37.0434],[174.6362,-37.0429],[174.6387,-37.0439],[174.6384,-37.0443],[174.636,-37.0434]],[[174.6362,-37.0441],[174.6365,-37.044],[174.6367,-37.0443],[174.6362,-37.0441]],[[174.6363,-37.0451],[174.6363,-37.0449],[174.6365,-37.0449],[174.6365,-37.0451],[174.6363,-37.0451]],[[174.638,-37.0451],[174.6386,-37.0451],[174.6387,-37.0454],[174.6382,-37.0454],[174.638,-37.0451]],[[174.6386,-37.0436],[174.6386,-37.0434],[174.6387,-37.0434],[174.6387,-37.0436],[174.6386,-37.0436]],[[174.6396,-37.0462],[174.6403,-37.0463],[174.6401,-37.0466],[174.6396,-37.0462]],[[174.6397,-37.0501],[174.6403,-37.0498],[174.6401,-37.0501],[174.6397,-37.0501]]]}},{"type":"Feature","properties":{},"geometry":{"type":"Polygon","coordinates":[[[174.6353,-37.087],[174.6359,-37.0869],[174.6357,-37.0869],[174.64,-37.0847],[174.641,-37.0848],[174.6401,-37.0844],[174.6353,-37.087]]]}},{"type":"Feature","properties":{},"geometry":{"type":"Polygon","coordinates":[[[174.6372,-37.1221],[174.6386,-37.1232],[174.6386,-37.1226],[174.6432,-37.1208],[174.6486,-37.1213],[174.6502,-37.1204],[174.652,-37.1204],[174.6531,-37.1207],[174.6535,-37.1204],[174.6432,-37.1201],[174.6474,-37.1192],[174.6428,-37.12],[174.6386,-37.1224],[174.6372,-37.1221]],[[174.6469,-37.1204],[174.6469,-37.1202],[174.6471,-37.1202],[174.6471,-37.1204],[174.6469,-37.1204]],[[174.6474,-37.1208],[174.6474,-37.1207],[174.6476,-37.1207],[174.6476,-37.1208],[174.6474,-37.1208]]]}},{"type":"Feature","properties":{},"geometry":{"type":"Polygon","coordinates":[[[174.6391,-37.0711],[174.6435,-37.0725],[174.6454,-37.0744],[174.6432,-37.0757],[174.6428,-37.0767],[174.6428,-37.0768],[174.6427,-37.0768],[174.6425,-37.0774],[174.6416,-37.0768],[174.6418,-37.0779],[174.6408,-37.0774],[174.6418,-37.0789],[174.644,-37.0771],[174.6491,-37.0757],[174.6462,-37.0759],[174.6425,-37.0776],[174.6449,-37.0764],[174.6467,-37.0733],[174.6472,-37.0733],[174.6462,-37.0733],[174.6445,-37.0718],[174.6391,-37.0711]],[[174.642,-37.078],[174.642,-37.0778],[174.6421,-37.0778],[174.6421,-37.078],[174.642,-37.078]],[[174.642,-37.0716],[174.642,-37.0715],[174.6423,-37.0715],[174.6423,-37.0716],[174.642,-37.0716]],[[174.643,-37.0764],[174.643,-37.0763],[174.6432,-37.0763],[174.6432,-37.0764],[174.643,-37.0764]]]}},{"type":"Feature","properties":{},"geometry":{"type":"Polygon","coordinates":[[[174.6415,-37.0864],[174.6454,-37.087],[174.6486,-37.0864],[174.6524,-37.0883],[174.6519,-37.0918],[174.655,-37.0926],[174.6523,-37.0881],[174.6486,-37.0856],[174.647,-37.0858],[174.6471,-37.0858],[174.6471,-37.0859],[174.6469,-37.0859],[174.6469,-37.0858],[174.6415,-37.0864]],[[174.6525,-37.09],[174.6525,-37.0899],[174.6527,-37.0899],[174.6527,-37.09],[174.6525,-37.09]],[[174.6527,-37.0902],[174.6531,-37.0902],[174.6529,-37.0903],[174.6527,-37.0902]],[[174.6531,-37.0903],[174.6532,-37.0903],[174.6532,-37.0904],[174.6531,-37.0903]],[[174.6544,-37.0923],[174.6544,-37.0922],[174.6546,-37.0922],[174.6546,-37.0923],[174.6544,-37.0923]]]}},{"type":"Feature","properties":{},"geometry":{"type":"Polygon","coordinates":[[[174.6462,-37.0852],[174.6464,-37.0852],[174.6515,-37.0838],[174.6486,-37.084],[174.6462,-37.0852]]]}},{"type":"Feature","properties":{},"geometry":{"type":"Polygon","coordinates":[[[174.648,-37.1191],[174.6548,-37.1177],[174.6498,-37.1179],[174.648,-37.1191]]]}},{"type":"Feature","properties":{},"geometry":{"type":"Polygon","coordinates":[[[174.6485,-37.1461],[174.6495,-37.1459],[174.6498,-37.1457],[174.6498,-37.1458],[174.6495,-37.1459],[174.6575,-37.1447],[174.6601,-37.1418],[174.6599,-37.1419],[174.6597,-37.1418],[174.6578,-37.1437],[174.6543,-37.1445],[174.6563,-37.1427],[174.6541,-37.1432],[174.6485,-37.1461]]]}},{"type":"Feature","properties":{},"geometry":{"type":"Polygon","coordinates":[[[174.6502,-37.1345],[174.6537,-37.1353],[174.6582,-37.135],[174.6518,-37.1345],[174.6586,-37.134],[174.6594,-37.1335],[174.6502,-37.1345]]]}},{"type":"Feature","properties":{},"geometry":{"type":"Polygon","coordinates":[[[174.6508,-37.1066],[174.6519,-37.1069],[174.652,-37.1069],[174.6525,-37.107],[174.654,-37.1047],[174.6536,-37.1047],[174.6558,-37.1033],[174.6543,-37.1034],[174.6525,-37.1055],[174.6508,-37.1058],[174.6508,-37.1066]]]}},{"type":"Feature","properties":{},"geometry":{"type":"Polygon","coordinates":[[[174.6514,-37.0676],[174.6594,-37.0671],[174.6607,-37.0681],[174.6645,-37.068],[174.6645,-37.0679],[174.6592,-37.0669],[174.6571,-37.0664],[174.6587,-37.0663],[174.6587,-37.0662],[174.6589,-37.0662],[174.6589,-37.0663],[174.6594,-37.0662],[174.6595,-37.0658],[174.6597,-37.0661],[174.6596,-37.0662],[174.6604,-37.0661],[174.6619,-37.0649],[174.6601,-37.0655],[174.6553,-37.0654],[174.6553,-37.0665],[174.6531,-37.0663],[174.6514,-37.0676]],[[174.6594,-37.0656],[174.6594,-37.0655],[174.6595,-37.0655],[174.6595,-37.0656],[174.6594,-37.0656]]]}},{"type":"Feature","properties":{},"geometry":{"type":"Polygon","coordinates":[[[174.6514,-37.0755],[174.6525,-37.076],[174.6525,-37.0776],[174.6544,-37.078],[174.6524,-37.0754],[174.6514,-37.0755]]]}},{"type":"Feature","properties":{},"geometry":{"type":"Polygon","coordinates":[[[174.6516,-37.0732],[174.6525,-37.0739],[174.6563,-37.0712],[174.6553,-37.0712],[174.6524,-37.0731],[174.6516,-37.0732]]]}},{"type":"Feature","properties":{},"geometry":{"type":"Polygon","coordinates":[[[174.6537,-37.1226],[174.6619,-37.1178],[174.6631,-37.1174],[174.6576,-37.1188],[174.6584,-37.1189],[174.6537,-37.1226]],[[174.6585,-37.1196],[174.6589,-37.1193],[174.6587,-37.1196],[174.6585,-37.1196]]]}},{"type":"Feature","properties":{},"geometry":{"type":"Polygon","coordinates":[[[174.6543,-37.0953],[174.6548,-37.0957],[174.6549,-37.0957],[174.6561,-37.0966],[174.6556,-37.0945],[174.6582,-37.0985],[174.6587,-37.0988],[174.6559,-37.0941],[174.6548,-37.0942],[174.6543,-37.0953]],[[174.6546,-37.0949],[174.6546,-37.0948],[174.6548,-37.0949],[174.6546,-37.0949]],[[174.6546,-37.0948],[174.6546,-37.0947],[174.6548,-37.0947],[174.6546,-37.0948]],[[174.6551,-37.0953],[174.6551,-37.0952],[174.6553,-37.0952],[174.6553,-37.0953],[174.6551,-37.0953]]]}},{"type":"Feature","properties":{},"geometry":{"type":"Polygon","coordinates":[[[174.6544,-37.0801],[174.6566,-37.0809],[174.6551,-37.0789],[174.6551,-37.079],[174.6549,-37.079],[174.6549,-37.0789],[174.6551,-37.0789],[174.6548,-37.0785],[174.6544,-37.0801]],[[174.6549,-37.0801],[174.6549,-37.0799],[174.6551,-37.0799],[174.6551,-37.0801],[174.6549,-37.0801]]]}},{"type":"Feature","properties":{},"geometry":{"type":"Polygon","coordinates":[[[174.657,-37.1419],[174.657,-37.1421],[174.6618,-37.1381],[174.6592,-37.1394],[174.657,-37.1419]]]}},{"type":"Feature","properties":{},"geometry":{"type":"Polygon","coordinates":[[[174.6576,-37.1044],[174.6587,-37.1045],[174.6611,-37.1065],[174.6639,-37.1074],[174.6585,-37.1043],[174.6576,-37.1044]]]}},{"type":"Feature","properties":{},"geometry":{"type":"Polygon","coordinates":[[[174.6582,-37.1152],[174.6584,-37.1152],[174.6611,-37.1119],[174.6597,-37.1125],[174.6582,-37.1152]]]}},{"type":"Feature","properties":{},"geometry":{"type":"Polygon","coordinates":[[[174.6596,-37.134],[174.6623,-37.1338],[174.6673,-37.13],[174.6682,-37.1305],[174.667,-37.134],[174.6699,-37.1344],[174.6689,-37.131],[174.6698,-37.1285],[174.6684,-37.1292],[174.6686,-37.1292],[174.6686,-37.1294],[174.6682,-37.1294],[174.6682,-37.1293],[174.6638,-37.1317],[174.6635,-37.1317],[174.6635,-37.1318],[174.6631,-37.1318],[174.6631,-37.132],[174.6634,-37.132],[174.6624,-37.1324],[174.6623,-37.1324],[174.6623,-37.1325],[174.6624,-37.1325],[174.6596,-37.134]],[[174.6635,-37.1318],[174.6636,-37.1318],[174.6635,-37.1319],[174.6635,-37.1318]],[[174.6677,-37.1337],[174.6677,-37.1335],[174.6679,-37.1335],[174.6679,-37.1337],[174.6677,-37.1337]],[[174.6684,-37.1337],[174.6684,-37.1336],[174.6686,-37.1336],[174.6686,-37.1337],[174.6684,-37.1337]]]}},{"type":"Feature","properties":{},"geometry":{"type":"Polygon","coordinates":[[[174.6598,-37.1417],[174.6601,-37.1417],[174.6604,-37.1415],[174.666,-37.1396],[174.6714,-37.1408],[174.6711,-37.1404],[174.6665,-37.1393],[174.6645,-37.1397],[174.6645,-37.1398],[174.6642,-37.1398],[174.6609,-37.1406],[174.6598,-37.1417]]]}},{"type":"Feature","properties":{},"geometry":{"type":"Polygon","coordinates":[[[174.661,-37.0485],[174.6612,-37.0496],[174.6611,-37.0496],[174.6611,-37.0497],[174.6612,-37.0497],[174.6613,-37.05],[174.6619,-37.0504],[174.6619,-37.0503],[174.6621,-37.0503],[174.6621,-37.0504],[174.662,-37.0504],[174.6626,-37.0507],[174.661,-37.0485]]]}},{"type":"Feature","properties":{},"geometry":{"type":"Polygon","coordinates":[[[174.666,-37.0572],[174.6662,-37.0587],[174.6667,-37.0566],[174.6661,-37.0558],[174.6665,-37.0571],[174.666,-37.0572]]]}},{"type":"Feature","properties":{},"geometry":{"type":"Polygon","coordinates":[[[174.6664,-37.1076],[174.6666,-37.1084],[174.6684,-37.1062],[174.6664,-37.1076]]]}},{"type":"Feature","properties":{},"geometry":{"type":"Polygon","coordinates":[[[174.6672,-37.1251],[174.6684,-37.1253],[174.669,-37.1263],[174.6684,-37.1261],[174.6684,-37.1262],[174.669,-37.1264],[174.6699,-37.128],[174.6702,-37.1273],[174.6677,-37.1235],[174.6672,-37.1251]]]}},{"type":"Feature","properties":{},"geometry":{"type":"Polygon","coordinates":[[[174.6675,-37.1625],[174.669,-37.1612],[174.6679,-37.1613],[174.6675,-37.1625]]]}},{"type":"Feature","properties":{},"geometry":{"type":"Polygon","coordinates":[[[174.6694,-37.1449],[174.6754,-37.1445],[174.6752,-37.1454],[174.6758,-37.1445],[174.6775,-37.1447],[174.6797,-37.1439],[174.675,-37.1442],[174.673,-37.1434],[174.6726,-37.1428],[174.6727,-37.1435],[174.6694,-37.1449]]]}},{"type":"Feature","properties":{},"geometry":{"type":"Polygon","coordinates":[[[174.67,-37.1618],[174.6708,-37.1619],[174.6733,-37.1603],[174.67,-37.1618]]]}},{"type":"Feature","properties":{},"geometry":{"type":"Polygon","coordinates":[[[174.6724,-37.1601],[174.6793,-37.1582],[174.6752,-37.1583],[174.6724,-37.1601]]]}},{"type":"Feature","properties":{},"geometry":{"type":"Polygon","coordinates":[[[174.676,-37.1538],[174.6815,-37.1526],[174.6811,-37.1525],[174.676,-37.1538]]]}},{"type":"Feature","properties":{},"geometry":{"type":"Polygon","coordinates":[[[174.6768,-37.1604],[174.6783,-37.1613],[174.6788,-37.1605],[174.6826,-37.16],[174.6863,-37.1559],[174.6928,-37.1541],[174.6974,-37.1511],[174.6991,-37.1515],[174.6991,-37.1513],[174.6974,-37.1511],[174.6864,-37.1558],[174.6827,-37.1594],[174.6768,-37.1604]]]}},{"type":"Feature","properties":{},"geometry":{"type":"Polygon","coordinates":[[[174.6799,-37.1438],[174.6809,-37.1454],[174.6817,-37.1457],[174.6802,-37.1438],[174.6799,-37.1438]]]}},{"type":"Feature","properties":{},"geometry":{"type":"Polygon","coordinates":[[[174.6826,-37.1885],[174.6872,-37.1883],[174.6863,-37.1895],[174.6869,-37.1898],[174.6877,-37.1887],[174.692,-37.1885],[174.6922,-37.1877],[174.6916,-37.1881],[174.6832,-37.1884],[174.6891,-37.1878],[174.6898,-37.1872],[174.6894,-37.1874],[174.6828,-37.1884],[174.6826,-37.1879],[174.6826,-37.1885]]]}},{"type":"Feature","properties":{},"geometry":{"type":"Polygon","coordinates":[[[174.6828,-37.1747],[174.6854,-37.1749],[174.6876,-37.1714],[174.6872,-37.1714],[174.6855,-37.1747],[174.6828,-37.1747]]]}},{"type":"Feature","properties":{},"geometry":{"type":"Polygon","coordinates":[[[174.6834,-37.1522],[174.6855,-37.1518],[174.6843,-37.1515],[174.6834,-37.1522]]]}},{"type":"Feature","properties":{},"geometry":{"type":"Polygon","coordinates":[[[174.6846,-37.1471],[174.6863,-37.1488],[174.689,-37.147],[174.689,-37.1469],[174.6865,-37.1479],[174.6846,-37.1471]],[[174.686,-37.148],[174.686,-37.1479],[174.6862,-37.1479],[174.6862,-37.148],[174.686,-37.148]]]}},{"type":"Feature","properties":{},"geometry":{"type":"Polygon","coordinates":[[[174.6867,-37.2038],[174.6898,-37.2027],[174.6923,-37.1994],[174.6944,-37.1997],[174.6944,-37.1986],[174.6979,-37.1967],[174.7017,-37.1972],[174.7026,-37.1957],[174.7035,-37.1956],[174.7025,-37.1953],[174.7015,-37.197],[174.698,-37.1967],[174.6922,-37.1994],[174.6897,-37.2024],[174.6877,-37.2026],[174.6886,-37.202],[174.6879,-37.202],[174.6867,-37.2038]]]}},{"type":"Feature","properties":{},"geometry":{"type":"Polygon","coordinates":[[[174.6874,-37.1634],[174.6887,-37.1633],[174.691,-37.1599],[174.6964,-37.157],[174.6916,-37.1586],[174.6884,-37.1632],[174.6874,-37.1634]]]}},{"type":"Feature","properties":{},"geometry":{"type":"Polygon","coordinates":[[[174.6893,-37.1737],[174.6918,-37.1729],[174.6928,-37.1712],[174.6911,-37.173],[174.6893,-37.1737]]]}},{"type":"Feature","properties":{},"geometry":{"type":"Polygon","coordinates":[[[174.6908,-37.1808],[174.6913,-37.181],[174.693,-37.1806],[174.6926,-37.1768],[174.6969,-37.1706],[174.6964,-37.1706],[174.6916,-37.1768],[174.6926,-37.1775],[174.693,-37.1804],[174.6908,-37.1808]]]}},{"type":"Feature","properties":{},"geometry":{"type":"Polygon","coordinates":[[[174.6913,-37.2163],[174.6939,-37.2165],[174.6998,-37.213],[174.7016,-37.2109],[174.6935,-37.2157],[174.6944,-37.215],[174.6913,-37.2163]]]}},{"type":"Feature","properties":{},"geometry":{"type":"Polygon","coordinates":[[[174.6913,-37.1859],[174.693,-37.1845],[174.6931,-37.1841],[174.6913,-37.1847],[174.6913,-37.1859]]]}},{"type":"Feature","properties":{},"geometry":{"type":"Polygon","coordinates":[[[174.6923,-37.1818],[174.6931,-37.1839],[174.6932,-37.1826],[174.6923,-37.1818]]]}},{"type":"Feature","properties":{},"geometry":{"type":"Polygon","coordinates":[[[174.6925,-37.1946],[174.6939,-37.1955],[174.6939,-37.1954],[174.6966,-37.1951],[174.6973,-37.1943],[174.694,-37.1952],[174.6925,-37.1946]]]}},{"type":"Feature","properties":{},"geometry":{"type":"Polygon","coordinates":[[[174.6927,-37.1874],[174.695,-37.1869],[174.6961,-37.1854],[174.6973,-37.1851],[174.6977,-37.1842],[174.6927,-37.1874]]]}},{"type":"Feature","properties":{},"geometry":{"type":"Polygon","coordinates":[[[174.6975,-37.1941],[174.7025,-37.1884],[174.7024,-37.1852],[174.7002,-37.1826],[174.7,-37.1827],[174.7002,-37.1827],[174.7024,-37.1861],[174.7024,-37.1881],[174.6995,-37.1893],[174.6995,-37.1904],[174.6979,-37.1915],[174.6975,-37.1941]]]}},{"type":"Feature","properties":{},"geometry":{"type":"Polygon","coordinates":[[[174.6981,-37.2108],[174.6984,-37.2115],[174.7026,-37.2079],[174.6981,-37.2108]]]}},{"type":"Feature","properties":{},"geometry":{"type":"Polygon","coordinates":[[[174.7,-37.2057],[174.7032,-37.2017],[174.7001,-37.2052],[174.7,-37.2057]]]}},{"type":"Feature","properties":{},"geometry":{"type":"Polygon","coordinates":[[[174.7013,-37.2007],[174.7042,-37.1994],[174.7041,-37.1988],[174.7036,-37.1991],[174.7036,-37.1992],[174.7014,-37.2006],[174.7013,-37.2007]]]}},{"type":"Feature","properties":{},"geometry":{"type":"Polygon","coordinates":[[[174.7015,-37.2172],[174.7027,-37.2176],[174.702,-37.2159],[174.7033,-37.2144],[174.7015,-37.2148],[174.702,-37.215],[174.7015,-37.2172]]]}},{"type":"Feature","properties":{},"geometry":{"type":"Polygon","coordinates":[[[174.7026,-37.2201],[174.7034,-37.2176],[174.703,-37.2182],[174.7027,-37.2176],[174.7026,-37.2201]]]}},{"type":"Feature","properties":{},"geometry":{"type":"Polygon","coordinates":[[[174.7042,-37.2165],[174.7089,-37.215],[174.7104,-37.2137],[174.7094,-37.2131],[174.7099,-37.2129],[174.7092,-37.213],[174.7087,-37.2147],[174.7048,-37.2158],[174.7042,-37.2165]]]}},{"type":"Feature","properties":{},"geometry":{"type":"Polygon","coordinates":[[[174.7048,-37.2126],[174.7064,-37.2107],[174.7064,-37.2098],[174.7048,-37.2126]]]}},{"type":"Feature","properties":{},"geometry":{"type":"Polygon","coordinates":[[[174.7056,-37.2258],[174.7084,-37.2251],[174.7126,-37.2228],[174.7162,-37.2242],[174.7163,-37.2239],[174.7128,-37.2227],[174.7058,-37.2255],[174.7056,-37.2258]]]}},{"type":"Feature","properties":{},"geometry":{"type":"Polygon","coordinates":[[[174.7072,-37.235],[174.7077,-37.2359],[174.7078,-37.2358],[174.708,-37.2341],[174.7072,-37.235]]]}},{"type":"Feature","properties":{},"geometry":{"type":"Polygon","coordinates":[[[174.7099,-37.2292],[174.7103,-37.2298],[174.7138,-37.2278],[174.7099,-37.2292]]]}},{"type":"Feature","properties":{},"geometry":{"type":"Polygon","coordinates":[[[174.7099,-37.2129],[174.7136,-37.2133],[174.7134,-37.213],[174.7108,-37.2127],[174.7099,-37.2129]]]}},{"type":"Feature","properties":{},"geometry":{"type":"Polygon","coordinates":[[[174.7101,-37.2341],[174.713,-37.2334],[174.7157,-37.2307],[174.7158,-37.2304],[174.7136,-37.2326],[174.7101,-37.2341]]]}},{"type":"Feature","properties":{},"geometry":{"type":"Polygon","coordinates":[[[174.7138,-37.2135],[174.716,-37.2165],[174.7187,-37.2163],[174.7184,-37.2159],[174.7158,-37.2161],[174.7138,-37.2135]]]}},{"type":"Feature","properties":{},"geometry":{"type":"Polygon","coordinates":[[[174.7157,-37.2208],[174.7187,-37.22],[174.7188,-37.2196],[174.7186,-37.2199],[174.7172,-37.2197],[174.7157,-37.2208]]]}},{"type":"Feature","properties":{},"geometry":{"type":"Polygon","coordinates":[[[174.7176,-37.2343],[174.718,-37.2349],[174.7183,-37.2348],[174.7184,-37.2327],[174.7176,-37.2343]]]}},{"type":"Feature","properties":{},"geometry":{"type":"Polygon","coordinates":[[[174.543,-37.0266],[174.5431,-37.0268],[174.5475,-37.0263],[174.548,-37.0258],[174.543,-37.0266]]]}},{"type":"Feature","properties":{},"geometry":{"type":"Polygon","coordinates":[[[174.5505,-37.0236],[174.5568,-37.0218],[174.5537,-37.0222],[174.5505,-37.0236]]]}},{"type":"Feature","properties":{},"geometry":{"type":"Polygon","coordinates":[[[174.5629,-37.0088],[174.565,-37.0057],[174.5645,-37.0025],[174.5645,-37.0026],[174.5648,-37.0054],[174.5636,-37.0067],[174.5629,-37.0088]]]}},{"type":"Feature","properties":{},"geometry":{"type":"Polygon","coordinates":[[[174.5668,-36.999],[174.5719,-37.0005],[174.5719,-37.0036],[174.572,-37.0036],[174.5725,-37.0012],[174.5718,-37.0001],[174.5669,-36.9989],[174.5669,-36.9987],[174.5668,-36.999]]]}},{"type":"Feature","properties":{},"geometry":{"type":"Polygon","coordinates":[[[174.5669,-36.9982],[174.5686,-36.9983],[174.5677,-36.9977],[174.5689,-36.9962],[174.5675,-36.9954],[174.5675,-36.9953],[174.5672,-36.9952],[174.5674,-36.9934],[174.5669,-36.9982]],[[174.5677,-36.9957],[174.5677,-36.9956],[174.5679,-36.9956],[174.5679,-36.9957],[174.5677,-36.9957]]]}},{"type":"Feature","properties":{},"geometry":{"type":"Polygon","coordinates":[[[174.572,-37.0037],[174.574,-37.0051],[174.5742,-37.0047],[174.572,-37.0037]]]}},{"type":"Feature","properties":{},"geometry":{"type":"Polygon","coordinates":[[[174.5734,-37.0107],[174.58,-37.01],[174.5803,-37.0098],[174.5779,-37.0094],[174.5734,-37.0105],[174.5734,-37.0107]]]}},{"type":"Feature","properties":{},"geometry":{"type":"Polygon","coordinates":[[[174.5916,-37.0039],[174.5923,-37.0022],[174.5928,-37],[174.5916,-37.0019],[174.5916,-37.0039]]]}},{"type":"Feature","properties":{},"geometry":{"type":"Polygon","coordinates":[[[174.5968,-37.0105],[174.5969,-37.0107],[174.5972,-37.0086],[174.5981,-37.0079],[174.5976,-37.0067],[174.5974,-37.0066],[174.5968,-37.0105]]]}},{"type":"Feature","properties":{},"geometry":{"type":"Polygon","coordinates":[[[174.6009,-37.0173],[174.6009,-37.0177],[174.6049,-37.0216],[174.6042,-37.0196],[174.6009,-37.0173]]]}},{"type":"Feature","properties":{},"geometry":{"type":"Polygon","coordinates":[[[174.6029,-37.0026],[174.6034,-37.006],[174.6038,-37.0074],[174.6034,-36.9998],[174.6048,-36.9967],[174.6046,-36.996],[174.6037,-36.9983],[174.6029,-36.9987],[174.6034,-36.9989],[174.6029,-37.0026]]]}},{"type":"Feature","properties":{},"geometry":{"type":"Polygon","coordinates":[[[174.6046,-37.01],[174.6056,-37.0133],[174.6063,-37.0144],[174.6066,-37.0145],[174.6062,-37.0142],[174.6046,-37.01]]]}},{"type":"Feature","properties":{},"geometry":{"type":"Polygon","coordinates":[[[174.6079,-36.992],[174.6113,-36.9919],[174.6169,-36.9896],[174.6143,-36.9899],[174.6111,-36.9918],[174.609,-36.9919],[174.6089,-36.9914],[174.6079,-36.992]]]}},{"type":"Feature","properties":{},"geometry":{"type":"Polygon","coordinates":[[[174.6079,-37.0212],[174.6116,-37.0201],[174.6089,-37.0199],[174.6079,-37.0212]]]}},{"type":"Feature","properties":{},"geometry":{"type":"Polygon","coordinates":[[[174.61,-37.0168],[174.6102,-37.0177],[174.6119,-37.0184],[174.6121,-37.0198],[174.6121,-37.0182],[174.61,-37.0168]]]}},{"type":"Feature","properties":{},"geometry":{"type":"Polygon","coordinates":[[[174.6147,-36.9673],[174.6152,-36.9693],[174.6172,-36.9731],[174.6176,-36.9733],[174.6147,-36.9673]]]}},{"type":"Feature","properties":{},"geometry":{"type":"Polygon","coordinates":[[[174.6152,-36.9644],[174.6155,-36.9658],[174.6169,-36.9645],[174.6166,-36.9636],[174.616,-36.963],[174.6159,-36.9644],[174.6152,-36.9644]],[[174.6164,-36.9647],[174.6164,-36.9645],[174.6165,-36.9645],[174.6165,-36.9647],[174.6164,-36.9647]]]}},{"type":"Feature","properties":{},"geometry":{"type":"Polygon","coordinates":[[[174.616,-36.985],[174.6169,-36.9858],[174.616,-36.9832],[174.616,-36.985]]]}},{"type":"Feature","properties":{},"geometry":{"type":"Polygon","coordinates":[[[174.616,-36.983],[174.6181,-36.98],[174.6181,-36.9799],[174.616,-36.9824],[174.616,-36.983]]]}},{"type":"Feature","properties":{},"geometry":{"type":"Polygon","coordinates":[[[174.6167,-36.9638],[174.617,-36.9658],[174.6172,-36.9658],[174.6174,-36.9645],[174.6167,-36.9638]]]}},{"type":"Feature","properties":{},"geometry":{"type":"Polygon","coordinates":[[[174.6204,-36.9697],[174.6263,-36.9706],[174.6264,-36.9768],[174.6306,-36.9776],[174.6308,-36.9778],[174.6307,-36.9773],[174.6264,-36.9767],[174.6269,-36.9707],[174.6235,-36.9697],[174.6204,-36.9697]]]}},{"type":"Feature","properties":{},"geometry":{"type":"Polygon","coordinates":[[[174.6329,-36.9767],[174.6332,-36.9787],[174.6333,-36.9786],[174.6346,-36.973],[174.6329,-36.9767]]]}},{"type":"Feature","properties":{},"geometry":{"type":"Polygon","coordinates":[[[174.6347,-36.9728],[174.6442,-36.969],[174.6416,-36.9693],[174.6348,-36.9727],[174.6347,-36.9728]]]}},{"type":"Feature","properties":{},"geometry":{"type":"Polygon","coordinates":[[[174.6389,-36.9572],[174.6394,-36.9577],[174.6431,-36.9584],[174.6389,-36.9572]]]}},{"type":"Feature","properties":{},"geometry":{"type":"Polygon","coordinates":[[[174.6418,-36.967],[174.6433,-36.9673],[174.6418,-36.9662],[174.6418,-36.967]]]}},{"type":"Feature","properties":{},"geometry":{"type":"Polygon","coordinates":[[[174.6418,-36.9662],[174.6433,-36.9654],[174.6423,-36.9632],[174.642,-36.9648],[174.6432,-36.9652],[174.6418,-36.966],[174.6418,-36.9662]]]}},{"type":"Feature","properties":{},"geometry":{"type":"Polygon","coordinates":[[[174.6451,-36.949],[174.6453,-36.9493],[174.6462,-36.9498],[174.6462,-36.9502],[174.6476,-36.9518],[174.6457,-36.9486],[174.6452,-36.9483],[174.6451,-36.949]]]}},{"type":"Feature","properties":{},"geometry":{"type":"Polygon","coordinates":[[[174.6462,-36.957],[174.6477,-36.9616],[174.6469,-36.9565],[174.6486,-36.9554],[174.6485,-36.9539],[174.6481,-36.9537],[174.6483,-36.9549],[174.6462,-36.957]]]}},{"type":"Feature","properties":{},"geometry":{"type":"Polygon","coordinates":[[[174.6478,-36.9619],[174.6482,-36.9631],[174.65,-36.9648],[174.6505,-36.9644],[174.6498,-36.9645],[174.6478,-36.9619]]]}},{"type":"Feature","properties":{},"geometry":{"type":"Polygon","coordinates":[[[174.6553,-36.9566],[174.6578,-36.9561],[174.6579,-36.9555],[174.6553,-36.9566]]]}},{"type":"Feature","properties":{},"geometry":{"type":"Polygon","coordinates":[[[174.6583,-36.9506],[174.6589,-36.9518],[174.659,-36.9511],[174.6624,-36.9534],[174.6606,-36.9509],[174.6583,-36.9506]]]}},{"type":"Feature","properties":{},"geometry":{"type":"Polygon","coordinates":[[[174.6887,-36.9317],[174.6892,-36.9316],[174.6926,-36.9322],[174.6926,-36.932],[174.6891,-36.9315],[174.6887,-36.9317]]]}},{"type":"Feature","properties":{},"geometry":{"type":"Polygon","coordinates":[[[174.6924,-37.1393],[174.6926,-37.1391],[174.6945,-37.1391],[174.696,-37.1402],[174.6964,-37.1421],[174.6962,-37.1401],[174.694,-37.1386],[174.6925,-37.139],[174.6924,-37.1393]]]}},{"type":"Feature","properties":{},"geometry":{"type":"Polygon","coordinates":[[[174.6993,-37.1429],[174.7032,-37.142],[174.7,-37.1424],[174.6993,-37.1429]]]}},{"type":"Feature","properties":{},"geometry":{"type":"Polygon","coordinates":[[[174.7038,-37.1418],[174.7046,-37.1416],[174.7052,-37.1425],[174.7053,-37.1415],[174.7043,-37.1409],[174.7038,-37.1418]]]}},{"type":"Feature","properties":{},"geometry":{"type":"Polygon","coordinates":[[[174.7044,-37.134],[174.7102,-37.1337],[174.7068,-37.1336],[174.7044,-37.134]]]}},{"type":"Feature","properties":{},"geometry":{"type":"Polygon","coordinates":[[[174.705,-37.1453],[174.7055,-37.1473],[174.7053,-37.146],[174.7063,-37.1446],[174.706,-37.1441],[174.705,-37.1453]]]}},{"type":"Feature","properties":{},"geometry":{"type":"Polygon","coordinates":[[[174.7021,-36.9292],[174.7044,-36.9278],[174.7029,-36.9277],[174.7021,-36.9292]]]}},{"type":"Feature","properties":{},"geometry":{"type":"Polygon","coordinates":[[[174.7062,-37.1614],[174.7116,-37.1622],[174.7117,-37.1623],[174.714,-37.163],[174.7125,-37.1619],[174.7062,-37.1614]]]}},{"type":"Feature","properties":{},"geometry":{"type":"Polygon","coordinates":[[[174.7134,-37.1971],[174.7135,-37.2003],[174.7143,-37.1994],[174.7135,-37.197],[174.7134,-37.1971]]]}},{"type":"Feature","properties":{},"geometry":{"type":"Polygon","coordinates":[[[174.7159,-37.1548],[174.716,-37.1564],[174.7166,-37.1566],[174.7161,-37.1547],[174.7159,-37.1548]]]}},{"type":"Feature","properties":{},"geometry":{"type":"Polygon","coordinates":[[[174.7161,-37.174],[174.7161,-37.1741],[174.7177,-37.1754],[174.7162,-37.1786],[174.7172,-37.1777],[174.7179,-37.176],[174.7179,-37.1759],[174.718,-37.1759],[174.7183,-37.1752],[174.7161,-37.174]]]}},{"type":"Feature","properties":{},"geometry":{"type":"Polygon","coordinates":[[[174.7197,-37.1862],[174.7212,-37.1873],[174.7226,-37.1876],[174.7217,-37.1858],[174.7224,-37.1854],[174.7213,-37.1851],[174.7208,-37.1862],[174.7198,-37.1859],[174.7197,-37.1862]]]}},{"type":"Feature","properties":{},"geometry":{"type":"Polygon","coordinates":[[[174.7198,-37.1824],[174.7209,-37.1821],[174.7206,-37.1834],[174.7234,-37.1817],[174.7224,-37.1806],[174.7221,-37.1808],[174.7222,-37.1808],[174.7222,-37.1811],[174.722,-37.1811],[174.722,-37.1809],[174.7198,-37.1824]]]}},{"type":"Feature","properties":{},"geometry":{"type":"Polygon","coordinates":[[[174.7199,-37.153],[174.7208,-37.1537],[174.7229,-37.1529],[174.7199,-37.153]]]}},{"type":"Feature","properties":{},"geometry":{"type":"Polygon","coordinates":[[[174.7257,-37.1621],[174.7266,-37.1624],[174.7297,-37.1607],[174.73,-37.1595],[174.7257,-37.1621]]]}},{"type":"Feature","properties":{},"geometry":{"type":"Polygon","coordinates":[[[174.7287,-37.1651],[174.7312,-37.1649],[174.7305,-37.1657],[174.7323,-37.1658],[174.7328,-37.168],[174.7338,-37.1664],[174.735,-37.1661],[174.7341,-37.1654],[174.7349,-37.1632],[174.7318,-37.1654],[174.7317,-37.1638],[174.7318,-37.1637],[174.7287,-37.1651]]]}},{"type":"Feature","properties":{},"geometry":{"type":"Polygon","coordinates":[[[174.7321,-37.222],[174.7327,-37.2223],[174.7328,-37.2217],[174.7334,-37.2217],[174.7324,-37.2212],[174.7321,-37.222]]]}},{"type":"Feature","properties":{},"geometry":{"type":"Polygon","coordinates":[[[174.7332,-37.2294],[174.7333,-37.2296],[174.734,-37.2293],[174.7338,-37.228],[174.7369,-37.2266],[174.7389,-37.2269],[174.7385,-37.2267],[174.7372,-37.2262],[174.7338,-37.2279],[174.7332,-37.2294]]]}},{"type":"Feature","properties":{},"geometry":{"type":"Polygon","coordinates":[[[174.7333,-37.1582],[174.7346,-37.1603],[174.7347,-37.1602],[174.7338,-37.1574],[174.7333,-37.1582]]]}},{"type":"Feature","properties":{},"geometry":{"type":"Polygon","coordinates":[[[174.736,-37.2354],[174.7366,-37.2367],[174.7367,-37.235],[174.736,-37.2354]]]}},{"type":"Feature","properties":{},"geometry":{"type":"Polygon","coordinates":[[[174.7387,-37.2237],[174.7388,-37.2263],[174.7394,-37.2259],[174.7391,-37.2241],[174.7387,-37.2237]]]}},{"type":"Feature","properties":{},"geometry":{"type":"Polygon","coordinates":[[[174.7396,-37.1762],[174.7397,-37.1762],[174.7423,-37.1742],[174.7404,-37.1752],[174.7396,-37.1762]]]}},{"type":"Feature","properties":{},"geometry":{"type":"Polygon","coordinates":[[[174.7398,-37.1657],[174.7402,-37.1664],[174.7398,-37.1649],[174.7408,-37.1635],[174.7399,-37.1636],[174.7398,-37.1657]]]}},{"type":"Feature","properties":{},"geometry":{"type":"Polygon","coordinates":[[[174.7399,-37.1801],[174.741,-37.1799],[174.7446,-37.1775],[174.7447,-37.1771],[174.7399,-37.1801]]]}},{"type":"Feature","properties":{},"geometry":{"type":"Polygon","coordinates":[[[174.7468,-37.1758],[174.7478,-37.1749],[174.747,-37.1725],[174.7468,-37.1758]]]}},{"type":"Feature","properties":{},"geometry":{"type":"Polygon","coordinates":[[[174.7471,-37.1831],[174.7478,-37.1831],[174.7478,-37.183],[174.7492,-37.1821],[174.7479,-37.1806],[174.749,-37.1821],[174.7471,-37.1831]]]}},{"type":"Feature","properties":{},"geometry":{"type":"Polygon","coordinates":[[[174.7478,-37.1792],[174.7489,-37.1808],[174.749,-37.1809],[174.7493,-37.1797],[174.7478,-37.1792]]]}},{"type":"Feature","properties":{},"geometry":{"type":"Polygon","coordinates":[[[174.7529,-37.1729],[174.7531,-37.1744],[174.7541,-37.1751],[174.7538,-37.1743],[174.7529,-37.1729]]]}},{"type":"Feature","properties":{},"geometry":{"type":"Polygon","coordinates":[[[174.758,-37.1678],[174.7627,-37.167],[174.7581,-37.1674],[174.758,-37.1678]]]}},{"type":"Feature","properties":{},"geometry":{"type":"Polygon","coordinates":[[[174.764,-37.1668],[174.7657,-37.1676],[174.7659,-37.1698],[174.766,-37.1686],[174.7674,-37.1686],[174.7684,-37.1728],[174.7685,-37.1722],[174.7675,-37.1685],[174.7642,-37.1668],[174.764,-37.1668]]]}},{"type":"Feature","properties":{},"geometry":{"type":"Polygon","coordinates":[[[174.7706,-37.1651],[174.7712,-37.1646],[174.775,-37.163],[174.775,-37.1629],[174.7713,-37.1643],[174.7706,-37.1651]]]}},{"type":"Feature","properties":{},"geometry":{"type":"Polygon","coordinates":[[[174.7744,-37.1709],[174.7751,-37.171],[174.7755,-37.1725],[174.7753,-37.1696],[174.7753,-37.1688],[174.775,-37.1633],[174.7744,-37.1651],[174.7751,-37.1702],[174.7744,-37.1709]]]}},{"type":"Feature","properties":{},"geometry":{"type":"Polygon","coordinates":[[[174.7764,-37.1651],[174.781,-37.1646],[174.7765,-37.1645],[174.7764,-37.1651]]]}},{"type":"Feature","properties":{},"geometry":{"type":"Polygon","coordinates":[[[174.7899,-37.1687],[174.7907,-37.1695],[174.7906,-37.1673],[174.7899,-37.1687]],[[174.7901,-37.1687],[174.7905,-37.1683],[174.7906,-37.1688],[174.7901,-37.1687]]]}},{"type":"Feature","properties":{},"geometry":{"type":"Polygon","coordinates":[[[174.7942,-37.1734],[174.7949,-37.1757],[174.7957,-37.1766],[174.7944,-37.1733],[174.7942,-37.1734]]]}},{"type":"Feature","properties":{},"geometry":{"type":"Polygon","coordinates":[[[174.7082,-37.1494],[174.7087,-37.1498],[174.7086,-37.1493],[174.7106,-37.1477],[174.7114,-37.1506],[174.7111,-37.1475],[174.7082,-37.1494]]]}},{"type":"Feature","properties":{},"geometry":{"type":"Polygon","coordinates":[[[174.7115,-37.151],[174.7115,-37.1511],[174.7131,-37.1517],[174.7131,-37.1509],[174.7115,-37.151]]]}},{"type":"Feature","properties":{},"geometry":{"type":"Polygon","coordinates":[[[174.7181,-37.1333],[174.7235,-37.133],[174.7353,-37.1288],[174.736,-37.1278],[174.7324,-37.1296],[174.7181,-37.1333]]]}},{"type":"Feature","properties":{},"geometry":{"type":"Polygon","coordinates":[[[174.7199,-37.1504],[174.7214,-37.1513],[174.7235,-37.1486],[174.727,-37.1478],[174.7266,-37.1486],[174.7271,-37.1487],[174.7276,-37.1477],[174.7266,-37.1476],[174.7235,-37.1484],[174.7215,-37.1511],[174.7199,-37.1504]]]}},{"type":"Feature","properties":{},"geometry":{"type":"Polygon","coordinates":[[[174.7362,-37.1281],[174.7375,-37.1281],[174.7396,-37.1273],[174.7396,-37.1275],[174.7398,-37.1275],[174.7398,-37.1273],[174.7396,-37.1273],[174.7403,-37.127],[174.7401,-37.126],[174.7422,-37.126],[174.7425,-37.125],[174.7439,-37.1257],[174.7447,-37.1253],[174.7442,-37.1255],[174.7451,-37.1262],[174.7451,-37.1261],[174.7452,-37.1261],[174.7452,-37.126],[174.7451,-37.1261],[174.7452,-37.1254],[174.7502,-37.1242],[174.7536,-37.12],[174.7538,-37.1198],[174.7537,-37.1198],[174.7596,-37.1126],[174.7611,-37.1094],[174.7606,-37.1083],[174.7626,-37.1068],[174.7645,-37.1035],[174.7652,-37.099],[174.7705,-37.0949],[174.771,-37.0948],[174.7695,-37.0963],[174.7724,-37.0952],[174.7734,-37.0938],[174.7756,-37.093],[174.7758,-37.0927],[174.7759,-37.0927],[174.7759,-37.0926],[174.7758,-37.0926],[174.7765,-37.0915],[174.7766,-37.0926],[174.7802,-37.0933],[174.7794,-37.094],[174.7814,-37.0966],[174.7826,-37.0967],[174.7821,-37.0978],[174.7823,-37.098],[174.7823,-37.0981],[174.7823,-37.098],[174.7827,-37.0985],[174.7826,-37.0986],[174.7828,-37.0986],[174.7834,-37.0994],[174.784,-37.0991],[174.7829,-37.1004],[174.7829,-37.1021],[174.784,-37.1031],[174.7816,-37.1038],[174.7817,-37.1039],[174.7836,-37.1035],[174.7868,-37.1012],[174.7887,-37.1048],[174.7897,-37.1025],[174.7882,-37.1001],[174.7889,-37.0994],[174.7854,-37.0937],[174.7858,-37.093],[174.7893,-37.0955],[174.7893,-37.0971],[174.7898,-37.096],[174.7898,-37.0959],[174.7899,-37.096],[174.7912,-37.0934],[174.7906,-37.0975],[174.7921,-37.0969],[174.7923,-37.0936],[174.7929,-37.096],[174.7933,-37.0955],[174.793,-37.0955],[174.793,-37.0953],[174.7934,-37.0953],[174.7934,-37.0954],[174.7934,-37.0953],[174.7923,-37.092],[174.7872,-37.0896],[174.7829,-37.0895],[174.7829,-37.0896],[174.7827,-37.0895],[174.7794,-37.0895],[174.779,-37.0895],[174.779,-37.0894],[174.7751,-37.0894],[174.774,-37.0899],[174.7741,-37.0899],[174.7741,-37.09],[174.7739,-37.09],[174.7739,-37.0899],[174.7736,-37.0901],[174.7736,-37.0902],[174.7735,-37.0902],[174.7727,-37.0906],[174.7727,-37.0907],[174.7725,-37.0907],[174.7725,-37.0906],[174.7703,-37.0917],[174.768,-37.0944],[174.7579,-37.1104],[174.7525,-37.1163],[174.7513,-37.1172],[174.751,-37.1179],[174.7507,-37.1177],[174.7497,-37.1184],[174.7497,-37.1185],[174.7496,-37.1185],[174.7494,-37.1186],[174.7495,-37.1186],[174.7493,-37.1187],[174.7389,-37.1264],[174.7362,-37.1277],[174.7362,-37.1281]],[[174.7442,-37.1247],[174.7444,-37.1246],[174.7449,-37.1251],[174.7442,-37.1247]],[[174.7444,-37.1236],[174.7464,-37.1226],[174.7476,-37.1228],[174.7458,-37.1232],[174.7456,-37.1232],[174.7456,-37.1233],[174.7452,-37.1234],[174.7456,-37.1239],[174.7444,-37.1236]],[[174.7461,-37.1241],[174.7461,-37.1239],[174.7462,-37.1239],[174.7462,-37.1241],[174.7461,-37.1241]],[[174.7462,-37.1221],[174.7466,-37.122],[174.7464,-37.1223],[174.7462,-37.1221]],[[174.7464,-37.1243],[174.7464,-37.1242],[174.7466,-37.1243],[174.7464,-37.1243]],[[174.7466,-37.1219],[174.7474,-37.1212],[174.75,-37.1205],[174.7471,-37.122],[174.7466,-37.1219]],[[174.7473,-37.1235],[174.7478,-37.1232],[174.7478,-37.1235],[174.7473,-37.1235]],[[174.748,-37.1232],[174.749,-37.1241],[174.7486,-37.1241],[174.748,-37.1232]],[[174.7505,-37.1208],[174.7505,-37.1207],[174.7507,-37.1207],[174.7507,-37.1208],[174.7505,-37.1208]],[[174.7507,-37.1223],[174.7507,-37.1221],[174.7509,-37.1221],[174.7509,-37.1223],[174.7507,-37.1223]],[[174.751,-37.1226],[174.7512,-37.1224],[174.7512,-37.1226],[174.751,-37.1226]],[[174.7534,-37.1155],[174.7538,-37.1152],[174.7536,-37.1155],[174.7534,-37.1155]],[[174.7539,-37.1149],[174.7539,-37.1148],[174.7541,-37.1148],[174.7541,-37.1149],[174.7539,-37.1149]],[[174.7544,-37.1144],[174.7544,-37.1143],[174.7546,-37.1143],[174.7546,-37.1144],[174.7544,-37.1144]],[[174.7551,-37.1136],[174.7555,-37.1133],[174.7553,-37.1137],[174.7551,-37.1136]],[[174.7556,-37.113],[174.756,-37.1129],[174.7558,-37.1132],[174.7556,-37.113]],[[174.756,-37.1128],[174.756,-37.1126],[174.7561,-37.1126],[174.7561,-37.1128],[174.756,-37.1128]],[[174.764,-37.1031],[174.7643,-37.1028],[174.7643,-37.1032],[174.764,-37.1031]],[[174.7642,-37.1025],[174.7642,-37.1024],[174.7643,-37.1024],[174.7643,-37.1025],[174.7642,-37.1025]],[[174.7643,-37.1016],[174.7643,-37.1015],[174.7645,-37.1015],[174.7645,-37.1016],[174.7643,-37.1016]],[[174.7643,-37.1009],[174.7643,-37.1008],[174.7645,-37.1008],[174.7645,-37.1009],[174.7643,-37.1009]],[[174.7643,-37.1006],[174.7643,-37.1005],[174.7645,-37.1005],[174.7645,-37.1006],[174.7643,-37.1006]],[[174.7645,-37.1001],[174.7649,-37.1],[174.7647,-37.1004],[174.7645,-37.1001]],[[174.7667,-37.0971],[174.7667,-37.097],[174.7669,-37.097],[174.7669,-37.0971],[174.7667,-37.0971]],[[174.7676,-37.0956],[174.7681,-37.0949],[174.7679,-37.0957],[174.7676,-37.0956]],[[174.7678,-37.096],[174.7679,-37.0957],[174.768,-37.0957],[174.7679,-37.0957],[174.7679,-37.0959],[174.7681,-37.0958],[174.7684,-37.0959],[174.7678,-37.096]],[[174.7679,-37.096],[174.7683,-37.0961],[174.7681,-37.0964],[174.768,-37.0963],[174.7681,-37.0963],[174.7681,-37.0961],[174.768,-37.0962],[174.7679,-37.096]],[[174.7683,-37.0951],[174.7683,-37.0949],[174.7684,-37.0949],[174.7684,-37.0951],[174.7683,-37.0951]],[[174.769,-37.0938],[174.769,-37.0937],[174.7693,-37.0936],[174.769,-37.0938]],[[174.7701,-37.0933],[174.7701,-37.0932],[174.7703,-37.0932],[174.7703,-37.0933],[174.7701,-37.0933]],[[174.7727,-37.0936],[174.7736,-37.0923],[174.7748,-37.0918],[174.7727,-37.0936]],[[174.7732,-37.0937],[174.7732,-37.0936],[174.7734,-37.0936],[174.7734,-37.0937],[174.7732,-37.0937]],[[174.7744,-37.0899],[174.7744,-37.0898],[174.7746,-37.0898],[174.7746,-37.0899],[174.7744,-37.0899]],[[174.7756,-37.0898],[174.7756,-37.0896],[174.7759,-37.0896],[174.7759,-37.0898],[174.7756,-37.0898]],[[174.7765,-37.0896],[174.7765,-37.0895],[174.7768,-37.0895],[174.7768,-37.0896],[174.7765,-37.0896]],[[174.7775,-37.0911],[174.7775,-37.091],[174.7788,-37.091],[174.7788,-37.0911],[174.7775,-37.0911]],[[174.7775,-37.0896],[174.7775,-37.0895],[174.7777,-37.0895],[174.7777,-37.0896],[174.7775,-37.0896]],[[174.779,-37.0929],[174.7794,-37.0926],[174.78,-37.0932],[174.779,-37.0929]],[[174.779,-37.0911],[174.779,-37.091],[174.7794,-37.091],[174.7794,-37.0911],[174.779,-37.0911]],[[174.7792,-37.0925],[174.7792,-37.0923],[174.7795,-37.0925],[174.7792,-37.0925]],[[174.7799,-37.0926],[174.7799,-37.0925],[174.78,-37.0925],[174.78,-37.0926],[174.7799,-37.0926]],[[174.7806,-37.0932],[174.7806,-37.093],[174.7809,-37.0929],[174.7806,-37.0932]],[[174.7816,-37.0955],[174.7819,-37.0952],[174.7819,-37.0953],[174.7816,-37.0955]],[[174.7829,-37.0966],[174.7833,-37.0963],[174.7833,-37.0964],[174.7829,-37.0966]],[[174.7829,-37.0912],[174.7836,-37.091],[174.7834,-37.0912],[174.7829,-37.0912]],[[174.7838,-37.096],[174.784,-37.0959],[174.784,-37.096],[174.7838,-37.096]],[[174.7841,-37.099],[174.7841,-37.0989],[174.7843,-37.0989],[174.7843,-37.099],[174.7841,-37.099]],[[174.7841,-37.0959],[174.7841,-37.0957],[174.7843,-37.0957],[174.7843,-37.0959],[174.7841,-37.0959]],[[174.7843,-37.0929],[174.7845,-37.0929],[174.7847,-37.0936],[174.7845,-37.0936],[174.7843,-37.0929]],[[174.7847,-37.0945],[174.7847,-37.0942],[174.7852,-37.0948],[174.7847,-37.0945]],[[174.7847,-37.0932],[174.7847,-37.093],[174.7848,-37.093],[174.7848,-37.0932],[174.7847,-37.0932]],[[174.7852,-37.0934],[174.7852,-37.0933],[174.7853,-37.0933],[174.7853,-37.0934],[174.7852,-37.0934]],[[174.7855,-37.0898],[174.7858,-37.0898],[174.7858,-37.0899],[174.7855,-37.0898]],[[174.791,-37.0964],[174.791,-37.0963],[174.7913,-37.0961],[174.7913,-37.0963],[174.791,-37.0964]],[[174.7918,-37.096],[174.7918,-37.0959],[174.792,-37.0959],[174.792,-37.096],[174.7918,-37.096]]]}},{"type":"Feature","properties":{},"geometry":{"type":"Polygon","coordinates":[[[174.7392,-37.1534],[174.744,-37.1553],[174.7457,-37.1577],[174.7457,-37.1574],[174.7439,-37.1551],[174.7392,-37.1534]]]}},{"type":"Feature","properties":{},"geometry":{"type":"Polygon","coordinates":[[[174.7482,-37.1638],[174.753,-37.161],[174.7491,-37.1621],[174.7482,-37.1638]]]}},{"type":"Feature","properties":{},"geometry":{"type":"Polygon","coordinates":[[[174.7565,-37.1612],[174.7584,-37.1598],[174.7567,-37.1598],[174.7565,-37.1612]]]}},{"type":"Feature","properties":{},"geometry":{"type":"Polygon","coordinates":[[[174.7738,-37.1588],[174.7818,-37.1587],[174.7831,-37.16],[174.7904,-37.1615],[174.792,-37.1631],[174.7911,-37.1617],[174.785,-37.16],[174.7817,-37.1579],[174.7816,-37.1585],[174.7756,-37.1583],[174.7738,-37.1588]]]}},{"type":"Feature","properties":{},"geometry":{"type":"Polygon","coordinates":[[[174.7758,-37.105],[174.7778,-37.1049],[174.7783,-37.1057],[174.779,-37.1047],[174.7765,-37.1046],[174.7781,-37.1038],[174.7763,-37.104],[174.7758,-37.105]]]}},{"type":"Feature","properties":{},"geometry":{"type":"Polygon","coordinates":[[[174.7784,-37.1057],[174.7785,-37.106],[174.7804,-37.1042],[174.7802,-37.1042],[174.7784,-37.1057]]]}},{"type":"Feature","properties":{},"geometry":{"type":"Polygon","coordinates":[[[174.7785,-37.1036],[174.7808,-37.1025],[174.7813,-37.1033],[174.7811,-37.1015],[174.7812,-37.1015],[174.7812,-37.1013],[174.7811,-37.1014],[174.7811,-37.1013],[174.779,-37.1016],[174.7795,-37.1027],[174.7785,-37.1036]]]}},{"type":"Feature","properties":{},"geometry":{"type":"Polygon","coordinates":[[[174.7799,-37.1168],[174.7812,-37.1164],[174.7801,-37.1167],[174.7815,-37.1158],[174.7804,-37.1159],[174.7799,-37.1168]]]}},{"type":"Feature","properties":{},"geometry":{"type":"Polygon","coordinates":[[[174.7817,-37.1356],[174.7818,-37.1356],[174.7834,-37.1338],[174.7849,-37.1294],[174.7838,-37.1279],[174.7861,-37.1267],[174.7871,-37.1234],[174.7868,-37.119],[174.7867,-37.119],[174.787,-37.1235],[174.786,-37.1245],[174.786,-37.1266],[174.7836,-37.1279],[174.7847,-37.1302],[174.7817,-37.1356]]]}},{"type":"Feature","properties":{},"geometry":{"type":"Polygon","coordinates":[[[174.7823,-37.1152],[174.7845,-37.1139],[174.7833,-37.1141],[174.7823,-37.1152]]]}},{"type":"Feature","properties":{},"geometry":{"type":"Polygon","coordinates":[[[174.7836,-37.1187],[174.7852,-37.1187],[174.7843,-37.1186],[174.7869,-37.1175],[174.7869,-37.115],[174.7867,-37.1151],[174.7869,-37.1174],[174.7836,-37.1187]]]}},{"type":"Feature","properties":{},"geometry":{"type":"Polygon","coordinates":[[[174.7847,-37.1138],[174.7877,-37.1119],[174.7876,-37.1084],[174.7875,-37.1082],[174.7867,-37.1095],[174.7876,-37.1119],[174.7847,-37.1132],[174.7847,-37.1138]]]}},{"type":"Feature","properties":{},"geometry":{"type":"Polygon","coordinates":[[[174.7901,-37.1355],[174.7915,-37.1374],[174.7926,-37.1376],[174.7925,-37.1377],[174.7927,-37.1377],[174.7927,-37.1376],[174.7926,-37.1374],[174.7913,-37.1344],[174.7913,-37.1345],[174.7911,-37.1345],[174.7911,-37.1344],[174.7913,-37.1344],[174.7905,-37.1327],[174.7901,-37.1355]]]}},{"type":"Feature","properties":{},"geometry":{"type":"Polygon","coordinates":[[[174.7932,-37.1719],[174.7933,-37.1721],[174.7948,-37.1726],[174.7945,-37.1717],[174.7932,-37.1719]]]}},{"type":"Feature","properties":{},"geometry":{"type":"Polygon","coordinates":[[[174.7163,-36.9351],[174.7193,-36.9362],[174.7188,-36.9353],[174.7163,-36.9351]]]}},{"type":"Feature","properties":{},"geometry":{"type":"Polygon","coordinates":[[[174.7342,-37.2366],[174.7346,-37.2379],[174.7379,-37.2397],[174.7347,-37.2377],[174.7342,-37.2366]]]}},{"type":"Feature","properties":{},"geometry":{"type":"Polygon","coordinates":[[[174.7405,-37.2394],[174.7413,-37.2397],[174.7407,-37.2403],[174.7418,-37.2399],[174.7416,-37.2392],[174.7405,-37.2394]]]}},{"type":"Feature","properties":{},"geometry":{"type":"Polygon","coordinates":[[[174.7298,-36.9624],[174.7342,-36.9637],[174.7342,-36.9636],[174.7324,-36.9628],[174.7327,-36.9621],[174.7316,-36.9621],[174.7323,-36.9618],[174.7327,-36.9621],[174.7329,-36.9616],[174.7308,-36.9621],[174.7311,-36.9626],[174.7304,-36.9623],[174.7306,-36.9622],[174.7298,-36.9624]]]}},{"type":"Feature","properties":{},"geometry":{"type":"Polygon","coordinates":[[[174.733,-36.9616],[174.7346,-36.9621],[174.7352,-36.9617],[174.7342,-36.9613],[174.733,-36.9616]]]}},{"type":"Feature","properties":{},"geometry":{"type":"Polygon","coordinates":[[[174.7334,-36.9662],[174.7345,-36.9665],[174.7341,-36.9662],[174.7358,-36.9663],[174.7357,-36.9653],[174.7334,-36.9662]]]}},{"type":"Feature","properties":{},"geometry":{"type":"Polygon","coordinates":[[[174.734,-36.9625],[174.7342,-36.9631],[174.7342,-36.9626],[174.7358,-36.9624],[174.7358,-36.9626],[174.7363,-36.9623],[174.7353,-36.9617],[174.734,-36.9625]]]}},{"type":"Feature","properties":{},"geometry":{"type":"Polygon","coordinates":[[[174.7356,-36.9601],[174.7358,-36.9606],[174.7358,-36.9603],[174.737,-36.9617],[174.737,-36.9608],[174.7462,-36.9611],[174.7488,-36.9604],[174.7507,-36.9614],[174.7518,-36.961],[174.7489,-36.9603],[174.7367,-36.9606],[174.7369,-36.9614],[174.7356,-36.9601]]]}},{"type":"Feature","properties":{},"geometry":{"type":"Polygon","coordinates":[[[174.7379,-36.9679],[174.7386,-36.9678],[174.7387,-36.9679],[174.7393,-36.9667],[174.7382,-36.9664],[174.7384,-36.9674],[174.7379,-36.9679]],[[174.7386,-36.9674],[174.7386,-36.9673],[174.7387,-36.9673],[174.7387,-36.9674],[174.7386,-36.9674]]]}},{"type":"Feature","properties":{},"geometry":{"type":"Polygon","coordinates":[[[174.7399,-36.9697],[174.7402,-36.9701],[174.7437,-36.9702],[174.7427,-36.9697],[174.7399,-36.9697]]]}},{"type":"Feature","properties":{},"geometry":{"type":"Polygon","coordinates":[[[174.7419,-36.9924],[174.7435,-36.9973],[174.7437,-36.996],[174.742,-36.9923],[174.7419,-36.9924]]]}},{"type":"Feature","properties":{},"geometry":{"type":"Polygon","coordinates":[[[174.7425,-36.992],[174.743,-36.9918],[174.7432,-36.9923],[174.7447,-36.991],[174.7437,-36.9859],[174.7438,-36.9856],[174.7436,-36.9859],[174.7439,-36.991],[174.7425,-36.992]]]}},{"type":"Feature","properties":{},"geometry":{"type":"Polygon","coordinates":[[[174.745,-36.9839],[174.7461,-36.9835],[174.7467,-36.9821],[174.7461,-36.9825],[174.745,-36.9839]],[[174.7461,-36.9825],[174.7462,-36.9825],[174.7462,-36.9827],[174.7461,-36.9827],[174.7461,-36.9825]]]}},{"type":"Feature","properties":{},"geometry":{"type":"Polygon","coordinates":[[[174.7476,-36.9814],[174.748,-36.9817],[174.7524,-36.9806],[174.7554,-36.9769],[174.7551,-36.9769],[174.7528,-36.98],[174.7484,-36.9808],[174.7476,-36.9814]],[[174.7488,-36.981],[174.7488,-36.9809],[174.749,-36.9809],[174.749,-36.981],[174.7488,-36.981]]]}},{"type":"Feature","properties":{},"geometry":{"type":"Polygon","coordinates":[[[174.7491,-36.9709],[174.7517,-36.9693],[174.7566,-36.9698],[174.7568,-36.9673],[174.7589,-36.967],[174.7589,-36.9668],[174.7594,-36.9668],[174.7594,-36.9669],[174.7602,-36.9667],[174.7603,-36.9667],[174.7607,-36.9667],[174.7608,-36.9666],[174.7611,-36.9666],[174.7611,-36.9664],[174.7613,-36.9664],[174.7613,-36.9665],[174.7631,-36.9662],[174.7641,-36.9667],[174.763,-36.966],[174.7657,-36.9653],[174.7746,-36.9667],[174.7746,-36.9639],[174.7738,-36.9659],[174.7577,-36.9623],[174.7585,-36.9633],[174.7567,-36.9622],[174.7563,-36.9636],[174.7551,-36.9636],[174.7555,-36.9621],[174.7567,-36.9621],[174.7526,-36.9611],[174.7526,-36.9617],[174.7546,-36.9617],[174.7548,-36.9622],[174.7534,-36.9623],[174.7534,-36.9632],[174.7553,-36.9644],[174.7558,-36.966],[174.755,-36.9683],[174.7567,-36.9692],[174.7534,-36.9689],[174.7536,-36.9692],[174.7532,-36.9692],[174.7534,-36.9689],[174.7517,-36.9688],[174.7491,-36.9709]],[[174.7555,-36.9643],[174.756,-36.9641],[174.7558,-36.9648],[174.7555,-36.9643]],[[174.756,-36.9694],[174.756,-36.9693],[174.7561,-36.9694],[174.756,-36.9694]],[[174.7561,-36.9694],[174.7563,-36.9693],[174.7563,-36.9694],[174.7561,-36.9694]],[[174.7561,-36.9671],[174.7573,-36.967],[174.7572,-36.9671],[174.7561,-36.9671]],[[174.7587,-36.9634],[174.7587,-36.9633],[174.7591,-36.9633],[174.7591,-36.9634],[174.7587,-36.9634]],[[174.7599,-36.9636],[174.7599,-36.9634],[174.7608,-36.9634],[174.7608,-36.9636],[174.7599,-36.9636]],[[174.7614,-36.9637],[174.7614,-36.9636],[174.7623,-36.9636],[174.7623,-36.9637],[174.7614,-36.9637]],[[174.7616,-36.9664],[174.7616,-36.9663],[174.7618,-36.9663],[174.7618,-36.9664],[174.7616,-36.9664]],[[174.7625,-36.9662],[174.7626,-36.966],[174.7626,-36.9662],[174.7625,-36.9662]],[[174.763,-36.9638],[174.763,-36.9637],[174.7633,-36.9637],[174.7633,-36.9638],[174.763,-36.9638]],[[174.7635,-36.964],[174.7642,-36.9644],[174.7642,-36.9645],[174.7635,-36.964]],[[174.7683,-36.9649],[174.7683,-36.9648],[174.7684,-36.9648],[174.7684,-36.9649],[174.7683,-36.9649]],[[174.7712,-36.9655],[174.7715,-36.9656],[174.7713,-36.9656],[174.7712,-36.9655]],[[174.7719,-36.9658],[174.7719,-36.9656],[174.772,-36.9656],[174.772,-36.9658],[174.7719,-36.9658]],[[174.7725,-36.9659],[174.7725,-36.9658],[174.7727,-36.9659],[174.7725,-36.9659]]]}},{"type":"Feature","properties":{},"geometry":{"type":"Polygon","coordinates":[[[174.7531,-36.9996],[174.762,-37.0046],[174.7568,-37.0012],[174.7531,-36.9996]]]}},{"type":"Feature","properties":{},"geometry":{"type":"Polygon","coordinates":[[[174.7555,-36.9769],[174.756,-36.9779],[174.7572,-36.9782],[174.7609,-36.9779],[174.7609,-36.978],[174.7611,-36.978],[174.7631,-36.9801],[174.763,-36.9817],[174.7662,-36.9821],[174.7674,-36.9832],[174.7672,-36.9851],[174.766,-36.9853],[174.7669,-36.9855],[174.7664,-36.9876],[174.7671,-36.9873],[174.7662,-36.9892],[174.765,-36.9893],[174.7667,-36.9902],[174.7681,-36.9906],[174.7669,-36.9884],[174.7684,-36.9869],[174.7678,-36.9846],[174.77,-36.9859],[174.7698,-36.9884],[174.7712,-36.9872],[174.772,-36.9891],[174.7724,-36.9874],[174.7744,-36.9874],[174.7741,-36.9865],[174.777,-36.9865],[174.7761,-36.9853],[174.7783,-36.9851],[174.778,-36.984],[174.7719,-36.9861],[174.7664,-36.9818],[174.7633,-36.9814],[174.7635,-36.9797],[174.7627,-36.9782],[174.7628,-36.9782],[174.7628,-36.978],[174.7627,-36.9781],[174.7626,-36.978],[174.7679,-36.9741],[174.7679,-36.9733],[174.7662,-36.9679],[174.7659,-36.9678],[174.7669,-36.9702],[174.7675,-36.9738],[174.7637,-36.976],[174.7637,-36.9761],[174.7635,-36.9761],[174.7634,-36.9761],[174.7628,-36.9778],[174.7555,-36.9769]],[[174.7674,-36.9862],[174.7674,-36.9861],[174.7676,-36.9861],[174.7676,-36.9862],[174.7674,-36.9862]],[[174.7674,-36.9858],[174.7674,-36.9857],[174.7676,-36.9857],[174.7676,-36.9858],[174.7674,-36.9858]]]}},{"type":"Feature","properties":{},"geometry":{"type":"Polygon","coordinates":[[[174.7592,-36.9793],[174.7608,-36.9787],[174.7598,-36.9784],[174.7592,-36.9793]]]}},{"type":"Feature","properties":{},"geometry":{"type":"Polygon","coordinates":[[[174.7634,-37.0052],[174.7701,-37.0055],[174.7701,-37.0054],[174.7703,-37.0054],[174.7703,-37.0055],[174.7711,-37.0055],[174.7743,-37.0108],[174.7746,-37.0102],[174.771,-37.005],[174.764,-37.0047],[174.7634,-37.0052]]]}},{"type":"Feature","properties":{},"geometry":{"type":"Polygon","coordinates":[[[174.7649,-37.0155],[174.765,-37.016],[174.7654,-37.0155],[174.7701,-37.0142],[174.7702,-37.0141],[174.7649,-37.0155]]]}},{"type":"Feature","properties":{},"geometry":{"type":"Polygon","coordinates":[[[174.7729,-37.0133],[174.7737,-37.0132],[174.7754,-37.012],[174.7749,-37.0107],[174.7734,-37.0127],[174.7735,-37.0125],[174.7729,-37.0133]]]}},{"type":"Feature","properties":{},"geometry":{"type":"Polygon","coordinates":[[[174.7748,-36.9589],[174.7761,-36.9601],[174.7757,-36.961],[174.7765,-36.9602],[174.7753,-36.959],[174.7748,-36.9589]]]}},{"type":"Feature","properties":{},"geometry":{"type":"Polygon","coordinates":[[[174.7907,-37.0125],[174.7935,-37.0118],[174.8011,-37.0119],[174.8021,-37.0146],[174.8027,-37.014],[174.8021,-37.012],[174.7939,-37.0116],[174.7907,-37.0125]]]}},{"type":"Feature","properties":{},"geometry":{"type":"Polygon","coordinates":[[[174.7937,-36.9892],[174.7938,-36.9892],[174.7976,-36.9891],[174.7969,-36.9887],[174.7937,-36.9892]]]}},{"type":"Feature","properties":{},"geometry":{"type":"Polygon","coordinates":[[[174.7968,-36.9839],[174.7969,-36.9847],[174.7988,-36.9864],[174.7968,-36.9839]]]}},{"type":"Feature","properties":{},"geometry":{"type":"Polygon","coordinates":[[[174.8023,-36.9991],[174.8062,-36.9987],[174.8063,-36.9978],[174.806,-36.9977],[174.8062,-36.9986],[174.8034,-36.9982],[174.8023,-36.9991]]]}},{"type":"Feature","properties":{},"geometry":{"type":"Polygon","coordinates":[[[174.8029,-37.0137],[174.806,-37.0139],[174.8084,-37.0131],[174.8081,-37.0129],[174.8029,-37.0137]]]}},{"type":"Feature","properties":{},"geometry":{"type":"Polygon","coordinates":[[[174.806,-37.0038],[174.807,-37.0037],[174.8091,-37.0062],[174.8091,-37.0061],[174.8104,-37.0051],[174.8085,-37.0054],[174.8067,-37.0028],[174.806,-37.0038]]]}},{"type":"Feature","properties":{},"geometry":{"type":"Polygon","coordinates":[[[174.8103,-37.0167],[174.8138,-37.017],[174.814,-37.0169],[174.8139,-37.017],[174.8173,-37.0174],[174.8176,-37.0165],[174.8151,-37.0142],[174.8129,-37.0155],[174.8128,-37.0142],[174.8115,-37.0144],[174.8118,-37.0158],[174.8103,-37.0167]],[[174.8116,-37.0147],[174.8116,-37.0144],[174.8118,-37.0144],[174.8118,-37.0147],[174.8116,-37.0147]],[[174.8123,-37.0167],[174.8123,-37.0166],[174.8125,-37.0166],[174.8125,-37.0167],[174.8123,-37.0167]],[[174.8133,-37.0161],[174.8137,-37.0161],[174.8135,-37.0162],[174.8133,-37.0161]],[[174.8142,-37.0161],[174.8144,-37.0159],[174.8144,-37.0161],[174.8142,-37.0161]]]}},{"type":"Feature","properties":{},"geometry":{"type":"Polygon","coordinates":[[[174.7295,-36.9387],[174.7307,-36.9387],[174.7323,-36.9379],[174.7332,-36.9352],[174.737,-36.935],[174.7371,-36.9349],[174.7331,-36.9351],[174.7321,-36.9379],[174.7295,-36.9387]]]}},{"type":"Feature","properties":{},"geometry":{"type":"Polygon","coordinates":[[[174.7377,-36.9345],[174.7405,-36.9325],[174.7401,-36.9323],[174.7377,-36.9345]]]}},{"type":"Feature","properties":{},"geometry":{"type":"Polygon","coordinates":[[[174.7415,-36.9329],[174.7433,-36.9338],[174.7472,-36.9327],[174.7464,-36.9326],[174.7435,-36.9337],[174.7415,-36.9329]]]}},{"type":"Feature","properties":{},"geometry":{"type":"Polygon","coordinates":[[[174.7554,-36.9466],[174.7566,-36.9493],[174.7577,-36.9472],[174.7555,-36.9463],[174.7554,-36.9466]],[[174.7561,-36.9472],[174.7561,-36.9471],[174.7563,-36.9472],[174.7561,-36.9472]]]}},{"type":"Feature","properties":{},"geometry":{"type":"Polygon","coordinates":[[[174.7557,-36.9457],[174.757,-36.9424],[174.7587,-36.9411],[174.7611,-36.9409],[174.7616,-36.9399],[174.7596,-36.9407],[174.7596,-36.9408],[174.7594,-36.9408],[174.7568,-36.9417],[174.7563,-36.9435],[174.7563,-36.9437],[174.7562,-36.9437],[174.7557,-36.9457]]]}},{"type":"Feature","properties":{},"geometry":{"type":"Polygon","coordinates":[[[174.7567,-36.9495],[174.7568,-36.9496],[174.76,-36.951],[174.7599,-36.9515],[174.761,-36.9515],[174.7604,-36.9512],[174.7651,-36.9532],[174.7664,-36.9557],[174.7689,-36.9566],[174.7681,-36.9584],[174.7741,-36.9579],[174.7741,-36.9578],[174.7724,-36.9573],[174.7701,-36.957],[174.7698,-36.9576],[174.7708,-36.9577],[174.7683,-36.9584],[174.7686,-36.958],[174.7688,-36.958],[174.7688,-36.9579],[174.7698,-36.9568],[174.7695,-36.9563],[174.7701,-36.9563],[174.7695,-36.9555],[174.7666,-36.955],[174.7659,-36.9536],[174.7666,-36.9516],[174.7652,-36.9529],[174.7616,-36.9513],[174.7611,-36.9495],[174.7567,-36.9495]],[[174.771,-36.9577],[174.771,-36.9576],[174.7715,-36.9576],[174.7715,-36.9577],[174.771,-36.9577]]]}},{"type":"Feature","properties":{},"geometry":{"type":"Polygon","coordinates":[[[174.7616,-36.9399],[174.7618,-36.9415],[174.7626,-36.9417],[174.7643,-36.9395],[174.7621,-36.9415],[174.7621,-36.9397],[174.7616,-36.9399]]]}},{"type":"Feature","properties":{},"geometry":{"type":"Polygon","coordinates":[[[174.7621,-36.9503],[174.7625,-36.9513],[174.7631,-36.9502],[174.7621,-36.9503]]]}},{"type":"Feature","properties":{},"geometry":{"type":"Polygon","coordinates":[[[174.763,-36.9493],[174.7635,-36.9499],[174.7635,-36.9491],[174.7645,-36.9493],[174.764,-36.9482],[174.763,-36.9493]],[[174.7631,-36.9493],[174.7633,-36.9493],[174.7633,-36.9494],[174.7631,-36.9493]]]}},{"type":"Feature","properties":{},"geometry":{"type":"Polygon","coordinates":[[[174.7631,-36.9543],[174.7642,-36.9535],[174.7638,-36.9528],[174.7631,-36.9543]]]}},{"type":"Feature","properties":{},"geometry":{"type":"Polygon","coordinates":[[[174.768,-36.9411],[174.7681,-36.9411],[174.7681,-36.9412],[174.768,-36.9412],[174.7683,-36.9413],[174.7693,-36.9407],[174.7695,-36.9407],[174.7695,-36.9406],[174.77,-36.9402],[174.7703,-36.9402],[174.7692,-36.9401],[174.768,-36.9411]]]}},{"type":"Feature","properties":{},"geometry":{"type":"Polygon","coordinates":[[[174.7739,-36.9406],[174.7751,-36.9413],[174.7782,-36.9392],[174.7796,-36.939],[174.7787,-36.9376],[174.7785,-36.9378],[174.7783,-36.939],[174.7776,-36.9386],[174.775,-36.9408],[174.7739,-36.9406]]]}},{"type":"Feature","properties":{},"geometry":{"type":"Polygon","coordinates":[[[174.7612,-36.9261],[174.7678,-36.9261],[174.7637,-36.9255],[174.7612,-36.9261]]]}},{"type":"Feature","properties":{},"geometry":{"type":"Polygon","coordinates":[[[174.795,-37.1746],[174.7959,-37.1768],[174.7961,-37.177],[174.7954,-37.1747],[174.7957,-37.1748],[174.7957,-37.1744],[174.7954,-37.1747],[174.7954,-37.1746],[174.7954,-37.1745],[174.7953,-37.1743],[174.795,-37.1746]]]}},{"type":"Feature","properties":{},"geometry":{"type":"Polygon","coordinates":[[[174.7814,-36.9394],[174.7853,-36.9407],[174.7862,-36.9393],[174.7862,-36.9356],[174.7861,-36.9349],[174.785,-36.9402],[174.7814,-36.9394]]]}},{"type":"Feature","properties":{},"geometry":{"type":"Polygon","coordinates":[[[174.7865,-36.9374],[174.7877,-36.9375],[174.7891,-36.9355],[174.7887,-36.9349],[174.7865,-36.9374]]]}},{"type":"Feature","properties":{},"geometry":{"type":"Polygon","coordinates":[[[174.7931,-36.9404],[174.7939,-36.9417],[174.7959,-36.9419],[174.7931,-36.9404]]]}},{"type":"Feature","properties":{},"geometry":{"type":"Polygon","coordinates":[[[174.7973,-36.949],[174.7975,-36.9495],[174.7996,-36.9474],[174.7995,-36.9473],[174.7995,-36.9475],[174.7973,-36.949]]]}},{"type":"Feature","properties":{},"geometry":{"type":"Polygon","coordinates":[[[174.7709,-36.926],[174.7727,-36.9254],[174.7772,-36.9285],[174.7786,-36.9275],[174.7782,-36.9273],[174.7771,-36.928],[174.7758,-36.9259],[174.7724,-36.9247],[174.7717,-36.9255],[174.7709,-36.9257],[174.7709,-36.926]],[[174.7751,-36.9263],[174.7751,-36.9262],[174.7753,-36.9262],[174.7753,-36.9263],[174.7751,-36.9263]],[[174.7771,-36.9282],[174.7771,-36.9281],[174.7773,-36.9281],[174.7773,-36.9282],[174.7771,-36.9282]]]}},{"type":"Feature","properties":{},"geometry":{"type":"Polygon","coordinates":[[[174.7808,-36.9284],[174.7821,-36.9323],[174.7824,-36.9314],[174.7814,-36.9287],[174.7808,-36.9284]]]}},{"type":"Feature","properties":{},"geometry":{"type":"Polygon","coordinates":[[[174.7825,-36.9334],[174.789,-36.9321],[174.7889,-36.9313],[174.7911,-36.9313],[174.7877,-36.9308],[174.7876,-36.9322],[174.7828,-36.9332],[174.7825,-36.9334]]]}},{"type":"Feature","properties":{},"geometry":{"type":"Polygon","coordinates":[[[174.7931,-36.9312],[174.8084,-36.931],[174.8085,-36.9308],[174.8007,-36.9311],[174.7985,-36.931],[174.7988,-36.9303],[174.7957,-36.9308],[174.7957,-36.9306],[174.7956,-36.9306],[174.7956,-36.9308],[174.7931,-36.9312]]]}},{"type":"Feature","properties":{},"geometry":{"type":"Polygon","coordinates":[[[174.7889,-37.1265],[174.7897,-37.1277],[174.7911,-37.128],[174.7889,-37.1265]]]}},{"type":"Feature","properties":{},"geometry":{"type":"Polygon","coordinates":[[[174.7891,-37.1191],[174.7891,-37.1193],[174.7891,-37.1192],[174.7905,-37.1189],[174.7906,-37.1172],[174.791,-37.1172],[174.791,-37.1171],[174.7911,-37.1171],[174.7911,-37.1172],[174.7928,-37.1171],[174.7918,-37.116],[174.7926,-37.117],[174.791,-37.1165],[174.7891,-37.1191]]]}},{"type":"Feature","properties":{},"geometry":{"type":"Polygon","coordinates":[[[174.7899,-37.1281],[174.7921,-37.1312],[174.7923,-37.1306],[174.7899,-37.1281]]]}},{"type":"Feature","properties":{},"geometry":{"type":"Polygon","coordinates":[[[174.7912,-37.1094],[174.7916,-37.11],[174.7913,-37.1092],[174.7922,-37.1053],[174.7928,-37.1049],[174.7928,-37.1047],[174.793,-37.1047],[174.793,-37.1048],[174.7944,-37.1039],[174.7968,-37.1046],[174.7973,-37.1057],[174.7993,-37.106],[174.799,-37.1072],[174.7997,-37.1081],[174.8016,-37.1084],[174.8014,-37.107],[174.8051,-37.1062],[174.8062,-37.1068],[174.8058,-37.1087],[174.8036,-37.1095],[174.8045,-37.11],[174.8027,-37.1118],[174.8041,-37.1109],[174.8077,-37.1103],[174.8089,-37.1114],[174.8099,-37.1113],[174.8111,-37.1137],[174.8135,-37.1129],[174.8142,-37.1137],[174.8138,-37.1147],[174.8145,-37.1138],[174.8157,-37.114],[174.8176,-37.1168],[174.8179,-37.1192],[174.8186,-37.1171],[174.8174,-37.1153],[174.8181,-37.1138],[174.8191,-37.1137],[174.8167,-37.1132],[174.8166,-37.1118],[174.8184,-37.1111],[174.8161,-37.1103],[174.8157,-37.1098],[174.8166,-37.1091],[174.8133,-37.1092],[174.8121,-37.1073],[174.8097,-37.1068],[174.8096,-37.1058],[174.8113,-37.1047],[174.8084,-37.1053],[174.8067,-37.1024],[174.8048,-37.1032],[174.7997,-37.1034],[174.7998,-37.1035],[174.7991,-37.1059],[174.795,-37.1033],[174.7921,-37.105],[174.7912,-37.1094]],[[174.8091,-37.1089],[174.8094,-37.1089],[174.8096,-37.1098],[174.8092,-37.1098],[174.8091,-37.1089]],[[174.8103,-37.1099],[174.8116,-37.1104],[174.8125,-37.1122],[174.8113,-37.1121],[174.8103,-37.1099]]]}},{"type":"Feature","properties":{},"geometry":{"type":"Polygon","coordinates":[[[174.7921,-37.1337],[174.7925,-37.1357],[174.7932,-37.1359],[174.7927,-37.1352],[174.7956,-37.1336],[174.7949,-37.1335],[174.7921,-37.1337]],[[174.7927,-37.1348],[174.793,-37.1348],[174.793,-37.1349],[174.7927,-37.1348]]]}},{"type":"Feature","properties":{},"geometry":{"type":"Polygon","coordinates":[[[174.7922,-37.1314],[174.7937,-37.1334],[174.7935,-37.1329],[174.7947,-37.1329],[174.7949,-37.1322],[174.793,-37.1324],[174.7928,-37.1313],[174.7922,-37.1314]]]}},{"type":"Feature","properties":{},"geometry":{"type":"Polygon","coordinates":[[[174.7923,-37.1112],[174.7928,-37.1121],[174.7923,-37.1127],[174.7932,-37.1121],[174.7928,-37.111],[174.7923,-37.1112]]]}},{"type":"Feature","properties":{},"geometry":{"type":"Polygon","coordinates":[[[174.7979,-37.0956],[174.7993,-37.0948],[174.806,-37.0879],[174.8118,-37.0846],[174.8171,-37.0835],[174.8176,-37.0837],[174.8176,-37.0838],[174.8178,-37.0838],[174.8178,-37.0837],[174.8219,-37.0853],[174.8222,-37.0857],[174.8176,-37.084],[174.8164,-37.0843],[174.8183,-37.087],[174.8181,-37.0881],[174.8191,-37.0887],[174.8196,-37.087],[174.8231,-37.0862],[174.8232,-37.0861],[174.8234,-37.0861],[174.8234,-37.086],[174.826,-37.0842],[174.829,-37.0838],[174.8301,-37.0833],[174.8301,-37.0834],[174.8302,-37.0834],[174.8302,-37.0832],[174.8307,-37.0829],[174.8306,-37.0824],[174.8309,-37.083],[174.8302,-37.0835],[174.8307,-37.0835],[174.8309,-37.083],[174.8323,-37.0855],[174.8312,-37.0857],[174.8314,-37.0868],[174.8331,-37.0865],[174.8336,-37.0847],[174.8331,-37.0831],[174.8352,-37.0825],[174.8362,-37.0804],[174.8379,-37.079],[174.8384,-37.0794],[174.8398,-37.0768],[174.8405,-37.0766],[174.8405,-37.0767],[174.8406,-37.0767],[174.8406,-37.0766],[174.8408,-37.0765],[174.8429,-37.0779],[174.8425,-37.0772],[174.8437,-37.0771],[174.8422,-37.0765],[174.8423,-37.0746],[174.8416,-37.0746],[174.8432,-37.0701],[174.8434,-37.0659],[174.8444,-37.0644],[174.8444,-37.064],[174.8446,-37.0639],[174.8444,-37.0639],[174.8444,-37.0635],[174.8447,-37.0635],[174.8447,-37.0633],[174.8444,-37.0633],[174.8444,-37.0632],[174.8435,-37.0631],[174.8447,-37.0624],[174.8447,-37.0625],[174.8449,-37.0624],[174.8448,-37.0624],[174.847,-37.0612],[174.8505,-37.0571],[174.8546,-37.0561],[174.8505,-37.057],[174.8434,-37.0629],[174.8407,-37.0683],[174.8407,-37.0723],[174.839,-37.0721],[174.8371,-37.0744],[174.8372,-37.0744],[174.8371,-37.0745],[174.8371,-37.0744],[174.8363,-37.0753],[174.8322,-37.0761],[174.8314,-37.078],[174.8316,-37.078],[174.8316,-37.0782],[174.8314,-37.0782],[174.8314,-37.0781],[174.8313,-37.0785],[174.8292,-37.0783],[174.8223,-37.083],[174.8186,-37.0833],[174.8186,-37.0834],[174.8184,-37.0834],[174.8183,-37.0834],[174.8183,-37.0835],[174.8181,-37.0835],[174.8181,-37.0834],[174.8133,-37.0838],[174.8133,-37.0839],[174.8132,-37.0839],[174.8132,-37.0838],[174.8131,-37.0838],[174.8054,-37.0881],[174.7979,-37.0956]],[[174.8183,-37.088],[174.8186,-37.0877],[174.8186,-37.0883],[174.8183,-37.088]],[[174.8198,-37.0853],[174.8205,-37.0859],[174.8202,-37.0859],[174.8198,-37.0853]],[[174.822,-37.085],[174.8224,-37.0849],[174.8227,-37.0851],[174.822,-37.085]],[[174.8237,-37.0842],[174.8237,-37.084],[174.8239,-37.084],[174.8239,-37.0842],[174.8237,-37.0842]],[[174.8265,-37.0836],[174.827,-37.0834],[174.8268,-37.0836],[174.8265,-37.0836]],[[174.8297,-37.0831],[174.8297,-37.0829],[174.8299,-37.0829],[174.8299,-37.0831],[174.8297,-37.0831]],[[174.8316,-37.0779],[174.8316,-37.0778],[174.8318,-37.0778],[174.8318,-37.0779],[174.8316,-37.0779]],[[174.8318,-37.0776],[174.8318,-37.0775],[174.8319,-37.0775],[174.8319,-37.0776],[174.8318,-37.0776]],[[174.8319,-37.0861],[174.8319,-37.0859],[174.8321,-37.0859],[174.8321,-37.0861],[174.8319,-37.0861]],[[174.8319,-37.0774],[174.8319,-37.0772],[174.8321,-37.0772],[174.8321,-37.0774],[174.8319,-37.0774]],[[174.8321,-37.0771],[174.8324,-37.0768],[174.8323,-37.0771],[174.8321,-37.0771]],[[174.8331,-37.0812],[174.8335,-37.0806],[174.8335,-37.0813],[174.8331,-37.0812]],[[174.8338,-37.081],[174.8338,-37.0809],[174.834,-37.0809],[174.834,-37.081],[174.8338,-37.081]],[[174.8347,-37.076],[174.8347,-37.0759],[174.8348,-37.0759],[174.8348,-37.076],[174.8347,-37.076]],[[174.8355,-37.0757],[174.8355,-37.0756],[174.8357,-37.0756],[174.8355,-37.0757]],[[174.8367,-37.0749],[174.8369,-37.0748],[174.8369,-37.0749],[174.8367,-37.0749]],[[174.8376,-37.0738],[174.8377,-37.0737],[174.8377,-37.0738],[174.8376,-37.0738]],[[174.8381,-37.0734],[174.8384,-37.0731],[174.8382,-37.0734],[174.8381,-37.0734]],[[174.8396,-37.0725],[174.8396,-37.0723],[174.8398,-37.0723],[174.8398,-37.0725],[174.8396,-37.0725]],[[174.8398,-37.0755],[174.8398,-37.0753],[174.8399,-37.0753],[174.8399,-37.0755],[174.8398,-37.0755]],[[174.8406,-37.0753],[174.8411,-37.0749],[174.8408,-37.0755],[174.8406,-37.0753]],[[174.8413,-37.068],[174.8413,-37.0678],[174.8415,-37.0678],[174.8415,-37.068],[174.8413,-37.068]],[[174.8415,-37.0676],[174.8415,-37.0674],[174.8416,-37.0674],[174.8416,-37.0676],[174.8415,-37.0676]],[[174.8416,-37.0671],[174.8416,-37.0669],[174.8418,-37.0669],[174.8416,-37.0671]],[[174.8418,-37.0719],[174.8418,-37.0718],[174.842,-37.0718],[174.842,-37.0719],[174.8418,-37.0719]],[[174.8418,-37.0666],[174.8418,-37.0665],[174.842,-37.0665],[174.842,-37.0666],[174.8418,-37.0666]],[[174.842,-37.0716],[174.842,-37.0715],[174.8422,-37.0716],[174.842,-37.0716]],[[174.842,-37.0681],[174.8422,-37.068],[174.8422,-37.0681],[174.842,-37.0681]],[[174.842,-37.0661],[174.8422,-37.0659],[174.8422,-37.0661],[174.842,-37.0661]],[[174.8422,-37.0716],[174.8423,-37.0715],[174.8423,-37.0716],[174.8422,-37.0716]],[[174.8422,-37.0656],[174.8423,-37.0654],[174.8423,-37.0656],[174.8422,-37.0656]],[[174.8423,-37.068],[174.8423,-37.0678],[174.8427,-37.0678],[174.8427,-37.068],[174.8423,-37.068]],[[174.8423,-37.0651],[174.8425,-37.0648],[174.8425,-37.0651],[174.8423,-37.0651]],[[174.8427,-37.0699],[174.8429,-37.0697],[174.843,-37.0701],[174.8427,-37.0699]],[[174.8427,-37.0674],[174.8427,-37.0673],[174.8429,-37.0673],[174.8429,-37.0674],[174.8427,-37.0674]]]}},{"type":"Feature","properties":{},"geometry":{"type":"Polygon","coordinates":[[[174.7984,-37.1016],[174.7992,-37.1027],[174.7987,-37.1001],[174.7984,-37.1016]]]}},{"type":"Feature","properties":{},"geometry":{"type":"Polygon","coordinates":[[[174.7985,-37.0978],[174.7988,-37.0993],[174.7987,-37.0999],[174.8007,-37.0993],[174.7985,-37.0978]]]}},{"type":"Feature","properties":{},"geometry":{"type":"Polygon","coordinates":[[[174.8535,-37.0603],[174.8553,-37.0581],[174.8539,-37.059],[174.8535,-37.0603]]]}},{"type":"Feature","properties":{},"geometry":{"type":"Polygon","coordinates":[[[174.856,-37.064],[174.8612,-37.0628],[174.8563,-37.0637],[174.8577,-37.0624],[174.8562,-37.0631],[174.856,-37.064]]]}},{"type":"Feature","properties":{},"geometry":{"type":"Polygon","coordinates":[[[174.8616,-37.0685],[174.8618,-37.0692],[174.8639,-37.0669],[174.8626,-37.0677],[174.8616,-37.0685]]]}},{"type":"Feature","properties":{},"geometry":{"type":"Polygon","coordinates":[[[174.8637,-37.0951],[174.8639,-37.0988],[174.8641,-37.099],[174.8639,-37.0957],[174.864,-37.0957],[174.864,-37.0956],[174.8639,-37.0956],[174.8638,-37.0949],[174.8637,-37.0951]]]}},{"type":"Feature","properties":{},"geometry":{"type":"Polygon","coordinates":[[[174.8655,-37.0641],[174.8656,-37.0644],[174.8697,-37.0632],[174.8714,-37.0654],[174.8705,-37.0662],[174.8719,-37.0701],[174.8714,-37.0652],[174.8695,-37.063],[174.8655,-37.0641]]]}},{"type":"Feature","properties":{},"geometry":{"type":"Polygon","coordinates":[[[174.8656,-37.106],[174.8675,-37.109],[174.8656,-37.1039],[174.8656,-37.106]]]}},{"type":"Feature","properties":{},"geometry":{"type":"Polygon","coordinates":[[[174.8657,-37.0647],[174.8659,-37.0656],[174.8658,-37.0656],[174.8664,-37.0666],[174.8666,-37.0658],[174.8657,-37.0647]]]}},{"type":"Feature","properties":{},"geometry":{"type":"Polygon","coordinates":[[[174.8661,-37.1051],[174.8682,-37.1095],[174.8716,-37.1118],[174.8703,-37.1119],[174.8705,-37.1121],[174.8697,-37.1151],[174.8705,-37.1166],[174.8702,-37.1185],[174.8686,-37.1219],[174.8707,-37.1182],[174.8705,-37.1144],[174.8714,-37.1119],[174.8724,-37.1121],[174.8705,-37.11],[174.8679,-37.1088],[174.8663,-37.1047],[174.8661,-37.1051]]]}},{"type":"Feature","properties":{},"geometry":{"type":"Polygon","coordinates":[[[174.8674,-37.1231],[174.8683,-37.1232],[174.8688,-37.122],[174.8674,-37.1231]]]}},{"type":"Feature","properties":{},"geometry":{"type":"Polygon","coordinates":[[[174.8677,-37.0801],[174.8711,-37.0821],[174.8727,-37.0813],[174.871,-37.082],[174.8685,-37.0797],[174.8677,-37.0801]]]}},{"type":"Feature","properties":{},"geometry":{"type":"Polygon","coordinates":[[[174.8722,-37.0837],[174.8727,-37.0838],[174.8736,-37.0831],[174.8752,-37.081],[174.875,-37.081],[174.8728,-37.0837],[174.8722,-37.0837]]]}},{"type":"Feature","properties":{},"geometry":{"type":"Polygon","coordinates":[[[174.8777,-37.0694],[174.8779,-37.072],[174.878,-37.072],[174.878,-37.0694],[174.8777,-37.0694]]]}},{"type":"Feature","properties":{},"geometry":{"type":"Polygon","coordinates":[[[174.878,-37.076],[174.8789,-37.0755],[174.8797,-37.0735],[174.878,-37.076]]]}},{"type":"Feature","properties":{},"geometry":{"type":"Polygon","coordinates":[[[174.8804,-37.0707],[174.8806,-37.072],[174.8808,-37.072],[174.8807,-37.0722],[174.8813,-37.0723],[174.881,-37.072],[174.8818,-37.0719],[174.8846,-37.068],[174.8811,-37.0716],[174.8804,-37.0707]]]}},{"type":"Feature","properties":{},"geometry":{"type":"Polygon","coordinates":[[[174.8901,-37.0651],[174.8924,-37.065],[174.8968,-37.0613],[174.8968,-37.061],[174.8923,-37.0648],[174.8905,-37.0645],[174.8901,-37.0651]]]}},{"type":"Feature","properties":{},"geometry":{"type":"Polygon","coordinates":[[[174.8934,-37.12],[174.8946,-37.119],[174.8953,-37.1168],[174.8949,-37.1149],[174.8942,-37.1172],[174.8941,-37.1171],[174.8941,-37.1172],[174.8942,-37.1172],[174.8934,-37.12]]]}},{"type":"Feature","properties":{},"geometry":{"type":"Polygon","coordinates":[[[174.8949,-37.1149],[174.8981,-37.1152],[174.8981,-37.1166],[174.9002,-37.1159],[174.9011,-37.1159],[174.9011,-37.1166],[174.9023,-37.1126],[174.9022,-37.1127],[174.901,-37.1159],[174.8956,-37.1144],[174.8999,-37.1149],[174.8951,-37.114],[174.8949,-37.1149]]]}},{"type":"Feature","properties":{},"geometry":{"type":"Polygon","coordinates":[[[174.8963,-37.0701],[174.8966,-37.0707],[174.8981,-37.0702],[174.8967,-37.07],[174.8969,-37.0697],[174.8963,-37.0701]]]}},{"type":"Feature","properties":{},"geometry":{"type":"Polygon","coordinates":[[[174.8978,-37.0823],[174.8993,-37.0825],[174.8993,-37.0829],[174.8995,-37.0827],[174.8984,-37.0814],[174.8978,-37.0823]]]}},{"type":"Feature","properties":{},"geometry":{"type":"Polygon","coordinates":[[[174.8999,-37.1149],[174.9004,-37.115],[174.9014,-37.1121],[174.8999,-37.1149]]]}},{"type":"Feature","properties":{},"geometry":{"type":"Polygon","coordinates":[[[174.9004,-37.0704],[174.9013,-37.0735],[174.9008,-37.0704],[174.9004,-37.0704]]]}},{"type":"Feature","properties":{},"geometry":{"type":"Polygon","coordinates":[[[174.9029,-37.1122],[174.9048,-37.1118],[174.9057,-37.1103],[174.9029,-37.1122]]]}},{"type":"Feature","properties":{},"geometry":{"type":"Polygon","coordinates":[[[174.907,-37.1033],[174.9077,-37.1011],[174.9123,-37.0978],[174.9111,-37.0978],[174.9094,-37.0998],[174.9074,-37.1006],[174.907,-37.1033]]]}},{"type":"Feature","properties":{},"geometry":{"type":"Polygon","coordinates":[[[174.9078,-37.1073],[174.9089,-37.106],[174.9094,-37.1031],[174.9078,-37.1073]]]}},{"type":"Feature","properties":{},"geometry":{"type":"Polygon","coordinates":[[[174.9096,-37.0899],[174.9108,-37.0917],[174.91,-37.0886],[174.9096,-37.0899]]]}},{"type":"Feature","properties":{},"geometry":{"type":"Polygon","coordinates":[[[174.9164,-37.1007],[174.918,-37.1002],[174.9171,-37.0997],[174.9166,-37.0952],[174.917,-37.1001],[174.9164,-37.1007]]]}},{"type":"Feature","properties":{},"geometry":{"type":"Polygon","coordinates":[[[174.9176,-37.1119],[174.9178,-37.1119],[174.9178,-37.1136],[174.9185,-37.1138],[174.919,-37.114],[174.9181,-37.1137],[174.9182,-37.1129],[174.9179,-37.1125],[174.9184,-37.112],[174.9185,-37.1113],[174.919,-37.1113],[174.9199,-37.1103],[174.92,-37.11],[174.92,-37.1101],[174.9207,-37.1094],[174.9204,-37.1091],[174.9178,-37.1115],[174.9178,-37.1118],[174.9176,-37.1119]]]}},{"type":"Feature","properties":{},"geometry":{"type":"Polygon","coordinates":[[[174.9178,-37.0947],[174.9183,-37.0978],[174.9207,-37.0997],[174.9208,-37.0996],[174.9186,-37.098],[174.918,-37.0946],[174.9178,-37.0947]]]}},{"type":"Feature","properties":{},"geometry":{"type":"Polygon","coordinates":[[[174.9188,-37.1089],[174.9202,-37.1088],[174.9192,-37.1078],[174.9188,-37.1089]]]}},{"type":"Feature","properties":{},"geometry":{"type":"Polygon","coordinates":[[[174.7989,-36.981],[174.8001,-36.9842],[174.8007,-36.9841],[174.8002,-36.984],[174.799,-36.9806],[174.7989,-36.981]]]}},{"type":"Feature","properties":{},"geometry":{"type":"Polygon","coordinates":[[[174.8108,-37.0056],[174.8129,-37.0051],[174.812,-37.0049],[174.8132,-37.0024],[174.8118,-37.0024],[174.8113,-37.0031],[174.8124,-37.0037],[174.8108,-37.0056]]]}},{"type":"Feature","properties":{},"geometry":{"type":"Polygon","coordinates":[[[174.8132,-36.9971],[174.8145,-36.9974],[174.8168,-36.9957],[174.8132,-36.9968],[174.8132,-36.9971]]]}},{"type":"Feature","properties":{},"geometry":{"type":"Polygon","coordinates":[[[174.8146,-37.0096],[174.816,-37.0102],[174.8149,-37.0088],[174.8162,-37.0084],[174.8154,-37.0082],[174.8152,-37.0071],[174.8151,-37.0072],[174.8146,-37.0096]]]}},{"type":"Feature","properties":{},"geometry":{"type":"Polygon","coordinates":[[[174.8164,-37.0043],[174.8191,-37.0037],[174.8179,-37.0048],[174.8193,-37.0043],[174.8198,-37.0031],[174.819,-37.0031],[174.8188,-37.0031],[174.8176,-37.003],[174.8167,-37.0042],[174.8164,-37.0043]]]}},{"type":"Feature","properties":{},"geometry":{"type":"Polygon","coordinates":[[[174.817,-36.9957],[174.8183,-36.9971],[174.8181,-36.9964],[174.8191,-36.9963],[174.8171,-36.9956],[174.817,-36.9957]]]}},{"type":"Feature","properties":{},"geometry":{"type":"Polygon","coordinates":[[[174.822,-37.0094],[174.8253,-37.0095],[174.8277,-37.0084],[174.822,-37.0094]]]}},{"type":"Feature","properties":{},"geometry":{"type":"Polygon","coordinates":[[[174.8249,-37.0118],[174.8365,-37.0213],[174.8411,-37.0272],[174.8448,-37.0295],[174.8521,-37.029],[174.8534,-37.028],[174.8525,-37.0267],[174.853,-37.0253],[174.8529,-37.0251],[174.8531,-37.0251],[174.8533,-37.0246],[174.8529,-37.0247],[174.8529,-37.0248],[174.8528,-37.0247],[174.8511,-37.0249],[174.85,-37.0232],[174.8499,-37.0251],[174.8478,-37.0257],[174.8495,-37.0271],[174.8495,-37.0259],[174.8527,-37.0252],[174.8522,-37.0264],[174.8512,-37.0267],[174.8531,-37.028],[174.8524,-37.0285],[174.8522,-37.0285],[174.8524,-37.0286],[174.8521,-37.0287],[174.8503,-37.0286],[174.8504,-37.0286],[174.8504,-37.0283],[174.8502,-37.0283],[174.8502,-37.0286],[174.8485,-37.0285],[174.8493,-37.0278],[174.8478,-37.027],[174.8475,-37.028],[174.8455,-37.0272],[174.8456,-37.0271],[174.8454,-37.0271],[174.8454,-37.0272],[174.8442,-37.0267],[174.844,-37.0251],[174.8446,-37.0252],[174.8442,-37.024],[174.8408,-37.023],[174.8413,-37.0229],[174.8396,-37.0221],[174.8396,-37.0222],[174.8394,-37.0222],[174.8394,-37.0221],[174.8396,-37.0221],[174.8393,-37.0219],[174.8369,-37.0191],[174.8359,-37.0191],[174.8362,-37.0186],[174.8331,-37.0167],[174.8311,-37.0167],[174.8275,-37.0132],[174.8249,-37.0118]],[[174.8377,-37.0207],[174.8377,-37.0204],[174.8379,-37.0204],[174.8379,-37.0207],[174.8377,-37.0207]],[[174.8391,-37.0223],[174.8391,-37.0222],[174.8393,-37.0222],[174.8393,-37.0223],[174.8391,-37.0223]],[[174.841,-37.0256],[174.841,-37.0255],[174.8411,-37.0255],[174.8411,-37.0256],[174.841,-37.0256]],[[174.8418,-37.0237],[174.8418,-37.0236],[174.842,-37.0236],[174.842,-37.0237],[174.8418,-37.0237]],[[174.8423,-37.0244],[174.8427,-37.0242],[174.8427,-37.0245],[174.8423,-37.0244]],[[174.8427,-37.0248],[174.8427,-37.0246],[174.8429,-37.0246],[174.8429,-37.0248],[174.8427,-37.0248]],[[174.8502,-37.0248],[174.8505,-37.0248],[174.8504,-37.0252],[174.8502,-37.0248]],[[174.8502,-37.0245],[174.8502,-37.0241],[174.8504,-37.0241],[174.8504,-37.0245],[174.8502,-37.0245]]]}},{"type":"Feature","properties":{},"geometry":{"type":"Polygon","coordinates":[[[174.8287,-36.9943],[174.8297,-36.9941],[174.8333,-36.9904],[174.833,-36.9902],[174.8287,-36.9943]]]}},{"type":"Feature","properties":{},"geometry":{"type":"Polygon","coordinates":[[[174.8377,-37.0169],[174.8381,-37.017],[174.8379,-37.0171],[174.8403,-37.0183],[174.8402,-37.0182],[174.8389,-37.0173],[174.8388,-37.0167],[174.8386,-37.0166],[174.8383,-37.0169],[174.8377,-37.0167],[174.8377,-37.0169]]]}},{"type":"Feature","properties":{},"geometry":{"type":"Polygon","coordinates":[[[174.847,-37.0214],[174.8475,-37.0236],[174.8495,-37.0222],[174.8494,-37.0221],[174.8475,-37.0229],[174.847,-37.0214]]]}},{"type":"Feature","properties":{},"geometry":{"type":"Polygon","coordinates":[[[174.8018,-36.9835],[174.8022,-36.9859],[174.8024,-36.9839],[174.8018,-36.9835]]]}},{"type":"Feature","properties":{},"geometry":{"type":"Polygon","coordinates":[[[174.807,-36.9835],[174.8077,-36.9854],[174.8113,-36.9857],[174.8121,-36.9863],[174.8118,-36.9859],[174.814,-36.9866],[174.8121,-36.9855],[174.8138,-36.9825],[174.8133,-36.9806],[174.8085,-36.9798],[174.8074,-36.981],[174.807,-36.9835]]]}},{"type":"Feature","properties":{},"geometry":{"type":"Polygon","coordinates":[[[174.8072,-36.9909],[174.809,-36.9903],[174.8089,-36.9904],[174.8092,-36.9902],[174.8075,-36.99],[174.8072,-36.9909]]]}},{"type":"Feature","properties":{},"geometry":{"type":"Polygon","coordinates":[[[174.8073,-36.9924],[174.8078,-36.9942],[174.8074,-36.9923],[174.8089,-36.9926],[174.8084,-36.991],[174.8073,-36.9924]]]}},{"type":"Feature","properties":{},"geometry":{"type":"Polygon","coordinates":[[[174.8162,-36.9871],[174.8162,-36.9873],[174.8183,-36.9879],[174.8178,-36.9869],[174.8162,-36.9871]]]}},{"type":"Feature","properties":{},"geometry":{"type":"Polygon","coordinates":[[[174.8176,-36.9832],[174.8191,-36.9859],[174.8192,-36.9854],[174.818,-36.9834],[174.818,-36.9832],[174.8176,-36.9832]]]}},{"type":"Feature","properties":{},"geometry":{"type":"Polygon","coordinates":[[[174.819,-36.9897],[174.8201,-36.9922],[174.8221,-36.9916],[174.8205,-36.9919],[174.8192,-36.9893],[174.819,-36.9897]]]}},{"type":"Feature","properties":{},"geometry":{"type":"Polygon","coordinates":[[[174.8238,-36.9916],[174.8262,-36.9929],[174.8272,-36.9932],[174.8272,-36.9934],[174.8279,-36.9938],[174.8286,-36.9933],[174.8277,-36.9936],[174.8273,-36.9922],[174.8248,-36.9921],[174.824,-36.9913],[174.8238,-36.9916]]]}},{"type":"Feature","properties":{},"geometry":{"type":"Polygon","coordinates":[[[174.8303,-36.9921],[174.8322,-36.9909],[174.8321,-36.9897],[174.8303,-36.9921]]]}},{"type":"Feature","properties":{},"geometry":{"type":"Polygon","coordinates":[[[174.8136,-36.9524],[174.8157,-36.9531],[174.8176,-36.9525],[174.8182,-36.9532],[174.8179,-36.9525],[174.8177,-36.9524],[174.8139,-36.9523],[174.8136,-36.9524]],[[174.8159,-36.9529],[174.8159,-36.9528],[174.8161,-36.9528],[174.8161,-36.9529],[174.8159,-36.9529]]]}},{"type":"Feature","properties":{},"geometry":{"type":"Polygon","coordinates":[[[174.8175,-36.9493],[174.8193,-36.9494],[174.8208,-36.9483],[174.8209,-36.9479],[174.8175,-36.9493]]]}},{"type":"Feature","properties":{},"geometry":{"type":"Polygon","coordinates":[[[174.8262,-36.9456],[174.8265,-36.9456],[174.8272,-36.9464],[174.828,-36.9453],[174.8262,-36.9456]]]}},{"type":"Feature","properties":{},"geometry":{"type":"Polygon","coordinates":[[[174.828,-36.9452],[174.8289,-36.9441],[174.8283,-36.9418],[174.828,-36.9452]]]}},{"type":"Feature","properties":{},"geometry":{"type":"Polygon","coordinates":[[[174.8008,-36.949],[174.8038,-36.9483],[174.8104,-36.9443],[174.8169,-36.943],[174.8169,-36.9429],[174.8159,-36.9429],[174.8107,-36.9441],[174.8008,-36.949]]]}},{"type":"Feature","properties":{},"geometry":{"type":"Polygon","coordinates":[[[174.8147,-36.9486],[174.8155,-36.9483],[174.8153,-36.9481],[174.8165,-36.9471],[174.8168,-36.9444],[174.8162,-36.9468],[174.8152,-36.9472],[174.8155,-36.9477],[174.8147,-36.9486]]]}},{"type":"Feature","properties":{},"geometry":{"type":"Polygon","coordinates":[[[174.8084,-36.931],[174.8198,-36.9305],[174.8214,-36.9283],[174.8198,-36.9289],[174.8198,-36.9304],[174.8085,-36.9308],[174.8084,-36.931]]]}},{"type":"Feature","properties":{},"geometry":{"type":"Polygon","coordinates":[[[174.8215,-36.9283],[174.8249,-36.9301],[174.8266,-36.9294],[174.8265,-36.9293],[174.8249,-36.93],[174.8219,-36.9281],[174.8215,-36.9283]]]}},{"type":"Feature","properties":{},"geometry":{"type":"Polygon","coordinates":[[[174.8434,-37.0192],[174.8467,-37.0191],[174.8451,-37.0188],[174.8434,-37.0192]]]}},{"type":"Feature","properties":{},"geometry":{"type":"Polygon","coordinates":[[[174.8495,-37.0208],[174.851,-37.0208],[174.8503,-37.0197],[174.8495,-37.0208]]]}},{"type":"Feature","properties":{},"geometry":{"type":"Polygon","coordinates":[[[174.852,-37.019],[174.8527,-37.0198],[174.856,-37.0172],[174.8563,-37.0166],[174.8529,-37.0196],[174.852,-37.019]]]}},{"type":"Feature","properties":{},"geometry":{"type":"Polygon","coordinates":[[[174.8552,-37.0191],[174.8583,-37.0203],[174.8588,-37.0201],[174.8563,-37.0188],[174.8552,-37.0191]]]}},{"type":"Feature","properties":{},"geometry":{"type":"Polygon","coordinates":[[[174.8292,-36.9314],[174.8296,-36.9358],[174.8295,-36.9319],[174.8292,-36.9314]]]}},{"type":"Feature","properties":{},"geometry":{"type":"Polygon","coordinates":[[[174.8565,-37.0451],[174.8577,-37.0511],[174.8584,-37.0513],[174.858,-37.0511],[174.8566,-37.0448],[174.8565,-37.0451]]]}},{"type":"Feature","properties":{},"geometry":{"type":"Polygon","coordinates":[[[174.8569,-37.0439],[174.8582,-37.0422],[174.858,-37.0418],[174.8576,-37.0418],[174.8569,-37.0439]]]}},{"type":"Feature","properties":{},"geometry":{"type":"Polygon","coordinates":[[[174.8592,-37.0516],[174.8633,-37.0531],[174.8635,-37.0529],[174.8633,-37.053],[174.8603,-37.0512],[174.8592,-37.0516]]]}},{"type":"Feature","properties":{},"geometry":{"type":"Polygon","coordinates":[[[174.8693,-37.046],[174.8694,-37.0464],[174.871,-37.0453],[174.8707,-37.0451],[174.8693,-37.046]]]}},{"type":"Feature","properties":{},"geometry":{"type":"Polygon","coordinates":[[[174.8541,-37.0224],[174.8566,-37.0261],[174.8567,-37.0259],[174.8547,-37.0222],[174.8541,-37.0224]]]}},{"type":"Feature","properties":{},"geometry":{"type":"Polygon","coordinates":[[[174.8572,-37.0212],[174.8586,-37.0212],[174.8592,-37.0203],[174.8572,-37.0212]]]}},{"type":"Feature","properties":{},"geometry":{"type":"Polygon","coordinates":[[[174.8546,-37.0309],[174.8565,-37.0337],[174.856,-37.0368],[174.8565,-37.0361],[174.8569,-37.0336],[174.855,-37.0307],[174.8546,-37.0309]]]}},{"type":"Feature","properties":{},"geometry":{"type":"Polygon","coordinates":[[[174.8708,-37.0517],[174.8715,-37.0507],[174.8717,-37.0491],[174.8715,-37.0491],[174.8708,-37.0517]]]}},{"type":"Feature","properties":{},"geometry":{"type":"Polygon","coordinates":[[[174.8723,-37.0487],[174.8744,-37.0486],[174.8751,-37.0475],[174.8799,-37.045],[174.8723,-37.0487]]]}},{"type":"Feature","properties":{},"geometry":{"type":"Polygon","coordinates":[[[174.8744,-37.0547],[174.8755,-37.0549],[174.8795,-37.054],[174.8823,-37.057],[174.8829,-37.0572],[174.8823,-37.0569],[174.8799,-37.0538],[174.8773,-37.0537],[174.8753,-37.0549],[174.8744,-37.0542],[174.8744,-37.0547]]]}},{"type":"Feature","properties":{},"geometry":{"type":"Polygon","coordinates":[[[174.8804,-37.0458],[174.8814,-37.0488],[174.882,-37.0488],[174.8804,-37.0458]]]}},{"type":"Feature","properties":{},"geometry":{"type":"Polygon","coordinates":[[[174.8823,-37.0489],[174.8825,-37.0489],[174.8859,-37.0469],[174.8881,-37.0441],[174.8879,-37.0434],[174.8879,-37.0441],[174.8823,-37.0489]]]}},{"type":"Feature","properties":{},"geometry":{"type":"Polygon","coordinates":[[[174.8835,-37.0425],[174.8837,-37.0428],[174.8877,-37.0395],[174.8876,-37.0394],[174.8835,-37.0425]]]}},{"type":"Feature","properties":{},"geometry":{"type":"Polygon","coordinates":[[[174.8998,-37.0809],[174.8999,-37.0812],[174.8999,-37.0808],[174.9017,-37.0783],[174.9019,-37.0767],[174.9018,-37.0767],[174.8998,-37.0809]]]}},{"type":"Feature","properties":{},"geometry":{"type":"Polygon","coordinates":[[[174.8999,-37.0816],[174.9006,-37.0845],[174.9012,-37.0839],[174.9005,-37.0842],[174.9012,-37.0817],[174.8999,-37.0816]]]}},{"type":"Feature","properties":{},"geometry":{"type":"Polygon","coordinates":[[[174.904,-37.0838],[174.9041,-37.0847],[174.9052,-37.0828],[174.904,-37.0838]]]}},{"type":"Feature","properties":{},"geometry":{"type":"Polygon","coordinates":[[[174.906,-37.0651],[174.9066,-37.0651],[174.9068,-37.0657],[174.9069,-37.0654],[174.9071,-37.0654],[174.907,-37.0647],[174.9082,-37.0637],[174.906,-37.0651]]]}},{"type":"Feature","properties":{},"geometry":{"type":"Polygon","coordinates":[[[174.9072,-37.0735],[174.9079,-37.0741],[174.9074,-37.0718],[174.9073,-37.0719],[174.9072,-37.0735]]]}},{"type":"Feature","properties":{},"geometry":{"type":"Polygon","coordinates":[[[174.9096,-37.0648],[174.9101,-37.0666],[174.9106,-37.0667],[174.9097,-37.0648],[174.9096,-37.0648]]]}},{"type":"Feature","properties":{},"geometry":{"type":"Polygon","coordinates":[[[174.9099,-37.0667],[174.9102,-37.0683],[174.9119,-37.068],[174.9118,-37.0677],[174.9104,-37.0681],[174.9101,-37.0666],[174.9099,-37.0667]]]}},{"type":"Feature","properties":{},"geometry":{"type":"Polygon","coordinates":[[[174.9216,-37.0612],[174.9227,-37.0617],[174.9233,-37.0607],[174.923,-37.06],[174.9228,-37.0597],[174.9221,-37.061],[174.9216,-37.0612]]]}},{"type":"Feature","properties":{},"geometry":{"type":"Polygon","coordinates":[[[174.9016,-37.0448],[174.9017,-37.0449],[174.9043,-37.0442],[174.9023,-37.0443],[174.9016,-37.0448]]]}},{"type":"Feature","properties":{},"geometry":{"type":"Polygon","coordinates":[[[174.9051,-37.0439],[174.908,-37.0431],[174.9072,-37.0452],[174.9099,-37.0424],[174.9091,-37.0419],[174.9086,-37.0428],[174.9067,-37.0428],[174.9051,-37.0439]],[[174.9087,-37.043],[174.9087,-37.0429],[174.9089,-37.0429],[174.9089,-37.043],[174.9087,-37.043]],[[174.9091,-37.0426],[174.9094,-37.0424],[174.9092,-37.0426],[174.9091,-37.0426]]]}},{"type":"Feature","properties":{},"geometry":{"type":"Polygon","coordinates":[[[174.8953,-37.0484],[174.8954,-37.0488],[174.9005,-37.0461],[174.8953,-37.0484]]]}},{"type":"Feature","properties":{},"geometry":{"type":"Polygon","coordinates":[[[174.9201,-37.108],[174.9204,-37.1088],[174.9207,-37.1088],[174.9204,-37.109],[174.9207,-37.1098],[174.9201,-37.1104],[174.9203,-37.1109],[174.9215,-37.1104],[174.9207,-37.1103],[174.921,-37.1085],[174.9201,-37.108]]]}},{"type":"Feature","properties":{},"geometry":{"type":"Polygon","coordinates":[[[174.9424,-37.1134],[174.9429,-37.1147],[174.9434,-37.1137],[174.9429,-37.1137],[174.9442,-37.1128],[174.9442,-37.1111],[174.9438,-37.1105],[174.9435,-37.1107],[174.9439,-37.1115],[174.9437,-37.113],[174.9424,-37.1134]]]}},{"type":"Feature","properties":{},"geometry":{"type":"Polygon","coordinates":[[[174.9179,-37.0926],[174.9204,-37.0975],[174.9232,-37.0987],[174.9234,-37.0997],[174.9236,-37.0994],[174.9229,-37.0972],[174.9251,-37.0964],[174.9263,-37.097],[174.9255,-37.0961],[174.9282,-37.0957],[174.9312,-37.0972],[174.9267,-37.094],[174.927,-37.0947],[174.9267,-37.0947],[174.9267,-37.0939],[174.9256,-37.0931],[174.9238,-37.0933],[174.9241,-37.0952],[174.9229,-37.0951],[174.9227,-37.0944],[174.9234,-37.0933],[174.9229,-37.0933],[174.9215,-37.0914],[174.9207,-37.0916],[174.9209,-37.0932],[174.918,-37.0925],[174.9179,-37.0926]],[[174.9203,-37.0964],[174.9221,-37.0968],[174.9207,-37.0975],[174.9203,-37.0964]],[[174.9215,-37.0942],[174.9215,-37.094],[174.9221,-37.0944],[174.9215,-37.0942]],[[174.9217,-37.0936],[174.9221,-37.0936],[174.9219,-37.0938],[174.9217,-37.0936]],[[174.9251,-37.0933],[174.9261,-37.0936],[174.9261,-37.0944],[174.9251,-37.0933]]]}},{"type":"Feature","properties":{},"geometry":{"type":"Polygon","coordinates":[[[174.9354,-37.0977],[174.9383,-37.097],[174.9394,-37.0955],[174.9354,-37.0977]]]}},{"type":"Feature","properties":{},"geometry":{"type":"Polygon","coordinates":[[[174.9386,-37.0974],[174.9388,-37.0987],[174.9398,-37.0992],[174.9398,-37.0983],[174.9393,-37.0987],[174.9386,-37.0974]]]}},{"type":"Feature","properties":{},"geometry":{"type":"Polygon","coordinates":[[[174.9391,-37.1008],[174.9395,-37.1012],[174.9408,-37.0996],[174.9408,-37.0981],[174.9431,-37.1001],[174.9408,-37.098],[174.9398,-37.1],[174.9398,-37.0998],[174.9391,-37.1008]]]}},{"type":"Feature","properties":{},"geometry":{"type":"Polygon","coordinates":[[[174.9393,-37.0968],[174.9398,-37.0968],[174.9398,-37.0953],[174.9394,-37.0955],[174.9393,-37.0968]]]}},{"type":"Feature","properties":{},"geometry":{"type":"Polygon","coordinates":[[[174.9412,-37.1104],[174.9421,-37.111],[174.9421,-37.1104],[174.942,-37.1102],[174.9421,-37.1102],[174.942,-37.1091],[174.9413,-37.1088],[174.9413,-37.1094],[174.942,-37.1099],[174.9412,-37.1104]]]}},{"type":"Feature","properties":{},"geometry":{"type":"Polygon","coordinates":[[[174.9415,-37.1077],[174.942,-37.1088],[174.9419,-37.1076],[174.9432,-37.1045],[174.9432,-37.1043],[174.9415,-37.1077]]]}},{"type":"Feature","properties":{},"geometry":{"type":"Polygon","coordinates":[[[174.9425,-37.1027],[174.9432,-37.1036],[174.9431,-37.1006],[174.9425,-37.1027]]]}},{"type":"Feature","properties":{},"geometry":{"type":"Polygon","coordinates":[[[174.9079,-37.0857],[174.9122,-37.0841],[174.911,-37.0843],[174.9108,-37.0838],[174.9079,-37.0857]]]}},{"type":"Feature","properties":{},"geometry":{"type":"Polygon","coordinates":[[[174.9119,-37.085],[174.9122,-37.0849],[174.9147,-37.0847],[174.914,-37.0839],[174.9127,-37.0841],[174.9119,-37.085]]]}},{"type":"Feature","properties":{},"geometry":{"type":"Polygon","coordinates":[[[174.9158,-37.0875],[174.9171,-37.0858],[174.9161,-37.0862],[174.9158,-37.0875]]]}},{"type":"Feature","properties":{},"geometry":{"type":"Polygon","coordinates":[[[174.9201,-37.087],[174.9211,-37.0885],[174.9236,-37.0881],[174.9214,-37.0884],[174.9203,-37.0869],[174.9221,-37.0846],[174.9211,-37.0846],[174.9217,-37.0847],[174.9201,-37.087]]]}},{"type":"Feature","properties":{},"geometry":{"type":"Polygon","coordinates":[[[174.932,-37.0936],[174.9335,-37.0967],[174.9337,-37.0967],[174.9335,-37.0961],[174.9345,-37.0955],[174.9338,-37.0937],[174.9326,-37.0942],[174.9321,-37.0934],[174.932,-37.0936]]]}},{"type":"Feature","properties":{},"geometry":{"type":"Polygon","coordinates":[[[174.9322,-37.0933],[174.9349,-37.0923],[174.9352,-37.0918],[174.934,-37.0919],[174.9345,-37.0904],[174.9372,-37.0909],[174.936,-37.0892],[174.9337,-37.0909],[174.9338,-37.0909],[174.9322,-37.0933]]]}},{"type":"Feature","properties":{},"geometry":{"type":"Polygon","coordinates":[[[174.9355,-37.0941],[174.9358,-37.0956],[174.9374,-37.093],[174.938,-37.093],[174.9383,-37.0915],[174.9393,-37.0919],[174.9394,-37.093],[174.9399,-37.093],[174.9388,-37.0903],[174.9378,-37.0927],[174.9355,-37.0941]]]}},{"type":"Feature","properties":{},"geometry":{"type":"Polygon","coordinates":[[[174.9179,-37.051],[174.9195,-37.0496],[174.918,-37.0498],[174.9179,-37.051]]]}},{"type":"Feature","properties":{},"geometry":{"type":"Polygon","coordinates":[[[174.9417,-37.1107],[174.9417,-37.1108],[174.9422,-37.1107],[174.942,-37.1102],[174.943,-37.1098],[174.9434,-37.1106],[174.9439,-37.1106],[174.9425,-37.1085],[174.942,-37.1099],[174.9419,-37.1099],[174.9417,-37.1107]]]}},{"type":"Feature","properties":{},"geometry":{"type":"Polygon","coordinates":[[[174.9434,-37.0986],[174.9438,-37.1024],[174.9439,-37.1024],[174.9439,-37.1025],[174.9438,-37.1025],[174.944,-37.1044],[174.9441,-37.1042],[174.9439,-37.1021],[174.9446,-37.102],[174.9446,-37.1004],[174.9434,-37.0985],[174.9434,-37.0986]]]}},{"type":"Feature","properties":{},"geometry":{"type":"Polygon","coordinates":[[[174.9451,-37.0955],[174.9456,-37.0961],[174.9456,-37.0989],[174.9477,-37.099],[174.9477,-37.1002],[174.9495,-37.1005],[174.9499,-37.1016],[174.949,-37.1017],[174.949,-37.1021],[174.9488,-37.1021],[174.9488,-37.1023],[174.949,-37.1023],[174.949,-37.1039],[174.9502,-37.1047],[174.9492,-37.1032],[174.95,-37.1027],[174.9504,-37.1008],[174.9482,-37.1],[174.948,-37.0987],[174.9463,-37.0989],[174.9466,-37.097],[174.9454,-37.0952],[174.9456,-37.0945],[174.9476,-37.0948],[174.9475,-37.0948],[174.9477,-37.0946],[174.9471,-37.0947],[174.9459,-37.0938],[174.9454,-37.0941],[174.9456,-37.0946],[174.9451,-37.0955]]]}},{"type":"Feature","properties":{},"geometry":{"type":"Polygon","coordinates":[[[174.9479,-37.0946],[174.948,-37.0949],[174.95,-37.0952],[174.9504,-37.0941],[174.9492,-37.0934],[174.9512,-37.0919],[174.9504,-37.0918],[174.9504,-37.091],[174.95,-37.0914],[174.95,-37.0903],[174.9488,-37.0945],[174.9479,-37.0946]],[[174.9495,-37.0926],[174.9499,-37.0922],[174.95,-37.0926],[174.9495,-37.0926]]]}},{"type":"Feature","properties":{},"geometry":{"type":"Polygon","coordinates":[[[175.0658,-36.9344],[175.0673,-36.9352],[175.0679,-36.9344],[175.0658,-36.9344]]]}},{"type":"Feature","properties":{},"geometry":{"type":"Polygon","coordinates":[[[174.7482,-36.3251],[174.7512,-36.3228],[174.749,-36.3236],[174.7482,-36.3251]]]}},{"type":"Feature","properties":{},"geometry":{"type":"Polygon","coordinates":[[[174.7542,-36.3169],[174.7545,-36.3164],[174.757,-36.3152],[174.7556,-36.3144],[174.7575,-36.3132],[174.7607,-36.3141],[174.7579,-36.3131],[174.7599,-36.3129],[174.7584,-36.3104],[174.7573,-36.3104],[174.758,-36.3095],[174.7546,-36.3104],[174.755,-36.3114],[174.7565,-36.311],[174.7565,-36.3132],[174.7572,-36.3131],[174.7553,-36.3144],[174.7568,-36.3152],[174.7548,-36.3159],[174.7542,-36.3169]],[[174.7551,-36.3112],[174.7551,-36.311],[174.7553,-36.311],[174.7553,-36.3112],[174.7551,-36.3112]],[[174.756,-36.3108],[174.756,-36.3107],[174.7561,-36.3107],[174.7561,-36.3108],[174.756,-36.3108]],[[174.7568,-36.3107],[174.7568,-36.3106],[174.757,-36.3106],[174.757,-36.3107],[174.7568,-36.3107]]]}},{"type":"Feature","properties":{},"geometry":{"type":"Polygon","coordinates":[[[174.7633,-36.3149],[174.7645,-36.3152],[174.7646,-36.3162],[174.7707,-36.3146],[174.7708,-36.3143],[174.7683,-36.3143],[174.7666,-36.3151],[174.7664,-36.3151],[174.7664,-36.3152],[174.7649,-36.3159],[174.765,-36.3145],[174.7633,-36.3149]],[[174.7659,-36.3156],[174.7659,-36.3155],[174.766,-36.3155],[174.766,-36.3156],[174.7659,-36.3156]]]}},{"type":"Feature","properties":{},"geometry":{"type":"Polygon","coordinates":[[[174.7667,-36.3172],[174.7688,-36.3184],[174.768,-36.3171],[174.7667,-36.3172]]]}},{"type":"Feature","properties":{},"geometry":{"type":"Polygon","coordinates":[[[174.7765,-36.3075],[174.7766,-36.309],[174.778,-36.3086],[174.7773,-36.3107],[174.7787,-36.3082],[174.778,-36.3085],[174.7787,-36.3078],[174.7788,-36.3078],[174.7788,-36.3077],[174.7787,-36.3078],[174.7794,-36.3071],[174.7783,-36.3049],[174.7775,-36.3074],[174.7765,-36.3075]]]}},{"type":"Feature","properties":{},"geometry":{"type":"Polygon","coordinates":[[[174.7806,-36.3132],[174.7846,-36.3139],[174.7829,-36.313],[174.7806,-36.3132]]]}},{"type":"Feature","properties":{},"geometry":{"type":"Polygon","coordinates":[[[174.7357,-36.3312],[174.737,-36.3323],[174.7363,-36.3324],[174.7365,-36.3332],[174.7379,-36.3337],[174.7374,-36.3341],[174.7413,-36.3348],[174.7416,-36.3365],[174.7404,-36.3378],[174.736,-36.3381],[174.737,-36.3382],[174.7374,-36.3396],[174.7384,-36.3383],[174.7415,-36.3376],[174.7425,-36.3357],[174.7457,-36.3339],[174.7462,-36.3323],[174.7483,-36.332],[174.7488,-36.3298],[174.7551,-36.322],[174.7559,-36.3197],[174.755,-36.3198],[174.7434,-36.3344],[174.7433,-36.3345],[174.7431,-36.3347],[174.7412,-36.3343],[174.7394,-36.3342],[174.7382,-36.3337],[174.7379,-36.3336],[174.7379,-36.3335],[174.7372,-36.3332],[174.7374,-36.3324],[174.737,-36.3317],[174.7369,-36.3317],[174.7364,-36.3304],[174.7361,-36.3303],[174.7357,-36.3312]]]}},{"type":"Feature","properties":{},"geometry":{"type":"Polygon","coordinates":[[[174.7591,-36.3374],[174.7595,-36.3378],[174.7594,-36.3359],[174.7602,-36.3341],[174.7594,-36.3334],[174.7592,-36.3354],[174.7592,-36.3352],[174.7591,-36.3352],[174.7591,-36.3354],[174.7592,-36.3354],[174.7591,-36.3374]]]}},{"type":"Feature","properties":{},"geometry":{"type":"Polygon","coordinates":[[[174.7594,-36.3255],[174.7613,-36.3257],[174.7618,-36.3277],[174.7609,-36.3277],[174.762,-36.3279],[174.7616,-36.3297],[174.7604,-36.3288],[174.7614,-36.3306],[174.7604,-36.331],[174.761,-36.3323],[174.7618,-36.3304],[174.7618,-36.3302],[174.7619,-36.3301],[174.7618,-36.3301],[174.7618,-36.3297],[174.762,-36.3297],[174.762,-36.33],[174.763,-36.3274],[174.7607,-36.3235],[174.7594,-36.3242],[174.7609,-36.3249],[174.7596,-36.3247],[174.7594,-36.3255]],[[174.7606,-36.3254],[174.7606,-36.3253],[174.7608,-36.3253],[174.7608,-36.3254],[174.7606,-36.3254]],[[174.762,-36.3295],[174.762,-36.3294],[174.7621,-36.3294],[174.7621,-36.3295],[174.762,-36.3295]]]}},{"type":"Feature","properties":{},"geometry":{"type":"Polygon","coordinates":[[[174.7647,-36.3566],[174.7669,-36.3562],[174.7667,-36.3568],[174.7704,-36.3581],[174.7668,-36.3558],[174.7649,-36.3563],[174.7647,-36.3566]]]}},{"type":"Feature","properties":{},"geometry":{"type":"Polygon","coordinates":[[[174.7692,-36.3401],[174.7696,-36.3397],[174.7701,-36.3346],[174.7722,-36.333],[174.772,-36.332],[174.7736,-36.3288],[174.7698,-36.3352],[174.7692,-36.3401]],[[174.7693,-36.3393],[174.7693,-36.3392],[174.7695,-36.3392],[174.7695,-36.3393],[174.7693,-36.3393]]]}},{"type":"Feature","properties":{},"geometry":{"type":"Polygon","coordinates":[[[174.7695,-36.3408],[174.7752,-36.3507],[174.7811,-36.3534],[174.7814,-36.3526],[174.7797,-36.3521],[174.7804,-36.3528],[174.7799,-36.3528],[174.7771,-36.3513],[174.777,-36.3503],[174.7753,-36.3499],[174.7746,-36.3475],[174.7734,-36.3464],[174.7736,-36.3441],[174.771,-36.3419],[174.7708,-36.3407],[174.7695,-36.3408]],[[174.7807,-36.3529],[174.7807,-36.3528],[174.7809,-36.3528],[174.7809,-36.3529],[174.7807,-36.3529]]]}},{"type":"Feature","properties":{},"geometry":{"type":"Polygon","coordinates":[[[174.7705,-36.3382],[174.7707,-36.3385],[174.7707,-36.3386],[174.7708,-36.3386],[174.7712,-36.3392],[174.772,-36.3381],[174.7708,-36.3368],[174.7713,-36.3359],[174.7727,-36.337],[174.772,-36.336],[174.7727,-36.3343],[174.7722,-36.3341],[174.7719,-36.3349],[174.7712,-36.3346],[174.7705,-36.337],[174.7705,-36.3382]],[[174.7707,-36.3375],[174.7712,-36.3376],[174.7708,-36.3381],[174.7707,-36.3375]]]}},{"type":"Feature","properties":{},"geometry":{"type":"Polygon","coordinates":[[[174.7708,-36.3636],[174.7741,-36.3632],[174.7741,-36.3634],[174.7742,-36.3634],[174.7742,-36.3632],[174.7741,-36.3632],[174.7753,-36.3631],[174.7768,-36.3638],[174.7768,-36.3639],[174.777,-36.3639],[174.7769,-36.3639],[174.7773,-36.364],[174.7782,-36.3634],[174.7775,-36.3625],[174.7785,-36.3591],[174.7775,-36.3546],[174.7783,-36.3539],[174.7778,-36.355],[174.7787,-36.3537],[174.7777,-36.3537],[174.7766,-36.3553],[174.7776,-36.3577],[174.7751,-36.3611],[174.7717,-36.359],[174.7715,-36.3594],[174.7725,-36.3598],[174.772,-36.3608],[174.7725,-36.3609],[174.771,-36.3623],[174.7708,-36.3636]],[[174.7717,-36.3631],[174.7717,-36.3629],[174.7719,-36.3629],[174.7719,-36.3631],[174.7717,-36.3631]],[[174.772,-36.3628],[174.772,-36.3625],[174.7725,-36.3625],[174.772,-36.3628]],[[174.7725,-36.3605],[174.773,-36.3609],[174.773,-36.3614],[174.7725,-36.3605]],[[174.7771,-36.3635],[174.7771,-36.3634],[174.7773,-36.3634],[174.7773,-36.3635],[174.7771,-36.3635]],[[174.7773,-36.3629],[174.7775,-36.3628],[174.7777,-36.3631],[174.7773,-36.3629]],[[174.7777,-36.358],[174.7777,-36.3579],[174.778,-36.3579],[174.778,-36.358],[174.7777,-36.358]]]}},{"type":"Feature","properties":{},"geometry":{"type":"Polygon","coordinates":[[[174.7778,-36.3219],[174.7793,-36.3201],[174.7793,-36.3194],[174.7778,-36.3219]]]}},{"type":"Feature","properties":{},"geometry":{"type":"Polygon","coordinates":[[[174.7812,-36.3539],[174.7833,-36.3548],[174.7833,-36.3543],[174.7864,-36.3541],[174.7817,-36.3537],[174.7823,-36.3539],[174.7812,-36.3539]]]}},{"type":"Feature","properties":{},"geometry":{"type":"Polygon","coordinates":[[[174.352,-36.6252],[174.3523,-36.6264],[174.353,-36.6254],[174.352,-36.6252]]]}},{"type":"Feature","properties":{},"geometry":{"type":"Polygon","coordinates":[[[175.1026,-36.8138],[175.1033,-36.8163],[175.105,-36.8172],[175.1053,-36.8168],[175.1037,-36.8164],[175.1035,-36.8151],[175.1031,-36.8149],[175.1026,-36.8138]]]}},{"type":"Feature","properties":{},"geometry":{"type":"Polygon","coordinates":[[[175.103,-36.8147],[175.1039,-36.8165],[175.1055,-36.8166],[175.1057,-36.8163],[175.1031,-36.8149],[175.1031,-36.8148],[175.103,-36.8147]]]}},{"type":"Feature","properties":{},"geometry":{"type":"Polygon","coordinates":[[[175.0392,-36.7964],[175.0393,-36.7967],[175.0411,-36.7951],[175.0396,-36.7955],[175.0392,-36.7964]]]}},{"type":"Feature","properties":{},"geometry":{"type":"Polygon","coordinates":[[[175.0407,-36.7966],[175.0417,-36.7976],[175.0465,-36.7924],[175.0463,-36.7924],[175.0419,-36.7973],[175.0407,-36.7966]]]}},{"type":"Feature","properties":{},"geometry":{"type":"Polygon","coordinates":[[[175.0412,-36.7937],[175.0416,-36.7947],[175.0418,-36.7945],[175.0416,-36.7929],[175.042,-36.7933],[175.0417,-36.7925],[175.0412,-36.7937]]]}},{"type":"Feature","properties":{},"geometry":{"type":"Polygon","coordinates":[[[175.034,-36.7977],[175.0362,-36.7987],[175.0365,-36.7986],[175.0344,-36.7977],[175.0358,-36.7971],[175.034,-36.7977]]]}},{"type":"Feature","properties":{},"geometry":{"type":"Polygon","coordinates":[[[174.2762,-36.3522],[174.2786,-36.354],[174.2791,-36.3497],[174.2767,-36.3499],[174.2762,-36.3522]],[[174.2774,-36.3504],[174.2779,-36.3502],[174.2777,-36.3504],[174.2774,-36.3504]]]}},{"type":"Feature","properties":{},"geometry":{"type":"Polygon","coordinates":[[[174.6607,-36.5089],[174.6618,-36.5136],[174.6635,-36.5138],[174.6638,-36.5134],[174.6626,-36.5136],[174.6619,-36.5128],[174.6611,-36.5104],[174.6614,-36.5088],[174.6607,-36.5089]]]}},{"type":"Feature","properties":{},"geometry":{"type":"Polygon","coordinates":[[[174.6638,-36.5132],[174.6663,-36.5126],[174.6652,-36.5123],[174.6638,-36.5132]]]}},{"type":"Feature","properties":{},"geometry":{"type":"Polygon","coordinates":[[[174.6662,-36.5167],[174.6681,-36.5166],[174.6685,-36.5161],[174.6672,-36.5166],[174.6666,-36.5157],[174.6662,-36.5167]]]}},{"type":"Feature","properties":{},"geometry":{"type":"Polygon","coordinates":[[[174.669,-36.5155],[174.6694,-36.5149],[174.6706,-36.5149],[174.6706,-36.5173],[174.6749,-36.518],[174.6729,-36.5177],[174.6737,-36.5188],[174.6763,-36.5189],[174.677,-36.5197],[174.6751,-36.5204],[174.6778,-36.5254],[174.6785,-36.5285],[174.678,-36.5302],[174.6787,-36.531],[174.6816,-36.5302],[174.6833,-36.5315],[174.6843,-36.5314],[174.6862,-36.5287],[174.6862,-36.5273],[174.6908,-36.5269],[174.6995,-36.5288],[174.7003,-36.5317],[174.7003,-36.5292],[174.701,-36.5293],[174.7034,-36.5317],[174.7029,-36.5315],[174.7043,-36.5351],[174.7061,-36.5352],[174.7087,-36.5339],[174.7118,-36.5243],[174.7082,-36.5263],[174.7078,-36.5259],[174.708,-36.5282],[174.7056,-36.5291],[174.7032,-36.5281],[174.7031,-36.5255],[174.6991,-36.5248],[174.6988,-36.5221],[174.6974,-36.5229],[174.6952,-36.5226],[174.6964,-36.5237],[174.6968,-36.5256],[174.6956,-36.5258],[174.6939,-36.5244],[174.6921,-36.5241],[174.6874,-36.5248],[174.685,-36.5244],[174.6836,-36.5256],[174.6836,-36.5284],[174.6826,-36.5285],[174.6811,-36.5276],[174.6811,-36.5263],[174.6783,-36.5234],[174.6788,-36.5195],[174.6773,-36.5176],[174.6775,-36.5176],[174.6775,-36.5174],[174.6773,-36.5174],[174.6773,-36.5175],[174.6771,-36.5173],[174.6746,-36.5176],[174.6746,-36.5167],[174.6725,-36.5162],[174.6727,-36.5167],[174.671,-36.5169],[174.6708,-36.5136],[174.6725,-36.5122],[174.6725,-36.5119],[174.6717,-36.5118],[174.67,-36.5141],[174.6703,-36.5138],[174.6701,-36.5144],[174.67,-36.5141],[174.669,-36.5155]],[[174.671,-36.513],[174.671,-36.5129],[174.6712,-36.5129],[174.6712,-36.513],[174.671,-36.513]],[[174.6713,-36.5173],[174.6713,-36.5171],[174.6715,-36.5171],[174.6715,-36.5173],[174.6713,-36.5173]],[[174.6732,-36.517],[174.6735,-36.5171],[174.6734,-36.5171],[174.6732,-36.517]],[[174.6737,-36.5173],[174.6741,-36.5171],[174.6742,-36.5174],[174.6737,-36.5173]],[[174.6763,-36.5185],[174.6763,-36.5184],[174.6764,-36.5184],[174.6764,-36.5185],[174.6763,-36.5185]],[[174.6764,-36.518],[174.6764,-36.5178],[174.6766,-36.5178],[174.6766,-36.518],[174.6764,-36.518]],[[174.677,-36.518],[174.677,-36.5178],[174.6771,-36.5178],[174.677,-36.518]],[[174.6792,-36.5295],[174.6792,-36.5292],[174.6793,-36.5292],[174.6793,-36.5295],[174.6792,-36.5295]],[[174.7038,-36.5324],[174.7038,-36.5322],[174.7039,-36.5322],[174.7039,-36.5324],[174.7038,-36.5324]],[[174.7039,-36.5325],[174.7041,-36.5325],[174.7041,-36.5326],[174.7039,-36.5325]],[[174.7041,-36.5328],[174.7046,-36.5333],[174.7043,-36.5333],[174.7041,-36.5328]],[[174.7046,-36.5336],[174.7046,-36.5335],[174.7048,-36.5335],[174.7048,-36.5336],[174.7046,-36.5336]]]}},{"type":"Feature","properties":{},"geometry":{"type":"Polygon","coordinates":[[[174.6568,-36.5995],[174.6572,-36.6001],[174.6604,-36.5995],[174.658,-36.5991],[174.6568,-36.5995]]]}},{"type":"Feature","properties":{},"geometry":{"type":"Polygon","coordinates":[[[174.6824,-36.6021],[174.6825,-36.6021],[174.6841,-36.599],[174.6829,-36.5998],[174.6824,-36.6021]]]}},{"type":"Feature","properties":{},"geometry":{"type":"Polygon","coordinates":[[[174.6822,-36.6038],[174.6833,-36.6043],[174.6867,-36.603],[174.6863,-36.6025],[174.6863,-36.603],[174.6822,-36.6038]]]}},{"type":"Feature","properties":{},"geometry":{"type":"Polygon","coordinates":[[[174.6897,-36.6008],[174.6916,-36.6012],[174.6928,-36.6003],[174.6897,-36.6008]]]}},{"type":"Feature","properties":{},"geometry":{"type":"Polygon","coordinates":[[[174.6733,-36.5916],[174.6733,-36.5917],[174.6777,-36.5916],[174.6771,-36.5909],[174.6733,-36.5916]]]}},{"type":"Feature","properties":{},"geometry":{"type":"Polygon","coordinates":[[[174.68,-36.5916],[174.681,-36.5916],[174.6848,-36.5938],[174.6836,-36.5925],[174.6807,-36.5915],[174.68,-36.5916]]]}},{"type":"Feature","properties":{},"geometry":{"type":"Polygon","coordinates":[[[174.6911,-36.5924],[174.6913,-36.5928],[174.6923,-36.5909],[174.692,-36.5908],[174.6911,-36.5924]]]}},{"type":"Feature","properties":{},"geometry":{"type":"Polygon","coordinates":[[[174.6633,-36.5982],[174.6744,-36.5949],[174.6737,-36.5949],[174.6633,-36.5982]]]}},{"type":"Feature","properties":{},"geometry":{"type":"Polygon","coordinates":[[[174.6922,-36.5909],[174.6922,-36.5934],[174.6937,-36.5964],[174.6937,-36.5945],[174.6923,-36.5935],[174.6925,-36.591],[174.6922,-36.5909]]]}},{"type":"Feature","properties":{},"geometry":{"type":"Polygon","coordinates":[[[174.6939,-36.5969],[174.694,-36.5971],[174.6957,-36.598],[174.6957,-36.5975],[174.6939,-36.5969]]]}},{"type":"Feature","properties":{},"geometry":{"type":"Polygon","coordinates":[[[174.3805,-36.6347],[174.3813,-36.6349],[174.381,-36.6353],[174.382,-36.6354],[174.382,-36.6349],[174.3847,-36.6368],[174.3865,-36.6365],[174.3851,-36.6368],[174.3856,-36.639],[174.3849,-36.6387],[174.3847,-36.639],[174.3846,-36.639],[174.3846,-36.6391],[174.3844,-36.6393],[174.3845,-36.6393],[174.3836,-36.6404],[174.3834,-36.6406],[174.3817,-36.6398],[174.383,-36.6405],[174.3817,-36.6405],[174.3808,-36.6419],[174.3839,-36.6406],[174.384,-36.6409],[174.3839,-36.6409],[174.384,-36.6409],[174.3841,-36.6412],[174.383,-36.6415],[174.3841,-36.6415],[174.3838,-36.6418],[174.3837,-36.6417],[174.3837,-36.6419],[174.3838,-36.6419],[174.3837,-36.642],[174.3849,-36.6421],[174.3854,-36.6431],[174.3865,-36.643],[174.3868,-36.6438],[174.3887,-36.6434],[174.3887,-36.6442],[174.3899,-36.6442],[174.3898,-36.643],[174.3906,-36.6428],[174.3907,-36.6427],[174.3907,-36.6428],[174.3919,-36.6426],[174.3912,-36.6441],[174.3916,-36.6438],[174.3916,-36.6439],[174.3917,-36.6439],[174.3917,-36.6438],[174.3916,-36.6438],[174.3928,-36.643],[174.3924,-36.6417],[174.3905,-36.6407],[174.3904,-36.6409],[174.3902,-36.6408],[174.3905,-36.6407],[174.3902,-36.6405],[174.3936,-36.6419],[174.3948,-36.6412],[174.3967,-36.6415],[174.397,-36.6426],[174.3987,-36.643],[174.3993,-36.6449],[174.4005,-36.645],[174.3999,-36.6462],[174.4008,-36.6474],[174.4032,-36.6483],[174.404,-36.6476],[174.4042,-36.6486],[174.4081,-36.6465],[174.4119,-36.6479],[174.4122,-36.6489],[174.4112,-36.6505],[174.4118,-36.6504],[174.4155,-36.6501],[174.4148,-36.6508],[174.422,-36.6508],[174.4275,-36.6557],[174.4305,-36.6576],[174.43,-36.6523],[174.4428,-36.6525],[174.4428,-36.6523],[174.443,-36.6525],[174.4432,-36.6525],[174.4414,-36.6496],[174.4413,-36.6453],[174.4347,-36.641],[174.4314,-36.6343],[174.4282,-36.6311],[174.4258,-36.6305],[174.4228,-36.6265],[174.4219,-36.6222],[174.4175,-36.6189],[174.4147,-36.6209],[174.4144,-36.6226],[174.4069,-36.6229],[174.4047,-36.6259],[174.4066,-36.6279],[174.4101,-36.6276],[174.4156,-36.6304],[174.4211,-36.6364],[174.4256,-36.6388],[174.4258,-36.6424],[174.4219,-36.6408],[174.4219,-36.6425],[174.4235,-36.6432],[174.4215,-36.6452],[174.4217,-36.6468],[174.4199,-36.6464],[174.4196,-36.6489],[174.4181,-36.6486],[174.4175,-36.6506],[174.417,-36.6489],[174.4164,-36.6504],[174.4171,-36.6471],[174.416,-36.6458],[174.4139,-36.6481],[174.4139,-36.6456],[174.4169,-36.6428],[174.4156,-36.6405],[174.4124,-36.6406],[174.4121,-36.6409],[174.412,-36.6409],[174.4064,-36.644],[174.4069,-36.6416],[174.409,-36.6404],[174.4073,-36.6402],[174.4074,-36.6388],[174.4105,-36.6399],[174.4144,-36.6378],[174.4138,-36.6383],[174.4147,-36.6394],[174.4182,-36.6374],[174.4173,-36.6349],[174.4153,-36.6369],[174.4159,-36.6337],[174.4135,-36.6314],[174.4031,-36.6297],[174.4024,-36.6334],[174.3999,-36.6336],[174.4021,-36.633],[174.4016,-36.6324],[174.3964,-36.6329],[174.3933,-36.6378],[174.3902,-36.6401],[174.3906,-36.6394],[174.3891,-36.6389],[174.3907,-36.6373],[174.3881,-36.6375],[174.3907,-36.6361],[174.3871,-36.6358],[174.3889,-36.6351],[174.3881,-36.635],[174.388,-36.6352],[174.3878,-36.635],[174.3872,-36.635],[174.3875,-36.6356],[174.3868,-36.6353],[174.3871,-36.635],[174.3866,-36.6349],[174.3874,-36.6339],[174.3873,-36.6339],[174.3876,-36.6337],[174.3835,-36.6345],[174.3832,-36.6356],[174.3825,-36.6347],[174.3826,-36.6347],[174.3818,-36.6349],[174.3839,-36.634],[174.3839,-36.6339],[174.3841,-36.6339],[174.3845,-36.6337],[174.3836,-36.6334],[174.3839,-36.6338],[174.3832,-36.6335],[174.3835,-36.6334],[174.3824,-36.633],[174.3824,-36.6317],[174.3813,-36.6312],[174.3805,-36.6319],[174.382,-36.6334],[174.3814,-36.6339],[174.3813,-36.6339],[174.3813,-36.634],[174.3811,-36.6342],[174.381,-36.6342],[174.381,-36.6343],[174.3805,-36.6347]],[[174.3812,-36.6323],[174.3812,-36.6321],[174.3813,-36.6321],[174.3813,-36.6323],[174.3812,-36.6323]],[[174.3813,-36.632],[174.3813,-36.6319],[174.3815,-36.6319],[174.3815,-36.632],[174.3813,-36.632]],[[174.3824,-36.6345],[174.3824,-36.6343],[174.3825,-36.6343],[174.3825,-36.6345],[174.3824,-36.6345]],[[174.3825,-36.6338],[174.3825,-36.6337],[174.3827,-36.6337],[174.3827,-36.6338],[174.3825,-36.6338]],[[174.383,-36.6342],[174.383,-36.6341],[174.3832,-36.6341],[174.3832,-36.6342],[174.383,-36.6342]],[[174.3837,-36.6358],[174.3837,-36.6357],[174.3839,-36.6357],[174.3839,-36.6358],[174.3837,-36.6358]],[[174.3837,-36.6356],[174.3837,-36.6354],[174.3839,-36.6354],[174.3839,-36.6356],[174.3837,-36.6356]],[[174.3839,-36.6352],[174.3839,-36.635],[174.3841,-36.635],[174.3841,-36.6352],[174.3839,-36.6352]],[[174.3839,-36.6349],[174.3839,-36.6347],[174.3844,-36.6347],[174.3844,-36.6349],[174.3839,-36.6349]],[[174.3841,-36.6404],[174.3842,-36.6402],[174.3842,-36.6404],[174.3841,-36.6404]],[[174.3844,-36.641],[174.3844,-36.6409],[174.3849,-36.6409],[174.3849,-36.641],[174.3844,-36.641]],[[174.3844,-36.6408],[174.3844,-36.6406],[174.3846,-36.6406],[174.3846,-36.6408],[174.3844,-36.6408]],[[174.3844,-36.6365],[174.3844,-36.6364],[174.3846,-36.6364],[174.3846,-36.6365],[174.3844,-36.6365]],[[174.3844,-36.6352],[174.3847,-36.635],[174.3846,-36.6354],[174.3844,-36.6352]],[[174.3847,-36.6405],[174.3858,-36.6402],[174.3856,-36.6409],[174.3847,-36.6405]],[[174.3849,-36.6413],[174.3849,-36.6412],[174.3851,-36.6412],[174.3851,-36.6413],[174.3849,-36.6413]],[[174.3849,-36.6357],[174.3849,-36.6356],[174.3851,-36.6356],[174.3851,-36.6357],[174.3849,-36.6357]],[[174.3851,-36.6424],[174.3851,-36.6423],[174.3853,-36.6423],[174.3853,-36.6424],[174.3851,-36.6424]],[[174.3856,-36.6361],[174.3865,-36.6357],[174.3863,-36.6361],[174.3856,-36.6361]],[[174.3856,-36.6357],[174.3856,-36.6356],[174.3858,-36.6356],[174.3858,-36.6357],[174.3856,-36.6357]],[[174.3858,-36.6364],[174.3858,-36.6363],[174.3859,-36.6363],[174.3859,-36.6364],[174.3858,-36.6364]],[[174.3859,-36.6408],[174.3859,-36.6405],[174.3861,-36.6405],[174.3861,-36.6408],[174.3859,-36.6408]],[[174.3859,-36.6378],[174.387,-36.6383],[174.3863,-36.6383],[174.3859,-36.6378]],[[174.3859,-36.6371],[174.3859,-36.6369],[174.3861,-36.6369],[174.3861,-36.6371],[174.3859,-36.6371]],[[174.3859,-36.6353],[174.3863,-36.635],[174.3861,-36.6353],[174.3859,-36.6353]],[[174.3865,-36.6412],[174.3868,-36.6412],[174.3866,-36.6415],[174.3865,-36.6412]],[[174.3866,-36.6361],[174.387,-36.6354],[174.387,-36.6361],[174.3866,-36.6361]],[[174.3873,-36.6413],[174.3875,-36.6412],[174.3878,-36.6416],[174.3873,-36.6413]],[[174.3877,-36.6412],[174.3877,-36.641],[174.3878,-36.641],[174.3878,-36.6412],[174.3877,-36.6412]],[[174.3882,-36.6408],[174.3882,-36.6406],[174.3887,-36.6406],[174.3887,-36.6408],[174.3882,-36.6408]],[[174.3883,-36.6393],[174.3883,-36.6391],[174.3885,-36.6391],[174.3885,-36.6393],[174.3883,-36.6393]],[[174.3887,-36.6426],[174.389,-36.6424],[174.3892,-36.6427],[174.3888,-36.6428],[174.3887,-36.6426]],[[174.3887,-36.6394],[174.3887,-36.6393],[174.389,-36.6395],[174.3887,-36.6394]],[[174.389,-36.6421],[174.389,-36.6419],[174.3894,-36.6419],[174.3894,-36.6421],[174.389,-36.6421]],[[174.389,-36.6391],[174.389,-36.639],[174.3892,-36.639],[174.3892,-36.6391],[174.389,-36.6391]],[[174.3892,-36.6438],[174.3895,-36.6436],[174.3897,-36.6439],[174.3892,-36.6438]],[[174.3892,-36.6431],[174.3894,-36.643],[174.3894,-36.6431],[174.3892,-36.6431]],[[174.3894,-36.6398],[174.3897,-36.6398],[174.3899,-36.6401],[174.3894,-36.6398]],[[174.3897,-36.6421],[174.3907,-36.6413],[174.3898,-36.6429],[174.3897,-36.6421]],[[174.3902,-36.6412],[174.3902,-36.641],[174.3904,-36.641],[174.3904,-36.6412],[174.3902,-36.6412]],[[174.3914,-36.6421],[174.3917,-36.642],[174.3917,-36.6424],[174.3914,-36.6421]],[[174.3938,-36.6398],[174.3967,-36.6367],[174.3965,-36.6345],[174.3999,-36.6336],[174.399,-36.635],[174.3999,-36.6359],[174.3981,-36.6404],[174.3978,-36.6377],[174.3996,-36.6359],[174.3972,-36.6345],[174.3966,-36.6375],[174.3938,-36.6398]],[[174.3982,-36.6406],[174.3982,-36.6405],[174.3984,-36.6405],[174.3984,-36.6406],[174.3982,-36.6406]],[[174.3989,-36.6399],[174.3993,-36.6397],[174.3991,-36.6399],[174.3989,-36.6399]],[[174.3996,-36.6391],[174.3998,-36.639],[174.3998,-36.6391],[174.3996,-36.6391]],[[174.3999,-36.6387],[174.3999,-36.6386],[174.4001,-36.6386],[174.4001,-36.6387],[174.3999,-36.6387]],[[174.4003,-36.6383],[174.4003,-36.6382],[174.4005,-36.6382],[174.4003,-36.6383]],[[174.4005,-36.6438],[174.4006,-36.6436],[174.4016,-36.6445],[174.4005,-36.6438]],[[174.4005,-36.638],[174.4006,-36.6379],[174.4006,-36.638],[174.4005,-36.638]],[[174.4008,-36.6376],[174.4008,-36.6375],[174.401,-36.6375],[174.401,-36.6376],[174.4008,-36.6376]],[[174.4011,-36.6434],[174.4011,-36.6432],[174.4013,-36.6432],[174.4011,-36.6434]],[[174.4011,-36.6372],[174.4011,-36.6371],[174.4013,-36.6371],[174.4013,-36.6372],[174.4011,-36.6372]],[[174.4013,-36.6435],[174.4016,-36.6434],[174.4015,-36.6436],[174.4013,-36.6435]],[[174.4015,-36.6368],[174.4015,-36.6367],[174.4016,-36.6367],[174.4015,-36.6368]],[[174.4016,-36.6438],[174.402,-36.6435],[174.4018,-36.6438],[174.4016,-36.6438]],[[174.4018,-36.6442],[174.4022,-36.6438],[174.402,-36.6442],[174.4018,-36.6442]],[[174.4018,-36.6364],[174.4018,-36.6363],[174.402,-36.6363],[174.402,-36.6364],[174.4018,-36.6364]],[[174.4022,-36.6421],[174.4022,-36.6419],[174.4023,-36.6419],[174.4023,-36.6421],[174.4022,-36.6421]],[[174.4037,-36.6406],[174.4039,-36.6405],[174.4047,-36.6412],[174.4037,-36.6406]],[[174.4042,-36.6475],[174.4042,-36.6474],[174.4044,-36.6474],[174.4044,-36.6475],[174.4042,-36.6475]],[[174.4042,-36.6402],[174.4042,-36.6401],[174.4044,-36.6401],[174.4044,-36.6402],[174.4042,-36.6402]],[[174.4045,-36.6469],[174.4045,-36.6468],[174.4047,-36.6468],[174.4047,-36.6469],[174.4045,-36.6469]],[[174.4045,-36.6404],[174.4045,-36.6402],[174.4047,-36.6402],[174.4047,-36.6404],[174.4045,-36.6404]],[[174.4047,-36.6406],[174.4051,-36.6404],[174.4049,-36.6406],[174.4047,-36.6406]],[[174.4047,-36.6369],[174.4047,-36.6368],[174.4049,-36.6369],[174.4047,-36.6369]],[[174.4049,-36.6465],[174.4049,-36.6464],[174.4051,-36.6464],[174.4051,-36.6465],[174.4049,-36.6465]],[[174.4049,-36.6408],[174.4054,-36.6405],[174.4051,-36.6409],[174.4049,-36.6408]],[[174.4056,-36.6375],[174.4056,-36.6373],[174.4057,-36.6373],[174.4057,-36.6375],[174.4056,-36.6375]],[[174.4097,-36.6331],[174.4097,-36.633],[174.4098,-36.633],[174.4098,-36.6331],[174.4097,-36.6331]],[[174.4104,-36.6469],[174.4104,-36.6468],[174.4105,-36.6468],[174.4105,-36.6469],[174.4104,-36.6469]],[[174.4127,-36.6501],[174.4131,-36.6501],[174.4129,-36.6502],[174.4127,-36.6501]],[[174.4134,-36.6499],[174.4134,-36.6498],[174.4136,-36.6498],[174.4136,-36.6499],[174.4134,-36.6499]],[[174.4138,-36.6501],[174.4141,-36.6497],[174.4139,-36.6501],[174.4138,-36.6501]],[[174.4259,-36.6531],[174.4264,-36.6528],[174.4261,-36.6532],[174.4259,-36.6531]],[[174.4271,-36.6434],[174.4271,-36.6427],[174.4272,-36.6427],[174.4272,-36.6434],[174.4271,-36.6434]],[[174.4271,-36.6421],[174.4271,-36.6419],[174.4272,-36.6419],[174.4272,-36.6421],[174.4271,-36.6421]],[[174.4272,-36.6393],[174.4272,-36.6391],[174.4274,-36.6391],[174.4274,-36.6393],[174.4272,-36.6393]],[[174.4272,-36.6378],[174.4272,-36.6376],[174.4274,-36.6378],[174.4272,-36.6378]],[[174.4272,-36.6373],[174.4272,-36.6371],[174.4274,-36.6371],[174.4274,-36.6373],[174.4272,-36.6373]],[[174.4272,-36.6367],[174.4272,-36.6363],[174.4274,-36.6363],[174.4272,-36.6367]],[[174.4272,-36.6361],[174.4272,-36.6356],[174.4274,-36.6356],[174.4274,-36.6361],[174.4272,-36.6361]],[[174.43,-36.6419],[174.43,-36.6417],[174.4302,-36.6417],[174.4302,-36.6419],[174.43,-36.6419]],[[174.4307,-36.6368],[174.4308,-36.6367],[174.431,-36.6369],[174.4307,-36.6368]],[[174.4315,-36.6373],[174.4315,-36.6372],[174.4317,-36.6372],[174.4317,-36.6373],[174.4315,-36.6373]],[[174.4319,-36.6395],[174.432,-36.6394],[174.432,-36.6395],[174.4319,-36.6395]],[[174.4319,-36.6375],[174.432,-36.6375],[174.432,-36.6376],[174.4319,-36.6375]],[[174.4322,-36.6378],[174.4324,-36.6378],[174.4324,-36.6379],[174.4322,-36.6378]],[[174.4324,-36.6389],[174.4324,-36.6387],[174.4325,-36.6387],[174.4324,-36.6389]],[[174.4324,-36.6383],[174.4324,-36.638],[174.4325,-36.638],[174.4325,-36.6383],[174.4324,-36.6383]],[[174.4365,-36.6515],[174.4365,-36.6513],[174.4366,-36.6513],[174.4366,-36.6515],[174.4365,-36.6515]],[[174.4375,-36.6438],[174.4375,-36.6436],[174.4377,-36.6436],[174.4377,-36.6438],[174.4375,-36.6438]],[[174.4378,-36.6441],[174.4378,-36.6439],[174.438,-36.6439],[174.438,-36.6441],[174.4378,-36.6441]],[[174.4387,-36.6512],[174.4387,-36.651],[174.4394,-36.651],[174.4394,-36.6512],[174.4387,-36.6512]],[[174.4389,-36.6515],[174.4394,-36.6513],[174.4392,-36.6516],[174.4389,-36.6515]],[[174.4395,-36.6516],[174.4395,-36.6515],[174.4399,-36.6515],[174.4399,-36.6516],[174.4395,-36.6516]],[[174.4395,-36.645],[174.4395,-36.6449],[174.4397,-36.6449],[174.4397,-36.645],[174.4395,-36.645]],[[174.4401,-36.6516],[174.4401,-36.6515],[174.4402,-36.6515],[174.4402,-36.6516],[174.4401,-36.6516]],[[174.4404,-36.6515],[174.4404,-36.6513],[174.4406,-36.6513],[174.4406,-36.6515],[174.4404,-36.6515]],[[174.4412,-36.6509],[174.4412,-36.6508],[174.4414,-36.6508],[174.4414,-36.6509],[174.4412,-36.6509]],[[174.4416,-36.6513],[174.4416,-36.6512],[174.4418,-36.6512],[174.4416,-36.6513]]]}},{"type":"Feature","properties":{},"geometry":{"type":"Polygon","coordinates":[[[174.3842,-36.6327],[174.3844,-36.6327],[174.3847,-36.6327],[174.3847,-36.6328],[174.3863,-36.6333],[174.3863,-36.6332],[174.3865,-36.6332],[174.3865,-36.6333],[174.3867,-36.6334],[174.3868,-36.6334],[174.3876,-36.6337],[174.3877,-36.6337],[174.3876,-36.6337],[174.3918,-36.6348],[174.3929,-36.6334],[174.3904,-36.6329],[174.3923,-36.6312],[174.3944,-36.6326],[174.3945,-36.6325],[174.3948,-36.6301],[174.3962,-36.6294],[174.397,-36.6301],[174.397,-36.6316],[174.3968,-36.6318],[174.3981,-36.6313],[174.4015,-36.632],[174.4025,-36.6307],[174.4014,-36.6273],[174.3984,-36.625],[174.3977,-36.6216],[174.3952,-36.6235],[174.3943,-36.6257],[174.3923,-36.6258],[174.3916,-36.6268],[174.3912,-36.626],[174.3899,-36.6258],[174.3878,-36.6279],[174.3882,-36.6284],[174.3909,-36.6291],[174.3933,-36.6282],[174.3945,-36.6289],[174.3924,-36.6301],[174.3909,-36.6297],[174.3883,-36.6334],[174.3861,-36.6316],[174.3854,-36.6316],[174.3858,-36.6326],[174.3842,-36.6324],[174.3842,-36.6327]],[[174.3859,-36.633],[174.3859,-36.6327],[174.3861,-36.6327],[174.3861,-36.633],[174.3859,-36.633]],[[174.3865,-36.633],[174.3865,-36.6328],[174.3866,-36.6328],[174.3866,-36.633],[174.3865,-36.633]],[[174.3866,-36.6332],[174.3866,-36.6331],[174.3868,-36.6331],[174.3868,-36.6332],[174.3866,-36.6332]],[[174.3868,-36.633],[174.387,-36.633],[174.387,-36.6331],[174.3868,-36.633]],[[174.387,-36.6334],[174.387,-36.6332],[174.3871,-36.6332],[174.3871,-36.6334],[174.387,-36.6334]],[[174.3887,-36.6335],[174.3887,-36.633],[174.389,-36.6331],[174.3887,-36.6335]],[[174.3899,-36.6321],[174.3899,-36.632],[174.39,-36.632],[174.39,-36.6321],[174.3899,-36.6321]],[[174.3948,-36.6294],[174.3948,-36.6293],[174.395,-36.6293],[174.395,-36.6294],[174.3948,-36.6294]],[[174.3991,-36.6312],[174.3991,-36.631],[174.3993,-36.631],[174.3993,-36.6312],[174.3991,-36.6312]],[[174.3996,-36.6315],[174.3996,-36.6313],[174.3998,-36.6313],[174.3998,-36.6315],[174.3996,-36.6315]],[[174.3999,-36.6316],[174.3999,-36.6315],[174.4001,-36.6315],[174.4001,-36.6316],[174.3999,-36.6316]],[[174.4005,-36.6317],[174.4005,-36.6316],[174.4008,-36.6316],[174.4008,-36.6317],[174.4005,-36.6317]]]}},{"type":"Feature","properties":{},"geometry":{"type":"Polygon","coordinates":[[[174.3934,-36.6329],[174.3946,-36.6339],[174.3951,-36.6332],[174.3934,-36.6329]]]}},{"type":"Feature","properties":{},"geometry":{"type":"Polygon","coordinates":[[[174.4293,-36.6896],[174.4307,-36.6905],[174.43,-36.6918],[174.4307,-36.6929],[174.4342,-36.6936],[174.4342,-36.694],[174.4341,-36.6942],[174.4342,-36.6942],[174.4342,-36.6947],[174.4341,-36.6947],[174.4341,-36.6948],[174.4342,-36.6948],[174.4342,-36.6964],[174.4358,-36.6983],[174.4395,-36.6979],[174.4412,-36.6965],[174.4416,-36.6951],[174.4392,-36.6939],[174.4395,-36.6931],[174.4424,-36.6932],[174.4455,-36.6948],[174.4455,-36.6965],[174.4399,-36.6995],[174.4398,-36.7004],[174.4399,-36.7001],[174.4431,-36.698],[174.4432,-36.698],[174.4458,-36.6964],[174.4457,-36.6944],[174.4411,-36.692],[174.4383,-36.6922],[174.438,-36.6926],[174.438,-36.6927],[174.4379,-36.6927],[174.4371,-36.6937],[174.4387,-36.6945],[174.4394,-36.6947],[174.4394,-36.6949],[174.4413,-36.6958],[174.4408,-36.6962],[174.4409,-36.6962],[174.4409,-36.6964],[174.4407,-36.6964],[174.4407,-36.6963],[174.4402,-36.6968],[174.4401,-36.697],[174.44,-36.697],[174.4392,-36.6976],[174.4385,-36.6977],[174.4383,-36.6977],[174.4366,-36.6978],[174.4366,-36.6979],[174.4365,-36.6979],[174.4365,-36.6978],[174.4361,-36.6978],[174.4349,-36.6919],[174.4328,-36.6919],[174.4327,-36.692],[174.4324,-36.6919],[174.431,-36.6919],[174.431,-36.692],[174.4309,-36.6919],[174.4304,-36.6919],[174.4331,-36.687],[174.4326,-36.6866],[174.4312,-36.6868],[174.4325,-36.687],[174.4315,-36.6891],[174.4293,-36.6896]],[[174.431,-36.6929],[174.431,-36.6927],[174.4312,-36.6927],[174.4312,-36.6929],[174.431,-36.6929]],[[174.4368,-36.698],[174.4368,-36.6979],[174.4375,-36.6979],[174.4375,-36.698],[174.4368,-36.698]],[[174.4371,-36.6938],[174.4373,-36.6936],[174.438,-36.6942],[174.4371,-36.6938]],[[174.4378,-36.6979],[174.4378,-36.6977],[174.438,-36.6977],[174.438,-36.6979],[174.4378,-36.6979]],[[174.4382,-36.6925],[174.4382,-36.6924],[174.4383,-36.6924],[174.4383,-36.6925],[174.4382,-36.6925]],[[174.4385,-36.6925],[174.4385,-36.6924],[174.439,-36.6924],[174.439,-36.6925],[174.4385,-36.6925]],[[174.4395,-36.6924],[174.4395,-36.6922],[174.4397,-36.6922],[174.4397,-36.6924],[174.4395,-36.6924]],[[174.4404,-36.6948],[174.4406,-36.6947],[174.4411,-36.6953],[174.4404,-36.6948]],[[174.4406,-36.6922],[174.4406,-36.6921],[174.4407,-36.6921],[174.4407,-36.6922],[174.4406,-36.6922]],[[174.4409,-36.6924],[174.4409,-36.6922],[174.4411,-36.6922],[174.4411,-36.6924],[174.4409,-36.6924]],[[174.4412,-36.6925],[174.4412,-36.6924],[174.4414,-36.6924],[174.4414,-36.6925],[174.4412,-36.6925]]]}},{"type":"Feature","properties":{},"geometry":{"type":"Polygon","coordinates":[[[174.4364,-36.6647],[174.4366,-36.6662],[174.4375,-36.6676],[174.4381,-36.6675],[174.4364,-36.6647]]]}},{"type":"Feature","properties":{},"geometry":{"type":"Polygon","coordinates":[[[174.4382,-36.7043],[174.439,-36.7046],[174.439,-36.7061],[174.4399,-36.7069],[174.4411,-36.7072],[174.4426,-36.7065],[174.4409,-36.7069],[174.4407,-36.7067],[174.4404,-36.7069],[174.4395,-36.7059],[174.4396,-36.7056],[174.4392,-36.7052],[174.4394,-36.7034],[174.439,-36.7043],[174.4382,-36.7043]]]}},{"type":"Feature","properties":{},"geometry":{"type":"Polygon","coordinates":[[[174.4382,-36.6686],[174.4414,-36.673],[174.4392,-36.6693],[174.4392,-36.6694],[174.439,-36.6694],[174.439,-36.6693],[174.4392,-36.6693],[174.4384,-36.6679],[174.4382,-36.6686]]]}},{"type":"Feature","properties":{},"geometry":{"type":"Polygon","coordinates":[[[174.4438,-36.7158],[174.4441,-36.7161],[174.444,-36.7157],[174.4441,-36.7154],[174.444,-36.7154],[174.4444,-36.7148],[174.4464,-36.7108],[174.444,-36.715],[174.4438,-36.7158]]]}},{"type":"Feature","properties":{},"geometry":{"type":"Polygon","coordinates":[[[174.4444,-36.7061],[174.445,-36.7076],[174.4473,-36.709],[174.447,-36.7086],[174.4457,-36.7077],[174.4449,-36.706],[174.4444,-36.7061]]]}},{"type":"Feature","properties":{},"geometry":{"type":"Polygon","coordinates":[[[174.4486,-36.7194],[174.4513,-36.7222],[174.4514,-36.724],[174.4517,-36.7224],[174.4486,-36.7194]]]}},{"type":"Feature","properties":{},"geometry":{"type":"Polygon","coordinates":[[[174.4501,-36.7248],[174.4503,-36.7259],[174.451,-36.7263],[174.4511,-36.726],[174.4505,-36.7258],[174.4506,-36.7249],[174.4513,-36.7249],[174.4513,-36.7246],[174.4503,-36.7243],[174.4501,-36.7248]]]}},{"type":"Feature","properties":{},"geometry":{"type":"Polygon","coordinates":[[[174.4098,-36.5835],[174.4104,-36.5852],[174.4108,-36.5856],[174.4154,-36.5848],[174.4193,-36.5867],[174.4225,-36.5853],[174.4293,-36.5877],[174.433,-36.587],[174.4371,-36.5881],[174.4353,-36.59],[174.4357,-36.5932],[174.4363,-36.5897],[174.4406,-36.582],[174.4402,-36.5769],[174.4426,-36.5754],[174.4464,-36.5745],[174.4509,-36.5695],[174.451,-36.5695],[174.4513,-36.5691],[174.4489,-36.5677],[174.4382,-36.5657],[174.4184,-36.567],[174.4185,-36.5699],[174.4266,-36.5779],[174.4321,-36.5776],[174.4298,-36.5794],[174.4261,-36.5795],[174.4139,-36.577],[174.4101,-36.5808],[174.4104,-36.5829],[174.4098,-36.5835]],[[174.4172,-36.5851],[174.4172,-36.585],[174.4173,-36.5851],[174.4172,-36.5851]],[[174.4179,-36.5853],[174.4179,-36.5851],[174.418,-36.5851],[174.418,-36.5853],[174.4179,-36.5853]],[[174.4185,-36.5854],[174.4185,-36.5853],[174.4187,-36.5853],[174.4187,-36.5854],[174.4185,-36.5854]],[[174.4295,-36.5872],[174.4295,-36.5871],[174.4296,-36.5871],[174.4296,-36.5872],[174.4295,-36.5872]],[[174.4298,-36.5871],[174.4298,-36.5869],[174.43,-36.5869],[174.43,-36.5871],[174.4298,-36.5871]],[[174.4302,-36.5869],[174.4302,-36.5868],[174.4303,-36.5868],[174.4303,-36.5869],[174.4302,-36.5869]],[[174.432,-36.5862],[174.432,-36.5861],[174.4322,-36.5861],[174.4322,-36.5862],[174.432,-36.5862]],[[174.4336,-36.5867],[174.4336,-36.5865],[174.4337,-36.5865],[174.4337,-36.5867],[174.4336,-36.5867]],[[174.4341,-36.5868],[174.4341,-36.5867],[174.4342,-36.5867],[174.4342,-36.5868],[174.4341,-36.5868]],[[174.4346,-36.5869],[174.4346,-36.5868],[174.4348,-36.5868],[174.4348,-36.5869],[174.4346,-36.5869]],[[174.4348,-36.5768],[174.4348,-36.5766],[174.4349,-36.5766],[174.4349,-36.5768],[174.4348,-36.5768]],[[174.4349,-36.5776],[174.4353,-36.5775],[174.4351,-36.5777],[174.4349,-36.5776]],[[174.4353,-36.5769],[174.4353,-36.5768],[174.4354,-36.5768],[174.4354,-36.5769],[174.4353,-36.5769]],[[174.4356,-36.5872],[174.4356,-36.5871],[174.436,-36.5871],[174.436,-36.5872],[174.4356,-36.5872]],[[174.4363,-36.5873],[174.4363,-36.5872],[174.4365,-36.5872],[174.4365,-36.5873],[174.4363,-36.5873]]]}},{"type":"Feature","properties":{},"geometry":{"type":"Polygon","coordinates":[[[174.4287,-36.6229],[174.4324,-36.6272],[174.4334,-36.6275],[174.4339,-36.6259],[174.4339,-36.6276],[174.4363,-36.6272],[174.4332,-36.6302],[174.4357,-36.6333],[174.4344,-36.6339],[174.4355,-36.64],[174.4443,-36.6452],[174.4472,-36.6377],[174.4513,-36.6403],[174.4563,-36.6377],[174.4619,-36.638],[174.4645,-36.6363],[174.4646,-36.6363],[174.4679,-36.6342],[174.4718,-36.6386],[174.4738,-36.6354],[174.4737,-36.6354],[174.4737,-36.6353],[174.4738,-36.6353],[174.4742,-36.6348],[174.4811,-36.6359],[174.4817,-36.6344],[174.4788,-36.6322],[174.4822,-36.6314],[174.4815,-36.6281],[174.4844,-36.6268],[174.4844,-36.6265],[174.4817,-36.6273],[174.4807,-36.6305],[174.4786,-36.6313],[174.4773,-36.633],[174.4737,-36.6326],[174.4721,-36.6345],[174.4675,-36.6339],[174.4651,-36.6346],[174.465,-36.633],[174.4633,-36.6309],[174.4628,-36.631],[174.4631,-36.6347],[174.4636,-36.6346],[174.4631,-36.635],[174.4631,-36.6349],[174.4629,-36.6349],[174.4629,-36.635],[174.463,-36.635],[174.4617,-36.636],[174.4597,-36.6358],[174.4522,-36.6384],[174.4494,-36.6372],[174.4465,-36.6371],[174.446,-36.6384],[174.445,-36.6387],[174.4433,-36.6379],[174.4406,-36.6384],[174.4375,-36.6352],[174.4389,-36.6337],[174.4394,-36.6301],[174.4385,-36.6308],[174.4385,-36.6293],[174.4389,-36.6299],[174.4392,-36.6295],[174.4377,-36.6282],[174.4392,-36.6263],[174.4365,-36.6241],[174.4366,-36.6191],[174.4377,-36.6176],[174.4371,-36.6149],[174.4382,-36.612],[174.4424,-36.6082],[174.4481,-36.606],[174.4472,-36.6053],[174.4455,-36.6056],[174.4457,-36.6041],[174.4474,-36.6019],[174.452,-36.6005],[174.4564,-36.6002],[174.4575,-36.5995],[174.4571,-36.5991],[174.4588,-36.5987],[174.4583,-36.5984],[174.46,-36.5987],[174.4595,-36.5972],[174.4436,-36.5943],[174.4419,-36.5916],[174.4441,-36.5898],[174.4459,-36.5895],[174.4457,-36.5888],[174.4428,-36.5887],[174.4419,-36.5899],[174.4387,-36.5913],[174.4365,-36.5938],[174.4357,-36.5935],[174.4358,-36.5942],[174.4398,-36.5921],[174.4443,-36.5952],[174.4424,-36.5989],[174.4428,-36.6003],[174.4413,-36.6009],[174.4404,-36.6035],[174.4397,-36.6022],[174.4383,-36.6046],[174.4402,-36.6075],[174.4381,-36.6094],[174.4358,-36.6213],[174.4355,-36.6204],[174.4345,-36.6208],[174.4346,-36.6208],[174.4346,-36.6209],[174.4344,-36.6209],[174.4344,-36.6208],[174.4287,-36.6229]],[[174.4383,-36.632],[174.4385,-36.6315],[174.4387,-36.632],[174.4383,-36.632]],[[174.4383,-36.6261],[174.4383,-36.626],[174.4385,-36.626],[174.4385,-36.6261],[174.4383,-36.6261]],[[174.443,-36.6382],[174.443,-36.638],[174.4431,-36.638],[174.4431,-36.6382],[174.443,-36.6382]],[[174.4435,-36.6387],[174.4435,-36.6386],[174.4436,-36.6386],[174.4436,-36.6387],[174.4435,-36.6387]],[[174.4448,-36.5893],[174.4448,-36.5891],[174.4452,-36.5893],[174.4448,-36.5893]],[[174.454,-36.5969],[174.454,-36.5968],[174.4542,-36.5968],[174.4542,-36.5969],[174.454,-36.5969]],[[174.4544,-36.5971],[174.4544,-36.5969],[174.4547,-36.5969],[174.4547,-36.5971],[174.4544,-36.5971]],[[174.4549,-36.5972],[174.4549,-36.5971],[174.4551,-36.5971],[174.4551,-36.5972],[174.4549,-36.5972]],[[174.4706,-36.6349],[174.4708,-36.6347],[174.4709,-36.635],[174.4706,-36.6349]],[[174.4721,-36.6368],[174.4721,-36.6367],[174.4723,-36.6367],[174.4723,-36.6368],[174.4721,-36.6368]],[[174.4721,-36.6363],[174.4725,-36.6361],[174.4726,-36.6365],[174.4721,-36.6363]],[[174.4728,-36.6353],[174.4728,-36.6352],[174.473,-36.6352],[174.473,-36.6353],[174.4728,-36.6353]],[[174.4728,-36.6345],[174.4728,-36.6343],[174.473,-36.6343],[174.473,-36.6345],[174.4728,-36.6345]],[[174.473,-36.6347],[174.473,-36.6346],[174.4733,-36.6346],[174.4733,-36.6347],[174.473,-36.6347]],[[174.4774,-36.635],[174.4774,-36.6349],[174.4776,-36.6349],[174.4776,-36.635],[174.4774,-36.635]],[[174.4778,-36.6345],[174.4798,-36.6345],[174.4803,-36.6347],[174.4791,-36.635],[174.4798,-36.6354],[174.4778,-36.6345]],[[174.4778,-36.6343],[174.4778,-36.6342],[174.4779,-36.6342],[174.4779,-36.6343],[174.4778,-36.6343]],[[174.4778,-36.6338],[174.4778,-36.6335],[174.4779,-36.6335],[174.4779,-36.6338],[174.4778,-36.6338]],[[174.4783,-36.6343],[174.4783,-36.6342],[174.4785,-36.6342],[174.4785,-36.6343],[174.4783,-36.6343]],[[174.4786,-36.6343],[174.4786,-36.6342],[174.4788,-36.6342],[174.4788,-36.6343],[174.4786,-36.6343]],[[174.4788,-36.6338],[174.4788,-36.6337],[174.479,-36.6337],[174.479,-36.6338],[174.4788,-36.6338]],[[174.4793,-36.6341],[174.4798,-36.6339],[174.4796,-36.6342],[174.4793,-36.6341]]]}},{"type":"Feature","properties":{},"geometry":{"type":"Polygon","coordinates":[[[174.4302,-36.6914],[174.4316,-36.6925],[174.4349,-36.6919],[174.4361,-36.697],[174.436,-36.696],[174.4361,-36.6961],[174.4361,-36.696],[174.436,-36.696],[174.4356,-36.6925],[174.4346,-36.6912],[174.4351,-36.6901],[174.4373,-36.6916],[174.4382,-36.6912],[174.4375,-36.692],[174.4387,-36.6918],[174.4366,-36.6924],[174.4366,-36.6925],[174.4365,-36.6925],[174.4365,-36.6927],[174.4366,-36.6927],[174.4366,-36.6939],[174.4387,-36.6945],[174.4373,-36.694],[174.4373,-36.6939],[174.4371,-36.6938],[174.4373,-36.6936],[174.4374,-36.6937],[174.4375,-36.6928],[174.4373,-36.6928],[174.4373,-36.6927],[174.4375,-36.6927],[174.4375,-36.6924],[174.4408,-36.692],[174.4457,-36.6944],[174.4455,-36.6961],[174.4455,-36.6965],[174.4454,-36.6967],[174.4433,-36.6981],[174.4432,-36.6981],[174.4429,-36.6983],[174.4428,-36.6984],[174.4422,-36.6987],[174.4421,-36.699],[174.442,-36.6989],[174.4418,-36.699],[174.4418,-36.6991],[174.4417,-36.6991],[174.4398,-36.7002],[174.4397,-36.7028],[174.4394,-36.7035],[174.4392,-36.7052],[174.4396,-36.7056],[174.4401,-36.7005],[174.4459,-36.6966],[174.4474,-36.6968],[174.4477,-36.6957],[174.4472,-36.694],[174.4472,-36.696],[174.446,-36.6962],[174.4457,-36.694],[174.4419,-36.6922],[174.4462,-36.6899],[174.445,-36.687],[174.4455,-36.6858],[174.4469,-36.6866],[174.4467,-36.6858],[174.4484,-36.6858],[174.4479,-36.6855],[174.4494,-36.6846],[174.4494,-36.6845],[174.4455,-36.6848],[174.4486,-36.6833],[174.4404,-36.6802],[174.4408,-36.6752],[174.4422,-36.6736],[174.4449,-36.674],[174.4472,-36.6775],[174.4486,-36.6775],[174.4486,-36.6696],[174.4422,-36.6713],[174.4401,-36.6689],[174.4428,-36.6666],[174.4481,-36.6652],[174.4465,-36.6647],[174.4484,-36.665],[174.4467,-36.6612],[174.4465,-36.6612],[174.4465,-36.661],[174.4466,-36.661],[174.4466,-36.6609],[174.4401,-36.6615],[174.4401,-36.6626],[174.4402,-36.6626],[174.4402,-36.663],[174.4401,-36.663],[174.4401,-36.6633],[174.4402,-36.6632],[174.4401,-36.6633],[174.4401,-36.6637],[174.4382,-36.6645],[174.4382,-36.6646],[174.438,-36.6646],[174.438,-36.6645],[174.4365,-36.6651],[174.4366,-36.6661],[174.4375,-36.6676],[174.4385,-36.6675],[174.4382,-36.6686],[174.4419,-36.6738],[174.4409,-36.6736],[174.4409,-36.6745],[174.4399,-36.6745],[174.4383,-36.676],[174.4387,-36.6781],[174.438,-36.6799],[174.4371,-36.6798],[174.4368,-36.681],[174.4342,-36.6832],[174.4346,-36.6842],[174.4336,-36.6839],[174.4354,-36.6862],[174.4337,-36.6865],[174.4337,-36.6864],[174.4336,-36.6864],[174.4337,-36.6865],[174.4326,-36.6866],[174.4329,-36.6871],[174.4302,-36.6914]],[[174.4307,-36.6916],[174.431,-36.6916],[174.431,-36.692],[174.4307,-36.6916]],[[174.4312,-36.6907],[174.4312,-36.6906],[174.4313,-36.6906],[174.4313,-36.6907],[174.4312,-36.6907]],[[174.4313,-36.6905],[174.4313,-36.6903],[174.4315,-36.6903],[174.4315,-36.6905],[174.4313,-36.6905]],[[174.4317,-36.6917],[174.4323,-36.6908],[174.4327,-36.6909],[174.4327,-36.691],[174.4325,-36.691],[174.4325,-36.6912],[174.4322,-36.6912],[174.4322,-36.6914],[174.432,-36.6914],[174.432,-36.6916],[174.4319,-36.6916],[174.4319,-36.6917],[174.432,-36.6917],[174.432,-36.6918],[174.4317,-36.6917]],[[174.4319,-36.6898],[174.4319,-36.6896],[174.432,-36.6896],[174.432,-36.6898],[174.4319,-36.6898]],[[174.432,-36.6917],[174.432,-36.6916],[174.4322,-36.6916],[174.4322,-36.6917],[174.432,-36.6917]],[[174.4322,-36.6918],[174.4322,-36.6917],[174.4324,-36.6917],[174.4324,-36.6918],[174.4325,-36.6918],[174.4325,-36.6917],[174.4327,-36.6917],[174.4327,-36.6918],[174.4329,-36.6917],[174.433,-36.6917],[174.4327,-36.692],[174.4322,-36.6918]],[[174.4322,-36.6916],[174.4322,-36.6914],[174.4324,-36.6914],[174.4324,-36.6916],[174.4322,-36.6916]],[[174.4322,-36.6913],[174.4324,-36.6912],[174.4324,-36.6913],[174.4322,-36.6913]],[[174.4322,-36.6907],[174.4325,-36.6903],[174.4323,-36.6908],[174.4322,-36.6907]],[[174.4324,-36.6917],[174.4324,-36.6916],[174.4325,-36.6916],[174.4325,-36.6917],[174.4324,-36.6917]],[[174.4324,-36.6914],[174.4324,-36.6913],[174.4325,-36.6913],[174.4325,-36.6914],[174.4324,-36.6914]],[[174.4324,-36.6901],[174.4324,-36.6899],[174.4325,-36.6899],[174.4325,-36.6901],[174.4324,-36.6901]],[[174.4325,-36.6916],[174.4325,-36.6914],[174.4327,-36.6914],[174.4327,-36.6916],[174.4325,-36.6916]],[[174.4325,-36.6913],[174.4325,-36.6912],[174.4327,-36.6912],[174.4327,-36.6913],[174.4325,-36.6913]],[[174.4325,-36.6902],[174.4332,-36.6898],[174.4329,-36.6902],[174.4325,-36.6902]],[[174.4327,-36.6917],[174.4327,-36.6916],[174.4329,-36.6916],[174.4329,-36.6917],[174.4327,-36.6917]],[[174.4327,-36.6914],[174.4327,-36.6913],[174.4329,-36.6913],[174.4329,-36.6914],[174.4327,-36.6914]],[[174.4327,-36.6912],[174.4327,-36.691],[174.4329,-36.691],[174.433,-36.691],[174.4329,-36.6912],[174.4327,-36.6912]],[[174.4329,-36.6916],[174.4329,-36.6914],[174.4331,-36.6914],[174.4331,-36.6916],[174.4329,-36.6916]],[[174.4329,-36.6913],[174.4329,-36.6912],[174.4332,-36.6913],[174.4332,-36.6914],[174.4331,-36.6914],[174.4331,-36.6913],[174.4329,-36.6913]],[[174.4331,-36.691],[174.4336,-36.6912],[174.4334,-36.6912],[174.4334,-36.6913],[174.4332,-36.6913],[174.4331,-36.691]],[[174.4332,-36.6915],[174.4332,-36.6914],[174.4333,-36.6914],[174.4332,-36.6915]],[[174.4332,-36.6887],[174.4334,-36.6886],[174.4339,-36.6891],[174.4332,-36.6887]],[[174.4334,-36.6901],[174.4334,-36.6899],[174.4336,-36.6899],[174.4336,-36.6901],[174.4334,-36.6901]],[[174.4341,-36.6895],[174.4341,-36.6894],[174.4342,-36.6894],[174.4342,-36.6895],[174.4341,-36.6895]],[[174.4346,-36.6891],[174.4348,-36.689],[174.4348,-36.6891],[174.4346,-36.6891]],[[174.4348,-36.6843],[174.4348,-36.6842],[174.4349,-36.6842],[174.4349,-36.6843],[174.4348,-36.6843]],[[174.4349,-36.6899],[174.4356,-36.689],[174.4358,-36.6891],[174.4356,-36.6891],[174.4356,-36.6892],[174.4358,-36.6892],[174.4358,-36.6891],[174.436,-36.6892],[174.4357,-36.6894],[174.4356,-36.6894],[174.4356,-36.6895],[174.4349,-36.6899]],[[174.4349,-36.6846],[174.4349,-36.6844],[174.4351,-36.6846],[174.4349,-36.6846]],[[174.4353,-36.6825],[174.4353,-36.6824],[174.4354,-36.6824],[174.4354,-36.6825],[174.4353,-36.6825]],[[174.4354,-36.6872],[174.4354,-36.687],[174.4356,-36.687],[174.4356,-36.6872],[174.4354,-36.6872]],[[174.4358,-36.6877],[174.436,-36.6877],[174.436,-36.6879],[174.4361,-36.6879],[174.4361,-36.688],[174.4363,-36.688],[174.4363,-36.6879],[174.4364,-36.6879],[174.4364,-36.6883],[174.4363,-36.6883],[174.4363,-36.6884],[174.4358,-36.6877]],[[174.4358,-36.6861],[174.4358,-36.6853],[174.4368,-36.6865],[174.4358,-36.6861]],[[174.436,-36.6877],[174.436,-36.6876],[174.4363,-36.6875],[174.4363,-36.6877],[174.4363,-36.6879],[174.4361,-36.6879],[174.4361,-36.6877],[174.436,-36.6877]],[[174.4363,-36.6884],[174.4364,-36.6884],[174.4365,-36.6886],[174.4363,-36.6884]],[[174.4366,-36.6844],[174.4366,-36.6843],[174.4368,-36.6843],[174.4368,-36.6844],[174.4366,-36.6844]],[[174.4368,-36.6906],[174.438,-36.6899],[174.4377,-36.6906],[174.4382,-36.6903],[174.4385,-36.6912],[174.4368,-36.6906]],[[174.4368,-36.685],[174.4368,-36.6849],[174.437,-36.6849],[174.437,-36.685],[174.4368,-36.685]],[[174.437,-36.6935],[174.437,-36.6932],[174.4371,-36.6932],[174.4371,-36.6935],[174.437,-36.6935]],[[174.4371,-36.6879],[174.4377,-36.6876],[174.4375,-36.6879],[174.4371,-36.6879]],[[174.4371,-36.665],[174.4377,-36.6647],[174.4375,-36.665],[174.4371,-36.665]],[[174.4375,-36.6913],[174.4375,-36.691],[174.4377,-36.691],[174.4377,-36.6913],[174.4375,-36.6913]],[[174.4375,-36.6896],[174.4394,-36.6883],[174.4385,-36.6898],[174.4375,-36.6896]],[[174.4378,-36.6865],[174.4378,-36.6861],[174.438,-36.6861],[174.438,-36.6865],[174.4378,-36.6865]],[[174.4378,-36.665],[174.4378,-36.6649],[174.438,-36.6649],[174.438,-36.665],[174.4378,-36.665]],[[174.438,-36.6884],[174.438,-36.6883],[174.4382,-36.6883],[174.4382,-36.6884],[174.438,-36.6884]],[[174.4383,-36.6798],[174.4389,-36.6799],[174.4389,-36.6803],[174.4383,-36.6798]],[[174.4385,-36.6761],[174.439,-36.6761],[174.4387,-36.6766],[174.4385,-36.6761]],[[174.4389,-36.6816],[174.4389,-36.6814],[174.439,-36.6814],[174.439,-36.6816],[174.4389,-36.6816]],[[174.439,-36.6694],[174.439,-36.6693],[174.4392,-36.6693],[174.4392,-36.6694],[174.439,-36.6694]],[[174.439,-36.6676],[174.4392,-36.6672],[174.4394,-36.6675],[174.439,-36.6676]],[[174.4392,-36.6864],[174.4392,-36.6862],[174.4394,-36.6862],[174.4392,-36.6864]],[[174.4392,-36.6805],[174.4392,-36.6803],[174.4395,-36.6803],[174.4395,-36.6805],[174.4392,-36.6805]],[[174.4392,-36.676],[174.4395,-36.676],[174.4394,-36.6762],[174.4392,-36.676]],[[174.4394,-36.6902],[174.4402,-36.6887],[174.4416,-36.6888],[174.4394,-36.6902]],[[174.4395,-36.692],[174.4395,-36.6917],[174.4401,-36.6917],[174.4395,-36.692]],[[174.4395,-36.6766],[174.4401,-36.6765],[174.4397,-36.6768],[174.4395,-36.6766]],[[174.4395,-36.669],[174.4395,-36.6688],[174.4397,-36.6688],[174.4397,-36.669],[174.4395,-36.669]],[[174.4397,-36.6802],[174.4397,-36.6801],[174.4399,-36.6801],[174.4399,-36.6802],[174.4397,-36.6802]],[[174.4397,-36.6771],[174.4399,-36.6769],[174.4402,-36.6772],[174.4397,-36.6771]],[[174.4399,-36.6805],[174.4399,-36.6803],[174.4401,-36.6803],[174.4401,-36.6805],[174.4399,-36.6805]],[[174.4399,-36.6694],[174.4399,-36.6693],[174.4402,-36.6694],[174.4399,-36.6694]],[[174.4399,-36.6691],[174.4399,-36.669],[174.4401,-36.669],[174.4401,-36.6691],[174.4399,-36.6691]],[[174.4404,-36.6673],[174.4407,-36.6675],[174.4406,-36.6677],[174.4404,-36.6673]],[[174.4404,-36.6656],[174.4404,-36.6654],[174.4406,-36.6654],[174.4406,-36.6656],[174.4404,-36.6656]],[[174.4406,-36.6713],[174.4406,-36.6712],[174.4407,-36.6712],[174.4407,-36.6713],[174.4406,-36.6713]],[[174.4406,-36.671],[174.4406,-36.6709],[174.4407,-36.6709],[174.4407,-36.671],[174.4406,-36.671]],[[174.4407,-36.6872],[174.4407,-36.6869],[174.4409,-36.6869],[174.4409,-36.6872],[174.4407,-36.6872]],[[174.4409,-36.6898],[174.4409,-36.6896],[174.4411,-36.6896],[174.4411,-36.6898],[174.4409,-36.6898]],[[174.4409,-36.6877],[174.4409,-36.6876],[174.4411,-36.6876],[174.4411,-36.6877],[174.4409,-36.6877]],[[174.4409,-36.6868],[174.4409,-36.6866],[174.4411,-36.6866],[174.4409,-36.6868]],[[174.4409,-36.6719],[174.4409,-36.6717],[174.4411,-36.6717],[174.4411,-36.6719],[174.4409,-36.6719]],[[174.4409,-36.6714],[174.4409,-36.6713],[174.4411,-36.6713],[174.4411,-36.6714],[174.4409,-36.6714]],[[174.4409,-36.6627],[174.4409,-36.6626],[174.4411,-36.6626],[174.4411,-36.6627],[174.4409,-36.6627]],[[174.4411,-36.6918],[174.4411,-36.6917],[174.4414,-36.6918],[174.4411,-36.6918]],[[174.4411,-36.688],[174.4411,-36.6879],[174.4412,-36.6879],[174.4412,-36.688],[174.4411,-36.688]],[[174.4412,-36.6671],[174.4412,-36.6669],[174.4416,-36.6668],[174.4416,-36.6669],[174.4412,-36.6671]],[[174.4416,-36.6905],[174.4416,-36.6903],[174.4418,-36.6903],[174.4418,-36.6905],[174.4416,-36.6905]],[[174.4416,-36.6719],[174.4416,-36.6717],[174.4418,-36.6717],[174.4418,-36.6719],[174.4416,-36.6719]],[[174.4418,-36.6888],[174.4418,-36.6887],[174.4423,-36.6887],[174.4423,-36.6888],[174.4418,-36.6888]],[[174.4418,-36.6886],[174.4418,-36.6884],[174.4419,-36.6886],[174.4418,-36.6886]],[[174.4418,-36.6668],[174.4418,-36.6666],[174.4419,-36.6666],[174.4419,-36.6668],[174.4418,-36.6668]],[[174.4418,-36.6627],[174.4418,-36.6626],[174.4419,-36.6626],[174.4419,-36.6627],[174.4418,-36.6627]],[[174.4421,-36.6734],[174.4423,-36.6732],[174.4423,-36.6734],[174.4421,-36.6734]],[[174.4421,-36.6723],[174.4423,-36.6723],[174.4423,-36.6724],[174.4421,-36.6723]],[[174.4421,-36.6721],[174.4421,-36.6717],[174.443,-36.6717],[174.4421,-36.6721]],[[174.4423,-36.6626],[174.4423,-36.6624],[174.4424,-36.6624],[174.4424,-36.6626],[174.4423,-36.6626]],[[174.4424,-36.6716],[174.4424,-36.6714],[174.443,-36.6714],[174.443,-36.6716],[174.4424,-36.6716]],[[174.4426,-36.6913],[174.4426,-36.6912],[174.4428,-36.6912],[174.4428,-36.6913],[174.4426,-36.6913]],[[174.4426,-36.6624],[174.4426,-36.6623],[174.4428,-36.6623],[174.4428,-36.6624],[174.4426,-36.6624]],[[174.4431,-36.6716],[174.4435,-36.6716],[174.4433,-36.6717],[174.4431,-36.6716]],[[174.4433,-36.6888],[174.4433,-36.6887],[174.4435,-36.6887],[174.4435,-36.6888],[174.4433,-36.6888]],[[174.4433,-36.6714],[174.4433,-36.6713],[174.4435,-36.6713],[174.4435,-36.6714],[174.4433,-36.6714]],[[174.4438,-36.6853],[174.4438,-36.6851],[174.444,-36.6851],[174.444,-36.6853],[174.4438,-36.6853]],[[174.4438,-36.6713],[174.4438,-36.6712],[174.444,-36.6712],[174.4438,-36.6713]],[[174.4438,-36.6621],[174.4438,-36.662],[174.444,-36.662],[174.444,-36.6621],[174.4438,-36.6621]],[[174.444,-36.6887],[174.4443,-36.6883],[174.4447,-36.6881],[174.4443,-36.6886],[174.444,-36.6887]],[[174.4441,-36.6712],[174.4443,-36.671],[174.4443,-36.6712],[174.4441,-36.6712]],[[174.4443,-36.6905],[174.4443,-36.6903],[174.4445,-36.6903],[174.4445,-36.6905],[174.4443,-36.6905]],[[174.4465,-36.6851],[174.4472,-36.6851],[174.4467,-36.6855],[174.4465,-36.6851]]]}},{"type":"Feature","properties":{},"geometry":{"type":"Polygon","coordinates":[[[174.4362,-36.6973],[174.4363,-36.698],[174.4368,-36.6979],[174.4371,-36.6979],[174.4387,-36.6975],[174.4388,-36.6975],[174.4393,-36.6973],[174.4395,-36.6972],[174.4394,-36.6973],[174.4402,-36.6971],[174.4407,-36.6963],[174.4407,-36.6962],[174.4408,-36.6962],[174.4413,-36.6954],[174.4394,-36.6948],[174.4399,-36.6962],[174.4375,-36.6975],[174.4362,-36.6973]],[[174.4363,-36.6976],[174.4363,-36.6975],[174.4365,-36.6976],[174.4363,-36.6976]],[[174.4365,-36.6979],[174.4365,-36.6977],[174.4366,-36.6977],[174.4366,-36.6979],[174.4365,-36.6979]],[[174.4399,-36.6969],[174.4402,-36.6968],[174.4401,-36.697],[174.4399,-36.6969]]]}},{"type":"Feature","properties":{},"geometry":{"type":"Polygon","coordinates":[[[174.4407,-36.7067],[174.4409,-36.7069],[174.4423,-36.7066],[174.4443,-36.7058],[174.4445,-36.7062],[174.445,-36.7061],[174.4448,-36.7058],[174.4435,-36.7055],[174.4407,-36.7067]]]}},{"type":"Feature","properties":{},"geometry":{"type":"Polygon","coordinates":[[[174.4426,-36.6589],[174.4436,-36.6584],[174.4445,-36.6599],[174.444,-36.6603],[174.4473,-36.6601],[174.4499,-36.6635],[174.45,-36.6634],[174.4489,-36.6572],[174.4494,-36.6564],[174.4494,-36.6563],[174.4496,-36.656],[174.4457,-36.6513],[174.4459,-36.6498],[174.4437,-36.6497],[174.4457,-36.6521],[174.4457,-36.652],[174.4459,-36.652],[174.4459,-36.6521],[174.4457,-36.6521],[174.4487,-36.6559],[174.4469,-36.658],[174.4431,-36.6582],[174.4426,-36.6589]],[[174.445,-36.6601],[174.445,-36.6599],[174.4453,-36.6599],[174.4453,-36.6601],[174.445,-36.6601]],[[174.4467,-36.6599],[174.4476,-36.6598],[174.4479,-36.6601],[174.4467,-36.6599]],[[174.4474,-36.6582],[174.4484,-36.6583],[174.4482,-36.6587],[174.4474,-36.6582]],[[174.4482,-36.6602],[174.4489,-36.6602],[174.4486,-36.6605],[174.4482,-36.6602]],[[174.4489,-36.6557],[174.4489,-36.6556],[174.4491,-36.6556],[174.4491,-36.6557],[174.4489,-36.6557]]]}},{"type":"Feature","properties":{},"geometry":{"type":"Polygon","coordinates":[[[174.4432,-36.649],[174.4432,-36.6491],[174.4441,-36.6483],[174.4438,-36.6478],[174.4448,-36.648],[174.4438,-36.6471],[174.4432,-36.649]]]}},{"type":"Feature","properties":{},"geometry":{"type":"Polygon","coordinates":[[[174.4439,-36.7155],[174.4441,-36.7161],[174.445,-36.717],[174.4445,-36.7177],[174.4447,-36.7184],[174.4448,-36.7184],[174.445,-36.7185],[174.4447,-36.7178],[174.4452,-36.7166],[174.4443,-36.7158],[174.445,-36.7155],[174.444,-36.7154],[174.445,-36.714],[174.4461,-36.7146],[174.4452,-36.7137],[174.446,-36.7122],[174.4469,-36.7132],[174.4462,-36.7147],[174.4465,-36.7148],[174.4474,-36.7137],[174.4477,-36.713],[174.4464,-36.7114],[174.4476,-36.7089],[174.447,-36.7086],[174.4473,-36.709],[174.4474,-36.7091],[174.4458,-36.7118],[174.4439,-36.7155]],[[174.4474,-36.7133],[174.4474,-36.7132],[174.4476,-36.7132],[174.4476,-36.7133],[174.4474,-36.7133]]]}},{"type":"Feature","properties":{},"geometry":{"type":"Polygon","coordinates":[[[174.444,-36.6466],[174.4457,-36.6452],[174.4457,-36.6457],[174.446,-36.6456],[174.446,-36.6457],[174.4462,-36.6457],[174.4462,-36.6456],[174.4472,-36.6454],[174.4474,-36.6454],[174.4477,-36.6453],[174.4587,-36.6423],[174.4638,-36.6421],[174.4631,-36.6419],[174.4634,-36.6413],[174.4638,-36.642],[174.4689,-36.643],[174.4701,-36.6408],[174.468,-36.6401],[174.473,-36.6386],[174.473,-36.6387],[174.4732,-36.6387],[174.4732,-36.6386],[174.4812,-36.6363],[174.4817,-36.638],[174.4818,-36.6381],[174.4817,-36.6382],[174.4819,-36.6382],[174.4819,-36.6381],[174.4837,-36.6384],[174.4834,-36.6408],[174.4839,-36.6426],[174.4851,-36.6423],[174.4846,-36.6435],[174.4854,-36.642],[174.4844,-36.642],[174.4839,-36.6405],[174.4856,-36.6408],[174.4858,-36.6364],[174.4858,-36.6363],[174.4858,-36.6353],[174.4849,-36.6347],[174.4822,-36.6358],[174.4825,-36.6354],[174.4827,-36.6353],[174.4826,-36.6353],[174.4829,-36.6349],[174.4817,-36.6334],[174.481,-36.6338],[174.4808,-36.6328],[174.4822,-36.633],[174.4843,-36.6313],[174.4873,-36.6317],[174.4874,-36.6316],[174.4852,-36.6312],[174.4843,-36.6307],[174.4858,-36.628],[174.4856,-36.6279],[174.4859,-36.6278],[174.4862,-36.6273],[174.4827,-36.6272],[174.4813,-36.6285],[174.4813,-36.6287],[174.4826,-36.6309],[174.4788,-36.6324],[174.4819,-36.6348],[174.4816,-36.6357],[174.4745,-36.6348],[174.4723,-36.6385],[174.4706,-36.6382],[174.4684,-36.6342],[174.4653,-36.6349],[174.4619,-36.638],[174.4559,-36.6377],[174.4515,-36.6403],[174.4489,-36.6379],[174.447,-36.6378],[174.444,-36.6466]],[[174.4566,-36.6401],[174.4566,-36.6399],[174.4568,-36.6399],[174.4566,-36.6401]],[[174.4569,-36.6399],[174.4569,-36.6398],[174.4571,-36.6398],[174.4571,-36.6399],[174.4569,-36.6399]],[[174.4573,-36.6398],[174.4575,-36.6397],[174.4575,-36.6398],[174.4573,-36.6398]],[[174.4583,-36.642],[174.4585,-36.6419],[174.4587,-36.642],[174.4583,-36.642]],[[174.4583,-36.6386],[174.4585,-36.6386],[174.4585,-36.6387],[174.4583,-36.6386]],[[174.4587,-36.6391],[174.4587,-36.639],[174.4588,-36.639],[174.4588,-36.6391],[174.4587,-36.6391]],[[174.4588,-36.6419],[174.4588,-36.6417],[174.459,-36.6417],[174.459,-36.6419],[174.4588,-36.6419]],[[174.459,-36.641],[174.459,-36.6409],[174.4592,-36.6409],[174.4592,-36.641],[174.459,-36.641]],[[174.459,-36.6393],[174.459,-36.6391],[174.4593,-36.6391],[174.4593,-36.6393],[174.459,-36.6393]],[[174.4592,-36.6417],[174.4592,-36.6415],[174.4593,-36.6415],[174.4593,-36.6417],[174.4592,-36.6417]],[[174.4592,-36.6386],[174.4592,-36.6384],[174.4593,-36.6384],[174.4593,-36.6386],[174.4592,-36.6386]],[[174.4595,-36.6405],[174.4595,-36.6404],[174.4597,-36.6404],[174.4597,-36.6405],[174.4595,-36.6405]],[[174.4598,-36.6393],[174.46,-36.6393],[174.46,-36.6394],[174.4598,-36.6393]],[[174.46,-36.6419],[174.46,-36.6417],[174.4602,-36.6417],[174.4602,-36.6419],[174.46,-36.6419]],[[174.46,-36.6402],[174.46,-36.6401],[174.4602,-36.6401],[174.4602,-36.6402],[174.46,-36.6402]],[[174.4602,-36.6415],[174.4607,-36.6412],[174.4607,-36.6417],[174.4602,-36.6415]],[[174.4604,-36.6398],[174.4605,-36.6397],[174.4605,-36.6398],[174.4604,-36.6398]],[[174.4604,-36.6395],[174.4605,-36.6395],[174.4605,-36.6397],[174.4604,-36.6395]],[[174.4609,-36.6419],[174.461,-36.6417],[174.4612,-36.6419],[174.4609,-36.6419]],[[174.4612,-36.6413],[174.4616,-36.6412],[174.4619,-36.6417],[174.4612,-36.6413]],[[174.4612,-36.6404],[174.4612,-36.6398],[174.4621,-36.6397],[174.4612,-36.6404]],[[174.4617,-36.6406],[174.4617,-36.6404],[174.4619,-36.6404],[174.4619,-36.6406],[174.4617,-36.6406]],[[174.4621,-36.6416],[174.4621,-36.6415],[174.4622,-36.6415],[174.4622,-36.6416],[174.4621,-36.6416]],[[174.4621,-36.6406],[174.4622,-36.6406],[174.4622,-36.6408],[174.4621,-36.6406]],[[174.4622,-36.6397],[174.4622,-36.6395],[174.4624,-36.6395],[174.4624,-36.6397],[174.4622,-36.6397]],[[174.4622,-36.6384],[174.4628,-36.638],[174.4624,-36.6386],[174.4622,-36.6384]],[[174.4626,-36.6419],[174.4626,-36.6416],[174.4628,-36.6416],[174.4628,-36.6419],[174.4626,-36.6419]],[[174.4626,-36.6415],[174.4626,-36.6413],[174.4629,-36.6413],[174.4629,-36.6415],[174.4626,-36.6415]],[[174.4636,-36.641],[174.4646,-36.6409],[174.4639,-36.6412],[174.4636,-36.641]],[[174.4639,-36.6415],[174.4639,-36.6413],[174.4641,-36.6413],[174.4641,-36.6415],[174.4639,-36.6415]],[[174.4639,-36.6369],[174.4639,-36.6368],[174.4641,-36.6368],[174.4639,-36.6369]],[[174.4645,-36.6364],[174.4645,-36.6363],[174.4646,-36.6363],[174.4646,-36.6364],[174.4645,-36.6364]],[[174.4648,-36.6409],[174.4648,-36.6408],[174.4651,-36.6408],[174.4651,-36.6409],[174.4648,-36.6409]],[[174.4653,-36.6406],[174.4663,-36.6405],[174.4657,-36.6408],[174.4653,-36.6406]],[[174.4665,-36.6405],[174.4665,-36.6404],[174.4668,-36.6404],[174.4668,-36.6405],[174.4665,-36.6405]],[[174.4668,-36.635],[174.4668,-36.6349],[174.467,-36.6349],[174.467,-36.635],[174.4668,-36.635]],[[174.467,-36.6404],[174.467,-36.6402],[174.4674,-36.6402],[174.4674,-36.6404],[174.467,-36.6404]],[[174.4672,-36.635],[174.4675,-36.6347],[174.4674,-36.635],[174.4672,-36.635]],[[174.4675,-36.6402],[174.4675,-36.6401],[174.4679,-36.6401],[174.4679,-36.6402],[174.4675,-36.6402]],[[174.4691,-36.6371],[174.4691,-36.6369],[174.4692,-36.6369],[174.4692,-36.6371],[174.4691,-36.6371]],[[174.4692,-36.6375],[174.4692,-36.6373],[174.4694,-36.6373],[174.4694,-36.6375],[174.4692,-36.6375]],[[174.4696,-36.6379],[174.4697,-36.6378],[174.4699,-36.638],[174.4696,-36.6379]],[[174.4701,-36.6384],[174.4703,-36.6383],[174.4704,-36.6386],[174.4701,-36.6384]],[[174.4735,-36.638],[174.4742,-36.638],[174.4738,-36.6383],[174.4735,-36.638]],[[174.4738,-36.6378],[174.4738,-36.6376],[174.474,-36.6376],[174.474,-36.6378],[174.4738,-36.6378]],[[174.4742,-36.6371],[174.4742,-36.6369],[174.4743,-36.6369],[174.4743,-36.6371],[174.4742,-36.6371]],[[174.475,-36.6352],[174.475,-36.635],[174.4752,-36.6352],[174.475,-36.6352]],[[174.4808,-36.6327],[174.4808,-36.6326],[174.4812,-36.6326],[174.4812,-36.6327],[174.4808,-36.6327]],[[174.4817,-36.6323],[174.4817,-36.6321],[174.482,-36.6321],[174.482,-36.6323],[174.4817,-36.6323]],[[174.4819,-36.632],[174.4819,-36.6319],[174.482,-36.6319],[174.482,-36.632],[174.4819,-36.632]],[[174.4824,-36.6321],[174.4824,-36.632],[174.4825,-36.632],[174.4825,-36.6321],[174.4824,-36.6321]],[[174.4825,-36.6317],[174.4825,-36.6316],[174.4827,-36.6316],[174.4827,-36.6317],[174.4825,-36.6317]],[[174.4825,-36.6315],[174.4831,-36.6298],[174.4825,-36.6289],[174.4835,-36.6286],[174.4834,-36.6287],[174.4836,-36.6289],[174.4836,-36.6286],[174.4842,-36.6285],[174.4841,-36.6287],[174.4844,-36.6291],[174.4843,-36.6291],[174.4843,-36.6293],[174.4844,-36.6293],[174.4844,-36.6292],[174.4846,-36.6294],[174.4829,-36.6291],[174.4836,-36.6293],[174.4836,-36.6305],[174.4839,-36.6301],[174.4832,-36.6315],[174.4825,-36.6315]],[[174.4825,-36.6284],[174.4825,-36.6283],[174.4827,-36.6283],[174.4827,-36.6284],[174.4825,-36.6284]],[[174.4829,-36.6317],[174.4829,-36.6316],[174.4832,-36.6316],[174.4832,-36.6317],[174.4829,-36.6317]],[[174.4829,-36.6282],[174.4829,-36.628],[174.4832,-36.628],[174.4832,-36.6282],[174.4829,-36.6282]],[[174.4834,-36.6371],[174.4834,-36.6369],[174.4836,-36.6369],[174.4836,-36.6371],[174.4834,-36.6371]],[[174.4834,-36.6364],[174.4834,-36.6363],[174.4836,-36.6363],[174.4836,-36.6364],[174.4834,-36.6364]],[[174.4834,-36.6283],[174.4834,-36.6282],[174.4836,-36.6282],[174.4836,-36.6283],[174.4834,-36.6283]],[[174.4837,-36.6402],[174.4841,-36.6399],[174.4839,-36.6402],[174.4837,-36.6402]],[[174.4837,-36.6282],[174.4849,-36.6273],[174.4842,-36.6284],[174.4837,-36.6282]],[[174.4837,-36.6275],[174.4843,-36.6273],[174.4841,-36.6278],[174.4837,-36.6275]],[[174.4839,-36.6394],[174.4839,-36.6393],[174.4841,-36.6393],[174.4841,-36.6394],[174.4839,-36.6394]],[[174.4839,-36.6369],[174.4848,-36.6369],[174.4844,-36.6384],[174.4839,-36.6369]],[[174.4841,-36.6365],[174.4846,-36.6364],[174.4846,-36.6368],[174.4841,-36.6365]],[[174.4842,-36.6285],[174.4842,-36.6284],[174.4843,-36.6284],[174.4842,-36.6285]],[[174.4848,-36.639],[174.4848,-36.6389],[174.4849,-36.6389],[174.4849,-36.639],[174.4848,-36.639]],[[174.4849,-36.6393],[174.4853,-36.6391],[174.4854,-36.6394],[174.4849,-36.6393]],[[174.4851,-36.6398],[174.4851,-36.6397],[174.4853,-36.6397],[174.4853,-36.6398],[174.4851,-36.6398]],[[174.4858,-36.6275],[174.4858,-36.6273],[174.486,-36.6273],[174.486,-36.6275],[174.4858,-36.6275]]]}},{"type":"Feature","properties":{},"geometry":{"type":"Polygon","coordinates":[[[174.4484,-36.7192],[174.4489,-36.7197],[174.4514,-36.7222],[174.4513,-36.7225],[174.4515,-36.7247],[174.4507,-36.7244],[174.4504,-36.7251],[174.4506,-36.7252],[174.4506,-36.7249],[174.4517,-36.7249],[174.4517,-36.7236],[174.4522,-36.7239],[174.4518,-36.7224],[174.4488,-36.7192],[174.4484,-36.7192]]]}},{"type":"Feature","properties":{},"geometry":{"type":"Polygon","coordinates":[[[174.4297,-36.653],[174.431,-36.655],[174.4303,-36.6582],[174.4329,-36.6605],[174.4334,-36.6608],[174.4344,-36.6593],[174.4349,-36.6604],[174.4336,-36.6606],[174.4337,-36.6613],[174.4363,-36.6634],[174.4364,-36.664],[174.4368,-36.6645],[174.4372,-36.665],[174.4377,-36.6647],[174.4375,-36.665],[174.4373,-36.665],[174.4374,-36.6652],[174.4378,-36.6649],[174.4399,-36.6634],[174.4401,-36.6633],[174.4405,-36.663],[174.4388,-36.6585],[174.4468,-36.6567],[174.4432,-36.6525],[174.443,-36.6525],[174.4431,-36.6527],[174.4428,-36.6526],[174.4297,-36.653]],[[174.432,-36.659],[174.432,-36.6588],[174.4322,-36.6588],[174.4322,-36.659],[174.432,-36.659]],[[174.4337,-36.659],[174.4337,-36.6588],[174.4339,-36.6588],[174.4339,-36.659],[174.4337,-36.659]],[[174.4353,-36.6613],[174.4353,-36.6609],[174.4356,-36.6609],[174.4356,-36.6613],[174.4353,-36.6613]],[[174.4353,-36.6587],[174.436,-36.6584],[174.4358,-36.6591],[174.4353,-36.6587]],[[174.4358,-36.6616],[174.4358,-36.6613],[174.4365,-36.662],[174.4358,-36.6616]],[[174.4358,-36.6598],[174.4358,-36.6597],[174.436,-36.6597],[174.436,-36.6598],[174.4358,-36.6598]],[[174.4358,-36.6579],[174.4358,-36.6577],[174.436,-36.6577],[174.436,-36.6579],[174.4358,-36.6579]],[[174.4363,-36.6602],[174.4365,-36.6599],[174.4366,-36.6602],[174.4363,-36.6602]],[[174.4363,-36.6579],[174.4363,-36.6577],[174.4365,-36.6577],[174.4365,-36.6579],[174.4363,-36.6579]],[[174.4363,-36.6531],[174.4363,-36.653],[174.4365,-36.653],[174.4365,-36.6531],[174.4363,-36.6531]],[[174.4365,-36.6605],[174.4365,-36.6604],[174.4366,-36.6604],[174.4366,-36.6605],[174.4365,-36.6605]],[[174.4366,-36.6576],[174.4366,-36.6573],[174.4368,-36.6573],[174.4368,-36.6576],[174.4366,-36.6576]],[[174.437,-36.6627],[174.4373,-36.6627],[174.4371,-36.663],[174.437,-36.6627]],[[174.437,-36.6598],[174.438,-36.6599],[174.4373,-36.6606],[174.437,-36.6598]],[[174.4371,-36.6576],[174.4371,-36.6575],[174.4373,-36.6575],[174.4373,-36.6576],[174.4371,-36.6576]],[[174.4373,-36.6642],[174.4373,-36.6641],[174.4375,-36.6641],[174.4375,-36.6642],[174.4373,-36.6642]],[[174.4373,-36.6612],[174.4373,-36.661],[174.4375,-36.661],[174.4375,-36.6612],[174.4373,-36.6612]],[[174.4373,-36.6588],[174.4373,-36.6587],[174.4375,-36.6587],[174.4375,-36.6588],[174.4373,-36.6588]],[[174.4377,-36.6636],[174.438,-36.6636],[174.4378,-36.6643],[174.4377,-36.6636]],[[174.438,-36.6636],[174.438,-36.6635],[174.4394,-36.6635],[174.438,-36.6636]],[[174.438,-36.6646],[174.438,-36.6643],[174.4382,-36.6643],[174.4382,-36.6646],[174.438,-36.6646]],[[174.4383,-36.6606],[174.4383,-36.6605],[174.4385,-36.6605],[174.4385,-36.6606],[174.4383,-36.6606]],[[174.4383,-36.6604],[174.4383,-36.6595],[174.4385,-36.6595],[174.4385,-36.6604],[174.4383,-36.6604]],[[174.4383,-36.6587],[174.4385,-36.6584],[174.4385,-36.6587],[174.4383,-36.6587]],[[174.4385,-36.6612],[174.4385,-36.6609],[174.439,-36.6614],[174.4385,-36.6612]],[[174.4385,-36.6583],[174.4385,-36.6582],[174.4387,-36.6582],[174.4387,-36.6583],[174.4385,-36.6583]],[[174.439,-36.6626],[174.4395,-36.6624],[174.4397,-36.6627],[174.439,-36.6626]],[[174.4392,-36.6616],[174.4392,-36.6614],[174.4394,-36.6614],[174.4394,-36.6616],[174.4392,-36.6616]],[[174.4395,-36.6617],[174.4397,-36.6616],[174.4399,-36.6619],[174.4395,-36.6617]],[[174.4399,-36.6623],[174.4399,-36.662],[174.4401,-36.662],[174.4401,-36.6623],[174.4399,-36.6623]],[[174.4401,-36.663],[174.4401,-36.6626],[174.4402,-36.6626],[174.4402,-36.663],[174.4401,-36.663]],[[174.4401,-36.658],[174.4407,-36.6577],[174.4406,-36.658],[174.4401,-36.658]]]}},{"type":"Feature","properties":{},"geometry":{"type":"Polygon","coordinates":[[[174.4412,-36.6697],[174.4426,-36.6706],[174.4435,-36.6703],[174.4435,-36.6702],[174.4436,-36.6702],[174.444,-36.67],[174.444,-36.6699],[174.4441,-36.6699],[174.4441,-36.67],[174.4445,-36.6698],[174.4445,-36.6697],[174.4447,-36.6697],[174.4452,-36.6695],[174.445,-36.6694],[174.4453,-36.6693],[174.4452,-36.6695],[174.4475,-36.6685],[174.45,-36.6698],[174.4494,-36.669],[174.4496,-36.6689],[174.4496,-36.669],[174.4498,-36.669],[174.4498,-36.6689],[174.4505,-36.6687],[174.4499,-36.6671],[174.4505,-36.6668],[174.4491,-36.6665],[174.4498,-36.6663],[174.4498,-36.6664],[174.4503,-36.6664],[174.4499,-36.6663],[174.4505,-36.6661],[174.45,-36.6637],[174.449,-36.6664],[174.4414,-36.6681],[174.4412,-36.6697]],[[174.4452,-36.6683],[174.4465,-36.6684],[174.4455,-36.6693],[174.4452,-36.6683]],[[174.4467,-36.6669],[174.4481,-36.6669],[174.448,-36.6671],[174.4479,-36.6671],[174.4479,-36.6672],[174.448,-36.6672],[174.4479,-36.6677],[174.4467,-36.6669]],[[174.4469,-36.668],[174.4469,-36.6679],[174.4472,-36.6679],[174.4472,-36.668],[174.4469,-36.668]],[[174.4476,-36.6684],[174.4476,-36.6683],[174.4477,-36.6683],[174.4477,-36.6684],[174.4476,-36.6684]],[[174.4482,-36.6684],[174.4482,-36.6683],[174.4484,-36.6683],[174.4484,-36.6684],[174.4482,-36.6684]],[[174.4484,-36.6676],[174.4484,-36.6675],[174.4486,-36.6675],[174.4484,-36.6676]],[[174.4484,-36.6668],[174.4484,-36.6666],[174.4486,-36.6666],[174.4486,-36.6668],[174.4484,-36.6668]],[[174.4486,-36.6677],[174.4496,-36.6677],[174.4489,-36.6686],[174.4486,-36.6677]],[[174.4488,-36.6666],[174.4488,-36.6665],[174.4489,-36.6665],[174.4489,-36.6666],[174.4488,-36.6666]],[[174.4489,-36.6669],[174.4494,-36.6668],[174.4493,-36.6676],[174.4489,-36.6669]],[[174.4491,-36.6686],[174.4493,-36.6686],[174.4493,-36.6687],[174.4491,-36.6686]],[[174.4498,-36.6683],[174.4498,-36.6679],[174.4501,-36.6683],[174.4498,-36.6683]]]}},{"type":"Feature","properties":{},"geometry":{"type":"Polygon","coordinates":[[[174.4414,-36.6775],[174.4436,-36.6761],[174.4423,-36.6747],[174.4418,-36.6749],[174.4417,-36.6757],[174.4419,-36.6754],[174.4418,-36.6764],[174.4416,-36.6763],[174.4415,-36.6768],[174.4416,-36.6768],[174.4415,-36.677],[174.4414,-36.6775]]]}},{"type":"Feature","properties":{},"geometry":{"type":"Polygon","coordinates":[[[174.4416,-36.6797],[174.4429,-36.6803],[174.4424,-36.6795],[174.4453,-36.6794],[174.4452,-36.6783],[174.4416,-36.6797]]]}},{"type":"Feature","properties":{},"geometry":{"type":"Polygon","coordinates":[[[174.4453,-36.6766],[174.446,-36.6784],[174.4467,-36.6786],[174.4453,-36.6766]]]}},{"type":"Feature","properties":{},"geometry":{"type":"Polygon","coordinates":[[[174.4489,-36.6785],[174.4494,-36.6779],[174.4498,-36.6745],[174.4529,-36.672],[174.4544,-36.6723],[174.4568,-36.6713],[174.4578,-36.6731],[174.4583,-36.6724],[174.4585,-36.674],[174.459,-36.6738],[174.4592,-36.6738],[174.4592,-36.6737],[174.4603,-36.673],[174.4575,-36.6716],[174.4575,-36.6715],[174.4572,-36.6713],[174.4572,-36.671],[174.4571,-36.671],[174.4571,-36.6708],[174.4572,-36.6708],[174.4573,-36.6697],[174.4569,-36.6699],[174.4573,-36.6697],[174.4573,-36.6695],[174.4554,-36.6694],[174.4554,-36.6687],[174.4542,-36.6691],[174.4534,-36.6682],[174.452,-36.6694],[174.4515,-36.6712],[174.4523,-36.671],[174.4523,-36.6709],[174.4525,-36.6709],[174.4529,-36.6708],[174.4529,-36.6709],[174.453,-36.6709],[174.453,-36.6708],[174.4532,-36.6708],[174.4534,-36.671],[174.4534,-36.6712],[174.4534,-36.6711],[174.4536,-36.6714],[174.4515,-36.6717],[174.4515,-36.6728],[174.4498,-36.6736],[174.4499,-36.6726],[174.4489,-36.6785]],[[174.4523,-36.6703],[174.4527,-36.6702],[174.4525,-36.6705],[174.4523,-36.6703]],[[174.4539,-36.6697],[174.4539,-36.6695],[174.454,-36.6695],[174.454,-36.6697],[174.4539,-36.6697]],[[174.454,-36.6714],[174.4551,-36.6708],[174.4547,-36.6713],[174.454,-36.6714]],[[174.4546,-36.6693],[174.4549,-36.6691],[174.4549,-36.6694],[174.4546,-36.6693]],[[174.4552,-36.6709],[174.4554,-36.6707],[174.4554,-36.6708],[174.4558,-36.6708],[174.4558,-36.6706],[174.4555,-36.6706],[174.4559,-36.6702],[174.4568,-36.6709],[174.4552,-36.6709]]]}},{"type":"Feature","properties":{},"geometry":{"type":"Polygon","coordinates":[[[174.4515,-36.6671],[174.4522,-36.669],[174.4532,-36.6677],[174.452,-36.6679],[174.4523,-36.6675],[174.4515,-36.6671]]]}},{"type":"Feature","properties":{},"geometry":{"type":"Polygon","coordinates":[[[174.4604,-36.673],[174.4607,-36.6754],[174.4616,-36.6736],[174.4604,-36.673]]]}},{"type":"Feature","properties":{},"geometry":{"type":"Polygon","coordinates":[[[174.4852,-36.6298],[174.4856,-36.6298],[174.487,-36.6275],[174.4857,-36.627],[174.4862,-36.6276],[174.4852,-36.6298]],[[174.4856,-36.6291],[174.4856,-36.629],[174.4858,-36.629],[174.4858,-36.6291],[174.4856,-36.6291]],[[174.486,-36.6289],[174.486,-36.6287],[174.4861,-36.6287],[174.4861,-36.6289],[174.486,-36.6289]]]}},{"type":"Feature","properties":{},"geometry":{"type":"Polygon","coordinates":[[[174.4858,-36.6305],[174.4863,-36.6304],[174.4863,-36.6305],[174.4865,-36.6305],[174.4865,-36.6304],[174.4864,-36.6304],[174.487,-36.6302],[174.4869,-36.6307],[174.4878,-36.6306],[174.488,-36.6306],[174.4892,-36.6289],[174.4923,-36.629],[174.4936,-36.6279],[174.4935,-36.6265],[174.4919,-36.6272],[174.4923,-36.6268],[174.4918,-36.6266],[174.4918,-36.6264],[174.4916,-36.6264],[174.4916,-36.6265],[174.4895,-36.6257],[174.4894,-36.6245],[174.4907,-36.6243],[174.4913,-36.626],[174.4928,-36.6263],[174.4945,-36.6253],[174.4976,-36.6256],[174.4979,-36.6215],[174.4991,-36.621],[174.4996,-36.6223],[174.5006,-36.6224],[174.4996,-36.622],[174.4993,-36.6205],[174.4979,-36.6202],[174.4967,-36.6231],[174.4974,-36.6252],[174.4924,-36.6253],[174.4923,-36.625],[174.4921,-36.625],[174.4921,-36.6249],[174.4922,-36.6249],[174.4919,-36.6245],[174.4933,-36.6242],[174.4928,-36.623],[174.4913,-36.6216],[174.4916,-36.622],[174.4902,-36.6217],[174.4895,-36.6228],[174.4904,-36.6224],[174.4902,-36.6231],[174.4887,-36.623],[174.4884,-36.6257],[174.489,-36.6267],[174.4886,-36.6267],[174.4882,-36.6264],[174.4882,-36.6268],[174.4883,-36.6268],[174.4875,-36.6269],[174.4858,-36.6305]],[[174.4868,-36.6289],[174.4872,-36.6287],[174.4875,-36.6298],[174.4868,-36.6289]],[[174.4873,-36.6305],[174.4873,-36.6301],[174.4875,-36.6301],[174.4875,-36.6305],[174.4873,-36.6305]],[[174.4873,-36.629],[174.4873,-36.6289],[174.4875,-36.6289],[174.4875,-36.629],[174.4873,-36.629]],[[174.4875,-36.6273],[174.4875,-36.6272],[174.4878,-36.6272],[174.4878,-36.6273],[174.4875,-36.6273]],[[174.4887,-36.6282],[174.4887,-36.6278],[174.4895,-36.6276],[174.4887,-36.6282]],[[174.4896,-36.6271],[174.4897,-36.6271],[174.4897,-36.627],[174.4906,-36.6271],[174.4906,-36.6276],[174.4896,-36.6271]],[[174.4897,-36.6282],[174.4899,-36.6278],[174.49,-36.6279],[174.4899,-36.6279],[174.4899,-36.628],[174.4901,-36.628],[174.4902,-36.6282],[174.4897,-36.6282]],[[174.4902,-36.6232],[174.4907,-36.6231],[174.4906,-36.6235],[174.4902,-36.6232]],[[174.4904,-36.6282],[174.4911,-36.6272],[174.4914,-36.6283],[174.4904,-36.6282]],[[174.4913,-36.6235],[174.4926,-36.6242],[174.4914,-36.6242],[174.4913,-36.6235]],[[174.4921,-36.6284],[174.4924,-36.6283],[174.4926,-36.6286],[174.4921,-36.6284]],[[174.4921,-36.6275],[174.4926,-36.6279],[174.4923,-36.6282],[174.4921,-36.6275]],[[174.4967,-36.6254],[174.4967,-36.6253],[174.4972,-36.6254],[174.4967,-36.6254]],[[174.4984,-36.6206],[174.4984,-36.6205],[174.4988,-36.6205],[174.4988,-36.6206],[174.4984,-36.6206]]]}},{"type":"Feature","properties":{},"geometry":{"type":"Polygon","coordinates":[[[174.2723,-36.3554],[174.2733,-36.3557],[174.2733,-36.3541],[174.2723,-36.3554]]]}},{"type":"Feature","properties":{},"geometry":{"type":"Polygon","coordinates":[[[174.2724,-36.3756],[174.2736,-36.3763],[174.2735,-36.3752],[174.2724,-36.3756]]]}},{"type":"Feature","properties":{},"geometry":{"type":"Polygon","coordinates":[[[174.6682,-36.5471],[174.6723,-36.5481],[174.6689,-36.547],[174.6682,-36.5471]]]}},{"type":"Feature","properties":{},"geometry":{"type":"Polygon","coordinates":[[[174.6732,-36.5403],[174.6739,-36.542],[174.6749,-36.5416],[174.675,-36.5419],[174.6751,-36.5415],[174.6751,-36.54],[174.6754,-36.5401],[174.6755,-36.5399],[174.6762,-36.5402],[174.6764,-36.5402],[174.6784,-36.5408],[174.6784,-36.5407],[174.6781,-36.5406],[174.6787,-36.5404],[174.6802,-36.538],[174.6879,-36.5403],[174.6928,-36.5379],[174.6958,-36.5397],[174.7028,-36.5404],[174.7056,-36.5417],[174.7061,-36.5409],[174.7024,-36.538],[174.6995,-36.5377],[174.6961,-36.5389],[174.6926,-36.5365],[174.692,-36.5365],[174.6918,-36.5378],[174.6865,-36.5394],[174.6828,-36.5378],[174.6793,-36.5378],[174.6778,-36.5394],[174.679,-36.5398],[174.6785,-36.54],[174.6749,-36.5396],[174.6737,-36.5407],[174.6732,-36.5403]],[[174.6746,-36.5407],[174.6746,-36.5405],[174.6747,-36.5405],[174.6747,-36.5407],[174.6746,-36.5407]],[[174.6747,-36.5411],[174.6747,-36.5409],[174.6749,-36.5409],[174.6749,-36.5411],[174.6747,-36.5411]]]}},{"type":"Feature","properties":{},"geometry":{"type":"Polygon","coordinates":[[[174.6735,-36.5447],[174.6745,-36.5472],[174.6749,-36.5468],[174.6739,-36.5444],[174.6745,-36.5438],[174.6747,-36.543],[174.6735,-36.5447]]]}},{"type":"Feature","properties":{},"geometry":{"type":"Polygon","coordinates":[[[174.6759,-36.5417],[174.677,-36.5422],[174.6802,-36.5396],[174.6812,-36.5411],[174.6838,-36.5413],[174.6858,-36.5426],[174.6892,-36.5409],[174.6923,-36.5405],[174.6974,-36.5429],[174.7015,-36.5413],[174.7031,-36.5425],[174.7055,-36.5417],[174.7044,-36.5433],[174.7056,-36.5416],[174.6958,-36.5397],[174.6934,-36.5379],[174.6886,-36.5403],[174.6817,-36.5383],[174.68,-36.5382],[174.6788,-36.5403],[174.6786,-36.5407],[174.6785,-36.5407],[174.6782,-36.5406],[174.6764,-36.5402],[174.6759,-36.5417]],[[174.677,-36.5406],[174.677,-36.5405],[174.6771,-36.5405],[174.6771,-36.5406],[174.677,-36.5406]],[[174.6816,-36.5407],[174.6816,-36.5406],[174.6817,-36.5406],[174.6817,-36.5407],[174.6816,-36.5407]],[[174.6816,-36.5391],[174.6836,-36.5391],[174.6829,-36.5399],[174.6816,-36.5391]],[[174.6817,-36.5395],[174.6817,-36.5394],[174.6819,-36.5394],[174.6819,-36.5395],[174.6817,-36.5395]],[[174.6821,-36.541],[174.6821,-36.5409],[174.6822,-36.541],[174.6821,-36.541]]]}},{"type":"Feature","properties":{},"geometry":{"type":"Polygon","coordinates":[[[174.2661,-36.3144],[174.2663,-36.3156],[174.2678,-36.3159],[174.2683,-36.3169],[174.2673,-36.3144],[174.2661,-36.3144]]]}},{"type":"Feature","properties":{},"geometry":{"type":"Polygon","coordinates":[[[174.6993,-36.681],[174.7005,-36.6813],[174.7,-36.6823],[174.7058,-36.6808],[174.7044,-36.6824],[174.7049,-36.6827],[174.7067,-36.6794],[174.708,-36.6794],[174.7082,-36.6821],[174.709,-36.6798],[174.7084,-36.6787],[174.7099,-36.6765],[174.7152,-36.6773],[174.7148,-36.6762],[174.7215,-36.6724],[174.7229,-36.6721],[174.7227,-36.6732],[174.7242,-36.6742],[174.7246,-36.6772],[174.7249,-36.6754],[174.7261,-36.6749],[174.7254,-36.6729],[174.7244,-36.6729],[174.7258,-36.6702],[174.7292,-36.6697],[174.7323,-36.6701],[174.7329,-36.671],[174.7328,-36.6693],[174.734,-36.6687],[174.7338,-36.6677],[174.735,-36.6666],[174.7295,-36.6627],[174.729,-36.6642],[174.7253,-36.6668],[174.7183,-36.668],[174.7159,-36.6694],[174.7186,-36.6691],[174.7186,-36.6697],[174.7155,-36.6728],[174.7106,-36.6739],[174.7077,-36.6723],[174.7055,-36.669],[174.7007,-36.6669],[174.7027,-36.6679],[174.7026,-36.6688],[174.7053,-36.6695],[174.7065,-36.671],[174.7058,-36.6713],[174.7078,-36.6729],[174.706,-36.6738],[174.7051,-36.6753],[174.707,-36.6743],[174.7087,-36.6757],[174.7077,-36.6783],[174.7051,-36.6803],[174.7019,-36.6816],[174.6993,-36.681]],[[174.7234,-36.6697],[174.7235,-36.669],[174.7237,-36.6693],[174.7234,-36.6697]]]}},{"type":"Feature","properties":{},"geometry":{"type":"Polygon","coordinates":[[[174.7217,-36.6536],[174.7237,-36.6553],[174.7244,-36.6571],[174.7265,-36.6582],[174.7275,-36.6579],[174.7251,-36.6571],[174.7234,-36.6545],[174.7217,-36.6536]]]}},{"type":"Feature","properties":{},"geometry":{"type":"Polygon","coordinates":[[[174.1969,-36.4312],[174.198,-36.4331],[174.1996,-36.4321],[174.2122,-36.4328],[174.2194,-36.4294],[174.2151,-36.4284],[174.2035,-36.4292],[174.1969,-36.4312]]]}},{"type":"Feature","properties":{},"geometry":{"type":"Polygon","coordinates":[[[174.2058,-36.4432],[174.2059,-36.4446],[174.2066,-36.4432],[174.2117,-36.4382],[174.2154,-36.4373],[174.225,-36.4327],[174.2318,-36.4281],[174.2335,-36.4281],[174.2304,-36.4278],[174.2166,-36.4363],[174.2083,-36.4382],[174.21,-36.4398],[174.2058,-36.4432]]]}},{"type":"Feature","properties":{},"geometry":{"type":"Polygon","coordinates":[[[174.2404,-36.4364],[174.2455,-36.4437],[174.2502,-36.4488],[174.2404,-36.4364]]]}},{"type":"Feature","properties":{},"geometry":{"type":"Polygon","coordinates":[[[174.2499,-36.4551],[174.2508,-36.4566],[174.2518,-36.4547],[174.2533,-36.4537],[174.2513,-36.4524],[174.2551,-36.4534],[174.251,-36.452],[174.2499,-36.4551]]]}},{"type":"Feature","properties":{},"geometry":{"type":"Polygon","coordinates":[[[174.2601,-36.4555],[174.2608,-36.4574],[174.2644,-36.4617],[174.2601,-36.4555]]]}},{"type":"Feature","properties":{},"geometry":{"type":"Polygon","coordinates":[[[174.2649,-36.5033],[174.2661,-36.5037],[174.2688,-36.5029],[174.2688,-36.5034],[174.2699,-36.5022],[174.2719,-36.5018],[174.2723,-36.5005],[174.2781,-36.4982],[174.2786,-36.4963],[174.2801,-36.496],[174.2801,-36.4953],[174.284,-36.4948],[174.2859,-36.4959],[174.284,-36.4938],[174.2745,-36.4967],[174.2688,-36.4983],[174.267,-36.4985],[174.2695,-36.5],[174.2649,-36.5033]],[[174.2688,-36.4983],[174.2701,-36.4985],[174.2695,-36.4992],[174.2683,-36.4986],[174.2685,-36.4985],[174.2685,-36.4986],[174.2687,-36.4985],[174.2686,-36.4985],[174.2688,-36.4983]]]}},{"type":"Feature","properties":{},"geometry":{"type":"Polygon","coordinates":[[[174.2651,-36.4667],[174.2651,-36.4671],[174.269,-36.4713],[174.2693,-36.4721],[174.2692,-36.4716],[174.2651,-36.4667]]]}},{"type":"Feature","properties":{},"geometry":{"type":"Polygon","coordinates":[[[174.267,-36.4938],[174.2682,-36.494],[174.269,-36.4953],[174.2728,-36.4949],[174.2744,-36.4966],[174.2791,-36.4928],[174.2789,-36.4909],[174.2786,-36.4904],[174.2789,-36.4918],[174.2779,-36.4923],[174.2759,-36.4919],[174.2699,-36.493],[174.2673,-36.492],[174.267,-36.4938]],[[174.2671,-36.4935],[174.2671,-36.4934],[174.2673,-36.4934],[174.2673,-36.4935],[174.2671,-36.4935]],[[174.2788,-36.492],[174.2788,-36.4919],[174.2789,-36.4919],[174.2789,-36.492],[174.2788,-36.492]]]}},{"type":"Feature","properties":{},"geometry":{"type":"Polygon","coordinates":[[[174.2718,-36.48],[174.2722,-36.4809],[174.2721,-36.4809],[174.2721,-36.4811],[174.2722,-36.4811],[174.2726,-36.4819],[174.2743,-36.4839],[174.2718,-36.48]]]}},{"type":"Feature","properties":{},"geometry":{"type":"Polygon","coordinates":[[[174.2805,-36.547],[174.2837,-36.5469],[174.284,-36.5483],[174.2873,-36.5459],[174.2907,-36.5453],[174.2904,-36.5465],[174.2916,-36.5474],[174.296,-36.5474],[174.2962,-36.5469],[174.2931,-36.5454],[174.2941,-36.5453],[174.2953,-36.5425],[174.2982,-36.5411],[174.3042,-36.5416],[174.3032,-36.5378],[174.3057,-36.5373],[174.3108,-36.5389],[174.3108,-36.5388],[174.311,-36.5388],[174.311,-36.5389],[174.3119,-36.5392],[174.3124,-36.5435],[174.3114,-36.5432],[174.3115,-36.5442],[174.3097,-36.5457],[174.3112,-36.547],[174.3097,-36.5492],[174.3103,-36.5512],[174.3088,-36.5516],[174.3095,-36.5524],[174.3088,-36.5531],[174.3093,-36.5542],[174.31,-36.5533],[174.3114,-36.5533],[174.312,-36.5543],[174.3124,-36.5559],[174.3105,-36.5579],[174.3122,-36.5579],[174.3114,-36.5592],[174.3127,-36.5592],[174.3112,-36.5616],[174.3124,-36.562],[174.3142,-36.5599],[174.3148,-36.5581],[174.3142,-36.5566],[174.3155,-36.5566],[174.3142,-36.5539],[174.3144,-36.5515],[174.3142,-36.5517],[174.3139,-36.5517],[174.3144,-36.5515],[174.3144,-36.5499],[174.3136,-36.5481],[174.3142,-36.5468],[174.318,-36.5477],[174.3204,-36.5436],[174.3216,-36.5442],[174.3284,-36.5438],[174.3284,-36.5439],[174.3286,-36.5439],[174.3279,-36.5444],[174.3294,-36.547],[174.3293,-36.5484],[174.3289,-36.5486],[174.3289,-36.5487],[174.3288,-36.5487],[174.3279,-36.5493],[174.3279,-36.5492],[174.3276,-36.5492],[174.3276,-36.5494],[174.3278,-36.5494],[174.3264,-36.5503],[174.3225,-36.551],[174.3231,-36.5513],[174.3264,-36.5527],[174.3288,-36.5524],[174.3294,-36.554],[174.3264,-36.5572],[174.3305,-36.5564],[174.3308,-36.5551],[174.3327,-36.5536],[174.332,-36.5517],[174.3327,-36.5509],[174.34,-36.5511],[174.34,-36.5513],[174.3402,-36.5513],[174.3402,-36.5511],[174.3405,-36.5512],[174.3411,-36.5499],[174.3393,-36.5491],[174.3393,-36.5474],[174.3501,-36.5492],[174.354,-36.5521],[174.3532,-36.5519],[174.3532,-36.5518],[174.353,-36.5518],[174.3487,-36.5506],[174.3455,-36.5528],[174.34,-36.5542],[174.339,-36.5565],[174.3366,-36.557],[174.3363,-36.5583],[174.3349,-36.5584],[174.3312,-36.5618],[174.3382,-36.5597],[174.3387,-36.5601],[174.338,-36.561],[174.3364,-36.5612],[174.3361,-36.5621],[174.3312,-36.5657],[174.3271,-36.5666],[174.3274,-36.568],[174.3301,-36.5671],[174.3315,-36.5676],[174.3366,-36.5642],[174.3385,-36.5642],[174.3382,-36.5658],[174.3405,-36.5675],[174.3411,-36.5665],[174.3405,-36.5617],[174.3417,-36.5606],[174.344,-36.5603],[174.344,-36.5592],[174.3463,-36.5575],[174.3503,-36.5579],[174.3492,-36.5592],[174.3537,-36.5594],[174.3559,-36.5577],[174.3595,-36.5572],[174.3614,-36.5584],[174.3612,-36.5595],[174.3624,-36.559],[174.3639,-36.5599],[174.365,-36.5614],[174.3641,-36.5631],[174.3643,-36.5654],[174.3609,-36.5691],[174.3614,-36.5692],[174.3665,-36.5639],[174.3702,-36.5649],[174.3694,-36.5655],[174.3702,-36.5676],[174.3711,-36.5653],[174.3706,-36.5647],[174.3721,-36.5635],[174.3738,-36.5629],[174.3766,-36.564],[174.3775,-36.5659],[174.377,-36.5647],[174.3759,-36.5631],[174.3554,-36.5523],[174.3565,-36.5484],[174.3536,-36.5451],[174.3413,-36.5418],[174.3401,-36.5425],[174.3401,-36.5415],[174.3354,-36.5392],[174.3294,-36.5387],[174.3292,-36.5397],[174.3242,-36.538],[174.3218,-36.5354],[174.3158,-36.5345],[174.3139,-36.5368],[174.3128,-36.5365],[174.3089,-36.5344],[174.3049,-36.5296],[174.2996,-36.5288],[174.2966,-36.53],[174.2969,-36.5285],[174.2957,-36.5296],[174.2949,-36.5303],[174.295,-36.5303],[174.2948,-36.5304],[174.2941,-36.531],[174.2919,-36.5299],[174.2888,-36.5298],[174.2885,-36.5303],[174.2919,-36.531],[174.2917,-36.5315],[174.29,-36.533],[174.2871,-36.5339],[174.2876,-36.5347],[174.2899,-36.534],[174.2895,-36.5357],[174.2958,-36.5324],[174.2974,-36.533],[174.298,-36.5348],[174.2948,-36.5383],[174.2919,-36.5376],[174.2916,-36.5391],[174.2875,-36.5435],[174.2861,-36.5436],[174.2837,-36.5455],[174.281,-36.5455],[174.2805,-36.547]],[[174.2813,-36.5464],[174.2813,-36.5461],[174.2815,-36.5461],[174.2815,-36.5464],[174.2813,-36.5464]],[[174.2813,-36.5458],[174.2813,-36.5457],[174.2815,-36.5457],[174.2815,-36.5458],[174.2813,-36.5458]],[[174.283,-36.5465],[174.283,-36.5464],[174.2834,-36.5464],[174.2834,-36.5465],[174.283,-36.5465]],[[174.2837,-36.5468],[174.2839,-36.5468],[174.2839,-36.5469],[174.2837,-36.5468]],[[174.29,-36.535],[174.2904,-36.5344],[174.2902,-36.535],[174.29,-36.535]],[[174.2924,-36.5311],[174.2924,-36.531],[174.2926,-36.531],[174.2926,-36.5311],[174.2924,-36.5311]],[[174.2943,-36.5324],[174.2946,-36.5321],[174.2945,-36.5324],[174.2943,-36.5324]],[[174.2958,-36.5304],[174.2963,-36.53],[174.2962,-36.5306],[174.2958,-36.5304]],[[174.2962,-36.5391],[174.2962,-36.5389],[174.2963,-36.5389],[174.2963,-36.5391],[174.2962,-36.5391]],[[174.2965,-36.5391],[174.2965,-36.5389],[174.2967,-36.5389],[174.2967,-36.5391],[174.2965,-36.5391]],[[174.2967,-36.5381],[174.2967,-36.5378],[174.2968,-36.5378],[174.2968,-36.5381],[174.2967,-36.5381]],[[174.2968,-36.5376],[174.2968,-36.5374],[174.297,-36.5374],[174.297,-36.5376],[174.2968,-36.5376]],[[174.2991,-36.5333],[174.2991,-36.5332],[174.2992,-36.5332],[174.2992,-36.5333],[174.2991,-36.5333]],[[174.2994,-36.534],[174.2994,-36.5337],[174.2996,-36.5337],[174.2996,-36.534],[174.2994,-36.534]],[[174.2996,-36.5343],[174.2996,-36.5341],[174.2998,-36.5343],[174.2996,-36.5343]],[[174.3066,-36.5366],[174.3069,-36.5362],[174.3067,-36.5366],[174.3066,-36.5366]],[[174.3069,-36.5372],[174.3069,-36.537],[174.3071,-36.537],[174.3071,-36.5372],[174.3069,-36.5372]],[[174.3073,-36.5373],[174.3074,-36.5372],[174.3076,-36.5374],[174.3073,-36.5373]],[[174.3076,-36.5341],[174.3076,-36.534],[174.3078,-36.534],[174.3078,-36.5341],[174.3076,-36.5341]],[[174.3078,-36.5376],[174.3078,-36.5374],[174.3079,-36.5374],[174.3079,-36.5376],[174.3078,-36.5376]],[[174.3085,-36.5377],[174.3088,-36.5378],[174.3088,-36.538],[174.3085,-36.5377]],[[174.309,-36.5381],[174.309,-36.538],[174.3091,-36.538],[174.3091,-36.5381],[174.309,-36.5381]],[[174.3093,-36.5381],[174.3095,-36.5381],[174.3095,-36.5383],[174.3093,-36.5381]],[[174.3097,-36.5384],[174.3097,-36.5383],[174.3098,-36.5383],[174.3098,-36.5384],[174.3097,-36.5384]],[[174.3117,-36.5612],[174.3117,-36.5609],[174.3119,-36.5609],[174.3119,-36.5612],[174.3117,-36.5612]],[[174.312,-36.5613],[174.312,-36.5612],[174.3122,-36.5612],[174.3122,-36.5613],[174.312,-36.5613]],[[174.3122,-36.5609],[174.3122,-36.5607],[174.3124,-36.5607],[174.3124,-36.5609],[174.3122,-36.5609]],[[174.3124,-36.5437],[174.3124,-36.5436],[174.3125,-36.5436],[174.3125,-36.5437],[174.3124,-36.5437]],[[174.3125,-36.544],[174.3127,-36.5439],[174.3129,-36.5443],[174.3125,-36.544]],[[174.323,-36.5512],[174.323,-36.551],[174.3231,-36.551],[174.3231,-36.5512],[174.323,-36.5512]],[[174.3245,-36.5433],[174.3245,-36.5432],[174.3247,-36.5432],[174.3247,-36.5433],[174.3245,-36.5433]],[[174.3267,-36.5435],[174.3267,-36.5432],[174.3271,-36.5435],[174.3267,-36.5435]],[[174.3276,-36.5431],[174.3276,-36.5429],[174.3277,-36.5429],[174.3277,-36.5431],[174.3276,-36.5431]],[[174.3286,-36.5439],[174.3286,-36.5438],[174.3288,-36.5437],[174.3286,-36.5439]],[[174.3339,-36.5468],[174.3339,-36.5466],[174.3341,-36.5466],[174.3341,-36.5468],[174.3339,-36.5468]],[[174.3388,-36.5469],[174.339,-36.5468],[174.339,-36.5469],[174.3388,-36.5469]],[[174.3397,-36.5458],[174.3397,-36.5457],[174.3399,-36.5457],[174.3399,-36.5458],[174.3397,-36.5458]],[[174.3457,-36.5432],[174.3458,-36.5432],[174.3458,-36.5433],[174.3457,-36.5432]],[[174.3463,-36.548],[174.3463,-36.5473],[174.3465,-36.5473],[174.3465,-36.548],[174.3463,-36.548]],[[174.3463,-36.5457],[174.3463,-36.5455],[174.3465,-36.5455],[174.3465,-36.5457],[174.3463,-36.5457]],[[174.3463,-36.5451],[174.3465,-36.545],[174.3465,-36.5451],[174.3463,-36.5451]],[[174.3504,-36.545],[174.3506,-36.545],[174.3506,-36.5451],[174.3504,-36.545]],[[174.3516,-36.5455],[174.3516,-36.5454],[174.3518,-36.5454],[174.3518,-36.5455],[174.3516,-36.5455]],[[174.352,-36.5457],[174.352,-36.5455],[174.3521,-36.5455],[174.3521,-36.5457],[174.352,-36.5457]],[[174.3523,-36.5458],[174.3523,-36.5457],[174.3525,-36.5457],[174.3525,-36.5458],[174.3523,-36.5458]],[[174.3527,-36.5459],[174.3527,-36.5458],[174.3528,-36.5459],[174.3527,-36.5459]],[[174.3528,-36.5533],[174.3528,-36.5532],[174.353,-36.5532],[174.353,-36.5533],[174.3528,-36.5533]],[[174.353,-36.5461],[174.353,-36.5459],[174.3532,-36.5459],[174.3532,-36.5461],[174.353,-36.5461]],[[174.3532,-36.5535],[174.3532,-36.5533],[174.3533,-36.5535],[174.3532,-36.5535]],[[174.3533,-36.5462],[174.3533,-36.5461],[174.3535,-36.5462],[174.3533,-36.5462]],[[174.3537,-36.5464],[174.3537,-36.5462],[174.3539,-36.5462],[174.3539,-36.5464],[174.3537,-36.5464]],[[174.354,-36.5464],[174.3544,-36.5466],[174.3542,-36.5466],[174.354,-36.5464]],[[174.3542,-36.5521],[174.3547,-36.552],[174.3545,-36.5522],[174.3542,-36.5521]],[[174.3544,-36.5469],[174.3544,-36.5468],[174.3545,-36.5468],[174.3545,-36.5469],[174.3544,-36.5469]],[[174.3545,-36.5472],[174.3547,-36.547],[174.3549,-36.5473],[174.3545,-36.5472]],[[174.3551,-36.5546],[174.3552,-36.5544],[174.3554,-36.5547],[174.3551,-36.5546]],[[174.3551,-36.5476],[174.3552,-36.5474],[174.3556,-36.548],[174.3551,-36.5476]],[[174.3554,-36.5492],[174.3556,-36.5491],[174.3557,-36.5494],[174.3554,-36.5492]],[[174.3556,-36.549],[174.3556,-36.5487],[174.3557,-36.5487],[174.3557,-36.549],[174.3556,-36.549]],[[174.3557,-36.5496],[174.3557,-36.5495],[174.3559,-36.5495],[174.3559,-36.5496],[174.3557,-36.5496]],[[174.3559,-36.5549],[174.3559,-36.5547],[174.3561,-36.5549],[174.3559,-36.5549]],[[174.3571,-36.555],[174.3571,-36.5549],[174.3573,-36.5549],[174.3573,-36.555],[174.3571,-36.555]]]}},{"type":"Feature","properties":{},"geometry":{"type":"Polygon","coordinates":[[[174.281,-36.5222],[174.2842,-36.5224],[174.2846,-36.5233],[174.2878,-36.5226],[174.29,-36.5237],[174.2909,-36.5221],[174.2946,-36.5203],[174.2986,-36.5207],[174.2998,-36.5241],[174.2993,-36.5263],[174.2996,-36.526],[174.3002,-36.5209],[174.2963,-36.5186],[174.2941,-36.5109],[174.2939,-36.5126],[174.2926,-36.5143],[174.2928,-36.5177],[174.2914,-36.5188],[174.2914,-36.5203],[174.2835,-36.5211],[174.281,-36.5222]],[[174.2846,-36.5214],[174.2846,-36.5213],[174.2847,-36.5213],[174.2847,-36.5214],[174.2846,-36.5214]],[[174.2928,-36.5158],[174.2928,-36.5156],[174.2929,-36.5156],[174.2929,-36.5158],[174.2928,-36.5158]],[[174.2933,-36.5144],[174.2933,-36.5143],[174.2934,-36.5144],[174.2933,-36.5144]],[[174.2936,-36.5191],[174.2936,-36.5189],[174.2938,-36.5189],[174.2938,-36.5191],[174.2936,-36.5191]],[[174.2941,-36.5202],[174.2941,-36.52],[174.2943,-36.52],[174.2943,-36.5202],[174.2941,-36.5202]],[[174.2941,-36.513],[174.2941,-36.5129],[174.2943,-36.5129],[174.2943,-36.513],[174.2941,-36.513]],[[174.295,-36.5195],[174.295,-36.5193],[174.2951,-36.5193],[174.2951,-36.5195],[174.295,-36.5195]],[[174.2996,-36.5219],[174.2996,-36.5218],[174.2998,-36.5218],[174.2998,-36.5219],[174.2996,-36.5219]]]}},{"type":"Feature","properties":{},"geometry":{"type":"Polygon","coordinates":[[[174.283,-36.5111],[174.2852,-36.5105],[174.2852,-36.5106],[174.2854,-36.5106],[174.2854,-36.5104],[174.2887,-36.5095],[174.2897,-36.5084],[174.2907,-36.5087],[174.2907,-36.5088],[174.2909,-36.5088],[174.2908,-36.5087],[174.2926,-36.5093],[174.2913,-36.5083],[174.2923,-36.5044],[174.2899,-36.5081],[174.2849,-36.5079],[174.2854,-36.5089],[174.2859,-36.5086],[174.2835,-36.5107],[174.2835,-36.5106],[174.2834,-36.5107],[174.2832,-36.5107],[174.2832,-36.5108],[174.2833,-36.5108],[174.283,-36.5111]],[[174.2834,-36.5107],[174.2835,-36.5107],[174.2834,-36.5108],[174.2834,-36.5107]],[[174.2849,-36.5097],[174.2849,-36.5096],[174.2851,-36.5096],[174.2851,-36.5097],[174.2849,-36.5097]]]}},{"type":"Feature","properties":{},"geometry":{"type":"Polygon","coordinates":[[[174.3306,-36.5924],[174.3366,-36.5909],[174.3387,-36.589],[174.3376,-36.5883],[174.3392,-36.5887],[174.3421,-36.5872],[174.3416,-36.5884],[174.3426,-36.5904],[174.3441,-36.5887],[174.3484,-36.589],[174.3455,-36.5904],[174.3453,-36.591],[174.3469,-36.5912],[174.3462,-36.5925],[174.3537,-36.5917],[174.3547,-36.5934],[174.3583,-36.5936],[174.3605,-36.5913],[174.3615,-36.591],[174.3609,-36.5907],[174.362,-36.5884],[174.361,-36.5837],[174.3571,-36.5825],[174.3516,-36.5854],[174.3484,-36.5843],[174.3463,-36.5856],[174.3474,-36.5887],[174.3456,-36.5866],[174.3456,-36.5843],[174.3442,-36.5837],[174.3461,-36.5836],[174.345,-36.5832],[174.3469,-36.5806],[174.3458,-36.5793],[174.3446,-36.5793],[174.3428,-36.5813],[174.3424,-36.583],[174.3414,-36.5832],[174.3409,-36.5824],[174.3395,-36.5845],[174.337,-36.5849],[174.3351,-36.5835],[174.3347,-36.5845],[174.3322,-36.5842],[174.3318,-36.5846],[174.3341,-36.585],[174.3359,-36.5864],[174.337,-36.5883],[174.3319,-36.5916],[174.332,-36.5916],[174.332,-36.5917],[174.3318,-36.5917],[174.3318,-36.5916],[174.3306,-36.5924]],[[174.3371,-36.5882],[174.3373,-36.5879],[174.3373,-36.5882],[174.3371,-36.5882]]]}},{"type":"Feature","properties":{},"geometry":{"type":"Polygon","coordinates":[[[174.3363,-36.6068],[174.337,-36.6069],[174.3382,-36.6071],[174.34,-36.606],[174.3492,-36.6057],[174.3498,-36.6061],[174.3487,-36.608],[174.3492,-36.6091],[174.3482,-36.6091],[174.3494,-36.6099],[174.3487,-36.6108],[174.3472,-36.6109],[174.3445,-36.608],[174.3402,-36.6083],[174.3443,-36.6093],[174.3443,-36.6119],[174.3458,-36.612],[174.3462,-36.6135],[174.345,-36.6135],[174.3445,-36.6145],[174.3448,-36.6147],[174.3449,-36.6147],[174.3457,-36.6153],[174.3446,-36.6167],[174.3433,-36.6169],[174.3436,-36.6173],[174.3453,-36.6183],[174.3472,-36.6173],[174.3496,-36.6175],[174.3497,-36.6184],[174.3499,-36.6175],[174.3549,-36.6104],[174.3585,-36.6079],[174.3599,-36.5994],[174.3563,-36.6019],[174.3522,-36.6009],[174.3533,-36.601],[174.3518,-36.6002],[174.3491,-36.6006],[174.3492,-36.6007],[174.3517,-36.6009],[174.3503,-36.6023],[174.3469,-36.6022],[174.344,-36.6034],[174.3441,-36.6035],[174.3432,-36.6037],[174.3395,-36.6053],[174.3426,-36.6039],[174.3392,-36.6046],[174.3378,-36.6054],[174.3373,-36.6069],[174.337,-36.6069],[174.3371,-36.6068],[174.337,-36.6068],[174.337,-36.6069],[174.3363,-36.6068]],[[174.3378,-36.6064],[174.3378,-36.6062],[174.338,-36.6062],[174.338,-36.6064],[174.3378,-36.6064]],[[174.3481,-36.6134],[174.3499,-36.6127],[174.3494,-36.6141],[174.3481,-36.6134]]]}},{"type":"Feature","properties":{},"geometry":{"type":"Polygon","coordinates":[[[174.3399,-36.5995],[174.3423,-36.6018],[174.3424,-36.6002],[174.345,-36.6006],[174.3452,-36.6005],[174.3414,-36.5991],[174.3399,-36.5995]]]}},{"type":"Feature","properties":{},"geometry":{"type":"Polygon","coordinates":[[[174.3424,-36.6019],[174.3439,-36.6033],[174.3444,-36.603],[174.3424,-36.6019]]]}},{"type":"Feature","properties":{},"geometry":{"type":"Polygon","coordinates":[[[174.3464,-36.5994],[174.3471,-36.5989],[174.3487,-36.6003],[174.3486,-36.5991],[174.347,-36.5989],[174.3464,-36.5994]]]}},{"type":"Feature","properties":{},"geometry":{"type":"Polygon","coordinates":[[[174.3481,-36.5835],[174.3534,-36.5832],[174.3547,-36.5824],[174.3532,-36.5823],[174.3527,-36.5832],[174.3503,-36.5824],[174.3481,-36.5835]]]}},{"type":"Feature","properties":{},"geometry":{"type":"Polygon","coordinates":[[[174.3482,-36.6205],[174.3487,-36.6206],[174.3487,-36.6208],[174.3489,-36.6208],[174.3489,-36.6207],[174.3506,-36.6212],[174.3512,-36.6209],[174.3492,-36.6206],[174.3496,-36.6189],[174.3482,-36.6205]]]}},{"type":"Feature","properties":{},"geometry":{"type":"Polygon","coordinates":[[[174.3511,-36.6228],[174.3515,-36.6238],[174.3523,-36.6211],[174.3517,-36.621],[174.3511,-36.6228]]]}},{"type":"Feature","properties":{},"geometry":{"type":"Polygon","coordinates":[[[174.3518,-36.598],[174.3524,-36.5986],[174.3521,-36.5986],[174.3521,-36.5987],[174.3525,-36.5987],[174.3525,-36.5986],[174.3545,-36.6004],[174.3561,-36.5998],[174.3562,-36.5996],[174.3545,-36.6001],[174.3524,-36.5975],[174.3543,-36.5965],[174.3528,-36.5968],[174.3518,-36.598]]]}},{"type":"Feature","properties":{},"geometry":{"type":"Polygon","coordinates":[[[174.3576,-36.612],[174.3582,-36.6154],[174.3586,-36.6151],[174.3583,-36.6147],[174.3602,-36.6139],[174.3596,-36.6145],[174.3606,-36.6138],[174.3606,-36.6136],[174.3598,-36.6134],[174.3591,-36.6117],[174.3605,-36.6133],[174.3604,-36.6123],[174.3655,-36.6129],[174.3649,-36.6097],[174.3634,-36.6089],[174.3648,-36.6086],[174.3654,-36.6057],[174.362,-36.6041],[174.3621,-36.6083],[174.3576,-36.612]]]}},{"type":"Feature","properties":{},"geometry":{"type":"Polygon","coordinates":[[[174.3577,-36.6246],[174.3579,-36.625],[174.3583,-36.622],[174.3581,-36.6219],[174.3578,-36.6247],[174.3577,-36.6246]]]}},{"type":"Feature","properties":{},"geometry":{"type":"Polygon","coordinates":[[[174.3592,-36.5817],[174.3625,-36.5823],[174.3622,-36.5813],[174.3629,-36.5804],[174.3619,-36.5797],[174.361,-36.5804],[174.3607,-36.5793],[174.3592,-36.5817]]]}},{"type":"Feature","properties":{},"geometry":{"type":"Polygon","coordinates":[[[174.3626,-36.6269],[174.3627,-36.627],[174.3644,-36.6249],[174.3626,-36.6261],[174.3626,-36.6269]]]}},{"type":"Feature","properties":{},"geometry":{"type":"Polygon","coordinates":[[[174.3655,-36.5821],[174.3692,-36.5803],[174.3745,-36.5771],[174.3747,-36.5769],[174.3716,-36.5764],[174.3677,-36.578],[174.3672,-36.5784],[174.3679,-36.5799],[174.3655,-36.5821]]]}},{"type":"Feature","properties":{},"geometry":{"type":"Polygon","coordinates":[[[174.3662,-36.601],[174.3683,-36.6047],[174.368,-36.6078],[174.3729,-36.6068],[174.3737,-36.6081],[174.3727,-36.6097],[174.3672,-36.6094],[174.3668,-36.6109],[174.3721,-36.6159],[174.3721,-36.6189],[174.3757,-36.6198],[174.3737,-36.6217],[174.3753,-36.6222],[174.3764,-36.6264],[174.378,-36.6271],[174.3753,-36.6273],[174.3748,-36.6277],[174.3791,-36.6269],[174.3781,-36.6241],[174.3794,-36.6227],[174.3785,-36.6229],[174.3796,-36.6224],[174.3797,-36.6224],[174.3851,-36.6201],[174.3858,-36.6174],[174.3824,-36.6167],[174.3837,-36.6126],[174.3782,-36.612],[174.376,-36.6134],[174.3748,-36.6123],[174.3803,-36.6098],[174.3754,-36.6046],[174.3751,-36.6007],[174.3776,-36.5913],[174.3753,-36.5928],[174.3716,-36.5919],[174.3724,-36.595],[174.3708,-36.5982],[174.3662,-36.601]],[[174.3767,-36.6158],[174.3783,-36.6161],[174.3781,-36.6169],[174.3772,-36.6169],[174.3767,-36.6158]],[[174.3795,-36.6168],[174.3795,-36.6167],[174.3796,-36.6167],[174.3796,-36.6168],[174.3795,-36.6168]],[[174.3796,-36.6193],[174.3807,-36.6169],[174.3858,-36.6175],[174.3812,-36.62],[174.3796,-36.6193]],[[174.3812,-36.6156],[174.3823,-36.6166],[174.3814,-36.6165],[174.3812,-36.6156]]]}},{"type":"Feature","properties":{},"geometry":{"type":"Polygon","coordinates":[[[174.3668,-36.6169],[174.3693,-36.6195],[174.37,-36.6178],[174.3685,-36.6146],[174.3668,-36.6169]]]}},{"type":"Feature","properties":{},"geometry":{"type":"Polygon","coordinates":[[[174.3715,-36.6285],[174.3719,-36.6301],[174.3733,-36.6305],[174.3749,-36.6297],[174.3745,-36.6279],[174.373,-36.6294],[174.3716,-36.6284],[174.3715,-36.6285]]]}},{"type":"Feature","properties":{},"geometry":{"type":"Polygon","coordinates":[[[174.3761,-36.575],[174.3765,-36.5746],[174.3782,-36.5746],[174.3797,-36.5716],[174.3787,-36.5691],[174.3786,-36.5725],[174.3779,-36.5743],[174.3762,-36.5745],[174.3761,-36.575]]]}},{"type":"Feature","properties":{},"geometry":{"type":"Polygon","coordinates":[[[174.3858,-36.6208],[174.3877,-36.6215],[174.3888,-36.6239],[174.3909,-36.6226],[174.3935,-36.6226],[174.3948,-36.6238],[174.3977,-36.6216],[174.3977,-36.6215],[174.398,-36.6209],[174.3979,-36.6209],[174.3979,-36.6208],[174.398,-36.6209],[174.3985,-36.62],[174.3896,-36.6171],[174.3876,-36.6183],[174.3885,-36.6196],[174.3866,-36.6203],[174.3884,-36.6218],[174.386,-36.6207],[174.3858,-36.6208]],[[174.3926,-36.6194],[174.3926,-36.6193],[174.3929,-36.6193],[174.3929,-36.6194],[174.3926,-36.6194]],[[174.3936,-36.6194],[174.3936,-36.6193],[174.3938,-36.6193],[174.3938,-36.6194],[174.3936,-36.6194]],[[174.394,-36.6195],[174.394,-36.6194],[174.3941,-36.6194],[174.3941,-36.6195],[174.394,-36.6195]]]}},{"type":"Feature","properties":{},"geometry":{"type":"Polygon","coordinates":[[[174.2367,-36.3767],[174.239,-36.3796],[174.239,-36.3789],[174.2398,-36.379],[174.2398,-36.3783],[174.24,-36.3783],[174.24,-36.3782],[174.2397,-36.3782],[174.2397,-36.3783],[174.2386,-36.3782],[174.2388,-36.377],[174.2383,-36.3771],[174.2383,-36.3743],[174.2367,-36.3767]]]}},{"type":"Feature","properties":{},"geometry":{"type":"Polygon","coordinates":[[[174.2566,-36.3697],[174.2571,-36.3711],[174.2573,-36.3711],[174.2573,-36.3712],[174.2571,-36.3712],[174.2576,-36.3719],[174.2576,-36.3712],[174.2574,-36.3712],[174.2574,-36.3711],[174.2591,-36.3712],[174.2591,-36.3717],[174.2596,-36.3717],[174.2596,-36.3706],[174.2595,-36.3706],[174.2595,-36.3705],[174.2596,-36.3705],[174.2596,-36.3664],[174.2603,-36.3675],[174.2683,-36.3596],[174.2682,-36.3596],[174.2685,-36.3594],[174.2683,-36.3596],[174.2697,-36.3583],[174.2697,-36.3584],[174.2699,-36.3584],[174.2699,-36.3583],[174.2701,-36.3583],[174.2701,-36.3581],[174.2699,-36.3581],[174.2707,-36.3573],[174.2718,-36.3544],[174.273,-36.3539],[174.2719,-36.3532],[174.2718,-36.3497],[174.2716,-36.3497],[174.2716,-36.3496],[174.2714,-36.3496],[174.2714,-36.3497],[174.2712,-36.3497],[174.2724,-36.3474],[174.2712,-36.3491],[174.2709,-36.3471],[174.2736,-36.3422],[174.2735,-36.3422],[174.2735,-36.342],[174.2736,-36.342],[174.2736,-36.3422],[174.2748,-36.34],[174.274,-36.3376],[174.2745,-36.3365],[174.2743,-36.3354],[174.2745,-36.3354],[174.2774,-36.3376],[174.2718,-36.3286],[174.2711,-36.3257],[174.2714,-36.3228],[174.2688,-36.3181],[174.2675,-36.3172],[174.2673,-36.3184],[174.267,-36.3183],[174.2672,-36.3187],[174.2668,-36.3209],[174.2682,-36.3224],[174.268,-36.3235],[174.2692,-36.3254],[174.2671,-36.3269],[174.2658,-36.32],[174.2661,-36.314],[174.2677,-36.3112],[174.2692,-36.3112],[174.2702,-36.3125],[174.2695,-36.3135],[174.2702,-36.3145],[174.2694,-36.3147],[174.2723,-36.3173],[174.2709,-36.3139],[174.2718,-36.3125],[174.2733,-36.313],[174.2733,-36.3136],[174.273,-36.3136],[174.2731,-36.3137],[174.2731,-36.3139],[174.2732,-36.3139],[174.2731,-36.3161],[174.275,-36.3187],[174.275,-36.3209],[174.2762,-36.3209],[174.276,-36.3235],[174.2793,-36.3246],[174.2803,-36.3243],[174.2803,-36.3236],[174.2782,-36.3212],[174.2784,-36.3194],[174.2774,-36.318],[174.2777,-36.3158],[174.2759,-36.3144],[174.2765,-36.3128],[174.2743,-36.3112],[174.2759,-36.307],[174.2734,-36.3101],[174.2679,-36.3103],[174.2643,-36.3138],[174.2603,-36.321],[174.2605,-36.3212],[174.2602,-36.3211],[174.2599,-36.3217],[174.2619,-36.322],[174.2622,-36.3227],[174.2598,-36.3225],[174.2598,-36.3219],[174.2576,-36.326],[174.2593,-36.3419],[174.259,-36.3561],[174.2587,-36.3613],[174.2596,-36.3592],[174.2598,-36.3598],[174.2615,-36.3596],[174.2617,-36.3612],[174.2608,-36.3616],[174.2608,-36.3617],[174.2607,-36.3617],[174.2593,-36.3624],[174.26,-36.3631],[174.2598,-36.3634],[174.2598,-36.3636],[174.2596,-36.3636],[174.2595,-36.3638],[174.2596,-36.3639],[174.2595,-36.364],[174.2595,-36.3639],[174.2593,-36.3642],[174.2588,-36.3639],[174.2588,-36.3654],[174.2578,-36.365],[174.2588,-36.3668],[174.2566,-36.3697]],[[174.2596,-36.3716],[174.2593,-36.3716],[174.2593,-36.3713],[174.2596,-36.3716]],[[174.2699,-36.3583],[174.2697,-36.3583],[174.2699,-36.3581],[174.2699,-36.3583]],[[174.2745,-36.3354],[174.2745,-36.3353],[174.2743,-36.3353],[174.2743,-36.3354],[174.2741,-36.3339],[174.2741,-36.3338],[174.274,-36.3331],[174.275,-36.3356],[174.2745,-36.3354]],[[174.2731,-36.3137],[174.2733,-36.3136],[174.2733,-36.3137],[174.2731,-36.3137]],[[174.2571,-36.3695],[174.2571,-36.3694],[174.2574,-36.3694],[174.2574,-36.3695],[174.2571,-36.3695]],[[174.2573,-36.3698],[174.2573,-36.3697],[174.2574,-36.3697],[174.2574,-36.3698],[174.2573,-36.3698]],[[174.2576,-36.369],[174.2579,-36.3689],[174.2578,-36.3691],[174.2576,-36.369]],[[174.2579,-36.3687],[174.2579,-36.3686],[174.2581,-36.3686],[174.2581,-36.3687],[174.2579,-36.3687]],[[174.2581,-36.3701],[174.2581,-36.37],[174.2583,-36.37],[174.2581,-36.3701]],[[174.2583,-36.37],[174.2584,-36.37],[174.2584,-36.3701],[174.2583,-36.37]],[[174.2584,-36.3678],[174.2584,-36.3676],[174.2586,-36.3676],[174.2586,-36.3678],[174.2584,-36.3678]],[[174.259,-36.3705],[174.259,-36.3702],[174.2591,-36.3702],[174.2591,-36.3705],[174.259,-36.3705]],[[174.259,-36.3698],[174.259,-36.3697],[174.2591,-36.3697],[174.2591,-36.3698],[174.259,-36.3698]],[[174.2591,-36.3709],[174.2591,-36.3706],[174.2595,-36.3709],[174.2591,-36.3709]],[[174.2591,-36.3647],[174.2596,-36.3646],[174.2596,-36.3662],[174.2591,-36.3647]],[[174.2591,-36.3271],[174.2598,-36.3269],[174.2597,-36.3271],[174.2596,-36.3271],[174.2596,-36.3272],[174.2597,-36.3272],[174.2593,-36.3279],[174.261,-36.329],[174.2603,-36.3298],[174.2619,-36.3298],[174.2625,-36.3309],[174.2619,-36.333],[174.2595,-36.3341],[174.2602,-36.3389],[174.2612,-36.3393],[174.2612,-36.3394],[174.2613,-36.3394],[174.2615,-36.3394],[174.2608,-36.3412],[174.2622,-36.3416],[174.2607,-36.3444],[174.2622,-36.3447],[174.2622,-36.3455],[174.2634,-36.3462],[174.2629,-36.3486],[174.2613,-36.3492],[174.2614,-36.3496],[174.2612,-36.3496],[174.2613,-36.3497],[174.2614,-36.3497],[174.262,-36.3522],[174.2615,-36.3522],[174.2593,-36.3418],[174.2591,-36.3271]],[[174.2593,-36.37],[174.2593,-36.3698],[174.2595,-36.3698],[174.2595,-36.37],[174.2593,-36.37]],[[174.2593,-36.3665],[174.2593,-36.3664],[174.2595,-36.3664],[174.2595,-36.3665],[174.2593,-36.3665]],[[174.26,-36.3639],[174.26,-36.3638],[174.2603,-36.3638],[174.2603,-36.3639],[174.26,-36.3639]],[[174.26,-36.3247],[174.2607,-36.3247],[174.2603,-36.325],[174.26,-36.3247]],[[174.26,-36.3227],[174.2603,-36.3233],[174.2612,-36.3231],[174.2603,-36.3246],[174.26,-36.3227]],[[174.2602,-36.3645],[174.2605,-36.3645],[174.2603,-36.3647],[174.2602,-36.3645]],[[174.2602,-36.3635],[174.2617,-36.3628],[174.2607,-36.3636],[174.2602,-36.3635]],[[174.2602,-36.3275],[174.2602,-36.3273],[174.2605,-36.3273],[174.2605,-36.3275],[174.2602,-36.3275]],[[174.2605,-36.3621],[174.2605,-36.362],[174.2607,-36.362],[174.2607,-36.3621],[174.2605,-36.3621]],[[174.2607,-36.3642],[174.2607,-36.364],[174.2608,-36.364],[174.2608,-36.3642],[174.2607,-36.3642]],[[174.2608,-36.3297],[174.2612,-36.3294],[174.261,-36.3297],[174.2608,-36.3297]],[[174.2617,-36.3531],[174.2617,-36.3525],[174.262,-36.3531],[174.2617,-36.3531]],[[174.2619,-36.3537],[174.2619,-36.3533],[174.262,-36.3533],[174.262,-36.3537],[174.2619,-36.3537]],[[174.262,-36.3653],[174.262,-36.3651],[174.2622,-36.3651],[174.2622,-36.3653],[174.262,-36.3653]],[[174.2624,-36.3627],[174.2624,-36.3625],[174.2625,-36.3625],[174.2625,-36.3627],[174.2624,-36.3627]],[[174.2624,-36.3557],[174.2625,-36.3555],[174.2632,-36.3561],[174.2632,-36.3563],[174.2624,-36.3557]],[[174.2624,-36.3407],[174.2632,-36.3412],[174.2625,-36.3412],[174.2624,-36.3407]],[[174.2627,-36.3645],[174.2627,-36.3643],[174.2629,-36.3643],[174.2629,-36.3645],[174.2627,-36.3645]],[[174.2627,-36.3625],[174.2627,-36.3624],[174.2629,-36.3624],[174.2629,-36.3625],[174.2627,-36.3625]],[[174.2629,-36.3451],[174.2631,-36.3449],[174.2631,-36.3451],[174.2629,-36.3451]],[[174.2642,-36.3624],[174.2654,-36.3618],[174.2655,-36.3618],[174.2649,-36.3624],[174.2642,-36.3624]],[[174.267,-36.3608],[174.2671,-36.3606],[174.2671,-36.3608],[174.267,-36.3608]],[[174.2671,-36.3382],[174.2702,-36.3408],[174.2697,-36.3418],[174.2685,-36.3411],[174.2695,-36.342],[174.2673,-36.3414],[174.2671,-36.3382]],[[174.2677,-36.3216],[174.2677,-36.3214],[174.2678,-36.3214],[174.2677,-36.3216]],[[174.2707,-36.3508],[174.2707,-36.3507],[174.2709,-36.3507],[174.2709,-36.3508],[174.2707,-36.3508]],[[174.2709,-36.3518],[174.2709,-36.3517],[174.2711,-36.3517],[174.2711,-36.3518],[174.2709,-36.3518]],[[174.2711,-36.3525],[174.2711,-36.3524],[174.2712,-36.3524],[174.2712,-36.3525],[174.2711,-36.3525]],[[174.2711,-36.3107],[174.2726,-36.3112],[174.273,-36.3118],[174.2723,-36.3119],[174.2712,-36.3119],[174.2712,-36.3114],[174.2719,-36.3117],[174.2711,-36.3107]],[[174.2712,-36.3531],[174.2712,-36.3529],[174.2714,-36.3531],[174.2712,-36.3531]],[[174.2738,-36.3107],[174.2741,-36.3106],[174.274,-36.311],[174.2738,-36.3107]]]}},{"type":"Feature","properties":{},"geometry":{"type":"Polygon","coordinates":[[[174.2698,-36.3875],[174.2739,-36.3908],[174.2808,-36.3925],[174.2815,-36.3921],[174.2801,-36.3915],[174.2825,-36.3897],[174.2792,-36.3883],[174.2786,-36.3875],[174.28,-36.3867],[174.2806,-36.3868],[174.2793,-36.3862],[174.2747,-36.3882],[174.2762,-36.3884],[174.2774,-36.3895],[174.2788,-36.3888],[174.2789,-36.3896],[174.2811,-36.3906],[174.275,-36.3907],[174.2698,-36.3875]],[[174.2789,-36.3891],[174.2791,-36.3889],[174.2791,-36.3891],[174.2789,-36.3891]],[[174.2793,-36.3896],[174.2793,-36.3895],[174.2794,-36.3895],[174.2794,-36.3896],[174.2793,-36.3896]],[[174.2817,-36.39],[174.2817,-36.3899],[174.2818,-36.3899],[174.2818,-36.39],[174.2817,-36.39]],[[174.282,-36.3899],[174.282,-36.3897],[174.2822,-36.3897],[174.282,-36.3899]]]}},{"type":"Feature","properties":{},"geometry":{"type":"Polygon","coordinates":[[[174.2772,-36.344],[174.2788,-36.3442],[174.2786,-36.3427],[174.2796,-36.3463],[174.2813,-36.3442],[174.28,-36.3426],[174.2801,-36.3414],[174.2791,-36.3411],[174.2772,-36.344]],[[174.2789,-36.3429],[174.2789,-36.3427],[174.2793,-36.3427],[174.2793,-36.3429],[174.2789,-36.3429]],[[174.2793,-36.3444],[174.2793,-36.3442],[174.2794,-36.3442],[174.2794,-36.3444],[174.2793,-36.3444]],[[174.2796,-36.3444],[174.2801,-36.3442],[174.28,-36.3444],[174.2796,-36.3444]],[[174.2796,-36.3433],[174.2798,-36.3431],[174.28,-36.3436],[174.2796,-36.3433]],[[174.2796,-36.3427],[174.2796,-36.3426],[174.2798,-36.3426],[174.2798,-36.3427],[174.2796,-36.3427]]]}},{"type":"Feature","properties":{},"geometry":{"type":"Polygon","coordinates":[[[174.2823,-36.3873],[174.2892,-36.3893],[174.2859,-36.3875],[174.2823,-36.3873]]]}},{"type":"Feature","properties":{},"geometry":{"type":"Polygon","coordinates":[[[174.288,-36.38],[174.2883,-36.3822],[174.2892,-36.3829],[174.289,-36.3851],[174.2904,-36.3851],[174.2897,-36.3855],[174.2895,-36.3855],[174.2895,-36.3856],[174.2888,-36.386],[174.2883,-36.386],[174.2883,-36.3862],[174.2885,-36.3862],[174.2883,-36.3863],[174.2885,-36.3869],[174.289,-36.3867],[174.2892,-36.3867],[174.2892,-36.3866],[174.2893,-36.3866],[174.2897,-36.3874],[174.2902,-36.3863],[174.2912,-36.3865],[174.2899,-36.3873],[174.2912,-36.3875],[174.2907,-36.3884],[174.2919,-36.3882],[174.2921,-36.3888],[174.2912,-36.3886],[174.2921,-36.3895],[174.2895,-36.3893],[174.2921,-36.3901],[174.3094,-36.3896],[174.3106,-36.3873],[174.3096,-36.3875],[174.3095,-36.3877],[174.3093,-36.3875],[174.3006,-36.3893],[174.308,-36.3876],[174.3087,-36.386],[174.3083,-36.3866],[174.2963,-36.3866],[174.2954,-36.3859],[174.2955,-36.3859],[174.2953,-36.3858],[174.2947,-36.3853],[174.2948,-36.3853],[174.2948,-36.3852],[174.2946,-36.3852],[174.2946,-36.3853],[174.2922,-36.3836],[174.2887,-36.3785],[174.2883,-36.3791],[174.2881,-36.379],[174.2881,-36.3792],[174.2883,-36.3792],[174.2881,-36.3794],[174.2887,-36.3792],[174.2905,-36.3825],[174.288,-36.38]],[[174.29,-36.3812],[174.2902,-36.3811],[174.2902,-36.3812],[174.29,-36.3812]],[[174.2902,-36.3815],[174.2902,-36.3814],[174.2904,-36.3814],[174.2904,-36.3815],[174.2902,-36.3815]],[[174.2909,-36.386],[174.2909,-36.3859],[174.291,-36.3859],[174.291,-36.386],[174.2909,-36.386]],[[174.2919,-36.3853],[174.2921,-36.3852],[174.2922,-36.3855],[174.2919,-36.3853]],[[174.2924,-36.3899],[174.2929,-36.3897],[174.2929,-36.39],[174.2924,-36.3899]],[[174.2924,-36.387],[174.2929,-36.3869],[174.2926,-36.3871],[174.2924,-36.387]],[[174.2929,-36.3893],[174.2934,-36.3891],[174.2931,-36.3895],[174.2929,-36.3893]],[[174.2933,-36.3899],[174.2933,-36.3897],[174.2936,-36.3897],[174.2936,-36.3899],[174.2933,-36.3899]],[[174.2938,-36.3874],[174.2938,-36.3873],[174.2939,-36.3873],[174.2939,-36.3874],[174.2938,-36.3874]],[[174.2946,-36.3899],[174.2946,-36.3897],[174.2948,-36.3899],[174.2946,-36.3899]],[[174.2946,-36.3893],[174.295,-36.3893],[174.2948,-36.3896],[174.2946,-36.3893]],[[174.2948,-36.3899],[174.295,-36.3897],[174.295,-36.3899],[174.2948,-36.3899]],[[174.2989,-36.3882],[174.2989,-36.3881],[174.2991,-36.3881],[174.2991,-36.3882],[174.2989,-36.3882]],[[174.2998,-36.3881],[174.2998,-36.388],[174.2999,-36.388],[174.2999,-36.3881],[174.2998,-36.3881]],[[174.3061,-36.3873],[174.3061,-36.3871],[174.3062,-36.3871],[174.3062,-36.3873],[174.3061,-36.3873]]]}},{"type":"Feature","properties":{},"geometry":{"type":"Polygon","coordinates":[[[174.2987,-36.375],[174.3016,-36.3809],[174.3069,-36.3859],[174.308,-36.3855],[174.302,-36.3813],[174.3016,-36.3798],[174.3015,-36.3798],[174.3015,-36.3797],[174.301,-36.3782],[174.3009,-36.3782],[174.3009,-36.3781],[174.301,-36.3781],[174.3009,-36.3777],[174.3006,-36.3752],[174.3018,-36.3754],[174.2999,-36.3742],[174.2987,-36.375]]]}},{"type":"Feature","properties":{},"geometry":{"type":"Polygon","coordinates":[[[174.2988,-36.3094],[174.2992,-36.3114],[174.3,-36.3121],[174.2992,-36.3097],[174.2988,-36.3094]]]}},{"type":"Feature","properties":{},"geometry":{"type":"Polygon","coordinates":[[[174.3009,-36.3151],[174.3046,-36.3161],[174.3045,-36.316],[174.301,-36.3147],[174.3009,-36.3147],[174.3009,-36.3151]]]}},{"type":"Feature","properties":{},"geometry":{"type":"Polygon","coordinates":[[[174.3025,-36.3686],[174.305,-36.3721],[174.304,-36.3691],[174.3025,-36.3686]]]}},{"type":"Feature","properties":{},"geometry":{"type":"Polygon","coordinates":[[[174.3042,-36.3739],[174.3046,-36.3753],[174.3051,-36.3726],[174.3042,-36.3739]]]}},{"type":"Feature","properties":{},"geometry":{"type":"Polygon","coordinates":[[[174.3042,-36.3533],[174.3045,-36.3547],[174.3066,-36.3575],[174.3068,-36.3574],[174.3042,-36.3533]]]}},{"type":"Feature","properties":{},"geometry":{"type":"Polygon","coordinates":[[[174.3051,-36.3166],[174.3066,-36.3189],[174.3088,-36.3204],[174.3087,-36.3201],[174.3051,-36.3166]]]}},{"type":"Feature","properties":{},"geometry":{"type":"Polygon","coordinates":[[[174.3064,-36.3818],[174.3072,-36.3833],[174.3072,-36.3834],[174.3073,-36.3834],[174.3073,-36.3833],[174.3074,-36.383],[174.3076,-36.3835],[174.3093,-36.3835],[174.3093,-36.3834],[174.3095,-36.3834],[174.3095,-36.3835],[174.3106,-36.3834],[174.3109,-36.3825],[174.3098,-36.382],[174.3095,-36.3822],[174.3093,-36.382],[174.3097,-36.3819],[174.3078,-36.381],[174.3075,-36.3812],[174.3078,-36.3811],[174.3076,-36.3815],[174.3073,-36.3813],[174.3064,-36.3818]],[[174.3067,-36.382],[174.3071,-36.3819],[174.3069,-36.3822],[174.3067,-36.382]],[[174.3067,-36.3818],[174.3067,-36.3816],[174.3069,-36.3816],[174.3069,-36.3818],[174.3067,-36.3818]],[[174.3073,-36.382],[174.3073,-36.3819],[174.3074,-36.3819],[174.3074,-36.382],[174.3073,-36.382]],[[174.3079,-36.3834],[174.3079,-36.3833],[174.3081,-36.3833],[174.3081,-36.3834],[174.3079,-36.3834]],[[174.3079,-36.3818],[174.3083,-36.3818],[174.3085,-36.3826],[174.3079,-36.3818]],[[174.3086,-36.3826],[174.3086,-36.3825],[174.3088,-36.3825],[174.3086,-36.3826]],[[174.309,-36.3825],[174.309,-36.3823],[174.3091,-36.3823],[174.3091,-36.3825],[174.309,-36.3825]]]}},{"type":"Feature","properties":{},"geometry":{"type":"Polygon","coordinates":[[[174.3076,-36.3595],[174.3078,-36.3619],[174.3085,-36.3609],[174.3081,-36.3596],[174.3076,-36.3595]]]}},{"type":"Feature","properties":{},"geometry":{"type":"Polygon","coordinates":[[[174.3087,-36.3713],[174.3095,-36.3713],[174.3093,-36.3699],[174.3087,-36.3713]]]}},{"type":"Feature","properties":{},"geometry":{"type":"Polygon","coordinates":[[[174.3088,-36.3208],[174.3098,-36.3276],[174.3104,-36.3277],[174.3088,-36.3208]]]}},{"type":"Feature","properties":{},"geometry":{"type":"Polygon","coordinates":[[[174.3103,-36.3731],[174.3122,-36.3742],[174.311,-36.3766],[174.312,-36.3761],[174.3124,-36.3745],[174.3119,-36.3735],[174.3103,-36.3731]]]}},{"type":"Feature","properties":{},"geometry":{"type":"Polygon","coordinates":[[[174.3106,-36.3277],[174.3136,-36.3282],[174.319,-36.3265],[174.3192,-36.3263],[174.3135,-36.328],[174.3106,-36.3277]]]}},{"type":"Feature","properties":{},"geometry":{"type":"Polygon","coordinates":[[[174.3112,-36.3842],[174.3119,-36.3834],[174.3119,-36.3831],[174.312,-36.3832],[174.3131,-36.3818],[174.3119,-36.3821],[174.3118,-36.3823],[174.3124,-36.3822],[174.3119,-36.3829],[174.3118,-36.3825],[174.3112,-36.3842]],[[174.3125,-36.3822],[174.3125,-36.382],[174.3127,-36.382],[174.3127,-36.3822],[174.3125,-36.3822]]]}},{"type":"Feature","properties":{},"geometry":{"type":"Polygon","coordinates":[[[174.3191,-36.3805],[174.3203,-36.383],[174.3263,-36.3842],[174.3274,-36.3848],[174.3267,-36.3842],[174.3259,-36.3825],[174.3252,-36.3838],[174.3207,-36.3829],[174.3191,-36.3805]]]}},{"type":"Feature","properties":{},"geometry":{"type":"Polygon","coordinates":[[[174.3193,-36.3262],[174.3199,-36.3253],[174.3198,-36.3227],[174.3193,-36.3262]]]}},{"type":"Feature","properties":{},"geometry":{"type":"Polygon","coordinates":[[[174.3208,-36.331],[174.323,-36.3301],[174.3228,-36.3291],[174.325,-36.3272],[174.3248,-36.3264],[174.3214,-36.33],[174.3208,-36.331]]]}},{"type":"Feature","properties":{},"geometry":{"type":"Polygon","coordinates":[[[174.3214,-36.3282],[174.3216,-36.3294],[174.3254,-36.3241],[174.3252,-36.3231],[174.3252,-36.323],[174.3252,-36.3243],[174.323,-36.3264],[174.3226,-36.3277],[174.3214,-36.3282]]]}},{"type":"Feature","properties":{},"geometry":{"type":"Polygon","coordinates":[[[174.3249,-36.3263],[174.3274,-36.3244],[174.3296,-36.3215],[174.3249,-36.3263]]]}},{"type":"Feature","properties":{},"geometry":{"type":"Polygon","coordinates":[[[174.332,-36.3312],[174.3351,-36.331],[174.3354,-36.3305],[174.3349,-36.3307],[174.3324,-36.3308],[174.332,-36.3312]]]}},{"type":"Feature","properties":{},"geometry":{"type":"Polygon","coordinates":[[[174.3331,-36.3302],[174.3385,-36.3257],[174.3386,-36.3251],[174.3331,-36.3302]]]}},{"type":"Feature","properties":{},"geometry":{"type":"Polygon","coordinates":[[[174.3333,-36.3884],[174.3356,-36.3916],[174.3381,-36.392],[174.3443,-36.3975],[174.3393,-36.3921],[174.3356,-36.3914],[174.3341,-36.3888],[174.3333,-36.3884]]]}},{"type":"Feature","properties":{},"geometry":{"type":"Polygon","coordinates":[[[174.3408,-36.3289],[174.3411,-36.329],[174.3411,-36.3301],[174.3428,-36.3298],[174.3462,-36.3316],[174.343,-36.3287],[174.3445,-36.3307],[174.3408,-36.3289]]]}},{"type":"Feature","properties":{},"geometry":{"type":"Polygon","coordinates":[[[174.3415,-36.3266],[174.3419,-36.3272],[174.3422,-36.3246],[174.3415,-36.3266]]]}},{"type":"Feature","properties":{},"geometry":{"type":"Polygon","coordinates":[[[174.3429,-36.3228],[174.3445,-36.3236],[174.3452,-36.3231],[174.3449,-36.3232],[174.343,-36.3225],[174.3429,-36.3228]]]}},{"type":"Feature","properties":{},"geometry":{"type":"Polygon","coordinates":[[[174.3464,-36.3994],[174.3503,-36.4028],[174.3501,-36.4055],[174.3503,-36.4057],[174.351,-36.4029],[174.3464,-36.3994]]]}},{"type":"Feature","properties":{},"geometry":{"type":"Polygon","coordinates":[[[174.3505,-36.406],[174.3535,-36.4094],[174.3532,-36.4077],[174.3505,-36.406]]]}},{"type":"Feature","properties":{},"geometry":{"type":"Polygon","coordinates":[[[174.3521,-36.3229],[174.3603,-36.3242],[174.3607,-36.3236],[174.36,-36.324],[174.3582,-36.3227],[174.3521,-36.3229]]]}},{"type":"Feature","properties":{},"geometry":{"type":"Polygon","coordinates":[[[174.3588,-36.3193],[174.359,-36.3191],[174.3657,-36.3211],[174.3652,-36.3208],[174.359,-36.319],[174.3588,-36.3193]]]}},{"type":"Feature","properties":{},"geometry":{"type":"Polygon","coordinates":[[[174.3661,-36.319],[174.3662,-36.3192],[174.3693,-36.3205],[174.3692,-36.3217],[174.3701,-36.3207],[174.3661,-36.319]]]}},{"type":"Feature","properties":{},"geometry":{"type":"Polygon","coordinates":[[[174.3677,-36.3226],[174.369,-36.325],[174.3696,-36.3236],[174.3691,-36.3224],[174.3689,-36.3235],[174.3677,-36.3226]]]}},{"type":"Feature","properties":{},"geometry":{"type":"Polygon","coordinates":[[[174.3681,-36.3996],[174.3761,-36.4032],[174.3737,-36.4018],[174.3707,-36.3991],[174.3687,-36.3992],[174.3681,-36.3996]]]}},{"type":"Feature","properties":{},"geometry":{"type":"Polygon","coordinates":[[[174.3687,-36.3834],[174.3701,-36.3837],[174.3701,-36.3842],[174.3726,-36.3838],[174.3687,-36.3834]]]}},{"type":"Feature","properties":{},"geometry":{"type":"Polygon","coordinates":[[[174.3697,-36.3816],[174.3709,-36.3825],[174.3711,-36.3824],[174.3702,-36.3804],[174.3699,-36.3804],[174.3697,-36.3816]]]}},{"type":"Feature","properties":{},"geometry":{"type":"Polygon","coordinates":[[[174.3714,-36.3164],[174.3726,-36.3183],[174.3755,-36.3212],[174.3762,-36.3212],[174.3752,-36.3208],[174.3714,-36.3164]]]}},{"type":"Feature","properties":{},"geometry":{"type":"Polygon","coordinates":[[[174.3714,-36.3919],[174.3731,-36.3892],[174.3714,-36.3902],[174.3714,-36.3919]]]}},{"type":"Feature","properties":{},"geometry":{"type":"Polygon","coordinates":[[[174.3732,-36.3838],[174.3742,-36.387],[174.374,-36.3876],[174.3743,-36.3871],[174.3735,-36.3839],[174.3732,-36.3838]]]}},{"type":"Feature","properties":{},"geometry":{"type":"Polygon","coordinates":[[[174.3746,-36.3816],[174.3758,-36.382],[174.3768,-36.3831],[174.3766,-36.3822],[174.3752,-36.3818],[174.3747,-36.3807],[174.3747,-36.3816],[174.3746,-36.3816]]]}},{"type":"Feature","properties":{},"geometry":{"type":"Polygon","coordinates":[[[174.3749,-36.3844],[174.3755,-36.386],[174.3759,-36.3851],[174.3749,-36.3844]]]}},{"type":"Feature","properties":{},"geometry":{"type":"Polygon","coordinates":[[[174.3766,-36.3213],[174.3767,-36.3221],[174.3801,-36.3227],[174.3766,-36.3213]]]}},{"type":"Feature","properties":{},"geometry":{"type":"Polygon","coordinates":[[[174.3769,-36.3871],[174.3787,-36.3877],[174.3772,-36.3866],[174.3769,-36.3871]]]}},{"type":"Feature","properties":{},"geometry":{"type":"Polygon","coordinates":[[[174.3784,-36.3177],[174.3788,-36.318],[174.379,-36.3149],[174.3784,-36.3177]]]}},{"type":"Feature","properties":{},"geometry":{"type":"Polygon","coordinates":[[[174.379,-36.3898],[174.3798,-36.3906],[174.38,-36.3921],[174.3824,-36.3928],[174.3837,-36.3954],[174.3847,-36.3948],[174.3848,-36.3945],[174.3801,-36.3907],[174.379,-36.3898]]]}},{"type":"Feature","properties":{},"geometry":{"type":"Polygon","coordinates":[[[174.3793,-36.3184],[174.3826,-36.3213],[174.3805,-36.3187],[174.3793,-36.3184]]]}},{"type":"Feature","properties":{},"geometry":{"type":"Polygon","coordinates":[[[174.38,-36.384],[174.3801,-36.3839],[174.3825,-36.3852],[174.381,-36.3836],[174.38,-36.384]]]}},{"type":"Feature","properties":{},"geometry":{"type":"Polygon","coordinates":[[[174.3825,-36.3852],[174.3828,-36.3853],[174.3865,-36.3844],[174.3877,-36.3852],[174.387,-36.3842],[174.3825,-36.3852]]]}},{"type":"Feature","properties":{},"geometry":{"type":"Polygon","coordinates":[[[174.3827,-36.3987],[174.3836,-36.3996],[174.3841,-36.403],[174.3842,-36.4029],[174.3847,-36.3948],[174.3827,-36.3987]]]}},{"type":"Feature","properties":{},"geometry":{"type":"Polygon","coordinates":[[[174.3834,-36.3121],[174.3839,-36.3125],[174.3842,-36.3145],[174.3854,-36.3133],[174.3853,-36.3133],[174.3853,-36.3132],[174.3855,-36.3132],[174.3861,-36.3125],[174.3877,-36.3121],[174.3879,-36.3121],[174.3834,-36.3121]],[[174.3844,-36.313],[174.3849,-36.3133],[174.3846,-36.314],[174.3844,-36.313]]]}},{"type":"Feature","properties":{},"geometry":{"type":"Polygon","coordinates":[[[174.3856,-36.375],[174.39,-36.3808],[174.3902,-36.38],[174.3933,-36.3817],[174.4022,-36.3817],[174.4131,-36.3766],[174.4151,-36.3745],[174.4081,-36.3688],[174.4037,-36.3701],[174.4024,-36.3699],[174.4051,-36.3712],[174.4045,-36.3737],[174.4061,-36.3778],[174.4036,-36.3786],[174.4035,-36.3786],[174.4032,-36.3787],[174.4023,-36.3798],[174.3994,-36.3796],[174.396,-36.3778],[174.3948,-36.3759],[174.3928,-36.3768],[174.3883,-36.3765],[174.3856,-36.375]]]}},{"type":"Feature","properties":{},"geometry":{"type":"Polygon","coordinates":[[[174.3873,-36.3364],[174.3885,-36.338],[174.3877,-36.3358],[174.3873,-36.3353],[174.3873,-36.3364]]]}},{"type":"Feature","properties":{},"geometry":{"type":"Polygon","coordinates":[[[174.388,-36.3462],[174.3886,-36.3464],[174.3955,-36.3449],[174.3948,-36.3448],[174.388,-36.3462]]]}},{"type":"Feature","properties":{},"geometry":{"type":"Polygon","coordinates":[[[174.3883,-36.3439],[174.3925,-36.3439],[174.3929,-36.3438],[174.3931,-36.3439],[174.3941,-36.3439],[174.3885,-36.3433],[174.3883,-36.3439]]]}},{"type":"Feature","properties":{},"geometry":{"type":"Polygon","coordinates":[[[174.3891,-36.3498],[174.3919,-36.3475],[174.3899,-36.3484],[174.3891,-36.3498]]]}},{"type":"Feature","properties":{},"geometry":{"type":"Polygon","coordinates":[[[174.3892,-36.3383],[174.3907,-36.3392],[174.3909,-36.3385],[174.3892,-36.3382],[174.3892,-36.3383]]]}},{"type":"Feature","properties":{},"geometry":{"type":"Polygon","coordinates":[[[174.3898,-36.3529],[174.39,-36.3529],[174.3909,-36.3527],[174.3909,-36.3529],[174.3911,-36.3529],[174.3911,-36.3526],[174.391,-36.3526],[174.3929,-36.3521],[174.3968,-36.3495],[174.3968,-36.3494],[174.3898,-36.3529]]]}},{"type":"Feature","properties":{},"geometry":{"type":"Polygon","coordinates":[[[174.3916,-36.3161],[174.3923,-36.3161],[174.3916,-36.3141],[174.3916,-36.3161]]]}},{"type":"Feature","properties":{},"geometry":{"type":"Polygon","coordinates":[[[174.3921,-36.3391],[174.3924,-36.34],[174.3933,-36.3401],[174.3935,-36.34],[174.3921,-36.3391]]]}},{"type":"Feature","properties":{},"geometry":{"type":"Polygon","coordinates":[[[174.3926,-36.3168],[174.3931,-36.32],[174.3943,-36.321],[174.3938,-36.3193],[174.3937,-36.3199],[174.3926,-36.3168]]]}},{"type":"Feature","properties":{},"geometry":{"type":"Polygon","coordinates":[[[174.3927,-36.3111],[174.3936,-36.3127],[174.3931,-36.3107],[174.3934,-36.3063],[174.3927,-36.3111]]]}},{"type":"Feature","properties":{},"geometry":{"type":"Polygon","coordinates":[[[174.3993,-36.3694],[174.4,-36.3694],[174.3995,-36.3693],[174.4012,-36.3673],[174.3993,-36.3684],[174.3993,-36.3694]]]}},{"type":"Feature","properties":{},"geometry":{"type":"Polygon","coordinates":[[[174.3993,-36.3396],[174.3996,-36.3398],[174.4019,-36.3389],[174.402,-36.3387],[174.3993,-36.3396]]]}},{"type":"Feature","properties":{},"geometry":{"type":"Polygon","coordinates":[[[174.3999,-36.3003],[174.401,-36.3001],[174.4015,-36.2972],[174.3999,-36.3003]],[[174.4003,-36.3001],[174.4003,-36.3],[174.4005,-36.3],[174.4003,-36.3001]],[[174.4005,-36.2998],[174.4006,-36.2997],[174.4006,-36.2998],[174.4005,-36.2998]]]}},{"type":"Feature","properties":{},"geometry":{"type":"Polygon","coordinates":[[[174.4013,-36.3638],[174.4016,-36.3668],[174.4018,-36.3666],[174.4019,-36.3633],[174.4013,-36.3638]]]}},{"type":"Feature","properties":{},"geometry":{"type":"Polygon","coordinates":[[[174.4018,-36.2966],[174.4071,-36.2952],[174.4086,-36.2914],[174.4087,-36.2912],[174.4072,-36.2945],[174.402,-36.2964],[174.4018,-36.2966]]]}},{"type":"Feature","properties":{},"geometry":{"type":"Polygon","coordinates":[[[174.4028,-36.3374],[174.4036,-36.3379],[174.4034,-36.3365],[174.4028,-36.3374]]]}},{"type":"Feature","properties":{},"geometry":{"type":"Polygon","coordinates":[[[174.4053,-36.346],[174.4066,-36.3487],[174.4064,-36.3471],[174.4053,-36.346]]]}},{"type":"Feature","properties":{},"geometry":{"type":"Polygon","coordinates":[[[174.4073,-36.3502],[174.4074,-36.3504],[174.414,-36.3481],[174.4144,-36.3474],[174.4104,-36.3484],[174.409,-36.3497],[174.4073,-36.3502]]]}},{"type":"Feature","properties":{},"geometry":{"type":"Polygon","coordinates":[[[174.4111,-36.2859],[174.4127,-36.2852],[174.415,-36.2855],[174.4143,-36.2849],[174.4151,-36.2813],[174.415,-36.2813],[174.415,-36.281],[174.4151,-36.281],[174.4151,-36.2811],[174.4155,-36.2796],[174.4146,-36.2799],[174.4138,-36.2802],[174.4131,-36.2817],[174.4131,-36.2818],[174.413,-36.2818],[174.4126,-36.2828],[174.4127,-36.2828],[174.4127,-36.283],[174.4126,-36.283],[174.4126,-36.2828],[174.4111,-36.2859]],[[174.4119,-36.2847],[174.4119,-36.2846],[174.4121,-36.2846],[174.4119,-36.2847]],[[174.4121,-36.2844],[174.4121,-36.2843],[174.4122,-36.2843],[174.4122,-36.2844],[174.4121,-36.2844]],[[174.4124,-36.2837],[174.4126,-36.2835],[174.4126,-36.2837],[174.4124,-36.2837]],[[174.4146,-36.2802],[174.4146,-36.28],[174.4148,-36.28],[174.4148,-36.2802],[174.4146,-36.2802]],[[174.4148,-36.2806],[174.4148,-36.2804],[174.415,-36.2804],[174.415,-36.2806],[174.4148,-36.2806]]]}},{"type":"Feature","properties":{},"geometry":{"type":"Polygon","coordinates":[[[174.4187,-36.2862],[174.4204,-36.2898],[174.4205,-36.2897],[174.4193,-36.2858],[174.419,-36.2852],[174.4187,-36.2862]]]}},{"type":"Feature","properties":{},"geometry":{"type":"Polygon","coordinates":[[[174.4199,-36.2964],[174.4209,-36.2993],[174.4218,-36.294],[174.4208,-36.2957],[174.4209,-36.2958],[174.4206,-36.296],[174.4201,-36.2969],[174.4201,-36.2963],[174.4199,-36.2964]]]}},{"type":"Feature","properties":{},"geometry":{"type":"Polygon","coordinates":[[[174.4212,-36.2903],[174.4219,-36.2931],[174.4221,-36.2917],[174.4213,-36.2899],[174.4213,-36.2898],[174.4212,-36.2903]]]}},{"type":"Feature","properties":{},"geometry":{"type":"Polygon","coordinates":[[[174.4247,-36.2888],[174.4262,-36.2899],[174.4277,-36.2898],[174.4252,-36.2891],[174.4248,-36.288],[174.4247,-36.2888]]]}},{"type":"Feature","properties":{},"geometry":{"type":"Polygon","coordinates":[[[174.4262,-36.283],[174.4273,-36.2863],[174.43,-36.2875],[174.43,-36.2868],[174.4276,-36.2862],[174.4264,-36.2832],[174.4264,-36.282],[174.4262,-36.283]]]}},{"type":"Feature","properties":{},"geometry":{"type":"Polygon","coordinates":[[[174.4267,-36.3458],[174.4269,-36.3462],[174.43,-36.3443],[174.4267,-36.3458]]]}},{"type":"Feature","properties":{},"geometry":{"type":"Polygon","coordinates":[[[174.4268,-36.2751],[174.4286,-36.2748],[174.429,-36.2739],[174.4268,-36.2751]]]}},{"type":"Feature","properties":{},"geometry":{"type":"Polygon","coordinates":[[[174.4295,-36.2899],[174.4319,-36.2932],[174.4364,-36.2934],[174.4353,-36.2941],[174.4361,-36.2943],[174.4361,-36.2936],[174.438,-36.2932],[174.4382,-36.2922],[174.4364,-36.2934],[174.4368,-36.2927],[174.4319,-36.2928],[174.43,-36.2903],[174.43,-36.2886],[174.4295,-36.2899]]]}},{"type":"Feature","properties":{},"geometry":{"type":"Polygon","coordinates":[[[174.4296,-36.2724],[174.4298,-36.2718],[174.4317,-36.2735],[174.4299,-36.2712],[174.4296,-36.2724]]]}},{"type":"Feature","properties":{},"geometry":{"type":"Polygon","coordinates":[[[174.4315,-36.2997],[174.4329,-36.3008],[174.4322,-36.2977],[174.4326,-36.298],[174.4334,-36.2948],[174.4322,-36.2977],[174.432,-36.2969],[174.4315,-36.2997]]]}},{"type":"Feature","properties":{},"geometry":{"type":"Polygon","coordinates":[[[174.4379,-36.2715],[174.4397,-36.2748],[174.4401,-36.2751],[174.4382,-36.2712],[174.4417,-36.2676],[174.4402,-36.2683],[174.4379,-36.2715]]]}},{"type":"Feature","properties":{},"geometry":{"type":"Polygon","coordinates":[[[174.4383,-36.2904],[174.4397,-36.2883],[174.4421,-36.287],[174.4421,-36.2856],[174.4428,-36.2853],[174.4428,-36.2852],[174.4435,-36.285],[174.4421,-36.285],[174.4412,-36.287],[174.4399,-36.2874],[174.4383,-36.2904]]]}},{"type":"Feature","properties":{},"geometry":{"type":"Polygon","coordinates":[[[174.4392,-36.2915],[174.4401,-36.291],[174.4401,-36.2887],[174.4396,-36.2891],[174.4394,-36.2914],[174.4392,-36.2915]]]}},{"type":"Feature","properties":{},"geometry":{"type":"Polygon","coordinates":[[[174.4405,-36.2883],[174.4411,-36.2884],[174.4431,-36.2869],[174.4435,-36.2859],[174.4426,-36.2856],[174.4422,-36.2858],[174.4427,-36.2866],[174.4405,-36.2883]]]}},{"type":"Feature","properties":{},"geometry":{"type":"Polygon","coordinates":[[[174.4449,-36.2641],[174.4462,-36.2693],[174.4454,-36.2696],[174.4455,-36.2698],[174.4467,-36.2689],[174.4449,-36.2641]]]}},{"type":"Feature","properties":{},"geometry":{"type":"Polygon","coordinates":[[[174.4561,-36.2561],[174.4569,-36.2588],[174.4591,-36.2608],[174.4561,-36.2561]]]}},{"type":"Feature","properties":{},"geometry":{"type":"Polygon","coordinates":[[[174.4611,-36.2639],[174.4614,-36.2652],[174.4626,-36.2654],[174.4629,-36.2619],[174.4622,-36.2646],[174.4614,-36.2643],[174.4611,-36.2639]]]}},{"type":"Feature","properties":{},"geometry":{"type":"Polygon","coordinates":[[[174.463,-36.2617],[174.4696,-36.261],[174.4705,-36.2602],[174.463,-36.2617]]]}},{"type":"Feature","properties":{},"geometry":{"type":"Polygon","coordinates":[[[174.4764,-36.2619],[174.4785,-36.2634],[174.4797,-36.2667],[174.4792,-36.2637],[174.4764,-36.2619]]]}},{"type":"Feature","properties":{},"geometry":{"type":"Polygon","coordinates":[[[174.4802,-36.2661],[174.4824,-36.2689],[174.488,-36.2717],[174.4863,-36.2698],[174.4825,-36.269],[174.4803,-36.2653],[174.4802,-36.2661]]]}},{"type":"Feature","properties":{},"geometry":{"type":"Polygon","coordinates":[[[174.4829,-36.2742],[174.4853,-36.2754],[174.4836,-36.2723],[174.4844,-36.2749],[174.4831,-36.274],[174.4829,-36.2742]]]}},{"type":"Feature","properties":{},"geometry":{"type":"Polygon","coordinates":[[[174.4881,-36.2718],[174.4919,-36.2714],[174.4947,-36.2728],[174.4948,-36.2729],[174.4969,-36.2745],[174.4969,-36.2756],[174.4986,-36.2749],[174.4991,-36.2789],[174.4994,-36.2764],[174.4984,-36.2742],[174.4947,-36.272],[174.4918,-36.2714],[174.4881,-36.2718]]]}},{"type":"Feature","properties":{},"geometry":{"type":"Polygon","coordinates":[[[174.4882,-36.2731],[174.4885,-36.2737],[174.4909,-36.2736],[174.4917,-36.273],[174.4883,-36.2732],[174.4882,-36.2731]]]}},{"type":"Feature","properties":{},"geometry":{"type":"Polygon","coordinates":[[[174.4918,-36.2559],[174.4933,-36.2561],[174.4947,-36.2548],[174.494,-36.2544],[174.4927,-36.256],[174.492,-36.255],[174.4918,-36.2559]]]}},{"type":"Feature","properties":{},"geometry":{"type":"Polygon","coordinates":[[[174.4976,-36.2537],[174.4979,-36.2546],[174.5003,-36.2559],[174.4984,-36.2531],[174.4982,-36.2532],[174.4995,-36.2555],[174.4976,-36.2537]]]}},{"type":"Feature","properties":{},"geometry":{"type":"Polygon","coordinates":[[[174.4987,-36.2529],[174.4998,-36.2528],[174.5006,-36.2517],[174.4987,-36.2529]]]}},{"type":"Feature","properties":{},"geometry":{"type":"Polygon","coordinates":[[[174.5011,-36.2513],[174.5058,-36.2506],[174.5058,-36.2504],[174.5047,-36.2498],[174.5041,-36.2497],[174.5045,-36.2496],[174.5041,-36.2494],[174.5011,-36.2513]]]}},{"type":"Feature","properties":{},"geometry":{"type":"Polygon","coordinates":[[[174.3971,-36.5688],[174.4014,-36.5761],[174.4023,-36.5706],[174.4006,-36.5661],[174.3985,-36.5664],[174.3971,-36.5688]]]}},{"type":"Feature","properties":{},"geometry":{"type":"Polygon","coordinates":[[[174.4091,-36.5841],[174.4104,-36.5852],[174.4098,-36.5835],[174.4091,-36.5841]]]}},{"type":"Feature","properties":{},"geometry":{"type":"Polygon","coordinates":[[[174.4184,-36.5662],[174.4184,-36.567],[174.4382,-36.5657],[174.4489,-36.5677],[174.4513,-36.5688],[174.4544,-36.5682],[174.4561,-36.5699],[174.4622,-36.5695],[174.4651,-36.5709],[174.4643,-36.5708],[174.4641,-36.5714],[174.465,-36.5724],[174.4651,-36.5719],[174.4663,-36.5721],[174.4667,-36.5745],[174.4674,-36.5721],[174.4655,-36.5698],[174.4668,-36.569],[174.4662,-36.5688],[174.4665,-36.5673],[174.465,-36.5643],[174.4628,-36.564],[174.4609,-36.5581],[174.4622,-36.557],[174.4634,-36.5538],[174.4648,-36.5536],[174.4684,-36.5546],[174.4692,-36.5536],[174.4703,-36.5555],[174.4709,-36.5552],[174.4706,-36.555],[174.4709,-36.5541],[174.4707,-36.5537],[174.4694,-36.5531],[174.4686,-36.5512],[174.4675,-36.5512],[174.468,-36.5492],[174.4678,-36.5491],[174.4653,-36.5479],[174.4664,-36.5493],[174.4649,-36.5502],[174.4635,-36.5481],[174.4627,-36.5486],[174.4605,-36.5517],[174.4618,-36.556],[174.4523,-36.5649],[174.4494,-36.5627],[174.4492,-36.5552],[174.4475,-36.5536],[174.445,-36.554],[174.4436,-36.5593],[174.4427,-36.5569],[174.442,-36.5587],[174.4372,-36.56],[174.4329,-36.5593],[174.4254,-36.5608],[174.4242,-36.5597],[174.4237,-36.5625],[174.4203,-36.5636],[174.4195,-36.5661],[174.4184,-36.5662]],[[174.4204,-36.5666],[174.4204,-36.5664],[174.4206,-36.5664],[174.4206,-36.5666],[174.4204,-36.5666]],[[174.4366,-36.5605],[174.4368,-36.5603],[174.4368,-36.5605],[174.4366,-36.5605]],[[174.4377,-36.5603],[174.4377,-36.5602],[174.4382,-36.5602],[174.4382,-36.5603],[174.4377,-36.5603]],[[174.4397,-36.5598],[174.4399,-36.5597],[174.4399,-36.5598],[174.4397,-36.5598]],[[174.4436,-36.5618],[174.4438,-36.5616],[174.4438,-36.5618],[174.4436,-36.5618]],[[174.4443,-36.5601],[174.4443,-36.5598],[174.4445,-36.5598],[174.4445,-36.5601],[174.4443,-36.5601]],[[174.4445,-36.5609],[174.4445,-36.5607],[174.4447,-36.5607],[174.4447,-36.5609],[174.4445,-36.5609]],[[174.4462,-36.5639],[174.4462,-36.5638],[174.4464,-36.5638],[174.4464,-36.5639],[174.4462,-36.5639]],[[174.4501,-36.5654],[174.4503,-36.565],[174.4506,-36.5654],[174.4501,-36.5654]],[[174.4534,-36.5662],[174.4534,-36.5661],[174.4535,-36.5661],[174.4535,-36.5662],[174.4534,-36.5662]],[[174.4544,-36.5653],[174.4544,-36.5651],[174.4546,-36.5651],[174.4546,-36.5653],[174.4544,-36.5653]],[[174.4663,-36.5507],[174.4667,-36.5506],[174.4665,-36.5509],[174.4663,-36.5507]],[[174.4672,-36.5499],[174.4672,-36.5498],[174.4675,-36.5498],[174.4675,-36.5499],[174.4672,-36.5499]],[[174.4684,-36.5532],[174.4687,-36.5531],[174.4687,-36.5533],[174.4684,-36.5532]]]}},{"type":"Feature","properties":{},"geometry":{"type":"Polygon","coordinates":[[[174.3928,-36.3907],[174.3929,-36.393],[174.3982,-36.3973],[174.4072,-36.4009],[174.4099,-36.4002],[174.4136,-36.4028],[174.4214,-36.4012],[174.4238,-36.3966],[174.4236,-36.3996],[174.4216,-36.4017],[174.4143,-36.4041],[174.4125,-36.41],[174.4165,-36.4128],[174.4186,-36.4129],[174.4177,-36.4167],[174.4211,-36.419],[174.4241,-36.4195],[174.427,-36.417],[174.4276,-36.4177],[174.4253,-36.4229],[174.4287,-36.4244],[174.4287,-36.4245],[174.4288,-36.4242],[174.4327,-36.423],[174.4331,-36.422],[174.4354,-36.422],[174.4325,-36.4234],[174.4289,-36.4274],[174.4289,-36.4272],[174.4289,-36.4279],[174.439,-36.4256],[174.4414,-36.4236],[174.4399,-36.4275],[174.4303,-36.431],[174.4249,-36.4379],[174.4167,-36.4402],[174.4159,-36.4419],[174.4184,-36.4448],[174.4168,-36.4448],[174.4167,-36.4448],[174.4165,-36.4447],[174.4165,-36.4448],[174.4162,-36.4448],[174.4137,-36.4464],[174.4139,-36.4463],[174.4129,-36.4472],[174.413,-36.4469],[174.4129,-36.447],[174.4127,-36.4473],[174.4127,-36.4474],[174.4126,-36.4474],[174.4125,-36.4476],[174.4126,-36.4476],[174.4125,-36.4477],[174.4105,-36.4514],[174.4105,-36.4515],[174.4104,-36.4515],[174.4098,-36.4526],[174.4098,-36.4531],[174.4098,-36.4535],[174.4097,-36.4546],[174.4098,-36.4547],[174.4098,-36.4546],[174.41,-36.4546],[174.41,-36.4547],[174.4099,-36.4547],[174.4124,-36.4562],[174.4108,-36.463],[174.4132,-36.4637],[174.4122,-36.4678],[174.4098,-36.4684],[174.4069,-36.4739],[174.4069,-36.4778],[174.4095,-36.4855],[174.4166,-36.4941],[174.421,-36.4954],[174.4191,-36.4926],[174.4161,-36.4907],[174.4115,-36.4802],[174.4124,-36.4775],[174.4156,-36.4773],[174.4158,-36.4773],[174.4158,-36.4772],[174.418,-36.4771],[174.4208,-36.476],[174.4238,-36.4764],[174.425,-36.4756],[174.4245,-36.4756],[174.4246,-36.4754],[174.4247,-36.4754],[174.4247,-36.4753],[174.4246,-36.4753],[174.4255,-36.4731],[174.425,-36.4728],[174.4269,-36.472],[174.4272,-36.4702],[174.4267,-36.4693],[174.4262,-36.4695],[174.4271,-36.4675],[174.4264,-36.4646],[174.4291,-36.459],[174.4283,-36.4585],[174.4291,-36.4581],[174.43,-36.454],[174.4322,-36.4524],[174.432,-36.4509],[174.4332,-36.45],[174.4318,-36.4453],[174.4319,-36.4454],[174.4319,-36.4452],[174.4318,-36.4452],[174.4317,-36.445],[174.431,-36.4371],[174.4298,-36.4367],[174.4296,-36.4377],[174.4288,-36.437],[174.429,-36.4366],[174.4291,-36.4366],[174.4291,-36.4364],[174.4293,-36.4361],[174.4296,-36.4367],[174.4298,-36.436],[174.4294,-36.436],[174.4298,-36.4353],[174.4288,-36.4341],[174.4283,-36.4345],[174.43,-36.4315],[174.4342,-36.4315],[174.437,-36.4325],[174.4402,-36.4308],[174.4404,-36.4319],[174.4385,-36.4333],[174.4389,-36.4344],[174.4375,-36.4348],[174.4366,-36.4331],[174.4365,-36.4358],[174.4401,-36.4363],[174.4406,-36.4348],[174.4419,-36.4341],[174.4412,-36.436],[174.4418,-36.4384],[174.4435,-36.4397],[174.4462,-36.4403],[174.4505,-36.4385],[174.452,-36.4358],[174.4566,-36.437],[174.458,-36.4352],[174.4631,-36.4337],[174.4667,-36.4296],[174.4677,-36.4293],[174.4687,-36.4307],[174.4692,-36.4294],[174.4706,-36.4288],[174.4684,-36.4293],[174.4698,-36.4286],[174.4699,-36.4286],[174.4718,-36.4277],[174.4738,-36.4241],[174.4728,-36.4219],[174.4675,-36.42],[174.4662,-36.4168],[174.4679,-36.4146],[174.4709,-36.4143],[174.4718,-36.415],[174.4718,-36.4186],[174.4745,-36.4213],[174.4761,-36.4216],[174.4767,-36.4202],[174.4764,-36.4175],[174.4793,-36.4172],[174.4764,-36.4172],[174.4762,-36.4212],[174.4754,-36.4213],[174.4721,-36.4183],[174.4721,-36.4175],[174.4732,-36.4174],[174.472,-36.4169],[174.4723,-36.415],[174.4716,-36.4142],[174.4672,-36.4142],[174.4653,-36.4182],[174.4679,-36.4209],[174.4726,-36.4231],[174.473,-36.4245],[174.4713,-36.4268],[174.4663,-36.4288],[174.4639,-36.432],[174.4583,-36.4338],[174.4563,-36.4359],[174.4517,-36.4344],[174.4501,-36.4352],[174.4491,-36.4377],[174.4462,-36.4375],[174.4445,-36.4384],[174.4435,-36.4377],[174.4433,-36.4366],[174.4447,-36.4355],[174.4448,-36.4331],[174.4462,-36.432],[174.4477,-36.4281],[174.447,-36.425],[174.4436,-36.4227],[174.4455,-36.4211],[174.4457,-36.4228],[174.4465,-36.4226],[174.4496,-36.4244],[174.4506,-36.4237],[174.4494,-36.4215],[174.4488,-36.4215],[174.4501,-36.4187],[174.4482,-36.4185],[174.4481,-36.4165],[174.4469,-36.4171],[174.4469,-36.4142],[174.4484,-36.4141],[174.4486,-36.411],[174.4465,-36.4109],[174.446,-36.4103],[174.4459,-36.4098],[174.4458,-36.41],[174.4452,-36.4094],[174.4448,-36.4098],[174.4448,-36.4099],[174.4441,-36.4106],[174.4445,-36.4113],[174.4436,-36.4116],[174.4431,-36.4106],[174.4416,-36.4102],[174.4414,-36.4088],[174.4402,-36.4086],[174.4399,-36.4102],[174.4418,-36.4134],[174.4416,-36.4142],[174.4401,-36.4145],[174.4366,-36.4123],[174.4332,-36.4084],[174.4313,-36.4042],[174.4289,-36.4021],[174.4271,-36.4016],[174.4261,-36.3992],[174.4271,-36.398],[174.4242,-36.3954],[174.425,-36.3911],[174.4274,-36.3875],[174.432,-36.3874],[174.4349,-36.3853],[174.4344,-36.3834],[174.4401,-36.3804],[174.4416,-36.3812],[174.4416,-36.3833],[174.443,-36.3842],[174.4419,-36.3827],[174.4424,-36.3827],[174.4424,-36.3801],[174.4455,-36.3808],[174.447,-36.38],[174.4467,-36.3785],[174.4522,-36.377],[174.4527,-36.3761],[174.4457,-36.3778],[174.4457,-36.3793],[174.4448,-36.3793],[174.4435,-36.3772],[174.4416,-36.3778],[174.4395,-36.3772],[174.4392,-36.3759],[174.4401,-36.3752],[174.4344,-36.3739],[174.4312,-36.3713],[174.4282,-36.372],[174.4281,-36.3722],[174.4218,-36.3763],[174.4177,-36.3816],[174.4029,-36.3867],[174.4019,-36.3887],[174.4045,-36.3927],[174.408,-36.3888],[174.4117,-36.3883],[174.4066,-36.3928],[174.4034,-36.3928],[174.4,-36.3887],[174.3949,-36.389],[174.3928,-36.3907]],[[174.3962,-36.3933],[174.3965,-36.393],[174.3964,-36.3933],[174.3962,-36.3933]],[[174.3965,-36.3936],[174.3965,-36.3934],[174.3967,-36.3934],[174.3967,-36.3936],[174.3965,-36.3936]],[[174.3967,-36.3932],[174.3967,-36.393],[174.3969,-36.393],[174.3969,-36.3932],[174.3967,-36.3932]],[[174.3969,-36.3944],[174.3969,-36.3943],[174.397,-36.3943],[174.397,-36.3944],[174.3969,-36.3944]],[[174.397,-36.3936],[174.397,-36.3934],[174.3974,-36.3934],[174.3974,-36.3936],[174.397,-36.3936]],[[174.3976,-36.3944],[174.3976,-36.3941],[174.3977,-36.3941],[174.3977,-36.3944],[174.3976,-36.3944]],[[174.3977,-36.3937],[174.3977,-36.3936],[174.3979,-36.3936],[174.3979,-36.3937],[174.3977,-36.3937]],[[174.4001,-36.3939],[174.4006,-36.3936],[174.4005,-36.3939],[174.4001,-36.3939]],[[174.4075,-36.3871],[174.4075,-36.3867],[174.4076,-36.3867],[174.4076,-36.3871],[174.4075,-36.3871]],[[174.408,-36.3874],[174.4083,-36.3873],[174.4081,-36.3875],[174.408,-36.3874]],[[174.41,-36.4528],[174.4102,-36.4521],[174.4104,-36.4525],[174.41,-36.4528]],[[174.4107,-36.4548],[174.411,-36.4548],[174.411,-36.455],[174.4107,-36.4548]],[[174.4112,-36.4618],[174.4114,-36.4617],[174.4114,-36.4618],[174.4112,-36.4618]],[[174.4112,-36.4551],[174.4112,-36.455],[174.4114,-36.455],[174.4114,-36.4551],[174.4112,-36.4551]],[[174.4114,-36.4616],[174.4114,-36.4614],[174.4115,-36.4614],[174.4114,-36.4616]],[[174.4114,-36.4613],[174.4114,-36.461],[174.4115,-36.461],[174.4115,-36.4613],[174.4114,-36.4613]],[[174.4115,-36.4607],[174.4115,-36.4603],[174.4117,-36.4603],[174.4115,-36.4607]],[[174.4117,-36.4599],[174.4117,-36.4597],[174.4119,-36.4597],[174.4117,-36.4599]],[[174.4117,-36.4553],[174.4117,-36.4551],[174.4119,-36.4551],[174.4119,-36.4553],[174.4117,-36.4553]],[[174.4119,-36.4592],[174.4119,-36.4591],[174.4121,-36.4591],[174.4121,-36.4592],[174.4119,-36.4592]],[[174.4119,-36.459],[174.4121,-36.4588],[174.4121,-36.459],[174.4119,-36.459]],[[174.4121,-36.4555],[174.4121,-36.4554],[174.4122,-36.4554],[174.4122,-36.4555],[174.4121,-36.4555]],[[174.4122,-36.4579],[174.4122,-36.4577],[174.4124,-36.4577],[174.4124,-36.4579],[174.4122,-36.4579]],[[174.4122,-36.4576],[174.4122,-36.4574],[174.4124,-36.4574],[174.4124,-36.4576],[174.4122,-36.4576]],[[174.4122,-36.4559],[174.4122,-36.4558],[174.4124,-36.4558],[174.4124,-36.4559],[174.4122,-36.4559]],[[174.4124,-36.4628],[174.4124,-36.4627],[174.4126,-36.4627],[174.4126,-36.4628],[174.4124,-36.4628]],[[174.4124,-36.457],[174.4124,-36.4565],[174.4126,-36.4565],[174.4126,-36.457],[174.4124,-36.457]],[[174.4129,-36.4627],[174.4129,-36.4625],[174.4131,-36.4625],[174.4131,-36.4627],[174.4129,-36.4627]],[[174.4136,-36.4625],[174.4136,-36.4624],[174.4138,-36.4624],[174.4138,-36.4625],[174.4136,-36.4625]],[[174.4143,-36.4624],[174.4143,-36.4623],[174.4144,-36.4623],[174.4144,-36.4624],[174.4143,-36.4624]],[[174.4156,-36.4625],[174.4156,-36.4624],[174.4158,-36.4624],[174.4158,-36.4625],[174.4156,-36.4625]],[[174.416,-36.4629],[174.416,-36.4628],[174.4161,-36.4628],[174.4161,-36.4629],[174.416,-36.4629]],[[174.4165,-36.4633],[174.4165,-36.4632],[174.4167,-36.4632],[174.4167,-36.4633],[174.4165,-36.4633]],[[174.417,-36.4636],[174.417,-36.4635],[174.4172,-36.4635],[174.4172,-36.4636],[174.417,-36.4636]],[[174.417,-36.4539],[174.417,-36.4537],[174.4172,-36.4539],[174.417,-36.4539]],[[174.4172,-36.4532],[174.4173,-36.4532],[174.4173,-36.4533],[174.4172,-36.4532]],[[174.4179,-36.4639],[174.4179,-36.4638],[174.418,-36.4638],[174.418,-36.4639],[174.4179,-36.4639]],[[174.4182,-36.4638],[174.4182,-36.4636],[174.4184,-36.4636],[174.4184,-36.4638],[174.4182,-36.4638]],[[174.4184,-36.4452],[174.4185,-36.4452],[174.4185,-36.4454],[174.4184,-36.4452]],[[174.4187,-36.4636],[174.4191,-36.4635],[174.4192,-36.4638],[174.4187,-36.4636]],[[174.4189,-36.4461],[174.4191,-36.4461],[174.4191,-36.4462],[174.4189,-36.4461]],[[174.4192,-36.4469],[174.4192,-36.4467],[174.4194,-36.4467],[174.4194,-36.4469],[174.4192,-36.4469]],[[174.4194,-36.4473],[174.4194,-36.4472],[174.4196,-36.4472],[174.4196,-36.4473],[174.4194,-36.4473]],[[174.4196,-36.464],[174.4197,-36.4639],[174.4199,-36.4642],[174.4196,-36.464]],[[174.4196,-36.4476],[174.4197,-36.4476],[174.4197,-36.448],[174.4196,-36.4476]],[[174.4201,-36.4422],[174.4201,-36.4421],[174.4203,-36.4421],[174.4203,-36.4422],[174.4201,-36.4422]],[[174.4203,-36.4643],[174.4206,-36.4644],[174.4206,-36.4646],[174.4203,-36.4643]],[[174.4203,-36.4477],[174.4206,-36.4476],[174.4204,-36.4478],[174.4203,-36.4477]],[[174.4206,-36.4455],[174.4206,-36.4452],[174.4208,-36.4455],[174.4206,-36.4455]],[[174.4208,-36.4474],[174.4209,-36.4474],[174.4209,-36.4476],[174.4208,-36.4474]],[[174.4208,-36.4461],[174.4208,-36.4459],[174.4209,-36.4459],[174.4209,-36.4461],[174.4208,-36.4461]],[[174.4208,-36.4419],[174.4208,-36.4418],[174.4209,-36.4418],[174.4208,-36.4419]],[[174.4211,-36.4651],[174.4211,-36.465],[174.4213,-36.465],[174.4213,-36.4651],[174.4211,-36.4651]],[[174.4213,-36.4758],[174.4213,-36.4757],[174.4216,-36.4757],[174.4216,-36.4758],[174.4213,-36.4758]],[[174.4213,-36.4654],[174.4213,-36.4653],[174.4214,-36.4653],[174.4214,-36.4654],[174.4213,-36.4654]],[[174.4213,-36.4473],[174.4213,-36.4472],[174.4214,-36.4472],[174.4214,-36.4473],[174.4213,-36.4473]],[[174.4214,-36.4417],[174.4214,-36.4415],[174.4216,-36.4415],[174.4214,-36.4417]],[[174.4216,-36.4743],[174.4216,-36.4742],[174.4218,-36.4742],[174.4218,-36.4743],[174.4216,-36.4743]],[[174.4218,-36.4661],[174.4218,-36.466],[174.422,-36.4661],[174.4218,-36.4661]],[[174.4218,-36.447],[174.4218,-36.4469],[174.422,-36.4469],[174.422,-36.447],[174.4218,-36.447]],[[174.422,-36.4664],[174.422,-36.4662],[174.4221,-36.4664],[174.422,-36.4664]],[[174.4221,-36.4666],[174.4223,-36.4666],[174.4223,-36.4668],[174.4221,-36.4666]],[[174.4221,-36.4472],[174.4221,-36.447],[174.4223,-36.447],[174.4223,-36.4472],[174.4221,-36.4472]],[[174.4223,-36.4671],[174.4223,-36.4669],[174.4225,-36.4669],[174.4225,-36.4671],[174.4223,-36.4671]],[[174.4225,-36.4673],[174.4226,-36.4673],[174.4226,-36.4675],[174.4225,-36.4673]],[[174.4225,-36.3934],[174.4225,-36.3933],[174.4226,-36.3934],[174.4225,-36.3934]],[[174.4226,-36.4691],[174.4226,-36.4686],[174.4228,-36.4686],[174.4228,-36.4691],[174.4226,-36.4691]],[[174.4228,-36.4716],[174.4228,-36.4714],[174.423,-36.4714],[174.423,-36.4716],[174.4228,-36.4716]],[[174.4228,-36.4693],[174.4232,-36.4694],[174.4233,-36.4697],[174.4228,-36.4693]],[[174.4228,-36.4476],[174.4228,-36.4474],[174.4232,-36.4474],[174.4232,-36.4476],[174.4228,-36.4476]],[[174.4233,-36.4408],[174.4233,-36.4407],[174.4235,-36.4407],[174.4235,-36.4408],[174.4233,-36.4408]],[[174.4235,-36.4719],[174.4237,-36.4719],[174.4237,-36.472],[174.4235,-36.4719]],[[174.4235,-36.4478],[174.4237,-36.4477],[174.4242,-36.4482],[174.4235,-36.4478]],[[174.4237,-36.4407],[174.4238,-36.4406],[174.4238,-36.4407],[174.4237,-36.4407]],[[174.424,-36.4723],[174.424,-36.4721],[174.4242,-36.4721],[174.4242,-36.4723],[174.424,-36.4723]],[[174.424,-36.4454],[174.424,-36.4452],[174.4242,-36.4452],[174.4242,-36.4454],[174.424,-36.4454]],[[174.424,-36.4406],[174.424,-36.4404],[174.4242,-36.4404],[174.4242,-36.4406],[174.424,-36.4406]],[[174.4243,-36.4404],[174.4243,-36.4403],[174.4245,-36.4403],[174.4245,-36.4404],[174.4243,-36.4404]],[[174.4245,-36.4724],[174.4247,-36.4724],[174.4247,-36.4725],[174.4245,-36.4724]],[[174.4247,-36.4455],[174.4247,-36.4454],[174.4249,-36.4454],[174.4249,-36.4455],[174.4247,-36.4455]],[[174.425,-36.4401],[174.4252,-36.44],[174.4252,-36.4401],[174.425,-36.4401]],[[174.4254,-36.44],[174.4254,-36.4399],[174.4255,-36.4399],[174.4255,-36.44],[174.4254,-36.44]],[[174.4257,-36.4399],[174.4257,-36.4397],[174.4259,-36.4397],[174.4259,-36.4399],[174.4257,-36.4399]],[[174.4259,-36.4493],[174.4259,-36.4492],[174.4266,-36.4492],[174.4266,-36.4493],[174.4259,-36.4493]],[[174.4259,-36.4458],[174.4259,-36.4456],[174.4261,-36.4456],[174.4261,-36.4458],[174.4259,-36.4458]],[[174.4264,-36.4459],[174.4264,-36.4458],[174.4266,-36.4458],[174.4266,-36.4459],[174.4264,-36.4459]],[[174.4274,-36.4458],[174.4274,-36.4456],[174.4276,-36.4456],[174.4276,-36.4458],[174.4274,-36.4458]],[[174.4278,-36.4588],[174.4279,-36.4587],[174.4279,-36.4588],[174.4278,-36.4588]],[[174.4278,-36.4456],[174.4278,-36.4455],[174.4279,-36.4455],[174.4279,-36.4456],[174.4278,-36.4456]],[[174.4278,-36.439],[174.4278,-36.4389],[174.4279,-36.4389],[174.4278,-36.439]],[[174.4283,-36.4388],[174.4283,-36.4386],[174.4284,-36.4386],[174.4284,-36.4388],[174.4283,-36.4388]],[[174.4286,-36.4386],[174.4286,-36.4385],[174.4288,-36.4385],[174.4288,-36.4386],[174.4286,-36.4386]],[[174.4286,-36.4358],[174.4286,-36.4356],[174.4288,-36.4356],[174.4288,-36.4358],[174.4286,-36.4358]],[[174.4286,-36.4355],[174.4286,-36.4353],[174.4288,-36.4353],[174.4288,-36.4355],[174.4286,-36.4355]],[[174.4289,-36.4385],[174.4289,-36.4384],[174.4291,-36.4384],[174.4291,-36.4385],[174.4289,-36.4385]],[[174.4293,-36.445],[174.4293,-36.4448],[174.4295,-36.4448],[174.4295,-36.445],[174.4293,-36.445]],[[174.4296,-36.3797],[174.4296,-36.3796],[174.4298,-36.3796],[174.4298,-36.3797],[174.4296,-36.3797]],[[174.4296,-36.3794],[174.4296,-36.3792],[174.4298,-36.3792],[174.4298,-36.3794],[174.4296,-36.3794]],[[174.4298,-36.4371],[174.4298,-36.437],[174.43,-36.437],[174.43,-36.4371],[174.4298,-36.4371]],[[174.4298,-36.3789],[174.4298,-36.3787],[174.43,-36.3786],[174.43,-36.3787],[174.4298,-36.3789]],[[174.43,-36.3776],[174.4302,-36.3775],[174.4302,-36.3776],[174.43,-36.3776]],[[174.4302,-36.4492],[174.4302,-36.4491],[174.4303,-36.4491],[174.4303,-36.4492],[174.4302,-36.4492]],[[174.4303,-36.4158],[174.4303,-36.4157],[174.4305,-36.4157],[174.4305,-36.4158],[174.4303,-36.4158]],[[174.4303,-36.3808],[174.4305,-36.3808],[174.4305,-36.3809],[174.4303,-36.3808]],[[174.4305,-36.4375],[174.4305,-36.4374],[174.4307,-36.4374],[174.4307,-36.4375],[174.4305,-36.4375]],[[174.4307,-36.3767],[174.4307,-36.3765],[174.4308,-36.3765],[174.4307,-36.3767]],[[174.4308,-36.4522],[174.4308,-36.452],[174.431,-36.452],[174.431,-36.4522],[174.4308,-36.4522]],[[174.4308,-36.3764],[174.4308,-36.3763],[174.431,-36.3763],[174.431,-36.3764],[174.4308,-36.3764]],[[174.431,-36.4525],[174.431,-36.4524],[174.4312,-36.4525],[174.431,-36.4525]],[[174.431,-36.4518],[174.431,-36.4517],[174.4312,-36.4517],[174.431,-36.4518]],[[174.431,-36.4495],[174.431,-36.4493],[174.4312,-36.4493],[174.4312,-36.4495],[174.431,-36.4495]],[[174.431,-36.4458],[174.431,-36.4456],[174.4312,-36.4456],[174.4312,-36.4458],[174.431,-36.4458]],[[174.431,-36.3761],[174.4312,-36.376],[174.4312,-36.3761],[174.431,-36.3761]],[[174.4312,-36.4515],[174.4312,-36.4514],[174.4313,-36.4514],[174.4312,-36.4515]],[[174.4313,-36.4511],[174.4313,-36.451],[174.4315,-36.451],[174.4315,-36.4511],[174.4313,-36.4511]],[[174.4313,-36.4227],[174.4315,-36.4226],[174.4315,-36.4227],[174.4313,-36.4227]],[[174.4315,-36.4509],[174.4315,-36.4506],[174.4317,-36.4506],[174.4317,-36.4509],[174.4315,-36.4509]],[[174.4315,-36.4179],[174.4315,-36.4176],[174.4319,-36.418],[174.4315,-36.4179]],[[174.4315,-36.3757],[174.4315,-36.3756],[174.4317,-36.3756],[174.4315,-36.3757]],[[174.4317,-36.4503],[174.4319,-36.4502],[174.4319,-36.4503],[174.4317,-36.4503]],[[174.4317,-36.4202],[174.4317,-36.42],[174.4319,-36.42],[174.4319,-36.4202],[174.4317,-36.4202]],[[174.4317,-36.4197],[174.432,-36.4195],[174.4319,-36.4198],[174.4317,-36.4197]],[[174.4319,-36.4496],[174.432,-36.4496],[174.432,-36.4498],[174.4319,-36.4496]],[[174.4319,-36.4211],[174.4319,-36.4209],[174.432,-36.4209],[174.432,-36.4211],[174.4319,-36.4211]],[[174.432,-36.4185],[174.4322,-36.4183],[174.4324,-36.4187],[174.432,-36.4185]],[[174.4324,-36.4194],[174.4324,-36.4189],[174.4325,-36.4189],[174.4324,-36.4194]],[[174.4329,-36.4499],[174.4329,-36.4498],[174.4331,-36.4498],[174.4331,-36.4499],[174.4329,-36.4499]],[[174.4329,-36.4216],[174.4331,-36.4216],[174.4331,-36.4218],[174.4329,-36.4216]],[[174.4334,-36.4106],[174.4336,-36.4105],[174.4336,-36.4106],[174.4334,-36.4106]],[[174.4337,-36.4105],[174.4337,-36.4103],[174.4339,-36.4103],[174.4339,-36.4105],[174.4337,-36.4105]],[[174.4344,-36.3818],[174.4344,-36.3816],[174.4346,-36.3816],[174.4344,-36.3818]],[[174.4351,-36.3812],[174.4353,-36.3811],[174.4353,-36.3812],[174.4351,-36.3812]],[[174.4358,-36.4242],[174.4358,-36.4241],[174.4361,-36.4242],[174.4358,-36.4242]],[[174.4361,-36.4156],[174.4361,-36.4154],[174.4363,-36.4154],[174.4363,-36.4156],[174.4361,-36.4156]],[[174.4365,-36.4244],[174.4365,-36.4242],[174.4368,-36.4242],[174.4368,-36.4244],[174.4365,-36.4244]],[[174.4368,-36.4178],[174.437,-36.4176],[174.4373,-36.418],[174.4368,-36.4178]],[[174.437,-36.4175],[174.4373,-36.4172],[174.4371,-36.4175],[174.437,-36.4175]],[[174.4371,-36.3789],[174.4371,-36.3787],[174.4375,-36.3789],[174.4371,-36.3789]],[[174.4375,-36.4174],[174.4375,-36.4172],[174.4377,-36.4172],[174.4377,-36.4174],[174.4375,-36.4174]],[[174.4378,-36.43],[174.4378,-36.4298],[174.438,-36.4298],[174.438,-36.43],[174.4378,-36.43]],[[174.438,-36.4239],[174.4382,-36.4238],[174.4382,-36.4239],[174.438,-36.4239]],[[174.438,-36.4228],[174.438,-36.4227],[174.4382,-36.4227],[174.4382,-36.4228],[174.438,-36.4228]],[[174.438,-36.4222],[174.438,-36.422],[174.4382,-36.422],[174.4382,-36.4222],[174.438,-36.4222]],[[174.4382,-36.4234],[174.4382,-36.4231],[174.4383,-36.4234],[174.4382,-36.4234]],[[174.4387,-36.4215],[174.4387,-36.4213],[174.4389,-36.4213],[174.4389,-36.4215],[174.4387,-36.4215]],[[174.4392,-36.4292],[174.4395,-36.4289],[174.4394,-36.4292],[174.4392,-36.4292]],[[174.4392,-36.4209],[174.4401,-36.4202],[174.4402,-36.4204],[174.4392,-36.4209]],[[174.4412,-36.4152],[174.4412,-36.415],[174.4414,-36.415],[174.4414,-36.4152],[174.4412,-36.4152]],[[174.4414,-36.4158],[174.4419,-36.4157],[174.4418,-36.4163],[174.4414,-36.4158]],[[174.4423,-36.434],[174.4424,-36.4338],[174.4424,-36.434],[174.4423,-36.434]],[[174.4428,-36.4338],[174.4435,-36.4333],[174.443,-36.4338],[174.4428,-36.4338]],[[174.4436,-36.4253],[174.4438,-36.425],[174.4441,-36.4255],[174.4436,-36.4253]],[[174.4441,-36.432],[174.4443,-36.4319],[174.4443,-36.432],[174.4441,-36.432]],[[174.4443,-36.4318],[174.4443,-36.4316],[174.4445,-36.4316],[174.4443,-36.4318]],[[174.4445,-36.4314],[174.4445,-36.4312],[174.4447,-36.4312],[174.4447,-36.4314],[174.4445,-36.4314]],[[174.4447,-36.4308],[174.4447,-36.4307],[174.4448,-36.4307],[174.4448,-36.4308],[174.4447,-36.4308]],[[174.4448,-36.4304],[174.4448,-36.4303],[174.445,-36.4303],[174.4448,-36.4304]],[[174.445,-36.43],[174.445,-36.4298],[174.4452,-36.4298],[174.445,-36.43]],[[174.445,-36.4268],[174.4462,-36.4263],[174.446,-36.4268],[174.445,-36.4268]],[[174.4452,-36.4294],[174.4453,-36.4293],[174.4453,-36.4294],[174.4452,-36.4294]],[[174.4459,-36.4257],[174.446,-36.4256],[174.4462,-36.4259],[174.4459,-36.4257]],[[174.4462,-36.4271],[174.4462,-36.427],[174.4464,-36.427],[174.4464,-36.4271],[174.4462,-36.4271]],[[174.447,-36.4136],[174.447,-36.4134],[174.4472,-36.4134],[174.4472,-36.4136],[174.447,-36.4136]],[[174.4481,-36.4136],[174.4481,-36.4135],[174.4482,-36.4135],[174.4482,-36.4136],[174.4481,-36.4136]]]}},{"type":"Feature","properties":{},"geometry":{"type":"Polygon","coordinates":[[[174.4157,-36.3573],[174.4157,-36.3577],[174.4183,-36.3581],[174.4196,-36.3591],[174.4192,-36.3585],[174.4197,-36.3585],[174.4157,-36.3573]]]}},{"type":"Feature","properties":{},"geometry":{"type":"Polygon","coordinates":[[[174.4191,-36.3638],[174.4196,-36.3667],[174.4199,-36.3657],[174.4191,-36.3637],[174.4191,-36.3638]]]}},{"type":"Feature","properties":{},"geometry":{"type":"Polygon","coordinates":[[[174.4196,-36.3668],[174.4197,-36.3671],[174.4223,-36.3687],[174.422,-36.37],[174.4225,-36.3687],[174.4196,-36.3668]]]}},{"type":"Feature","properties":{},"geometry":{"type":"Polygon","coordinates":[[[174.4205,-36.3598],[174.4239,-36.3624],[174.4243,-36.3624],[174.4218,-36.3602],[174.4205,-36.3598]]]}},{"type":"Feature","properties":{},"geometry":{"type":"Polygon","coordinates":[[[174.4213,-36.4955],[174.4215,-36.4955],[174.4248,-36.4945],[174.4255,-36.4974],[174.4238,-36.5015],[174.4242,-36.5034],[174.4277,-36.5043],[174.4281,-36.5052],[174.4283,-36.5052],[174.4283,-36.5053],[174.4282,-36.5053],[174.4313,-36.511],[174.4272,-36.5123],[174.4273,-36.5221],[174.4349,-36.517],[174.4353,-36.5165],[174.4331,-36.5166],[174.4327,-36.5156],[174.4342,-36.5165],[174.4344,-36.5143],[174.4354,-36.5138],[174.436,-36.5125],[174.4365,-36.5137],[174.4373,-36.5136],[174.4368,-36.5132],[174.4419,-36.5118],[174.4407,-36.5108],[174.4428,-36.5107],[174.4428,-36.5108],[174.443,-36.5108],[174.443,-36.5107],[174.4438,-36.5107],[174.4436,-36.51],[174.4448,-36.5106],[174.4472,-36.5096],[174.4472,-36.5097],[174.4474,-36.5096],[174.4472,-36.5096],[174.4476,-36.5095],[174.4474,-36.5102],[174.4486,-36.5107],[174.4491,-36.5093],[174.4488,-36.5093],[174.4489,-36.5089],[174.4492,-36.5092],[174.4494,-36.5086],[174.4496,-36.5085],[174.4498,-36.5085],[174.4498,-36.5084],[174.4497,-36.5084],[174.4518,-36.5066],[174.452,-36.5078],[174.4532,-36.5074],[174.454,-36.5081],[174.4546,-36.5071],[174.4587,-36.5074],[174.4552,-36.5067],[174.4525,-36.5073],[174.4535,-36.507],[174.4542,-36.5052],[174.4544,-36.5052],[174.4542,-36.5051],[174.4547,-36.5038],[174.4534,-36.503],[174.4535,-36.503],[174.4535,-36.5029],[174.4534,-36.5029],[174.4534,-36.503],[174.4503,-36.5011],[174.4499,-36.4996],[174.4486,-36.4985],[174.4489,-36.4977],[174.447,-36.4979],[174.4471,-36.4978],[174.4472,-36.4978],[174.4472,-36.4977],[174.4477,-36.497],[174.4461,-36.4961],[174.4462,-36.4961],[174.4462,-36.496],[174.446,-36.496],[174.446,-36.4961],[174.4459,-36.496],[174.447,-36.4935],[174.4438,-36.4919],[174.4459,-36.4913],[174.4401,-36.4913],[174.4339,-36.4953],[174.4322,-36.4941],[174.4317,-36.4924],[174.4272,-36.4924],[174.4213,-36.4955]],[[174.425,-36.5022],[174.425,-36.502],[174.4252,-36.502],[174.4252,-36.5022],[174.425,-36.5022]],[[174.425,-36.5011],[174.4252,-36.5007],[174.4252,-36.5011],[174.425,-36.5011]],[[174.4252,-36.5025],[174.4252,-36.5023],[174.4254,-36.5023],[174.4254,-36.5025],[174.4252,-36.5025]],[[174.4252,-36.5004],[174.4252,-36.5001],[174.4254,-36.5],[174.4252,-36.5004]],[[174.4254,-36.5027],[174.4254,-36.5026],[174.4255,-36.5026],[174.4255,-36.5027],[174.4254,-36.5027]],[[174.4254,-36.4997],[174.4254,-36.4995],[174.4255,-36.4995],[174.4255,-36.4997],[174.4254,-36.4997]],[[174.4254,-36.4956],[174.4254,-36.4952],[174.4255,-36.4952],[174.4255,-36.4956],[174.4254,-36.4956]],[[174.4254,-36.4951],[174.4254,-36.4949],[174.4255,-36.4949],[174.4255,-36.4951],[174.4254,-36.4951]],[[174.4255,-36.503],[174.4255,-36.5029],[174.4257,-36.5029],[174.4257,-36.503],[174.4255,-36.503]],[[174.4255,-36.499],[174.4255,-36.4988],[174.4257,-36.4988],[174.4255,-36.499]],[[174.4255,-36.4964],[174.4255,-36.4963],[174.4257,-36.4963],[174.4257,-36.4964],[174.4255,-36.4964]],[[174.4257,-36.5033],[174.4257,-36.5031],[174.4259,-36.5031],[174.4259,-36.5033],[174.4257,-36.5033]],[[174.4259,-36.5036],[174.4259,-36.5034],[174.4261,-36.5034],[174.4261,-36.5036],[174.4259,-36.5036]],[[174.4259,-36.4949],[174.4259,-36.4948],[174.4261,-36.4948],[174.4259,-36.4949]],[[174.4262,-36.4948],[174.4262,-36.4946],[174.4264,-36.4946],[174.4264,-36.4948],[174.4262,-36.4948]],[[174.4278,-36.5174],[174.4278,-36.5173],[174.4279,-36.5173],[174.4279,-36.5174],[174.4278,-36.5174]],[[174.4279,-36.5177],[174.4279,-36.5176],[174.4281,-36.5177],[174.4279,-36.5177]],[[174.4279,-36.5128],[174.4279,-36.5126],[174.4281,-36.5126],[174.4279,-36.5128]],[[174.4279,-36.4927],[174.4279,-36.4926],[174.4281,-36.4926],[174.4279,-36.4927]],[[174.4283,-36.5165],[174.4283,-36.516],[174.4288,-36.5165],[174.4283,-36.5165]],[[174.4284,-36.518],[174.4284,-36.5178],[174.4286,-36.518],[174.4284,-36.518]],[[174.4284,-36.5056],[174.4286,-36.5056],[174.4286,-36.5058],[174.4284,-36.5056]],[[174.4288,-36.518],[174.4291,-36.518],[174.4296,-36.5185],[174.4288,-36.518]],[[174.4288,-36.4935],[174.4291,-36.4934],[174.4289,-36.4937],[174.4288,-36.4935]],[[174.4296,-36.5188],[174.4296,-36.5186],[174.4298,-36.5188],[174.4296,-36.5188]],[[174.4298,-36.5191],[174.4298,-36.5189],[174.43,-36.5191],[174.4298,-36.5191]],[[174.43,-36.5195],[174.43,-36.5193],[174.4302,-36.5193],[174.4302,-36.5195],[174.43,-36.5195]],[[174.4303,-36.5056],[174.4305,-36.5052],[174.4307,-36.5053],[174.4303,-36.5056]],[[174.4303,-36.4929],[174.4303,-36.4927],[174.4305,-36.4927],[174.4305,-36.4929],[174.4303,-36.4929]],[[174.4305,-36.4937],[174.4307,-36.4935],[174.4307,-36.4938],[174.4305,-36.4937]],[[174.4307,-36.5182],[174.4307,-36.5181],[174.4308,-36.5181],[174.4308,-36.5182],[174.4307,-36.5182]],[[174.4307,-36.4934],[174.4307,-36.4933],[174.4308,-36.4933],[174.4307,-36.4934]],[[174.4308,-36.5052],[174.4308,-36.5051],[174.431,-36.5051],[174.431,-36.5052],[174.4308,-36.5052]],[[174.4312,-36.5137],[174.4312,-36.5136],[174.4313,-36.5136],[174.4313,-36.5137],[174.4312,-36.5137]],[[174.4312,-36.5051],[174.4312,-36.5049],[174.4313,-36.5049],[174.4312,-36.5051]],[[174.4313,-36.5134],[174.4319,-36.5133],[174.4317,-36.5137],[174.4313,-36.5134]],[[174.4317,-36.5125],[174.4322,-36.5125],[174.432,-36.513],[174.4317,-36.5125]],[[174.4317,-36.5049],[174.432,-36.5048],[174.4322,-36.5051],[174.4317,-36.5049]],[[174.4324,-36.5184],[174.4325,-36.5181],[174.4325,-36.5184],[174.4324,-36.5184]],[[174.4324,-36.5052],[174.4325,-36.5052],[174.4327,-36.5055],[174.4324,-36.5052]],[[174.4329,-36.5171],[174.4334,-36.5171],[174.4331,-36.518],[174.4329,-36.5171]],[[174.4329,-36.5059],[174.4331,-36.5058],[174.4332,-36.5062],[174.4329,-36.5059]],[[174.4332,-36.5071],[174.4332,-36.5067],[174.4334,-36.5067],[174.4334,-36.5071],[174.4332,-36.5071]],[[174.4339,-36.5078],[174.4339,-36.5077],[174.4341,-36.5077],[174.4341,-36.5078],[174.4339,-36.5078]],[[174.4339,-36.5036],[174.4341,-36.5036],[174.4341,-36.5037],[174.4339,-36.5036]],[[174.4339,-36.5029],[174.4346,-36.5026],[174.4341,-36.503],[174.4339,-36.5029]],[[174.4342,-36.5078],[174.4344,-36.5077],[174.4344,-36.5078],[174.4342,-36.5078]],[[174.4342,-36.5064],[174.4342,-36.5063],[174.4344,-36.5063],[174.4344,-36.5064],[174.4342,-36.5064]],[[174.4342,-36.5062],[174.4342,-36.506],[174.4344,-36.506],[174.4344,-36.5062],[174.4342,-36.5062]],[[174.4342,-36.504],[174.4342,-36.5038],[174.4344,-36.504],[174.4342,-36.504]],[[174.4342,-36.4997],[174.4344,-36.4997],[174.4344,-36.5003],[174.4342,-36.4997]],[[174.4344,-36.5069],[174.4344,-36.5067],[174.4346,-36.5067],[174.4346,-36.5069],[174.4344,-36.5069]],[[174.4344,-36.5011],[174.4346,-36.5008],[174.4346,-36.5011],[174.4344,-36.5011]],[[174.4344,-36.4995],[174.4349,-36.499],[174.4346,-36.4995],[174.4344,-36.4995]],[[174.4346,-36.5117],[174.4356,-36.5111],[174.4358,-36.5123],[174.4357,-36.5125],[174.4358,-36.5125],[174.4358,-36.5128],[174.4356,-36.5128],[174.4356,-36.5125],[174.4348,-36.5136],[174.4346,-36.5117]],[[174.4346,-36.5112],[174.4346,-36.5111],[174.4348,-36.5111],[174.4348,-36.5112],[174.4346,-36.5112]],[[174.4346,-36.5077],[174.4346,-36.5075],[174.4348,-36.5075],[174.4348,-36.5077],[174.4346,-36.5077]],[[174.4346,-36.5073],[174.4346,-36.5071],[174.4348,-36.5071],[174.4348,-36.5073],[174.4346,-36.5073]],[[174.4348,-36.5022],[174.4351,-36.502],[174.4349,-36.5023],[174.4348,-36.5022]],[[174.4348,-36.5014],[174.4349,-36.5014],[174.4349,-36.5015],[174.4348,-36.5014]],[[174.4349,-36.5055],[174.4349,-36.5053],[174.4351,-36.5053],[174.4351,-36.5055],[174.4349,-36.5055]],[[174.4349,-36.4952],[174.4353,-36.4951],[174.4351,-36.4953],[174.4349,-36.4952]],[[174.4353,-36.5053],[174.4353,-36.5052],[174.4354,-36.5052],[174.4354,-36.5053],[174.4353,-36.5053]],[[174.4353,-36.4989],[174.4354,-36.4988],[174.4356,-36.4989],[174.4353,-36.4989]],[[174.4354,-36.5041],[174.4358,-36.5041],[174.4358,-36.5042],[174.4354,-36.5041]],[[174.4356,-36.5052],[174.4356,-36.5051],[174.4358,-36.5051],[174.4358,-36.5052],[174.4356,-36.5052]],[[174.4358,-36.5078],[174.436,-36.5078],[174.436,-36.5079],[174.4358,-36.5078]],[[174.4358,-36.4988],[174.4361,-36.4988],[174.4361,-36.4989],[174.4358,-36.4988]],[[174.436,-36.5051],[174.436,-36.5049],[174.4361,-36.5049],[174.4361,-36.5051],[174.436,-36.5051]],[[174.4361,-36.5122],[174.4361,-36.5118],[174.4363,-36.5118],[174.4363,-36.5122],[174.4361,-36.5122]],[[174.4363,-36.5129],[174.4363,-36.5126],[174.4365,-36.5126],[174.4365,-36.5129],[174.4363,-36.5129]],[[174.4363,-36.5082],[174.4363,-36.5081],[174.4365,-36.5081],[174.4365,-36.5082],[174.4363,-36.5082]],[[174.4366,-36.5122],[174.4368,-36.5122],[174.4368,-36.5123],[174.4366,-36.5122]],[[174.4368,-36.5089],[174.437,-36.5089],[174.437,-36.509],[174.4368,-36.5089]],[[174.437,-36.5102],[174.437,-36.51],[174.4371,-36.51],[174.4371,-36.5102],[174.437,-36.5102]],[[174.4371,-36.5111],[174.4371,-36.511],[174.4373,-36.511],[174.4373,-36.5111],[174.4371,-36.5111]],[[174.4373,-36.4942],[174.4377,-36.4941],[174.4375,-36.4944],[174.4373,-36.4942]],[[174.4375,-36.5089],[174.4375,-36.5088],[174.4377,-36.5088],[174.4377,-36.5089],[174.4375,-36.5089]],[[174.4377,-36.4999],[174.4377,-36.4997],[174.4378,-36.4997],[174.4377,-36.4999]],[[174.438,-36.5092],[174.4382,-36.5092],[174.4383,-36.5093],[174.4382,-36.5093],[174.438,-36.5092]],[[174.4383,-36.5119],[174.4383,-36.5118],[174.4385,-36.5118],[174.4385,-36.5119],[174.4383,-36.5119]],[[174.4387,-36.5008],[174.4387,-36.5007],[174.4392,-36.5008],[174.4387,-36.5008]],[[174.4387,-36.4944],[174.4387,-36.4942],[174.4389,-36.4942],[174.4389,-36.4944],[174.4387,-36.4944]],[[174.4394,-36.5025],[174.4397,-36.5022],[174.4395,-36.5025],[174.4394,-36.5025]],[[174.4397,-36.502],[174.4397,-36.5019],[174.4399,-36.5019],[174.4399,-36.502],[174.4397,-36.502]],[[174.4399,-36.5038],[174.4402,-36.5038],[174.4401,-36.504],[174.4399,-36.5038]],[[174.4401,-36.5115],[174.4401,-36.5114],[174.4402,-36.5114],[174.4402,-36.5115],[174.4401,-36.5115]],[[174.4402,-36.5106],[174.4402,-36.5104],[174.4404,-36.5104],[174.4404,-36.5106],[174.4402,-36.5106]],[[174.4402,-36.5031],[174.4402,-36.503],[174.4404,-36.503],[174.4404,-36.5031],[174.4402,-36.5031]],[[174.4412,-36.5004],[174.4412,-36.5003],[174.4414,-36.5003],[174.4414,-36.5004],[174.4412,-36.5004]],[[174.4419,-36.5026],[174.4419,-36.5023],[174.4421,-36.5023],[174.4421,-36.5026],[174.4419,-36.5026]],[[174.4424,-36.4985],[174.4424,-36.4983],[174.4426,-36.4983],[174.4426,-36.4985],[174.4424,-36.4985]],[[174.443,-36.4993],[174.443,-36.4992],[174.4431,-36.4992],[174.4431,-36.4993],[174.443,-36.4993]],[[174.4431,-36.4945],[174.4436,-36.4945],[174.4433,-36.4946],[174.4431,-36.4945]],[[174.4431,-36.4933],[174.4431,-36.4931],[174.4433,-36.4931],[174.4433,-36.4933],[174.4431,-36.4933]],[[174.4435,-36.5059],[174.444,-36.5056],[174.4441,-36.506],[174.4435,-36.5059]],[[174.4438,-36.4944],[174.444,-36.4942],[174.4441,-36.4944],[174.4438,-36.4944]],[[174.444,-36.4948],[174.4443,-36.4946],[174.4441,-36.4949],[174.444,-36.4948]],[[174.4441,-36.4999],[174.4445,-36.4996],[174.4443,-36.4999],[174.4441,-36.4999]],[[174.4443,-36.4941],[174.4448,-36.494],[174.4445,-36.4942],[174.4443,-36.4941]],[[174.4445,-36.5095],[174.4445,-36.5092],[174.4447,-36.5092],[174.4447,-36.5095],[174.4445,-36.5095]],[[174.4447,-36.5097],[174.4462,-36.509],[174.446,-36.5078],[174.4479,-36.5084],[174.4488,-36.5074],[174.4484,-36.5084],[174.445,-36.5102],[174.4447,-36.5097]],[[174.4452,-36.494],[174.4452,-36.4938],[174.4453,-36.4938],[174.4453,-36.494],[174.4452,-36.494]],[[174.4457,-36.5011],[174.4457,-36.5008],[174.446,-36.5008],[174.446,-36.5011],[174.4457,-36.5011]],[[174.4457,-36.4933],[174.446,-36.4937],[174.4459,-36.4938],[174.4457,-36.4933]],[[174.446,-36.5005],[174.4469,-36.5007],[174.4464,-36.501],[174.446,-36.5005]],[[174.4464,-36.4981],[174.4464,-36.4979],[174.4465,-36.4979],[174.4465,-36.4981],[174.4464,-36.4981]],[[174.4465,-36.4967],[174.4465,-36.4966],[174.4467,-36.4966],[174.4467,-36.4967],[174.4465,-36.4967]],[[174.4467,-36.5],[174.4467,-36.4999],[174.4469,-36.4999],[174.4469,-36.5],[174.4467,-36.5]],[[174.4469,-36.5053],[174.4469,-36.5052],[174.447,-36.5053],[174.4469,-36.5053]],[[174.4469,-36.5044],[174.4476,-36.504],[174.447,-36.5045],[174.4469,-36.5044]],[[174.447,-36.4983],[174.447,-36.4982],[174.4472,-36.4982],[174.4472,-36.4983],[174.447,-36.4983]],[[174.4474,-36.5075],[174.4474,-36.5074],[174.4477,-36.5074],[174.4477,-36.5075],[174.4474,-36.5075]],[[174.4477,-36.5081],[174.4477,-36.5079],[174.4479,-36.5079],[174.4477,-36.5081]],[[174.4479,-36.5038],[174.4479,-36.5037],[174.4482,-36.5036],[174.4482,-36.5037],[174.4479,-36.5038]],[[174.4479,-36.4989],[174.4479,-36.4985],[174.4482,-36.4989],[174.4479,-36.4989]],[[174.4482,-36.5093],[174.4484,-36.509],[174.4486,-36.5093],[174.4482,-36.5093]],[[174.4482,-36.5086],[174.4484,-36.5085],[174.4488,-36.5088],[174.4482,-36.5086]],[[174.4484,-36.5062],[174.4491,-36.5069],[174.4488,-36.5073],[174.4484,-36.5062]],[[174.4486,-36.5096],[174.4486,-36.5095],[174.4488,-36.5095],[174.4488,-36.5096],[174.4486,-36.5096]],[[174.4486,-36.5001],[174.4488,-36.5001],[174.4488,-36.5003],[174.4486,-36.5001]],[[174.4489,-36.4993],[174.4489,-36.4992],[174.4491,-36.4992],[174.4491,-36.4993],[174.4489,-36.4993]],[[174.4496,-36.5055],[174.451,-36.5062],[174.4506,-36.5073],[174.4498,-36.5069],[174.4496,-36.5055]],[[174.4503,-36.5045],[174.4511,-36.5042],[174.4513,-36.5047],[174.4503,-36.5045]],[[174.4503,-36.5016],[174.4506,-36.5015],[174.4505,-36.5018],[174.4503,-36.5016]],[[174.4506,-36.502],[174.4506,-36.5019],[174.4508,-36.5019],[174.4508,-36.502],[174.4506,-36.502]],[[174.4508,-36.5023],[174.4508,-36.5022],[174.451,-36.5022],[174.451,-36.5023],[174.4508,-36.5023]],[[174.4523,-36.5069],[174.4525,-36.5049],[174.453,-36.5058],[174.4523,-36.5069]]]}},{"type":"Feature","properties":{},"geometry":{"type":"Polygon","coordinates":[[[174.4221,-36.529],[174.4234,-36.5359],[174.427,-36.5389],[174.4318,-36.5388],[174.4312,-36.5417],[174.4337,-36.5416],[174.4365,-36.546],[174.439,-36.5462],[174.4372,-36.5481],[174.44,-36.5528],[174.4455,-36.5518],[174.4488,-36.5543],[174.4489,-36.5611],[174.4512,-36.5648],[174.4612,-36.557],[174.4604,-36.5524],[174.4604,-36.5544],[174.4569,-36.5581],[174.4564,-36.5599],[174.4544,-36.5618],[174.4517,-36.5621],[174.4501,-36.5566],[174.4511,-36.5484],[174.4506,-36.544],[174.4544,-36.5395],[174.4559,-36.535],[174.4547,-36.5337],[174.4518,-36.5329],[174.4552,-36.5318],[174.4523,-36.5321],[174.4532,-36.5315],[174.4523,-36.5311],[174.4518,-36.5321],[174.4489,-36.5313],[174.4484,-36.53],[174.4428,-36.5291],[174.4378,-36.5302],[174.4337,-36.5292],[174.4317,-36.5277],[174.4268,-36.5283],[174.4315,-36.5284],[174.4221,-36.529]],[[174.4247,-36.5332],[174.4247,-36.5329],[174.4249,-36.5329],[174.4249,-36.5332],[174.4247,-36.5332]],[[174.4249,-36.5321],[174.4249,-36.532],[174.425,-36.532],[174.425,-36.5321],[174.4249,-36.5321]],[[174.4252,-36.5303],[174.4252,-36.5302],[174.4254,-36.5302],[174.4254,-36.5303],[174.4252,-36.5303]],[[174.4254,-36.5299],[174.4255,-36.5298],[174.4255,-36.5299],[174.4254,-36.5299]],[[174.4261,-36.5366],[174.4261,-36.5365],[174.4262,-36.5366],[174.4261,-36.5366]],[[174.4262,-36.5369],[174.4264,-36.5369],[174.4264,-36.537],[174.4262,-36.5369]],[[174.4264,-36.5373],[174.4264,-36.5372],[174.4266,-36.5372],[174.4266,-36.5373],[174.4264,-36.5373]],[[174.4266,-36.5374],[174.4267,-36.5374],[174.4267,-36.5376],[174.4266,-36.5374]],[[174.4313,-36.5363],[174.4313,-36.5362],[174.4315,-36.5362],[174.4315,-36.5363],[174.4313,-36.5363]],[[174.4354,-36.5361],[174.4354,-36.5359],[174.4356,-36.5359],[174.4356,-36.5361],[174.4354,-36.5361]],[[174.4373,-36.5459],[174.4373,-36.5458],[174.4375,-36.5458],[174.4375,-36.5459],[174.4373,-36.5459]],[[174.4387,-36.5474],[174.4387,-36.5473],[174.4389,-36.5473],[174.4389,-36.5474],[174.4387,-36.5474]],[[174.439,-36.5352],[174.439,-36.5351],[174.4394,-36.5351],[174.4394,-36.5352],[174.439,-36.5352]],[[174.4438,-36.552],[174.4438,-36.5518],[174.444,-36.5518],[174.444,-36.552],[174.4438,-36.552]],[[174.4488,-36.5535],[174.4488,-36.5533],[174.4489,-36.5535],[174.4488,-36.5535]],[[174.4511,-36.5352],[174.4511,-36.5351],[174.4513,-36.5351],[174.4513,-36.5352],[174.4511,-36.5352]],[[174.4523,-36.5374],[174.4523,-36.5373],[174.4525,-36.5373],[174.4525,-36.5374],[174.4523,-36.5374]],[[174.453,-36.5347],[174.4534,-36.5346],[174.4534,-36.5348],[174.453,-36.5347]],[[174.4546,-36.5358],[174.4546,-36.5357],[174.4549,-36.5357],[174.4549,-36.5358],[174.4546,-36.5358]],[[174.4546,-36.5348],[174.4546,-36.5347],[174.4547,-36.5347],[174.4546,-36.5348]]]}},{"type":"Feature","properties":{},"geometry":{"type":"Polygon","coordinates":[[[174.4242,-36.5283],[174.426,-36.5283],[174.4249,-36.528],[174.4247,-36.5272],[174.4242,-36.5283]]]}},{"type":"Feature","properties":{},"geometry":{"type":"Polygon","coordinates":[[[174.4259,-36.3505],[174.4279,-36.3513],[174.4292,-36.3509],[174.4291,-36.3507],[174.4259,-36.3505]]]}},{"type":"Feature","properties":{},"geometry":{"type":"Polygon","coordinates":[[[174.4294,-36.3503],[174.4307,-36.3527],[174.4305,-36.3525],[174.4312,-36.3535],[174.4305,-36.3511],[174.4329,-36.3507],[174.4319,-36.3506],[174.4317,-36.3506],[174.4294,-36.3503]]]}},{"type":"Feature","properties":{},"geometry":{"type":"Polygon","coordinates":[[[174.4308,-36.345],[174.4313,-36.3447],[174.4332,-36.3412],[174.4333,-36.3401],[174.4331,-36.3406],[174.4331,-36.3409],[174.4329,-36.3409],[174.4312,-36.3447],[174.4308,-36.345]]]}},{"type":"Feature","properties":{},"geometry":{"type":"Polygon","coordinates":[[[174.4354,-36.3353],[174.4356,-36.3364],[174.4361,-36.3353],[174.4357,-36.3347],[174.4354,-36.3353]]]}},{"type":"Feature","properties":{},"geometry":{"type":"Polygon","coordinates":[[[174.4455,-36.4879],[174.4477,-36.4901],[174.4474,-36.489],[174.4455,-36.4879]]]}},{"type":"Feature","properties":{},"geometry":{"type":"Polygon","coordinates":[[[174.4604,-36.5522],[174.4629,-36.5483],[174.4658,-36.5502],[174.4653,-36.5479],[174.4663,-36.5479],[174.4667,-36.5479],[174.4662,-36.5462],[174.4677,-36.5454],[174.4675,-36.5472],[174.4694,-36.5477],[174.4703,-36.5469],[174.4713,-36.5473],[174.4706,-36.5461],[174.4725,-36.5448],[174.4745,-36.5454],[174.4762,-36.5446],[174.4779,-36.5458],[174.4822,-36.5465],[174.4849,-36.5457],[174.4851,-36.5448],[174.4841,-36.5444],[174.4841,-36.5453],[174.4839,-36.5444],[174.4846,-36.5442],[174.4841,-36.5439],[174.4815,-36.5461],[174.4761,-36.5442],[174.474,-36.5446],[174.4735,-36.5435],[174.4709,-36.5448],[174.4709,-36.5447],[174.4708,-36.5447],[174.4708,-36.5448],[174.4709,-36.5448],[174.4694,-36.5457],[174.4692,-36.547],[174.4686,-36.545],[174.4663,-36.545],[174.4648,-36.5465],[174.4648,-36.5481],[174.4631,-36.548],[174.461,-36.5499],[174.4604,-36.551],[174.4604,-36.5522]],[[174.4643,-36.5483],[174.4643,-36.5481],[174.4646,-36.5481],[174.4646,-36.5483],[174.4643,-36.5483]]]}},{"type":"Feature","properties":{},"geometry":{"type":"Polygon","coordinates":[[[174.4689,-36.4309],[174.4709,-36.4336],[174.4708,-36.4345],[174.4713,-36.4336],[174.4689,-36.4309]]]}},{"type":"Feature","properties":{},"geometry":{"type":"Polygon","coordinates":[[[174.4716,-36.5557],[174.473,-36.5573],[174.4733,-36.5569],[174.4716,-36.5557]]]}},{"type":"Feature","properties":{},"geometry":{"type":"Polygon","coordinates":[[[174.4859,-36.5451],[174.4861,-36.5453],[174.4873,-36.5483],[174.4868,-36.5457],[174.4859,-36.5451]]]}},{"type":"Feature","properties":{},"geometry":{"type":"Polygon","coordinates":[[[174.4883,-36.5492],[174.4897,-36.549],[174.4909,-36.547],[174.4883,-36.5492]]]}},{"type":"Feature","properties":{},"geometry":{"type":"Polygon","coordinates":[[[174.4718,-36.2555],[174.4727,-36.2588],[174.473,-36.2589],[174.4732,-36.2568],[174.472,-36.2551],[174.4718,-36.2555]]]}},{"type":"Feature","properties":{},"geometry":{"type":"Polygon","coordinates":[[[174.4742,-36.2415],[174.477,-36.2426],[174.4776,-36.2427],[174.4769,-36.2416],[174.4742,-36.2415]]]}},{"type":"Feature","properties":{},"geometry":{"type":"Polygon","coordinates":[[[174.4747,-36.2358],[174.4771,-36.2334],[174.4788,-36.2301],[174.4786,-36.2302],[174.4747,-36.2358]]]}},{"type":"Feature","properties":{},"geometry":{"type":"Polygon","coordinates":[[[174.4757,-36.2497],[174.477,-36.2504],[174.4768,-36.2505],[174.4781,-36.2499],[174.4757,-36.2497]]]}},{"type":"Feature","properties":{},"geometry":{"type":"Polygon","coordinates":[[[174.4758,-36.2484],[174.4774,-36.2481],[174.4776,-36.2474],[174.4762,-36.246],[174.4772,-36.2471],[174.4758,-36.2484]]]}},{"type":"Feature","properties":{},"geometry":{"type":"Polygon","coordinates":[[[174.4759,-36.2598],[174.4765,-36.26],[174.482,-36.2581],[174.4821,-36.2579],[174.4759,-36.2598]]]}},{"type":"Feature","properties":{},"geometry":{"type":"Polygon","coordinates":[[[174.4793,-36.2299],[174.4807,-36.2302],[174.4813,-36.2289],[174.4793,-36.2299]]]}},{"type":"Feature","properties":{},"geometry":{"type":"Polygon","coordinates":[[[174.4827,-36.2574],[174.4841,-36.2557],[174.4843,-36.2544],[174.4827,-36.2574]]]}},{"type":"Feature","properties":{},"geometry":{"type":"Polygon","coordinates":[[[174.4829,-36.2518],[174.4844,-36.2536],[174.4844,-36.2533],[174.4832,-36.2517],[174.4829,-36.2518]]]}},{"type":"Feature","properties":{},"geometry":{"type":"Polygon","coordinates":[[[174.4878,-36.2456],[174.4881,-36.2457],[174.4906,-36.246],[174.4949,-36.244],[174.4965,-36.2424],[174.4916,-36.2455],[174.4878,-36.2456]]]}},{"type":"Feature","properties":{},"geometry":{"type":"Polygon","coordinates":[[[174.4891,-36.2483],[174.4894,-36.2482],[174.4898,-36.2465],[174.4895,-36.2463],[174.4891,-36.2483]]]}},{"type":"Feature","properties":{},"geometry":{"type":"Polygon","coordinates":[[[174.4901,-36.2495],[174.4913,-36.2527],[174.4914,-36.2527],[174.4903,-36.2493],[174.4901,-36.2495]]]}},{"type":"Feature","properties":{},"geometry":{"type":"Polygon","coordinates":[[[174.4952,-36.2438],[174.4969,-36.2429],[174.4988,-36.2403],[174.4998,-36.2401],[174.4984,-36.2394],[174.4988,-36.235],[174.4977,-36.2368],[174.4981,-36.24],[174.4966,-36.2422],[174.4983,-36.2405],[174.4952,-36.2438]]]}},{"type":"Feature","properties":{},"geometry":{"type":"Polygon","coordinates":[[[174.4988,-36.2332],[174.4989,-36.2344],[174.4989,-36.2339],[174.5042,-36.2328],[174.5017,-36.2314],[174.5022,-36.2328],[174.5,-36.2336],[174.4988,-36.2332]]]}},{"type":"Feature","properties":{},"geometry":{"type":"Polygon","coordinates":[[[174.5034,-36.2493],[174.505,-36.2495],[174.5051,-36.2495],[174.5064,-36.2496],[174.5065,-36.2497],[174.507,-36.2497],[174.5094,-36.253],[174.5104,-36.2535],[174.5109,-36.2562],[174.5112,-36.2543],[174.513,-36.2538],[174.5112,-36.2537],[174.5097,-36.253],[174.5068,-36.2493],[174.5041,-36.2489],[174.5034,-36.2493]]]}},{"type":"Feature","properties":{},"geometry":{"type":"Polygon","coordinates":[[[174.5145,-36.2539],[174.5168,-36.2548],[174.5179,-36.254],[174.5145,-36.2539]]]}},{"type":"Feature","properties":{},"geometry":{"type":"Polygon","coordinates":[[[174.4696,-36.6397],[174.4698,-36.6401],[174.4699,-36.6401],[174.4699,-36.6402],[174.4703,-36.6409],[174.4713,-36.6401],[174.4707,-36.6399],[174.4706,-36.6399],[174.4696,-36.6397]],[[174.4701,-36.6401],[174.4701,-36.6399],[174.4704,-36.6399],[174.4704,-36.6401],[174.4701,-36.6401]]]}},{"type":"Feature","properties":{},"geometry":{"type":"Polygon","coordinates":[[[174.9878,-36.9127],[174.9879,-36.9136],[174.9883,-36.9133],[174.9883,-36.9134],[174.9884,-36.9134],[174.9884,-36.9132],[174.9883,-36.9132],[174.9898,-36.9116],[174.9912,-36.9113],[174.9893,-36.9112],[174.9888,-36.9117],[174.9888,-36.9119],[174.9886,-36.9119],[174.9878,-36.9127]]]}},{"type":"Feature","properties":{},"geometry":{"type":"Polygon","coordinates":[[[174.9905,-36.9232],[174.9911,-36.9234],[174.9923,-36.9222],[174.9919,-36.9196],[174.9923,-36.9184],[174.9915,-36.9196],[174.9922,-36.9222],[174.9905,-36.9232]]]}},{"type":"Feature","properties":{},"geometry":{"type":"Polygon","coordinates":[[[174.9925,-36.9179],[174.9937,-36.915],[174.9925,-36.9156],[174.9925,-36.9179]]]}},{"type":"Feature","properties":{},"geometry":{"type":"Polygon","coordinates":[[[174.9934,-36.9205],[174.9936,-36.9209],[174.9934,-36.9208],[174.9935,-36.9214],[174.9939,-36.9216],[174.9952,-36.9218],[174.9954,-36.9214],[174.9956,-36.9214],[174.9955,-36.9214],[174.9956,-36.9211],[174.9938,-36.9209],[174.9941,-36.9206],[174.9934,-36.9205]],[[174.9946,-36.9214],[174.9949,-36.9214],[174.9948,-36.9217],[174.9946,-36.9214]]]}},{"type":"Feature","properties":{},"geometry":{"type":"Polygon","coordinates":[[[174.9956,-36.9213],[174.9966,-36.9218],[174.9966,-36.922],[174.9969,-36.922],[174.9968,-36.9214],[174.9966,-36.9214],[174.9966,-36.9213],[174.9967,-36.9213],[174.9967,-36.9209],[174.9956,-36.9213]]]}},{"type":"Feature","properties":{},"geometry":{"type":"Polygon","coordinates":[[[174.9958,-36.9236],[174.9975,-36.9233],[174.9962,-36.9227],[174.9958,-36.9236]]]}},{"type":"Feature","properties":{},"geometry":{"type":"Polygon","coordinates":[[[174.9939,-36.9164],[174.9943,-36.9181],[174.9946,-36.9179],[174.9944,-36.9162],[174.9946,-36.9162],[174.9946,-36.9161],[174.9944,-36.9162],[174.9944,-36.9161],[174.9954,-36.9158],[174.9961,-36.9143],[174.9958,-36.9139],[174.9939,-36.9164]],[[174.9941,-36.9164],[174.9941,-36.9162],[174.9942,-36.9162],[174.9942,-36.9164],[174.9941,-36.9164]]]}},{"type":"Feature","properties":{},"geometry":{"type":"Polygon","coordinates":[[[174.9967,-36.9194],[174.9968,-36.92],[174.9973,-36.9206],[174.9971,-36.9207],[174.9978,-36.9232],[174.998,-36.9232],[174.9985,-36.921],[174.9978,-36.9195],[174.9967,-36.9194]]]}},{"type":"Feature","properties":{},"geometry":{"type":"Polygon","coordinates":[[[174.6536,-36.7792],[174.6544,-36.7797],[174.6551,-36.7788],[174.6536,-36.7792]]]}},{"type":"Feature","properties":{},"geometry":{"type":"Polygon","coordinates":[[[174.7522,-36.7936],[174.7548,-36.7933],[174.7539,-36.7929],[174.7529,-36.7928],[174.7522,-36.7936]]]}},{"type":"Feature","properties":{},"geometry":{"type":"Polygon","coordinates":[[[175.2839,-36.1604],[175.2842,-36.1602],[175.2868,-36.1609],[175.2864,-36.1606],[175.2843,-36.1599],[175.2839,-36.1604]]]}},{"type":"Feature","properties":{},"geometry":{"type":"Polygon","coordinates":[[[175.2876,-36.1609],[175.2902,-36.1616],[175.2908,-36.1611],[175.2882,-36.1603],[175.2881,-36.1596],[175.2876,-36.1609]]]}},{"type":"Feature","properties":{},"geometry":{"type":"Polygon","coordinates":[[[175.2889,-36.2192],[175.2913,-36.2185],[175.2899,-36.2182],[175.2889,-36.2192]]]}},{"type":"Feature","properties":{},"geometry":{"type":"Polygon","coordinates":[[[175.2912,-36.1672],[175.2912,-36.1673],[175.2929,-36.1665],[175.2941,-36.1634],[175.2935,-36.1619],[175.2924,-36.1616],[175.2929,-36.1619],[175.2936,-36.1634],[175.2921,-36.1655],[175.2924,-36.1667],[175.2912,-36.1672]]]}},{"type":"Feature","properties":{},"geometry":{"type":"Polygon","coordinates":[[[175.2912,-36.2165],[175.2917,-36.2173],[175.2929,-36.2168],[175.2929,-36.2165],[175.2912,-36.2165]]]}},{"type":"Feature","properties":{},"geometry":{"type":"Polygon","coordinates":[[[175.2928,-36.1844],[175.2943,-36.1853],[175.2943,-36.1847],[175.2939,-36.1844],[175.2928,-36.1844]]]}},{"type":"Feature","properties":{},"geometry":{"type":"Polygon","coordinates":[[[175.2946,-36.2223],[175.2954,-36.2224],[175.2958,-36.2214],[175.2957,-36.2193],[175.2946,-36.2223]]]}},{"type":"Feature","properties":{},"geometry":{"type":"Polygon","coordinates":[[[175.2968,-36.2224],[175.2999,-36.2225],[175.2989,-36.2219],[175.2968,-36.2224]]]}},{"type":"Feature","properties":{},"geometry":{"type":"Polygon","coordinates":[[[175.2971,-36.165],[175.3001,-36.1639],[175.301,-36.1663],[175.3008,-36.1645],[175.3002,-36.1637],[175.3001,-36.1638],[175.3,-36.1638],[175.2971,-36.1648],[175.2971,-36.165]]]}},{"type":"Feature","properties":{},"geometry":{"type":"Polygon","coordinates":[[[175.2972,-36.2011],[175.2984,-36.2032],[175.2992,-36.2023],[175.2982,-36.2024],[175.2984,-36.2029],[175.2975,-36.2012],[175.2972,-36.2011]]]}},{"type":"Feature","properties":{},"geometry":{"type":"Polygon","coordinates":[[[175.2973,-36.2349],[175.3016,-36.2371],[175.3021,-36.2372],[175.304,-36.2353],[175.3076,-36.2353],[175.3072,-36.2344],[175.3037,-36.2342],[175.304,-36.2352],[175.3022,-36.2356],[175.3023,-36.2365],[175.298,-36.2339],[175.2973,-36.2349]]]}},{"type":"Feature","properties":{},"geometry":{"type":"Polygon","coordinates":[[[175.2984,-36.2199],[175.2996,-36.2204],[175.2986,-36.2186],[175.2984,-36.2199]]]}},{"type":"Feature","properties":{},"geometry":{"type":"Polygon","coordinates":[[[175.2987,-36.2329],[175.3003,-36.232],[175.3003,-36.2318],[175.2996,-36.2317],[175.2987,-36.2329]]]}},{"type":"Feature","properties":{},"geometry":{"type":"Polygon","coordinates":[[[175.3013,-36.22],[175.3033,-36.2201],[175.304,-36.2192],[175.3013,-36.22]]]}},{"type":"Feature","properties":{},"geometry":{"type":"Polygon","coordinates":[[[175.303,-36.1672],[175.3031,-36.1673],[175.304,-36.166],[175.3103,-36.1675],[175.3117,-36.1693],[175.3123,-36.1689],[175.3099,-36.1671],[175.3042,-36.1658],[175.303,-36.1672]]]}},{"type":"Feature","properties":{},"geometry":{"type":"Polygon","coordinates":[[[175.3031,-36.2255],[175.3031,-36.2256],[175.3067,-36.2266],[175.3064,-36.2261],[175.307,-36.2267],[175.3072,-36.2268],[175.3068,-36.2254],[175.3031,-36.2255]]]}},{"type":"Feature","properties":{},"geometry":{"type":"Polygon","coordinates":[[[175.3034,-36.2248],[175.3052,-36.2248],[175.3056,-36.2239],[175.3047,-36.223],[175.304,-36.223],[175.3053,-36.2246],[175.3034,-36.2248]]]}},{"type":"Feature","properties":{},"geometry":{"type":"Polygon","coordinates":[[[175.3035,-36.2281],[175.3044,-36.2302],[175.3051,-36.2307],[175.3036,-36.2281],[175.3035,-36.2281]]]}},{"type":"Feature","properties":{},"geometry":{"type":"Polygon","coordinates":[[[175.3067,-36.1728],[175.307,-36.1733],[175.3096,-36.1749],[175.3092,-36.1773],[175.3093,-36.1775],[175.31,-36.1761],[175.3097,-36.1746],[175.3067,-36.1728]]]}},{"type":"Feature","properties":{},"geometry":{"type":"Polygon","coordinates":[[[175.3071,-36.2226],[175.3107,-36.2246],[175.3098,-36.2252],[175.3113,-36.2249],[175.3076,-36.2227],[175.3072,-36.2218],[175.3071,-36.2226]],[[175.3108,-36.225],[175.3108,-36.2248],[175.311,-36.2248],[175.311,-36.225],[175.3108,-36.225]]]}},{"type":"Feature","properties":{},"geometry":{"type":"Polygon","coordinates":[[[175.3072,-36.1444],[175.3094,-36.1441],[175.3074,-36.1438],[175.3078,-36.1426],[175.3075,-36.1422],[175.3072,-36.1444]]]}},{"type":"Feature","properties":{},"geometry":{"type":"Polygon","coordinates":[[[175.3077,-36.2007],[175.3124,-36.2003],[175.3115,-36.1996],[175.3111,-36.1964],[175.3106,-36.199],[175.3118,-36.2001],[175.3079,-36.2004],[175.3077,-36.2007]]]}},{"type":"Feature","properties":{},"geometry":{"type":"Polygon","coordinates":[[[175.3077,-36.1862],[175.31,-36.1891],[175.3097,-36.1879],[175.308,-36.1863],[175.3081,-36.1863],[175.3077,-36.1862]]]}},{"type":"Feature","properties":{},"geometry":{"type":"Polygon","coordinates":[[[175.3087,-36.2031],[175.309,-36.2033],[175.3097,-36.2059],[175.3136,-36.2078],[175.3122,-36.2099],[175.3133,-36.2111],[175.3098,-36.2123],[175.3131,-36.2124],[175.3138,-36.2104],[175.3129,-36.21],[175.3139,-36.2094],[175.3143,-36.2071],[175.3127,-36.2061],[175.3102,-36.206],[175.3097,-36.204],[175.3102,-36.2033],[175.3087,-36.2031]]]}},{"type":"Feature","properties":{},"geometry":{"type":"Polygon","coordinates":[[[175.3094,-36.1776],[175.3126,-36.1812],[175.3144,-36.1811],[175.3141,-36.1803],[175.3126,-36.1808],[175.3122,-36.1797],[175.3107,-36.179],[175.3105,-36.1784],[175.3114,-36.1783],[175.3094,-36.1776]]]}},{"type":"Feature","properties":{},"geometry":{"type":"Polygon","coordinates":[[[175.3098,-36.2134],[175.3129,-36.2158],[175.312,-36.2183],[175.314,-36.2198],[175.3137,-36.2203],[175.3144,-36.2199],[175.3126,-36.2182],[175.3134,-36.2159],[175.3127,-36.2148],[175.3115,-36.2146],[175.3119,-36.2139],[175.3098,-36.2134]]]}},{"type":"Feature","properties":{},"geometry":{"type":"Polygon","coordinates":[[[175.3102,-36.1402],[175.3146,-36.1423],[175.3103,-36.14],[175.3102,-36.1402]]]}},{"type":"Feature","properties":{},"geometry":{"type":"Polygon","coordinates":[[[175.3109,-36.1903],[175.312,-36.1917],[175.3116,-36.1936],[175.3122,-36.1914],[175.3117,-36.1903],[175.3109,-36.1903]]]}},{"type":"Feature","properties":{},"geometry":{"type":"Polygon","coordinates":[[[175.3111,-36.1296],[175.3122,-36.1317],[175.3126,-36.1313],[175.3117,-36.1303],[175.316,-36.1287],[175.3138,-36.1251],[175.3139,-36.1252],[175.3133,-36.1244],[175.3152,-36.1283],[175.3115,-36.1295],[175.3115,-36.1296],[175.3113,-36.1295],[175.3111,-36.1296]],[[175.3136,-36.1295],[175.3136,-36.1293],[175.3138,-36.1293],[175.3138,-36.1295],[175.3136,-36.1295]]]}},{"type":"Feature","properties":{},"geometry":{"type":"Polygon","coordinates":[[[175.3129,-36.2215],[175.3153,-36.2238],[175.3147,-36.2251],[175.3158,-36.2237],[175.3133,-36.2208],[175.3129,-36.2215]]]}},{"type":"Feature","properties":{},"geometry":{"type":"Polygon","coordinates":[[[175.3131,-36.1695],[175.3138,-36.1706],[175.3152,-36.1711],[175.3131,-36.1695]]]}},{"type":"Feature","properties":{},"geometry":{"type":"Polygon","coordinates":[[[175.3145,-36.2256],[175.3169,-36.226],[175.3174,-36.2274],[175.3178,-36.2274],[175.3179,-36.2273],[175.3179,-36.2274],[175.3203,-36.2271],[175.3189,-36.2262],[175.3177,-36.227],[175.3173,-36.2255],[175.3147,-36.2252],[175.3145,-36.2256]]]}},{"type":"Feature","properties":{},"geometry":{"type":"Polygon","coordinates":[[[175.3148,-36.1815],[175.3156,-36.1828],[175.3162,-36.1817],[175.3148,-36.1815]]]}},{"type":"Feature","properties":{},"geometry":{"type":"Polygon","coordinates":[[[175.3156,-36.1828],[175.3159,-36.1832],[175.3185,-36.1835],[175.3199,-36.186],[175.3248,-36.1878],[175.3276,-36.1869],[175.3295,-36.1886],[175.3295,-36.1881],[175.3278,-36.1867],[175.325,-36.1875],[175.3204,-36.1861],[175.3189,-36.1832],[175.3156,-36.1828]]]}},{"type":"Feature","properties":{},"geometry":{"type":"Polygon","coordinates":[[[175.316,-36.1714],[175.3167,-36.1717],[175.3202,-36.1684],[175.3203,-36.1685],[175.3201,-36.1679],[175.316,-36.1714]]]}},{"type":"Feature","properties":{},"geometry":{"type":"Polygon","coordinates":[[[175.3173,-36.235],[175.3191,-36.2361],[175.3192,-36.2352],[175.3177,-36.2342],[175.3181,-36.2324],[175.3179,-36.2323],[175.3173,-36.235]],[[175.3187,-36.2358],[175.3187,-36.2357],[175.3189,-36.2357],[175.3189,-36.2358],[175.3187,-36.2358]]]}},{"type":"Feature","properties":{},"geometry":{"type":"Polygon","coordinates":[[[175.3178,-36.1473],[175.3195,-36.1473],[175.3206,-36.1456],[175.3214,-36.1441],[175.3206,-36.1439],[175.3208,-36.1445],[175.3187,-36.1473],[175.3178,-36.1473]]]}},{"type":"Feature","properties":{},"geometry":{"type":"Polygon","coordinates":[[[175.3184,-36.1409],[175.3189,-36.1435],[175.3196,-36.1436],[175.3194,-36.14],[175.324,-36.1397],[175.3226,-36.1393],[175.3191,-36.14],[175.3184,-36.1409]]]}},{"type":"Feature","properties":{},"geometry":{"type":"Polygon","coordinates":[[[175.3189,-36.1987],[175.3196,-36.1988],[175.3208,-36.1938],[175.3201,-36.1933],[175.3194,-36.1986],[175.3189,-36.1987]]]}},{"type":"Feature","properties":{},"geometry":{"type":"Polygon","coordinates":[[[175.3202,-36.1708],[175.3213,-36.1716],[175.3208,-36.1701],[175.3202,-36.1708]]]}},{"type":"Feature","properties":{},"geometry":{"type":"Polygon","coordinates":[[[175.3208,-36.2217],[175.3235,-36.2198],[175.3249,-36.2207],[175.3243,-36.2196],[175.3231,-36.2193],[175.3208,-36.2217]]]}},{"type":"Feature","properties":{},"geometry":{"type":"Polygon","coordinates":[[[175.321,-36.227],[175.3244,-36.2267],[175.3247,-36.2263],[175.3219,-36.2263],[175.321,-36.227]]]}},{"type":"Feature","properties":{},"geometry":{"type":"Polygon","coordinates":[[[175.3235,-36.1709],[175.3247,-36.1711],[175.3262,-36.1696],[175.3257,-36.1682],[175.3259,-36.1679],[175.3255,-36.1681],[175.3258,-36.1698],[175.3235,-36.1709]]]}},{"type":"Feature","properties":{},"geometry":{"type":"Polygon","coordinates":[[[175.3241,-36.1893],[175.325,-36.191],[175.3256,-36.1905],[175.3256,-36.1903],[175.3248,-36.1892],[175.3241,-36.1893]]]}},{"type":"Feature","properties":{},"geometry":{"type":"Polygon","coordinates":[[[175.3278,-36.1991],[175.3286,-36.2007],[175.3302,-36.2014],[175.328,-36.199],[175.33,-36.1969],[175.3283,-36.1971],[175.3278,-36.1991]]]}},{"type":"Feature","properties":{},"geometry":{"type":"Polygon","coordinates":[[[175.3298,-36.1959],[175.3301,-36.1968],[175.3313,-36.1956],[175.331,-36.1954],[175.3298,-36.1959]]]}},{"type":"Feature","properties":{},"geometry":{"type":"Polygon","coordinates":[[[175.33,-36.1889],[175.3312,-36.19],[175.3316,-36.1899],[175.3313,-36.1896],[175.332,-36.1893],[175.3317,-36.1899],[175.3346,-36.1896],[175.3346,-36.1892],[175.3344,-36.1896],[175.3305,-36.1886],[175.33,-36.1889]]]}},{"type":"Feature","properties":{},"geometry":{"type":"Polygon","coordinates":[[[175.331,-36.2216],[175.3324,-36.2233],[175.3324,-36.2232],[175.3324,-36.2233],[175.3326,-36.2236],[175.3357,-36.2229],[175.3361,-36.2241],[175.3366,-36.2237],[175.3363,-36.2228],[175.333,-36.2234],[175.3325,-36.2218],[175.3315,-36.2214],[175.331,-36.2216]]]}},{"type":"Feature","properties":{},"geometry":{"type":"Polygon","coordinates":[[[175.3314,-36.2027],[175.3317,-36.2039],[175.3333,-36.2048],[175.3314,-36.2027]]]}},{"type":"Feature","properties":{},"geometry":{"type":"Polygon","coordinates":[[[175.3328,-36.1715],[175.3334,-36.1717],[175.3349,-36.171],[175.3349,-36.1697],[175.3348,-36.1709],[175.3328,-36.1715]]]}},{"type":"Feature","properties":{},"geometry":{"type":"Polygon","coordinates":[[[175.333,-36.1803],[175.3341,-36.183],[175.3356,-36.184],[175.333,-36.1803]]]}},{"type":"Feature","properties":{},"geometry":{"type":"Polygon","coordinates":[[[175.3345,-36.142],[175.3347,-36.1439],[175.3353,-36.1431],[175.3349,-36.142],[175.3345,-36.142]]]}},{"type":"Feature","properties":{},"geometry":{"type":"Polygon","coordinates":[[[175.3347,-36.1331],[175.3366,-36.1332],[175.3399,-36.1313],[175.3403,-36.1304],[175.3389,-36.1317],[175.3347,-36.1331]]]}},{"type":"Feature","properties":{},"geometry":{"type":"Polygon","coordinates":[[[175.3355,-36.1678],[175.3382,-36.1655],[175.3382,-36.1646],[175.3355,-36.1678]]]}},{"type":"Feature","properties":{},"geometry":{"type":"Polygon","coordinates":[[[175.3363,-36.2249],[175.3366,-36.2257],[175.3415,-36.2268],[175.3422,-36.2272],[175.3419,-36.2268],[175.3368,-36.2255],[175.3363,-36.2249]]]}},{"type":"Feature","properties":{},"geometry":{"type":"Polygon","coordinates":[[[175.3368,-36.1808],[175.3375,-36.1809],[175.3379,-36.1776],[175.3375,-36.1774],[175.3368,-36.1808]]]}},{"type":"Feature","properties":{},"geometry":{"type":"Polygon","coordinates":[[[175.3388,-36.0945],[175.339,-36.0954],[175.3413,-36.0945],[175.3429,-36.0924],[175.3424,-36.0921],[175.3445,-36.0917],[175.3457,-36.0898],[175.3453,-36.0881],[175.3474,-36.0837],[175.3469,-36.0821],[175.3465,-36.0819],[175.3469,-36.0833],[175.345,-36.089],[175.3388,-36.0945]],[[175.3411,-36.0935],[175.3411,-36.0932],[175.3412,-36.0932],[175.3412,-36.0935],[175.3411,-36.0935]],[[175.3424,-36.0918],[175.3426,-36.0916],[175.3428,-36.0917],[175.3424,-36.0918]]]}},{"type":"Feature","properties":{},"geometry":{"type":"Polygon","coordinates":[[[175.3392,-36.1456],[175.3393,-36.1462],[175.3407,-36.1452],[175.3417,-36.1471],[175.3414,-36.1453],[175.3402,-36.1451],[175.3392,-36.1456]]]}},{"type":"Feature","properties":{},"geometry":{"type":"Polygon","coordinates":[[[175.3406,-36.1271],[175.3436,-36.1265],[175.3439,-36.1255],[175.3406,-36.127],[175.3406,-36.1271]]]}},{"type":"Feature","properties":{},"geometry":{"type":"Polygon","coordinates":[[[175.3412,-36.1706],[175.3428,-36.1709],[175.3412,-36.1699],[175.3412,-36.1706]]]}},{"type":"Feature","properties":{},"geometry":{"type":"Polygon","coordinates":[[[175.3417,-36.1566],[175.3431,-36.1565],[175.3432,-36.1551],[175.3417,-36.1566]]]}},{"type":"Feature","properties":{},"geometry":{"type":"Polygon","coordinates":[[[175.3417,-36.0739],[175.3427,-36.074],[175.344,-36.0755],[175.3438,-36.0747],[175.3426,-36.0738],[175.3417,-36.0739]]]}},{"type":"Feature","properties":{},"geometry":{"type":"Polygon","coordinates":[[[175.3418,-36.2035],[175.3421,-36.206],[175.3426,-36.2062],[175.3418,-36.2035]]]}},{"type":"Feature","properties":{},"geometry":{"type":"Polygon","coordinates":[[[175.3421,-36.1617],[175.3422,-36.1618],[175.3446,-36.1621],[175.346,-36.1604],[175.3455,-36.1601],[175.3447,-36.1617],[175.3421,-36.1617]]]}},{"type":"Feature","properties":{},"geometry":{"type":"Polygon","coordinates":[[[175.3433,-36.228],[175.3452,-36.2293],[175.3452,-36.2287],[175.3433,-36.228]]]}},{"type":"Feature","properties":{},"geometry":{"type":"Polygon","coordinates":[[[175.3442,-36.0792],[175.3494,-36.0778],[175.3496,-36.0769],[175.3494,-36.077],[175.3493,-36.0769],[175.3493,-36.0771],[175.3482,-36.0775],[175.3479,-36.0765],[175.3462,-36.076],[175.3453,-36.0762],[175.3478,-36.0767],[175.3442,-36.0792]]]}},{"type":"Feature","properties":{},"geometry":{"type":"Polygon","coordinates":[[[175.3452,-36.2036],[175.3458,-36.2027],[175.3465,-36.2046],[175.3479,-36.2056],[175.3457,-36.2023],[175.3452,-36.2036]]]}},{"type":"Feature","properties":{},"geometry":{"type":"Polygon","coordinates":[[[175.3452,-36.2293],[175.3455,-36.2296],[175.3478,-36.2291],[175.3467,-36.2285],[175.3452,-36.2293]]]}},{"type":"Feature","properties":{},"geometry":{"type":"Polygon","coordinates":[[[175.3455,-36.1528],[175.3535,-36.1529],[175.3542,-36.1526],[175.3544,-36.1516],[175.354,-36.1525],[175.3456,-36.1527],[175.3455,-36.1528]]]}},{"type":"Feature","properties":{},"geometry":{"type":"Polygon","coordinates":[[[175.3455,-36.1474],[175.3477,-36.1469],[175.3464,-36.1464],[175.3455,-36.1474]]]}},{"type":"Feature","properties":{},"geometry":{"type":"Polygon","coordinates":[[[175.3459,-36.2134],[175.3469,-36.212],[175.3492,-36.2145],[175.3482,-36.2123],[175.3469,-36.2119],[175.3459,-36.2134]]]}},{"type":"Feature","properties":{},"geometry":{"type":"Polygon","coordinates":[[[175.3462,-36.0989],[175.3466,-36.0992],[175.3469,-36.1019],[175.3472,-36.1022],[175.3472,-36.0987],[175.3462,-36.0989]]]}},{"type":"Feature","properties":{},"geometry":{"type":"Polygon","coordinates":[[[175.3472,-36.1263],[175.3476,-36.1266],[175.3476,-36.1296],[175.3489,-36.1303],[175.3477,-36.1266],[175.3472,-36.1263]]]}},{"type":"Feature","properties":{},"geometry":{"type":"Polygon","coordinates":[[[175.3475,-36.1959],[175.3509,-36.1984],[175.3531,-36.1972],[175.3506,-36.198],[175.3487,-36.1956],[175.3481,-36.1954],[175.3475,-36.1959]]]}},{"type":"Feature","properties":{},"geometry":{"type":"Polygon","coordinates":[[[175.3479,-36.1871],[175.3497,-36.1901],[175.3493,-36.1881],[175.3479,-36.1871]]]}},{"type":"Feature","properties":{},"geometry":{"type":"Polygon","coordinates":[[[175.3485,-36.1618],[175.3496,-36.1626],[175.3491,-36.1641],[175.3501,-36.1635],[175.3498,-36.1626],[175.3485,-36.1618]]]}},{"type":"Feature","properties":{},"geometry":{"type":"Polygon","coordinates":[[[175.3495,-36.1927],[175.3517,-36.1927],[175.3517,-36.1922],[175.3506,-36.1919],[175.3511,-36.1926],[175.3495,-36.1927]]]}},{"type":"Feature","properties":{},"geometry":{"type":"Polygon","coordinates":[[[175.35,-36.2286],[175.3522,-36.2303],[175.3508,-36.2287],[175.35,-36.2286]]]}},{"type":"Feature","properties":{},"geometry":{"type":"Polygon","coordinates":[[[175.3501,-36.185],[175.3522,-36.1852],[175.3525,-36.1847],[175.3524,-36.1845],[175.3501,-36.185]]]}},{"type":"Feature","properties":{},"geometry":{"type":"Polygon","coordinates":[[[175.3504,-36.2157],[175.3515,-36.2157],[175.3521,-36.2162],[175.352,-36.216],[175.352,-36.2142],[175.3512,-36.2144],[175.3517,-36.215],[175.3504,-36.2157]]]}},{"type":"Feature","properties":{},"geometry":{"type":"Polygon","coordinates":[[[175.3523,-36.1786],[175.3524,-36.1787],[175.358,-36.178],[175.3576,-36.1779],[175.3532,-36.178],[175.3523,-36.1786]]]}},{"type":"Feature","properties":{},"geometry":{"type":"Polygon","coordinates":[[[175.3524,-36.2305],[175.354,-36.2317],[175.3544,-36.2322],[175.354,-36.231],[175.3524,-36.2305]]]}},{"type":"Feature","properties":{},"geometry":{"type":"Polygon","coordinates":[[[175.3524,-36.1095],[175.3537,-36.1101],[175.3534,-36.1098],[175.3542,-36.1094],[175.3532,-36.1091],[175.3534,-36.1085],[175.3532,-36.1087],[175.3524,-36.1095]],[[175.3528,-36.1096],[175.3528,-36.1095],[175.3532,-36.1095],[175.3532,-36.1096],[175.3528,-36.1096]]]}},{"type":"Feature","properties":{},"geometry":{"type":"Polygon","coordinates":[[[175.3525,-36.1738],[175.3532,-36.1748],[175.3549,-36.1755],[175.3604,-36.1744],[175.3604,-36.1743],[175.3549,-36.1754],[175.3525,-36.1738]]]}},{"type":"Feature","properties":{},"geometry":{"type":"Polygon","coordinates":[[[175.3529,-36.1309],[175.3534,-36.1313],[175.3551,-36.1307],[175.3566,-36.1295],[175.3568,-36.1279],[175.3567,-36.1279],[175.3564,-36.1296],[175.3542,-36.1309],[175.3529,-36.1309]]]}},{"type":"Feature","properties":{},"geometry":{"type":"Polygon","coordinates":[[[175.3534,-36.1971],[175.3556,-36.196],[175.3568,-36.1973],[175.3564,-36.1963],[175.3549,-36.1955],[175.3534,-36.1971]]]}},{"type":"Feature","properties":{},"geometry":{"type":"Polygon","coordinates":[[[175.3538,-36.1864],[175.354,-36.1868],[175.3556,-36.1863],[175.3564,-36.1868],[175.3579,-36.1852],[175.3538,-36.1864]]]}},{"type":"Feature","properties":{},"geometry":{"type":"Polygon","coordinates":[[[175.354,-36.2002],[175.3547,-36.2029],[175.3594,-36.2089],[175.358,-36.2083],[175.3585,-36.2094],[175.36,-36.2094],[175.36,-36.2095],[175.3602,-36.2095],[175.3602,-36.2094],[175.3604,-36.2094],[175.36,-36.208],[175.3549,-36.2031],[175.3544,-36.2002],[175.354,-36.2002]]]}},{"type":"Feature","properties":{},"geometry":{"type":"Polygon","coordinates":[[[175.354,-36.1124],[175.3547,-36.1122],[175.3546,-36.1109],[175.354,-36.1104],[175.354,-36.1124]]]}},{"type":"Feature","properties":{},"geometry":{"type":"Polygon","coordinates":[[[175.3553,-36.2335],[175.3586,-36.238],[175.3611,-36.2389],[175.3625,-36.2455],[175.3699,-36.2498],[175.3742,-36.2487],[175.3744,-36.2483],[175.3703,-36.2497],[175.3665,-36.2474],[175.3651,-36.2456],[175.3626,-36.2449],[175.3631,-36.2418],[175.3617,-36.2401],[175.3621,-36.2391],[175.3607,-36.2375],[175.3586,-36.2371],[175.3576,-36.2352],[175.3553,-36.2335]]]}},{"type":"Feature","properties":{},"geometry":{"type":"Polygon","coordinates":[[[175.3553,-36.0688],[175.3564,-36.0688],[175.358,-36.0677],[175.3553,-36.0688]]]}},{"type":"Feature","properties":{},"geometry":{"type":"Polygon","coordinates":[[[175.3557,-36.1119],[175.3562,-36.1117],[175.358,-36.1126],[175.3564,-36.1113],[175.3557,-36.1119]]]}},{"type":"Feature","properties":{},"geometry":{"type":"Polygon","coordinates":[[[175.3562,-36.1668],[175.3614,-36.1619],[175.3592,-36.1628],[175.358,-36.1649],[175.3566,-36.1653],[175.3562,-36.1668]]]}},{"type":"Feature","properties":{},"geometry":{"type":"Polygon","coordinates":[[[175.3582,-36.1781],[175.3653,-36.1824],[175.3699,-36.1823],[175.3656,-36.1854],[175.365,-36.1855],[175.3653,-36.1856],[175.3699,-36.1835],[175.3697,-36.183],[175.3718,-36.1828],[175.3696,-36.1828],[175.3704,-36.1821],[175.3689,-36.1819],[175.3651,-36.1821],[175.3643,-36.1808],[175.3582,-36.1781]]]}},{"type":"Feature","properties":{},"geometry":{"type":"Polygon","coordinates":[[[175.3598,-36.1272],[175.3604,-36.1282],[175.3624,-36.1277],[175.3648,-36.1284],[175.3656,-36.1296],[175.367,-36.1276],[175.3667,-36.128],[175.3598,-36.1272]]]}},{"type":"Feature","properties":{},"geometry":{"type":"Polygon","coordinates":[[[175.3601,-36.169],[175.3601,-36.1703],[175.3628,-36.1722],[175.3626,-36.1712],[175.3602,-36.1703],[175.3601,-36.169]]]}},{"type":"Feature","properties":{},"geometry":{"type":"Polygon","coordinates":[[[175.3632,-36.1235],[175.3673,-36.1273],[175.3673,-36.1271],[175.3634,-36.1236],[175.3632,-36.1235]]]}},{"type":"Feature","properties":{},"geometry":{"type":"Polygon","coordinates":[[[175.3646,-36.1174],[175.3649,-36.1175],[175.3673,-36.1159],[175.3667,-36.1157],[175.3646,-36.1174]]]}},{"type":"Feature","properties":{},"geometry":{"type":"Polygon","coordinates":[[[175.3687,-36.0637],[175.3692,-36.0633],[175.3691,-36.06],[175.3689,-36.0634],[175.3687,-36.0637]]]}},{"type":"Feature","properties":{},"geometry":{"type":"Polygon","coordinates":[[[175.3691,-36.059],[175.3698,-36.0563],[175.3693,-36.0563],[175.3692,-36.0573],[175.3694,-36.0572],[175.3692,-36.0575],[175.3691,-36.059]]]}},{"type":"Feature","properties":{},"geometry":{"type":"Polygon","coordinates":[[[175.3703,-36.2561],[175.3734,-36.2579],[175.3724,-36.2565],[175.3711,-36.2562],[175.3709,-36.256],[175.3703,-36.2561]]]}},{"type":"Feature","properties":{},"geometry":{"type":"Polygon","coordinates":[[[175.3727,-36.1178],[175.3731,-36.1179],[175.376,-36.1169],[175.3738,-36.1181],[175.3739,-36.1191],[175.374,-36.1182],[175.3786,-36.1171],[175.3784,-36.117],[175.3784,-36.1168],[175.3783,-36.1168],[175.3784,-36.117],[175.3754,-36.1163],[175.3727,-36.1178]]]}},{"type":"Feature","properties":{},"geometry":{"type":"Polygon","coordinates":[[[175.3745,-36.2481],[175.375,-36.2471],[175.3756,-36.2485],[175.3757,-36.2473],[175.3747,-36.2459],[175.3745,-36.2481]]]}},{"type":"Feature","properties":{},"geometry":{"type":"Polygon","coordinates":[[[175.3756,-36.2487],[175.3759,-36.2494],[175.3774,-36.25],[175.3778,-36.2499],[175.3756,-36.2487]]]}},{"type":"Feature","properties":{},"geometry":{"type":"Polygon","coordinates":[[[175.3765,-36.0544],[175.3783,-36.0545],[175.3786,-36.0532],[175.3801,-36.0534],[175.38,-36.053],[175.3787,-36.0527],[175.3776,-36.0535],[175.3778,-36.0535],[175.3778,-36.0538],[175.3776,-36.0538],[175.3776,-36.0535],[175.3765,-36.0544]]]}},{"type":"Feature","properties":{},"geometry":{"type":"Polygon","coordinates":[[[175.3775,-36.2531],[175.378,-36.254],[175.3805,-36.2545],[175.3839,-36.2521],[175.3848,-36.2537],[175.3851,-36.2518],[175.3841,-36.2514],[175.3831,-36.2513],[175.3822,-36.2528],[175.3798,-36.2536],[175.3775,-36.2531]]]}},{"type":"Feature","properties":{},"geometry":{"type":"Polygon","coordinates":[[[175.3848,-36.2538],[175.3859,-36.2558],[175.3874,-36.2547],[175.3899,-36.2551],[175.3902,-36.2546],[175.3877,-36.2541],[175.3858,-36.255],[175.3848,-36.2538]]]}},{"type":"Feature","properties":{},"geometry":{"type":"Polygon","coordinates":[[[175.386,-36.054],[175.3867,-36.0544],[175.3873,-36.0543],[175.3893,-36.0526],[175.386,-36.054]]]}},{"type":"Feature","properties":{},"geometry":{"type":"Polygon","coordinates":[[[175.3883,-36.2426],[175.3887,-36.2452],[175.3904,-36.2455],[175.3911,-36.2447],[175.3918,-36.2456],[175.3899,-36.2477],[175.3897,-36.2506],[175.3904,-36.2515],[175.3935,-36.2517],[175.3935,-36.252],[175.3988,-36.2513],[175.3986,-36.2513],[175.3998,-36.2489],[175.3971,-36.2448],[175.3986,-36.2438],[175.3976,-36.2413],[175.3991,-36.2396],[175.3982,-36.2367],[175.3969,-36.2363],[175.3967,-36.2354],[175.3964,-36.2401],[175.3935,-36.2419],[175.3889,-36.2413],[175.3883,-36.2426]]]}},{"type":"Feature","properties":{},"geometry":{"type":"Polygon","coordinates":[[[175.3895,-36.0525],[175.3901,-36.0525],[175.3901,-36.0524],[175.3902,-36.0524],[175.3902,-36.0525],[175.3916,-36.0524],[175.3926,-36.0514],[175.3919,-36.0506],[175.3952,-36.051],[175.3964,-36.0505],[175.396,-36.05],[175.3976,-36.05],[175.3974,-36.0497],[175.3908,-36.0507],[175.3904,-36.0521],[175.3895,-36.0525]]]}},{"type":"Feature","properties":{},"geometry":{"type":"Polygon","coordinates":[[[175.3978,-36.2607],[175.3996,-36.2595],[175.3998,-36.2583],[175.4047,-36.258],[175.404,-36.2574],[175.3999,-36.2581],[175.3978,-36.2607]]]}},{"type":"Feature","properties":{},"geometry":{"type":"Polygon","coordinates":[[[175.3979,-36.054],[175.3979,-36.0542],[175.3994,-36.0549],[175.4032,-36.0539],[175.4033,-36.0539],[175.4037,-36.0537],[175.3979,-36.054]]]}},{"type":"Feature","properties":{},"geometry":{"type":"Polygon","coordinates":[[[175.3981,-36.0496],[175.4001,-36.0491],[175.4001,-36.0489],[175.4017,-36.0484],[175.4014,-36.0472],[175.4011,-36.0471],[175.4013,-36.047],[175.401,-36.0458],[175.4018,-36.0442],[175.401,-36.0431],[175.401,-36.043],[175.4008,-36.0427],[175.4013,-36.042],[175.4,-36.0407],[175.3998,-36.0407],[175.3987,-36.0455],[175.3996,-36.0479],[175.3981,-36.0496]]]}},{"type":"Feature","properties":{},"geometry":{"type":"Polygon","coordinates":[[[175.3998,-36.1504],[175.4008,-36.1506],[175.402,-36.1491],[175.403,-36.1495],[175.403,-36.1503],[175.4011,-36.1528],[175.4023,-36.1529],[175.4075,-36.1506],[175.4063,-36.1488],[175.4131,-36.1489],[175.4134,-36.1487],[175.4134,-36.1488],[175.4136,-36.1487],[175.4145,-36.1481],[175.4145,-36.1484],[175.4146,-36.1484],[175.4146,-36.1481],[175.4145,-36.1481],[175.4163,-36.147],[175.4186,-36.1473],[175.4184,-36.1467],[175.4203,-36.1462],[175.4203,-36.1463],[175.4204,-36.1463],[175.4204,-36.1462],[175.4206,-36.1461],[175.4206,-36.1462],[175.4211,-36.1462],[175.4211,-36.146],[175.421,-36.146],[175.4215,-36.1459],[175.4198,-36.1441],[175.4198,-36.1426],[175.4189,-36.1433],[175.4191,-36.1422],[175.4199,-36.1426],[175.4188,-36.1417],[175.4184,-36.1417],[175.4184,-36.1418],[175.4182,-36.1418],[175.4171,-36.142],[175.4166,-36.1446],[175.4142,-36.1468],[175.4111,-36.147],[175.4114,-36.1456],[175.4081,-36.1424],[175.411,-36.1372],[175.41,-36.1353],[175.4132,-36.1333],[175.4157,-36.133],[175.4209,-36.1383],[175.4272,-36.1408],[175.4294,-36.1433],[175.43,-36.1425],[175.4231,-36.1296],[175.4228,-36.1318],[175.4238,-36.1332],[175.4238,-36.1343],[175.4228,-36.1349],[175.4213,-36.1351],[175.4228,-36.1343],[175.4211,-36.1324],[175.4215,-36.132],[175.4198,-36.1329],[175.4192,-36.1314],[175.4158,-36.1292],[175.4149,-36.127],[175.415,-36.1269],[175.4148,-36.1269],[175.4128,-36.122],[175.4138,-36.1196],[175.408,-36.1201],[175.4073,-36.1209],[175.408,-36.1241],[175.4061,-36.1259],[175.4088,-36.1267],[175.4083,-36.1273],[175.4083,-36.1271],[175.4081,-36.1271],[175.4081,-36.1273],[175.4083,-36.1273],[175.4044,-36.1313],[175.4052,-36.1373],[175.4041,-36.1371],[175.4017,-36.1387],[175.402,-36.1405],[175.4011,-36.1422],[175.4032,-36.1444],[175.4008,-36.146],[175.4029,-36.1487],[175.4008,-36.1478],[175.4008,-36.1499],[175.3998,-36.1504]],[[175.4131,-36.1485],[175.4131,-36.1484],[175.4133,-36.1484],[175.4133,-36.1485],[175.4131,-36.1485]],[[175.4133,-36.1482],[175.4133,-36.1481],[175.4134,-36.1481],[175.4134,-36.1482],[175.4133,-36.1482]],[[175.4138,-36.148],[175.4138,-36.1478],[175.4139,-36.1478],[175.4139,-36.148],[175.4138,-36.148]],[[175.4141,-36.148],[175.4141,-36.1478],[175.4143,-36.1478],[175.4143,-36.148],[175.4141,-36.148]],[[175.4155,-36.1471],[175.4155,-36.147],[175.4157,-36.147],[175.4157,-36.1471],[175.4155,-36.1471]],[[175.4184,-36.1466],[175.4184,-36.1464],[175.4186,-36.1464],[175.4186,-36.1466],[175.4184,-36.1466]],[[175.4187,-36.142],[175.4187,-36.1419],[175.4189,-36.1419],[175.4189,-36.142],[175.4187,-36.142]],[[175.4198,-36.1336],[175.4198,-36.1331],[175.4203,-36.1332],[175.4198,-36.1336]],[[175.4199,-36.1338],[175.4199,-36.1336],[175.4201,-36.1336],[175.4201,-36.1338],[175.4199,-36.1338]],[[175.4208,-36.1329],[175.4208,-36.1328],[175.4209,-36.1328],[175.4209,-36.1329],[175.4208,-36.1329]],[[175.4209,-36.1458],[175.4209,-36.1456],[175.4211,-36.1458],[175.4209,-36.1458]],[[175.4215,-36.134],[175.4218,-36.1339],[175.4218,-36.1342],[175.4215,-36.134]],[[175.4215,-36.1335],[175.4218,-36.1332],[175.4218,-36.1338],[175.4215,-36.1335]],[[175.4218,-36.1353],[175.4245,-36.1351],[175.425,-36.1376],[175.424,-36.1372],[175.4237,-36.1378],[175.4218,-36.1353]],[[175.4227,-36.1382],[175.4227,-36.138],[175.4228,-36.138],[175.4228,-36.1382],[175.4227,-36.1382]],[[175.4232,-36.1382],[175.425,-36.1378],[175.4244,-36.1384],[175.4232,-36.1382]]]}},{"type":"Feature","properties":{},"geometry":{"type":"Polygon","coordinates":[[[175.4003,-36.0386],[175.4018,-36.0394],[175.4024,-36.0383],[175.4015,-36.0376],[175.4034,-36.0374],[175.4029,-36.0358],[175.4044,-36.0325],[175.4041,-36.0318],[175.4063,-36.032],[175.4066,-36.0306],[175.4064,-36.0306],[175.4064,-36.0304],[175.4066,-36.0304],[175.4066,-36.0306],[175.4067,-36.0303],[175.4066,-36.0303],[175.4066,-36.0302],[175.4067,-36.0302],[175.4068,-36.0299],[175.4088,-36.0299],[175.4086,-36.0297],[175.4042,-36.03],[175.4039,-36.0316],[175.4023,-36.0318],[175.4003,-36.0386]]]}},{"type":"Feature","properties":{},"geometry":{"type":"Polygon","coordinates":[[[175.4007,-36.267],[175.4013,-36.2668],[175.4015,-36.2643],[175.4011,-36.2643],[175.4007,-36.267]]]}},{"type":"Feature","properties":{},"geometry":{"type":"Polygon","coordinates":[[[175.4013,-36.2514],[175.4018,-36.254],[175.402,-36.2539],[175.4018,-36.2514],[175.4013,-36.2514]]]}},{"type":"Feature","properties":{},"geometry":{"type":"Polygon","coordinates":[[[175.4015,-36.0801],[175.4029,-36.0804],[175.4032,-36.0814],[175.4066,-36.0819],[175.4063,-36.0823],[175.4065,-36.0825],[175.4073,-36.082],[175.4034,-36.0799],[175.4015,-36.0801]]]}},{"type":"Feature","properties":{},"geometry":{"type":"Polygon","coordinates":[[[175.4035,-36.2666],[175.4063,-36.2652],[175.4046,-36.2652],[175.4035,-36.2666]]]}},{"type":"Feature","properties":{},"geometry":{"type":"Polygon","coordinates":[[[175.4037,-36.0698],[175.4065,-36.0683],[175.4046,-36.0685],[175.4037,-36.0698]]]}},{"type":"Feature","properties":{},"geometry":{"type":"Polygon","coordinates":[[[175.4037,-36.0699],[175.4039,-36.0707],[175.4057,-36.0704],[175.4037,-36.0699]]]}},{"type":"Feature","properties":{},"geometry":{"type":"Polygon","coordinates":[[[175.4044,-36.0847],[175.4059,-36.0862],[175.4059,-36.0872],[175.4075,-36.0882],[175.4082,-36.0881],[175.4049,-36.0842],[175.4044,-36.0847]]]}},{"type":"Feature","properties":{},"geometry":{"type":"Polygon","coordinates":[[[175.4051,-36.0785],[175.4074,-36.0773],[175.4061,-36.0772],[175.4058,-36.0777],[175.4058,-36.0776],[175.4054,-36.0776],[175.4054,-36.0779],[175.4056,-36.0779],[175.4051,-36.0785]]]}},{"type":"Feature","properties":{},"geometry":{"type":"Polygon","coordinates":[[[175.4054,-36.0561],[175.4058,-36.0571],[175.4088,-36.0573],[175.409,-36.0565],[175.4054,-36.0561]]]}},{"type":"Feature","properties":{},"geometry":{"type":"Polygon","coordinates":[[[175.4054,-36.0931],[175.4114,-36.0938],[175.4122,-36.0931],[175.4121,-36.0918],[175.4145,-36.0903],[175.416,-36.0909],[175.4157,-36.0881],[175.4189,-36.0869],[175.4201,-36.0872],[175.4206,-36.0858],[175.4224,-36.0863],[175.4224,-36.0859],[175.4201,-36.0847],[175.4184,-36.0864],[175.4151,-36.0872],[175.415,-36.0897],[175.4134,-36.0895],[175.4108,-36.0926],[175.4067,-36.0919],[175.4067,-36.0917],[175.4054,-36.0931]]]}},{"type":"Feature","properties":{},"geometry":{"type":"Polygon","coordinates":[[[175.4058,-36.0666],[175.4059,-36.0667],[175.408,-36.0668],[175.4086,-36.0664],[175.4058,-36.0666]]]}},{"type":"Feature","properties":{},"geometry":{"type":"Polygon","coordinates":[[[175.4081,-36.0752],[175.4085,-36.0762],[175.409,-36.0746],[175.4081,-36.0752]]]}},{"type":"Feature","properties":{},"geometry":{"type":"Polygon","coordinates":[[[175.4095,-36.0657],[175.4109,-36.0646],[175.4095,-36.0645],[175.4095,-36.0657]]]}},{"type":"Feature","properties":{},"geometry":{"type":"Polygon","coordinates":[[[175.4099,-36.0581],[175.41,-36.0594],[175.4115,-36.0596],[175.412,-36.0582],[175.4099,-36.0581]]]}},{"type":"Feature","properties":{},"geometry":{"type":"Polygon","coordinates":[[[175.4192,-36.1492],[175.4209,-36.1492],[175.4223,-36.1506],[175.425,-36.1489],[175.4262,-36.1468],[175.4249,-36.1485],[175.4237,-36.1488],[175.4234,-36.1475],[175.4233,-36.1475],[175.4233,-36.1474],[175.4234,-36.1475],[175.4232,-36.1468],[175.423,-36.1466],[175.4228,-36.1458],[175.4232,-36.1466],[175.4228,-36.1449],[175.4222,-36.1445],[175.4227,-36.1477],[175.4225,-36.1488],[175.4192,-36.1492]],[[175.4225,-36.1453],[175.4225,-36.1452],[175.4227,-36.1452],[175.4227,-36.1453],[175.4225,-36.1453]],[[175.4227,-36.1456],[175.4227,-36.1455],[175.4228,-36.1455],[175.4228,-36.1456],[175.4227,-36.1456]]]}},{"type":"Feature","properties":{},"geometry":{"type":"Polygon","coordinates":[[[175.4206,-36.2639],[175.4207,-36.264],[175.4207,-36.2639],[175.4221,-36.2614],[175.4238,-36.2619],[175.4232,-36.2612],[175.4216,-36.2613],[175.4206,-36.2639]]]}},{"type":"Feature","properties":{},"geometry":{"type":"Polygon","coordinates":[[[175.4213,-36.1201],[175.4225,-36.1204],[175.4227,-36.1215],[175.422,-36.1248],[175.4226,-36.1272],[175.4233,-36.1191],[175.425,-36.1159],[175.4245,-36.116],[175.4225,-36.1198],[175.4213,-36.1201]]]}},{"type":"Feature","properties":{},"geometry":{"type":"Polygon","coordinates":[[[175.4233,-36.0896],[175.4237,-36.0903],[175.426,-36.091],[175.4256,-36.0899],[175.4233,-36.0896]]]}},{"type":"Feature","properties":{},"geometry":{"type":"Polygon","coordinates":[[[175.4238,-36.261],[175.4241,-36.2619],[175.4245,-36.262],[175.4253,-36.2608],[175.4238,-36.261]]]}},{"type":"Feature","properties":{},"geometry":{"type":"Polygon","coordinates":[[[175.4258,-36.1072],[175.4268,-36.1085],[175.4271,-36.1074],[175.4288,-36.1069],[175.4288,-36.1061],[175.4305,-36.1051],[175.4307,-36.1051],[175.4309,-36.1047],[175.4261,-36.1073],[175.4258,-36.1072]]]}},{"type":"Feature","properties":{},"geometry":{"type":"Polygon","coordinates":[[[175.4271,-36.2605],[175.4283,-36.2606],[175.4304,-36.2625],[175.4306,-36.2624],[175.4303,-36.2612],[175.4279,-36.2603],[175.4271,-36.2605]]]}},{"type":"Feature","properties":{},"geometry":{"type":"Polygon","coordinates":[[[175.4301,-36.1442],[175.4344,-36.1438],[175.4359,-36.1414],[175.4301,-36.1442]]]}},{"type":"Feature","properties":{},"geometry":{"type":"Polygon","coordinates":[[[175.4302,-36.1084],[175.4303,-36.1088],[175.4319,-36.1091],[175.4317,-36.1103],[175.4336,-36.1096],[175.434,-36.1086],[175.4324,-36.1092],[175.4302,-36.1084]]]}},{"type":"Feature","properties":{},"geometry":{"type":"Polygon","coordinates":[[[175.4315,-36.283],[175.4347,-36.2868],[175.4348,-36.2868],[175.4322,-36.2832],[175.4315,-36.283]]]}},{"type":"Feature","properties":{},"geometry":{"type":"Polygon","coordinates":[[[175.432,-36.2617],[175.4368,-36.259],[175.4358,-36.2591],[175.432,-36.2617]]]}},{"type":"Feature","properties":{},"geometry":{"type":"Polygon","coordinates":[[[175.4337,-36.2775],[175.4348,-36.2787],[175.4349,-36.2785],[175.4346,-36.2773],[175.4338,-36.2769],[175.4337,-36.2775]]]}},{"type":"Feature","properties":{},"geometry":{"type":"Polygon","coordinates":[[[175.4341,-36.1133],[175.4384,-36.1145],[175.4358,-36.1132],[175.4341,-36.1133]]]}},{"type":"Feature","properties":{},"geometry":{"type":"Polygon","coordinates":[[[175.4341,-36.1085],[175.4343,-36.1092],[175.4353,-36.1088],[175.4355,-36.1079],[175.4341,-36.1085]]]}},{"type":"Feature","properties":{},"geometry":{"type":"Polygon","coordinates":[[[175.4356,-36.11],[175.4374,-36.1095],[175.4375,-36.1088],[175.4359,-36.1093],[175.4356,-36.11]]]}},{"type":"Feature","properties":{},"geometry":{"type":"Polygon","coordinates":[[[175.4377,-36.2589],[175.4402,-36.2625],[175.4401,-36.261],[175.4382,-36.2588],[175.4377,-36.2589]]]}},{"type":"Feature","properties":{},"geometry":{"type":"Polygon","coordinates":[[[175.4399,-36.2686],[175.442,-36.2697],[175.4411,-36.2686],[175.4399,-36.2686]]]}},{"type":"Feature","properties":{},"geometry":{"type":"Polygon","coordinates":[[[175.4401,-36.3086],[175.4405,-36.3087],[175.4419,-36.3072],[175.4416,-36.3071],[175.4402,-36.3078],[175.4401,-36.3086]]]}},{"type":"Feature","properties":{},"geometry":{"type":"Polygon","coordinates":[[[175.4402,-36.2662],[175.4433,-36.2647],[175.4426,-36.2632],[175.4405,-36.2629],[175.4405,-36.263],[175.4427,-36.264],[175.4402,-36.2662]]]}},{"type":"Feature","properties":{},"geometry":{"type":"Polygon","coordinates":[[[175.4405,-36.1486],[175.4407,-36.1491],[175.4432,-36.1493],[175.4405,-36.1486]]]}},{"type":"Feature","properties":{},"geometry":{"type":"Polygon","coordinates":[[[175.445,-36.2233],[175.4462,-36.2236],[175.4464,-36.2236],[175.4464,-36.2237],[175.4501,-36.2247],[175.451,-36.2257],[175.45,-36.2262],[175.45,-36.228],[175.4501,-36.2279],[175.4515,-36.2296],[175.452,-36.2287],[175.4551,-36.2287],[175.4546,-36.2301],[175.4576,-36.2307],[175.4573,-36.2327],[175.458,-36.2327],[175.4578,-36.2316],[175.4585,-36.2313],[175.4585,-36.2314],[175.4587,-36.2314],[175.4587,-36.2313],[175.4586,-36.2313],[175.459,-36.2311],[175.4592,-36.2321],[175.459,-36.2321],[175.459,-36.2323],[175.4592,-36.2321],[175.4592,-36.2323],[175.4599,-36.2323],[175.4597,-36.2314],[175.4617,-36.2317],[175.4619,-36.2323],[175.4605,-36.2324],[175.4633,-36.2324],[175.4649,-36.2334],[175.4624,-36.2339],[175.4643,-36.2343],[175.4636,-36.2347],[175.464,-36.2353],[175.4657,-36.2353],[175.4648,-36.2349],[175.465,-36.2334],[175.467,-36.2346],[175.472,-36.2335],[175.4718,-36.2358],[175.4735,-36.2356],[175.4728,-36.2332],[175.4735,-36.2325],[175.4752,-36.2328],[175.4761,-36.236],[175.4745,-36.2367],[175.4747,-36.2387],[175.4745,-36.2387],[175.4745,-36.2389],[175.4747,-36.2389],[175.4747,-36.2391],[175.4761,-36.2409],[175.4759,-36.243],[175.4773,-36.2437],[175.4777,-36.2454],[175.4794,-36.2443],[175.4769,-36.2327],[175.4772,-36.2283],[175.4795,-36.224],[175.4836,-36.2216],[175.484,-36.2216],[175.4834,-36.2212],[175.4802,-36.2228],[175.4802,-36.2222],[175.4778,-36.2258],[175.4762,-36.2262],[175.4771,-36.2273],[175.4766,-36.2314],[175.4735,-36.2312],[175.4709,-36.2292],[175.4689,-36.2295],[175.4679,-36.2296],[175.4667,-36.2306],[175.4621,-36.2306],[175.4609,-36.2295],[175.4614,-36.2284],[175.4631,-36.2277],[175.4631,-36.2268],[175.4607,-36.2247],[175.458,-36.2261],[175.4525,-36.2228],[175.4506,-36.2237],[175.445,-36.2233]],[[175.459,-36.2311],[175.459,-36.231],[175.46,-36.2307],[175.459,-36.2311]],[[175.4505,-36.2273],[175.4515,-36.2276],[175.4512,-36.2281],[175.4505,-36.2273]],[[175.4506,-36.2284],[175.4506,-36.2283],[175.4508,-36.2283],[175.4508,-36.2284],[175.4506,-36.2284]],[[175.4506,-36.225],[175.4506,-36.2248],[175.4508,-36.2248],[175.4508,-36.225],[175.4506,-36.225]],[[175.4515,-36.2269],[175.4517,-36.2268],[175.4517,-36.2269],[175.4515,-36.2269]],[[175.4518,-36.2273],[175.4518,-36.2272],[175.452,-36.2272],[175.452,-36.2273],[175.4518,-36.2273]],[[175.4522,-36.2283],[175.4522,-36.2281],[175.4524,-36.2281],[175.4524,-36.2283],[175.4522,-36.2283]],[[175.4522,-36.2259],[175.4525,-36.2259],[175.4525,-36.2263],[175.4522,-36.2259]],[[175.4525,-36.2281],[175.4527,-36.228],[175.4532,-36.2284],[175.4525,-36.2281]],[[175.4529,-36.2277],[175.4529,-36.2276],[175.453,-36.2276],[175.453,-36.2277],[175.4529,-36.2277]],[[175.4529,-36.2274],[175.4529,-36.2273],[175.453,-36.2273],[175.453,-36.2274],[175.4529,-36.2274]],[[175.453,-36.2263],[175.453,-36.2262],[175.4532,-36.2262],[175.4532,-36.2263],[175.453,-36.2263]],[[175.4534,-36.2279],[175.4534,-36.2277],[175.4535,-36.2277],[175.4535,-36.2279],[175.4534,-36.2279]],[[175.4534,-36.2274],[175.4534,-36.2273],[175.4535,-36.2273],[175.4534,-36.2274]],[[175.4535,-36.227],[175.4535,-36.2268],[175.4537,-36.2268],[175.4537,-36.227],[175.4535,-36.227]],[[175.4537,-36.2285],[175.4537,-36.2284],[175.4539,-36.2284],[175.4539,-36.2285],[175.4537,-36.2285]],[[175.4556,-36.2296],[175.4556,-36.2294],[175.4559,-36.2296],[175.4556,-36.2296]],[[175.4556,-36.2288],[175.4556,-36.2287],[175.4558,-36.2287],[175.4558,-36.2288],[175.4556,-36.2288]],[[175.4556,-36.2285],[175.4556,-36.2284],[175.4558,-36.2284],[175.4558,-36.2285],[175.4556,-36.2285]],[[175.4558,-36.229],[175.4559,-36.2288],[175.4559,-36.229],[175.4558,-36.229]],[[175.4561,-36.2295],[175.4563,-36.2294],[175.4564,-36.2296],[175.4561,-36.2295]],[[175.4563,-36.2299],[175.4563,-36.2298],[175.4566,-36.2298],[175.4566,-36.2299],[175.4563,-36.2299]],[[175.4585,-36.2302],[175.4585,-36.2301],[175.4588,-36.2301],[175.4588,-36.2302],[175.4585,-36.2302]],[[175.4594,-36.2317],[175.4594,-36.2316],[175.4595,-36.2316],[175.4594,-36.2317]],[[175.4594,-36.2314],[175.4594,-36.2313],[175.4595,-36.2313],[175.4595,-36.2314],[175.4594,-36.2314]],[[175.4602,-36.2309],[175.4616,-36.2307],[175.4623,-36.2313],[175.4602,-36.2309]],[[175.4609,-36.2313],[175.4609,-36.2312],[175.4611,-36.2312],[175.4611,-36.2313],[175.4609,-36.2313]],[[175.4614,-36.2314],[175.4614,-36.2313],[175.4616,-36.2313],[175.4616,-36.2314],[175.4614,-36.2314]],[[175.4672,-36.2341],[175.4677,-36.2338],[175.4675,-36.2341],[175.4672,-36.2341]],[[175.4732,-36.2325],[175.4732,-36.2324],[175.4733,-36.2324],[175.4733,-36.2325],[175.4732,-36.2325]]]}},{"type":"Feature","properties":{},"geometry":{"type":"Polygon","coordinates":[[[175.4454,-36.3081],[175.4455,-36.3082],[175.4487,-36.3062],[175.4522,-36.3067],[175.4525,-36.3054],[175.4518,-36.3055],[175.4522,-36.3066],[175.4491,-36.3059],[175.4467,-36.3064],[175.4454,-36.3081]]]}},{"type":"Feature","properties":{},"geometry":{"type":"Polygon","coordinates":[[[175.4467,-36.1537],[175.4504,-36.1527],[175.4468,-36.1532],[175.4467,-36.1537]]]}},{"type":"Feature","properties":{},"geometry":{"type":"Polygon","coordinates":[[[175.4479,-36.2295],[175.4483,-36.2293],[175.4483,-36.2295],[175.4484,-36.2295],[175.4484,-36.2292],[175.4483,-36.2292],[175.4499,-36.228],[175.4479,-36.2288],[175.4479,-36.2295]]]}},{"type":"Feature","properties":{},"geometry":{"type":"Polygon","coordinates":[[[175.4516,-36.3121],[175.4548,-36.3137],[175.4564,-36.312],[175.4597,-36.3129],[175.4617,-36.3092],[175.4631,-36.3092],[175.4617,-36.309],[175.4597,-36.3123],[175.4558,-36.3117],[175.4549,-36.3135],[175.4516,-36.3121]]]}},{"type":"Feature","properties":{},"geometry":{"type":"Polygon","coordinates":[[[175.4602,-36.158],[175.4614,-36.1579],[175.4615,-36.158],[175.4607,-36.1566],[175.4602,-36.158]]]}},{"type":"Feature","properties":{},"geometry":{"type":"Polygon","coordinates":[[[175.4655,-36.1936],[175.4672,-36.1956],[175.466,-36.1963],[175.4675,-36.198],[175.467,-36.1981],[175.4682,-36.1999],[175.4679,-36.2009],[175.4698,-36.2018],[175.4722,-36.2009],[175.473,-36.2018],[175.4723,-36.2028],[175.4735,-36.2036],[175.4735,-36.2047],[175.4713,-36.2043],[175.4709,-36.205],[175.4725,-36.2061],[175.4722,-36.208],[175.4713,-36.2084],[175.4725,-36.2108],[175.4747,-36.2109],[175.4752,-36.212],[175.4771,-36.2113],[175.4774,-36.2106],[175.4756,-36.2067],[175.4747,-36.2049],[175.4761,-36.2032],[175.479,-36.2022],[175.4798,-36.2039],[175.4786,-36.2049],[175.479,-36.207],[175.4806,-36.2009],[175.4797,-36.2059],[175.4807,-36.2047],[175.4807,-36.2011],[175.4815,-36.1998],[175.4798,-36.1998],[175.479,-36.1989],[175.478,-36.1999],[175.4733,-36.1995],[175.4733,-36.1926],[175.4703,-36.192],[175.4701,-36.193],[175.4674,-36.1937],[175.4672,-36.1916],[175.467,-36.1925],[175.4657,-36.1925],[175.4655,-36.1936]],[[175.4749,-36.2069],[175.4749,-36.2068],[175.4751,-36.2068],[175.4751,-36.2069],[175.4749,-36.2069]],[[175.4795,-36.2024],[175.4798,-36.2022],[175.4797,-36.2025],[175.4795,-36.2024]]]}},{"type":"Feature","properties":{},"geometry":{"type":"Polygon","coordinates":[[[175.4682,-36.2481],[175.4687,-36.2497],[175.4727,-36.2517],[175.473,-36.2522],[175.4722,-36.2519],[175.4723,-36.2526],[175.4737,-36.2529],[175.4727,-36.2532],[175.4728,-36.2539],[175.4762,-36.2565],[175.4759,-36.2575],[175.4715,-36.2588],[175.4711,-36.2559],[175.4701,-36.2558],[175.4706,-36.2606],[175.4718,-36.2609],[175.474,-36.2594],[175.4764,-36.259],[175.4839,-36.2588],[175.4846,-36.2576],[175.487,-36.258],[175.4873,-36.2566],[175.4892,-36.2548],[175.49,-36.2553],[175.4897,-36.2545],[175.4842,-36.2534],[175.4777,-36.2454],[175.4788,-36.2493],[175.4841,-36.2535],[175.4865,-36.2544],[175.4865,-36.2552],[175.488,-36.2551],[175.4868,-36.2555],[175.4865,-36.2566],[175.4788,-36.2554],[175.4696,-36.2473],[175.4682,-36.2481]],[[175.4691,-36.2488],[175.4691,-36.2486],[175.4692,-36.2486],[175.4692,-36.2488],[175.4691,-36.2488]],[[175.4696,-36.25],[175.4696,-36.2499],[175.4698,-36.2499],[175.4698,-36.25],[175.4696,-36.25]],[[175.4704,-36.2579],[175.4706,-36.2577],[175.4706,-36.258],[175.4704,-36.2579]],[[175.4711,-36.2599],[175.4711,-36.2598],[175.4713,-36.2598],[175.4713,-36.2599],[175.4711,-36.2599]],[[175.4718,-36.2598],[175.4718,-36.2597],[175.472,-36.2597],[175.472,-36.2598],[175.4718,-36.2598]],[[175.4727,-36.2515],[175.4728,-36.2514],[175.4733,-36.2519],[175.4727,-36.2515]],[[175.4728,-36.2513],[175.473,-36.251],[175.4732,-36.2513],[175.4728,-36.2513]],[[175.474,-36.2584],[175.474,-36.2583],[175.4744,-36.2583],[175.4744,-36.2584],[175.474,-36.2584]],[[175.4764,-36.2576],[175.4768,-36.2576],[175.4766,-36.2577],[175.4764,-36.2576]],[[175.4781,-36.2557],[175.4783,-36.2555],[175.4783,-36.2557],[175.4781,-36.2557]],[[175.4785,-36.2555],[175.4785,-36.2554],[175.4786,-36.2554],[175.4786,-36.2555],[175.4785,-36.2555]],[[175.4867,-36.2568],[175.487,-36.2566],[175.487,-36.2569],[175.4867,-36.2568]]]}},{"type":"Feature","properties":{},"geometry":{"type":"Polygon","coordinates":[[[175.4759,-36.1592],[175.4766,-36.1634],[175.4802,-36.1621],[175.4768,-36.1627],[175.4759,-36.1592]]]}},{"type":"Feature","properties":{},"geometry":{"type":"Polygon","coordinates":[[[175.4774,-36.303],[175.4777,-36.3031],[175.4869,-36.3014],[175.4867,-36.3013],[175.487,-36.3008],[175.4774,-36.303]]]}},{"type":"Feature","properties":{},"geometry":{"type":"Polygon","coordinates":[[[175.4792,-36.2078],[175.4798,-36.2111],[175.4815,-36.2122],[175.4834,-36.2123],[175.4801,-36.2108],[175.4792,-36.2078]]]}},{"type":"Feature","properties":{},"geometry":{"type":"Polygon","coordinates":[[[175.4795,-36.1653],[175.4809,-36.1675],[175.4831,-36.1681],[175.4833,-36.1677],[175.4816,-36.1674],[175.4796,-36.1648],[175.4795,-36.1653]]]}},{"type":"Feature","properties":{},"geometry":{"type":"Polygon","coordinates":[[[175.4796,-36.3193],[175.4803,-36.3234],[175.4807,-36.3228],[175.4796,-36.3193]]]}},{"type":"Feature","properties":{},"geometry":{"type":"Polygon","coordinates":[[[175.4798,-36.1706],[175.4807,-36.1707],[175.4804,-36.1714],[175.4826,-36.1711],[175.4832,-36.1695],[175.4865,-36.1695],[175.4827,-36.169],[175.4827,-36.1688],[175.4798,-36.1706]]]}},{"type":"Feature","properties":{},"geometry":{"type":"Polygon","coordinates":[[[175.4819,-36.2053],[175.482,-36.2061],[175.4832,-36.2031],[175.4831,-36.2028],[175.4819,-36.2053]]]}},{"type":"Feature","properties":{},"geometry":{"type":"Polygon","coordinates":[[[175.4819,-36.202],[175.4829,-36.2024],[175.4822,-36.2003],[175.4819,-36.202]]]}},{"type":"Feature","properties":{},"geometry":{"type":"Polygon","coordinates":[[[175.4828,-36.3339],[175.4841,-36.3359],[175.4843,-36.3354],[175.4831,-36.3339],[175.4828,-36.3339]]]}},{"type":"Feature","properties":{},"geometry":{"type":"Polygon","coordinates":[[[175.4837,-36.1929],[175.4844,-36.1937],[175.4847,-36.1937],[175.484,-36.1915],[175.4858,-36.1898],[175.4883,-36.1905],[175.488,-36.1902],[175.486,-36.1897],[175.4839,-36.1912],[175.4837,-36.1929]]]}},{"type":"Feature","properties":{},"geometry":{"type":"Polygon","coordinates":[[[175.4841,-36.1983],[175.4848,-36.1977],[175.4854,-36.1947],[175.485,-36.1949],[175.4848,-36.1977],[175.4841,-36.1983]]]}},{"type":"Feature","properties":{},"geometry":{"type":"Polygon","coordinates":[[[175.4846,-36.2652],[175.4851,-36.2667],[175.4873,-36.2672],[175.4865,-36.2692],[175.487,-36.2696],[175.4882,-36.2682],[175.4894,-36.2686],[175.4897,-36.268],[175.4872,-36.266],[175.4885,-36.2669],[175.4887,-36.2654],[175.4867,-36.2617],[175.4896,-36.2595],[175.4896,-36.2597],[175.4903,-36.2588],[175.4928,-36.2588],[175.4928,-36.2585],[175.4926,-36.2588],[175.4896,-36.2586],[175.4885,-36.2599],[175.4856,-36.2613],[175.4861,-36.2652],[175.4846,-36.2652]],[[175.4867,-36.2656],[175.4868,-36.2656],[175.4868,-36.2657],[175.4867,-36.2656]]]}},{"type":"Feature","properties":{},"geometry":{"type":"Polygon","coordinates":[[[175.4852,-36.32],[175.4858,-36.3212],[175.4892,-36.3222],[175.4852,-36.32]]]}},{"type":"Feature","properties":{},"geometry":{"type":"Polygon","coordinates":[[[175.4858,-36.1288],[175.4874,-36.1321],[175.4868,-36.1337],[175.4905,-36.1381],[175.4917,-36.1378],[175.4908,-36.1378],[175.489,-36.1347],[175.4877,-36.134],[175.4875,-36.1318],[175.486,-36.1286],[175.4858,-36.1288]]]}},{"type":"Feature","properties":{},"geometry":{"type":"Polygon","coordinates":[[[175.4864,-36.1284],[175.4868,-36.1287],[175.4877,-36.1281],[175.4875,-36.1263],[175.4869,-36.1264],[175.4874,-36.1277],[175.4864,-36.1284]]]}},{"type":"Feature","properties":{},"geometry":{"type":"Polygon","coordinates":[[[175.4865,-36.2211],[175.4874,-36.2189],[175.487,-36.2186],[175.4865,-36.2211]]]}},{"type":"Feature","properties":{},"geometry":{"type":"Polygon","coordinates":[[[175.4866,-36.2148],[175.4868,-36.2159],[175.4884,-36.2166],[175.4866,-36.2148]]]}},{"type":"Feature","properties":{},"geometry":{"type":"Polygon","coordinates":[[[175.487,-36.1692],[175.4874,-36.1695],[175.4875,-36.1695],[175.4911,-36.1678],[175.4908,-36.1678],[175.487,-36.1692]]]}},{"type":"Feature","properties":{},"geometry":{"type":"Polygon","coordinates":[[[175.4871,-36.1255],[175.4908,-36.1254],[175.4918,-36.1237],[175.4917,-36.1232],[175.491,-36.1249],[175.4871,-36.1255]]]}},{"type":"Feature","properties":{},"geometry":{"type":"Polygon","coordinates":[[[175.4891,-36.3042],[175.4903,-36.3064],[175.4906,-36.306],[175.4897,-36.3045],[175.4891,-36.3042]]]}},{"type":"Feature","properties":{},"geometry":{"type":"Polygon","coordinates":[[[175.4896,-36.1861],[175.49,-36.1861],[175.4916,-36.1876],[175.4916,-36.1868],[175.4897,-36.186],[175.4896,-36.1861]]]}},{"type":"Feature","properties":{},"geometry":{"type":"Polygon","coordinates":[[[175.4899,-36.3376],[175.4907,-36.3391],[175.4911,-36.3368],[175.4908,-36.3368],[175.4899,-36.3376]]]}},{"type":"Feature","properties":{},"geometry":{"type":"Polygon","coordinates":[[[175.4902,-36.2613],[175.4905,-36.2624],[175.4904,-36.2624],[175.4904,-36.2625],[175.4906,-36.2625],[175.4909,-36.2636],[175.4928,-36.2652],[175.4928,-36.2654],[175.4932,-36.2655],[175.493,-36.2653],[175.4902,-36.2613]]]}},{"type":"Feature","properties":{},"geometry":{"type":"Polygon","coordinates":[[[175.4904,-36.1223],[175.492,-36.1223],[175.4914,-36.1216],[175.4904,-36.1219],[175.4904,-36.1223]]]}},{"type":"Feature","properties":{},"geometry":{"type":"Polygon","coordinates":[[[175.4904,-36.1219],[175.4911,-36.1201],[175.4905,-36.1196],[175.4904,-36.1196],[175.4904,-36.1219]]]}},{"type":"Feature","properties":{},"geometry":{"type":"Polygon","coordinates":[[[175.491,-36.1192],[175.4913,-36.1191],[175.4917,-36.1199],[175.4916,-36.12],[175.4917,-36.12],[175.4923,-36.1212],[175.494,-36.1222],[175.495,-36.1198],[175.4936,-36.1193],[175.494,-36.1197],[175.4937,-36.1213],[175.4912,-36.119],[175.491,-36.1192]]]}},{"type":"Feature","properties":{},"geometry":{"type":"Polygon","coordinates":[[[175.4911,-36.3156],[175.4923,-36.3155],[175.4928,-36.3143],[175.495,-36.3132],[175.4928,-36.3106],[175.4935,-36.3104],[175.4926,-36.3104],[175.4943,-36.3125],[175.4911,-36.3156]]]}},{"type":"Feature","properties":{},"geometry":{"type":"Polygon","coordinates":[[[175.4911,-36.3184],[175.4924,-36.3198],[175.492,-36.3184],[175.4911,-36.3184]]]}},{"type":"Feature","properties":{},"geometry":{"type":"Polygon","coordinates":[[[175.4911,-36.2538],[175.4915,-36.2545],[175.4929,-36.2543],[175.4929,-36.2541],[175.4926,-36.2541],[175.4911,-36.2538]],[[175.492,-36.2543],[175.492,-36.2541],[175.4921,-36.2541],[175.4921,-36.2543],[175.492,-36.2543]]]}},{"type":"Feature","properties":{},"geometry":{"type":"Polygon","coordinates":[[[175.4912,-36.3368],[175.4969,-36.3386],[175.4938,-36.3368],[175.4912,-36.3368]]]}},{"type":"Feature","properties":{},"geometry":{"type":"Polygon","coordinates":[[[175.4917,-36.1876],[175.4952,-36.1881],[175.4952,-36.1877],[175.493,-36.187],[175.4917,-36.1876]]]}},{"type":"Feature","properties":{},"geometry":{"type":"Polygon","coordinates":[[[175.4929,-36.1175],[175.495,-36.1171],[175.4949,-36.1164],[175.4929,-36.1175]]]}},{"type":"Feature","properties":{},"geometry":{"type":"Polygon","coordinates":[[[175.493,-36.1351],[175.4943,-36.1368],[175.4932,-36.1375],[175.4946,-36.1372],[175.4939,-36.1359],[175.4948,-36.1356],[175.4971,-36.1355],[175.493,-36.1351]]]}},{"type":"Feature","properties":{},"geometry":{"type":"Polygon","coordinates":[[[175.4936,-36.2659],[175.4945,-36.2667],[175.4989,-36.2687],[175.504,-36.2692],[175.499,-36.2686],[175.4936,-36.2659]]]}},{"type":"Feature","properties":{},"geometry":{"type":"Polygon","coordinates":[[[175.4962,-36.2712],[175.4991,-36.2712],[175.4993,-36.2733],[175.5018,-36.2748],[175.502,-36.2764],[175.5037,-36.2781],[175.5053,-36.2781],[175.5092,-36.2803],[175.5099,-36.2796],[175.5083,-36.2773],[175.5056,-36.2763],[175.5051,-36.2748],[175.5068,-36.2718],[175.5053,-36.2697],[175.5063,-36.2676],[175.509,-36.2668],[175.5085,-36.2643],[175.508,-36.2642],[175.5077,-36.267],[175.5059,-36.2673],[175.5059,-36.2674],[175.5058,-36.2673],[175.5051,-36.2674],[175.5042,-36.2692],[175.5048,-36.2693],[175.5042,-36.2707],[175.5054,-36.2716],[175.5046,-36.272],[175.5029,-36.2702],[175.4974,-36.2693],[175.4962,-36.2712]],[[175.5017,-36.2725],[175.502,-36.2723],[175.5018,-36.2729],[175.5017,-36.2725]]]}},{"type":"Feature","properties":{},"geometry":{"type":"Polygon","coordinates":[[[175.4963,-36.1157],[175.4969,-36.1185],[175.4976,-36.1183],[175.4964,-36.1156],[175.4963,-36.1157]]]}},{"type":"Feature","properties":{},"geometry":{"type":"Polygon","coordinates":[[[175.4971,-36.1773],[175.5,-36.1765],[175.4988,-36.1763],[175.4971,-36.1773]]]}},{"type":"Feature","properties":{},"geometry":{"type":"Polygon","coordinates":[[[175.4972,-36.1679],[175.4974,-36.1684],[175.4976,-36.1681],[175.4991,-36.1693],[175.4999,-36.1691],[175.4976,-36.1681],[175.4972,-36.1679]]]}},{"type":"Feature","properties":{},"geometry":{"type":"Polygon","coordinates":[[[175.4973,-36.1355],[175.499,-36.1355],[175.5005,-36.1338],[175.5001,-36.1317],[175.5036,-36.1309],[175.505,-36.1293],[175.5048,-36.1293],[175.5049,-36.1291],[175.5051,-36.1293],[175.5059,-36.1284],[175.5099,-36.128],[175.5097,-36.1277],[175.5054,-36.128],[175.5037,-36.1293],[175.5042,-36.1302],[175.5034,-36.1309],[175.4995,-36.131],[175.4991,-36.1322],[175.5001,-36.1328],[175.5,-36.1343],[175.4983,-36.1342],[175.4988,-36.1351],[175.4973,-36.1355]]]}},{"type":"Feature","properties":{},"geometry":{"type":"Polygon","coordinates":[[[175.4997,-36.3365],[175.5017,-36.3411],[175.502,-36.3411],[175.5,-36.3363],[175.4997,-36.3365]]]}},{"type":"Feature","properties":{},"geometry":{"type":"Polygon","coordinates":[[[175.5001,-36.1699],[175.5019,-36.17],[175.5001,-36.1692],[175.5001,-36.1699]],[[175.5003,-36.1696],[175.5003,-36.1695],[175.5005,-36.1695],[175.5003,-36.1696]]]}},{"type":"Feature","properties":{},"geometry":{"type":"Polygon","coordinates":[[[175.5013,-36.1172],[175.5018,-36.1182],[175.5042,-36.1179],[175.5049,-36.1189],[175.5082,-36.1188],[175.5056,-36.118],[175.5049,-36.1179],[175.5052,-36.1179],[175.5021,-36.117],[175.5017,-36.1171],[175.5013,-36.1172]],[[175.5044,-36.1179],[175.5044,-36.1178],[175.5048,-36.1178],[175.5048,-36.1179],[175.5044,-36.1179]]]}},{"type":"Feature","properties":{},"geometry":{"type":"Polygon","coordinates":[[[175.5031,-36.3412],[175.5075,-36.3417],[175.5076,-36.3435],[175.5085,-36.3432],[175.5077,-36.3429],[175.5078,-36.3412],[175.5031,-36.3412]]]}},{"type":"Feature","properties":{},"geometry":{"type":"Polygon","coordinates":[[[175.5073,-36.1244],[175.5078,-36.1273],[175.5093,-36.1272],[175.5077,-36.1248],[175.512,-36.1245],[175.5132,-36.1231],[175.5117,-36.1241],[175.5073,-36.1244]]]}},{"type":"Feature","properties":{},"geometry":{"type":"Polygon","coordinates":[[[175.5102,-36.1238],[175.5124,-36.1232],[175.5108,-36.1234],[175.5111,-36.1215],[175.5102,-36.1218],[175.5102,-36.1238]]]}},{"type":"Feature","properties":{},"geometry":{"type":"Polygon","coordinates":[[[175.5106,-36.1214],[175.5111,-36.1214],[175.5113,-36.1204],[175.5107,-36.1201],[175.5106,-36.1214]]]}},{"type":"Feature","properties":{},"geometry":{"type":"Polygon","coordinates":[[[175.5145,-36.2707],[175.5164,-36.2721],[175.5149,-36.2699],[175.5145,-36.2707]]]}},{"type":"Feature","properties":{},"geometry":{"type":"Polygon","coordinates":[[[175.517,-36.2741],[175.5183,-36.2748],[175.517,-36.2731],[175.517,-36.2741]]]}},{"type":"Feature","properties":{},"geometry":{"type":"Polygon","coordinates":[[[175.5187,-36.3442],[175.5195,-36.3462],[175.5194,-36.3445],[175.5187,-36.3442]]]}},{"type":"Feature","properties":{},"geometry":{"type":"Polygon","coordinates":[[[175.5326,-36.3423],[175.5334,-36.3419],[175.5337,-36.3405],[175.5333,-36.3405],[175.5326,-36.3423]]]}},{"type":"Feature","properties":{},"geometry":{"type":"Polygon","coordinates":[[[175.5333,-36.2906],[175.5358,-36.2924],[175.5333,-36.2897],[175.5333,-36.2906]]]}},{"type":"Feature","properties":{},"geometry":{"type":"Polygon","coordinates":[[[175.5353,-36.3331],[175.5375,-36.3323],[175.5355,-36.3324],[175.5353,-36.3331]]]}},{"type":"Feature","properties":{},"geometry":{"type":"Polygon","coordinates":[[[175.5375,-36.3181],[175.5401,-36.3184],[175.54,-36.3187],[175.5434,-36.3184],[175.542,-36.3174],[175.5375,-36.3181]]]}},{"type":"Feature","properties":{},"geometry":{"type":"Polygon","coordinates":[[[175.5385,-36.3331],[175.5406,-36.3344],[175.5416,-36.3335],[175.5404,-36.333],[175.5413,-36.3323],[175.5405,-36.3316],[175.5385,-36.3331]]]}},{"type":"Feature","properties":{},"geometry":{"type":"Polygon","coordinates":[[[175.5461,-36.3161],[175.5498,-36.315],[175.5484,-36.3147],[175.5461,-36.3159],[175.5461,-36.3161]]]}},{"type":"Feature","properties":{},"geometry":{"type":"Polygon","coordinates":[[[174.6804,-36.9044],[174.6811,-36.9064],[174.6819,-36.9056],[174.6804,-36.9044]]]}},{"type":"Feature","properties":{},"geometry":{"type":"Polygon","coordinates":[[[175.1613,-36.951],[175.1632,-36.951],[175.1637,-36.9503],[175.1648,-36.949],[175.1637,-36.9496],[175.1637,-36.9499],[175.1629,-36.9501],[175.1613,-36.951]]]}},{"type":"Feature","properties":{},"geometry":{"type":"Polygon","coordinates":[[[174.7824,-36.9308],[174.7848,-36.931],[174.7852,-36.9304],[174.7836,-36.9293],[174.7826,-36.9296],[174.7831,-36.9296],[174.7824,-36.9308]]]}},{"type":"Feature","properties":{},"geometry":{"type":"Polygon","coordinates":[[[174.7865,-36.9392],[174.7887,-36.9385],[174.787,-36.9379],[174.7865,-36.9378],[174.7865,-36.9392]]]}},{"type":"Feature","properties":{},"geometry":{"type":"Polygon","coordinates":[[[174.4815,-36.4164],[174.482,-36.4158],[174.4827,-36.4105],[174.4815,-36.4164]]]}},{"type":"Feature","properties":{},"geometry":{"type":"Polygon","coordinates":[[[174.447,-36.6458],[174.451,-36.6458],[174.4537,-36.6452],[174.4542,-36.6435],[174.447,-36.6458]]]}},{"type":"Feature","properties":{},"geometry":{"type":"Polygon","coordinates":[[[174.7834,-36.9281],[174.7836,-36.9291],[174.7853,-36.9297],[174.7862,-36.9291],[174.7858,-36.9284],[174.7834,-36.9281]],[[174.784,-36.9289],[174.784,-36.9288],[174.7841,-36.9288],[174.7841,-36.9289],[174.784,-36.9289]],[[174.7847,-36.9288],[174.785,-36.9285],[174.7855,-36.9292],[174.7847,-36.9288]]]}},{"type":"Feature","properties":{},"geometry":{"type":"Polygon","coordinates":[[[174.7087,-36.5344],[174.7113,-36.5344],[174.7106,-36.5326],[174.7097,-36.5335],[174.7097,-36.5333],[174.7096,-36.5333],[174.7096,-36.5335],[174.7097,-36.5335],[174.7087,-36.5344]]]}},{"type":"Feature","properties":{},"geometry":{"type":"Polygon","coordinates":[[[175.0646,-36.9713],[175.0658,-36.973],[175.0653,-36.9712],[175.0663,-36.9718],[175.0661,-36.9707],[175.0651,-36.9704],[175.0646,-36.9713]]]}}]}