{"type":"FeatureCollection","features":[{"type":"Feature","properties":{},"geometry":{"type":"Polygon","coordinates":[[[175.1883,-36.8409],[175.1892,-36.8387],[175.187,-36.8387],[175.1883,-36.8409]]]}},{"type":"Feature","properties":{},"geometry":{"type":"Polygon","coordinates":[[[174.7574,-37.1781],[174.7531,-37.1695],[174.7505,-37.1701],[174.7574,-37.1781]]]}},{"type":"Feature","properties":{},"geometry":{"type":"Polygon","coordinates":[[[174.853,-36.8062],[174.855,-36.8022],[174.8524,-36.8038],[174.853,-36.8062]],[[174.8535,-36.8057],[174.8533,-36.8057],[174.8533,-36.8054],[174.8535,-36.8054],[174.8535,-36.8057]]]}},{"type":"Feature","properties":{},"geometry":{"type":"Polygon","coordinates":[[[174.8526,-36.8063],[174.8506,-36.8044],[174.8475,-36.8055],[174.8526,-36.8063]]]}},{"type":"Feature","properties":{},"geometry":{"type":"Polygon","coordinates":[[[174.9098,-37.1815],[174.9028,-37.1767],[174.904,-37.1803],[174.9098,-37.1815]]]}},{"type":"Feature","properties":{},"geometry":{"type":"Polygon","coordinates":[[[174.9371,-37.076],[174.9299,-37.0739],[174.9301,-37.0754],[174.9371,-37.076]]]}},{"type":"Feature","properties":{},"geometry":{"type":"Polygon","coordinates":[[[174.9342,-37.0814],[174.9361,-37.0773],[174.9315,-37.0765],[174.9342,-37.0814]]]}},{"type":"Feature","properties":{},"geometry":{"type":"Polygon","coordinates":[[[174.9373,-37.0849],[174.938,-37.0826],[174.9345,-37.0827],[174.9373,-37.0849]]]}},{"type":"Feature","properties":{},"geometry":{"type":"Polygon","coordinates":[[[174.7406,-37.1485],[174.7439,-37.1468],[174.7413,-37.1468],[174.7406,-37.1485]]]}},{"type":"Feature","properties":{},"geometry":{"type":"Polygon","coordinates":[[[174.9013,-37.1169],[174.9086,-37.1048],[174.9149,-37.103],[174.9101,-37.0989],[174.9002,-37.1146],[174.8953,-37.1124],[174.8961,-37.1157],[174.9013,-37.1169]],[[174.9096,-37.1033],[174.9096,-37.1027],[174.9105,-37.1029],[174.9096,-37.1033]]]}},{"type":"Feature","properties":{},"geometry":{"type":"Polygon","coordinates":[[[174.6847,-37.1758],[174.6956,-37.1701],[174.6915,-37.1668],[174.6852,-37.1748],[174.6801,-37.1744],[174.6847,-37.1758]]]}},{"type":"Feature","properties":{},"geometry":{"type":"Polygon","coordinates":[[[174.662,-37.1835],[174.6782,-37.1759],[174.662,-37.1807],[174.662,-37.1835]]]}},{"type":"Feature","properties":{},"geometry":{"type":"Polygon","coordinates":[[[174.3766,-36.7165],[174.3725,-36.7065],[174.3669,-36.7017],[174.3766,-36.7165]],[[174.3718,-36.7082],[174.3716,-36.708],[174.372,-36.708],[174.3718,-36.7082]]]}},{"type":"Feature","properties":{},"geometry":{"type":"Polygon","coordinates":[[[174.3998,-36.7309],[174.3952,-36.7281],[174.3943,-36.7296],[174.3998,-36.7309]]]}},{"type":"Feature","properties":{},"geometry":{"type":"Polygon","coordinates":[[[174.4018,-36.7333],[174.403,-36.7317],[174.3993,-36.7317],[174.4018,-36.7333]],[[174.4012,-36.7314],[174.401,-36.7313],[174.4012,-36.7313],[174.4012,-36.7314]]]}},{"type":"Feature","properties":{},"geometry":{"type":"Polygon","coordinates":[[[174.3839,-36.7396],[174.3853,-36.7385],[174.3826,-36.7373],[174.3839,-36.7396]],[[174.3834,-36.7383],[174.3832,-36.7383],[174.3832,-36.7381],[174.3834,-36.7381],[174.3834,-36.7383]],[[174.3834,-36.7388],[174.3832,-36.7387],[174.3834,-36.7387],[174.3834,-36.7388]]]}},{"type":"Feature","properties":{},"geometry":{"type":"Polygon","coordinates":[[[174.3776,-36.7399],[174.3779,-36.7361],[174.3759,-36.7366],[174.3776,-36.7399]]]}},{"type":"Feature","properties":{},"geometry":{"type":"Polygon","coordinates":[[[174.373,-36.7439],[174.3749,-36.7404],[174.3704,-36.7377],[174.3783,-36.7407],[174.3757,-36.734],[174.367,-36.726],[174.3633,-36.7277],[174.3607,-36.7221],[174.3621,-36.7291],[174.373,-36.7439]],[[174.367,-36.7272],[174.3667,-36.7272],[174.3667,-36.727],[174.367,-36.727],[174.367,-36.7272]],[[174.3643,-36.7276],[174.3641,-36.7275],[174.3645,-36.7273],[174.3643,-36.7276]],[[174.3605,-36.7239],[174.3604,-36.7239],[174.3604,-36.7236],[174.3605,-36.7236],[174.3605,-36.7239]],[[174.3619,-36.7266],[174.3614,-36.7265],[174.3624,-36.7265],[174.3619,-36.7266]],[[174.3616,-36.7279],[174.3616,-36.7276],[174.3617,-36.7276],[174.3616,-36.7279]],[[174.3645,-36.7281],[174.364,-36.7281],[174.3645,-36.7279],[174.3645,-36.7281]],[[174.365,-36.7328],[174.3648,-36.7327],[174.3653,-36.7325],[174.365,-36.7328]],[[174.3667,-36.7322],[174.3663,-36.7322],[174.3663,-36.7321],[174.3667,-36.7321],[174.3667,-36.7322]],[[174.3687,-36.7292],[174.3689,-36.7284],[174.3691,-36.729],[174.3687,-36.7292]],[[174.3696,-36.7299],[174.3692,-36.7299],[174.3694,-36.7296],[174.3696,-36.7299]],[[174.3701,-36.7327],[174.3698,-36.7327],[174.3703,-36.7324],[174.3701,-36.7327]],[[174.3681,-36.7331],[174.3655,-36.732],[174.3665,-36.7276],[174.3681,-36.7331]],[[174.371,-36.7331],[174.3708,-36.7331],[174.371,-36.7329],[174.371,-36.7331]],[[174.3679,-36.7348],[174.3677,-36.7346],[174.3687,-36.7342],[174.3679,-36.7348]],[[174.3718,-36.7347],[174.3692,-36.7344],[174.372,-36.734],[174.3718,-36.7347]],[[174.3687,-36.735],[174.3684,-36.735],[174.3691,-36.7346],[174.3687,-36.735]],[[174.3686,-36.7353],[174.3684,-36.7353],[174.3682,-36.7351],[174.3684,-36.7351],[174.3686,-36.7353]],[[174.3727,-36.7355],[174.3725,-36.7353],[174.373,-36.7353],[174.3727,-36.7355]],[[174.3701,-36.7374],[174.3708,-36.7348],[174.3718,-36.7369],[174.3701,-36.7374]],[[174.3706,-36.7392],[174.3704,-36.7391],[174.3706,-36.7391],[174.3706,-36.7392]],[[174.3721,-36.7415],[174.372,-36.7414],[174.3723,-36.7414],[174.3721,-36.7415]]]}},{"type":"Feature","properties":{},"geometry":{"type":"Polygon","coordinates":[[[174.4083,-36.7458],[174.4131,-36.744],[174.4092,-36.7435],[174.4083,-36.7458]],[[174.4088,-36.745],[174.4085,-36.7446],[174.4092,-36.7443],[174.4088,-36.745]]]}},{"type":"Feature","properties":{},"geometry":{"type":"Polygon","coordinates":[[[174.3843,-36.7504],[174.3875,-36.7482],[174.3846,-36.7407],[174.3843,-36.7504]],[[174.3865,-36.7452],[174.3863,-36.7452],[174.3863,-36.7451],[174.3865,-36.7451],[174.3865,-36.7452]],[[174.3843,-36.7495],[174.3841,-36.7492],[174.3844,-36.7492],[174.3843,-36.7495]]]}},{"type":"Feature","properties":{},"geometry":{"type":"Polygon","coordinates":[[[174.3988,-36.7532],[174.3918,-36.745],[174.3897,-36.7499],[174.3937,-36.7491],[174.3988,-36.7532]],[[174.3925,-36.7447],[174.3923,-36.7447],[174.3923,-36.7446],[174.3925,-36.7446],[174.3925,-36.7447]]]}},{"type":"Feature","properties":{},"geometry":{"type":"Polygon","coordinates":[[[174.3812,-36.7551],[174.3817,-36.7451],[174.3773,-36.7411],[174.3756,-36.7422],[174.3802,-36.7463],[174.3779,-36.7518],[174.3812,-36.7551]],[[174.3769,-36.7414],[174.3767,-36.7414],[174.3767,-36.7413],[174.3769,-36.7413],[174.3769,-36.7414]],[[174.3774,-36.7421],[174.3773,-36.7421],[174.3773,-36.7418],[174.3774,-36.7418],[174.3774,-36.7421]],[[174.3776,-36.7424],[174.3773,-36.7424],[174.3774,-36.7422],[174.3776,-36.7424]],[[174.3786,-36.7432],[174.3783,-36.7429],[174.3786,-36.743],[174.3786,-36.7432]],[[174.3779,-36.7436],[174.3776,-36.7432],[174.3781,-36.743],[174.3779,-36.7436]],[[174.3785,-36.7443],[174.3783,-36.7435],[174.3786,-36.7437],[174.3785,-36.7443]],[[174.38,-36.7454],[174.3797,-36.7452],[174.38,-36.7451],[174.38,-36.7454]],[[174.3802,-36.7456],[174.38,-36.7455],[174.3802,-36.7455],[174.3802,-36.7456]],[[174.3805,-36.7463],[174.3803,-36.7463],[174.3802,-36.7461],[174.3803,-36.7461],[174.3805,-36.7463]],[[174.3819,-36.7508],[174.3815,-36.7507],[174.3822,-36.7506],[174.3819,-36.7508]]]}},{"type":"Feature","properties":{},"geometry":{"type":"Polygon","coordinates":[[[174.3909,-36.756],[174.3925,-36.7555],[174.3908,-36.7521],[174.3909,-36.756]]]}},{"type":"Feature","properties":{},"geometry":{"type":"Polygon","coordinates":[[[174.4034,-36.7562],[174.4037,-36.7487],[174.3926,-36.7365],[174.386,-36.7231],[174.3761,-36.7166],[174.3981,-36.7437],[174.3957,-36.7472],[174.4001,-36.7487],[174.4034,-36.7562]],[[174.3815,-36.7209],[174.3814,-36.7209],[174.3814,-36.7208],[174.3815,-36.7208],[174.3815,-36.7209]],[[174.3856,-36.7257],[174.3855,-36.7257],[174.3855,-36.7255],[174.3856,-36.7255],[174.3856,-36.7257]],[[174.3887,-36.7309],[174.3885,-36.7301],[174.3887,-36.7301],[174.3887,-36.7309]],[[174.3887,-36.7322],[174.3882,-36.7322],[174.3882,-36.7316],[174.3887,-36.7322]],[[174.3899,-36.7316],[174.3896,-36.7313],[174.3899,-36.7305],[174.3899,-36.7316]],[[174.3914,-36.734],[174.3892,-36.7318],[174.3908,-36.7324],[174.3914,-36.734]],[[174.3914,-36.7344],[174.3913,-36.7344],[174.3913,-36.7343],[174.3914,-36.7343],[174.3914,-36.7344]],[[174.3933,-36.7372],[174.3926,-36.7372],[174.3928,-36.7368],[174.3933,-36.7372]],[[174.3921,-36.7373],[174.3918,-36.7372],[174.3921,-36.737],[174.3921,-36.7373]],[[174.3948,-36.7388],[174.3947,-36.7388],[174.3947,-36.7387],[174.3948,-36.7387],[174.3948,-36.7388]],[[174.395,-36.7399],[174.3948,-36.7399],[174.3948,-36.7398],[174.395,-36.7398],[174.395,-36.7399]],[[174.3974,-36.7424],[174.3971,-36.7422],[174.3974,-36.7422],[174.3974,-36.7424]],[[174.4013,-36.7474],[174.4012,-36.7474],[174.4012,-36.7473],[174.4013,-36.7473],[174.4013,-36.7474]],[[174.4018,-36.7485],[174.4017,-36.7484],[174.4018,-36.7484],[174.4018,-36.7485]],[[174.4025,-36.75],[174.4024,-36.7499],[174.4025,-36.7499],[174.4025,-36.75]],[[174.4044,-36.7518],[174.4039,-36.7518],[174.4039,-36.7517],[174.4042,-36.7518],[174.4044,-36.7517],[174.4044,-36.7518]],[[174.4049,-36.7528],[174.4044,-36.7526],[174.4047,-36.7528],[174.4049,-36.7526],[174.4049,-36.7528]]]}},{"type":"Feature","properties":{},"geometry":{"type":"Polygon","coordinates":[[[174.3913,-36.7582],[174.3919,-36.7565],[174.3884,-36.7571],[174.3913,-36.7582]]]}},{"type":"Feature","properties":{},"geometry":{"type":"Polygon","coordinates":[[[174.4165,-36.7626],[174.4206,-36.7603],[174.4198,-36.7595],[174.4165,-36.7626]]]}},{"type":"Feature","properties":{},"geometry":{"type":"Polygon","coordinates":[[[174.4189,-36.7649],[174.4218,-36.7638],[174.4206,-36.7627],[174.4189,-36.7649]]]}},{"type":"Feature","properties":{},"geometry":{"type":"Polygon","coordinates":[[[174.4053,-36.7688],[174.4012,-36.7602],[174.4008,-36.7636],[174.4053,-36.7688]]]}},{"type":"Feature","properties":{},"geometry":{"type":"Polygon","coordinates":[[[174.4022,-36.7724],[174.3989,-36.7681],[174.3981,-36.7714],[174.4022,-36.7724]],[[174.4001,-36.7692],[174.4,-36.7692],[174.4,-36.769],[174.4001,-36.769],[174.4001,-36.7692]],[[174.3998,-36.7694],[174.3996,-36.7694],[174.3996,-36.7693],[174.3998,-36.7693],[174.3998,-36.7694]]]}},{"type":"Feature","properties":{},"geometry":{"type":"Polygon","coordinates":[[[174.3993,-36.775],[174.3817,-36.7514],[174.3849,-36.7611],[174.3947,-36.7705],[174.3933,-36.7744],[174.3993,-36.775]],[[174.3928,-36.7668],[174.3925,-36.7667],[174.3926,-36.7666],[174.3928,-36.7668]],[[174.3836,-36.7513],[174.3832,-36.751],[174.3836,-36.7508],[174.3836,-36.7513]],[[174.3831,-36.7515],[174.3829,-36.7513],[174.3831,-36.751],[174.3831,-36.7515]],[[174.3829,-36.7518],[174.3826,-36.7518],[174.3826,-36.7515],[174.3829,-36.7515],[174.3829,-36.7518]],[[174.3836,-36.7537],[174.3831,-36.7536],[174.3834,-36.7534],[174.3836,-36.7537]],[[174.3843,-36.7545],[174.3839,-36.754],[174.3843,-36.7541],[174.3843,-36.7545]],[[174.3863,-36.7567],[174.3861,-36.7567],[174.3861,-36.7566],[174.3863,-36.7566],[174.3863,-36.7567]],[[174.3855,-36.7571],[174.3853,-36.7569],[174.3858,-36.7569],[174.3855,-36.7571]],[[174.3853,-36.7575],[174.3849,-36.7574],[174.3853,-36.7574],[174.3853,-36.7575]],[[174.3863,-36.758],[174.386,-36.758],[174.3861,-36.7578],[174.3863,-36.758]],[[174.3843,-36.7585],[174.3839,-36.7585],[174.3839,-36.758],[174.3843,-36.758],[174.3839,-36.7581],[174.3843,-36.7585]],[[174.3848,-36.7588],[174.3844,-36.7584],[174.3855,-36.7586],[174.3848,-36.7588]],[[174.3872,-36.7602],[174.387,-36.7602],[174.387,-36.76],[174.3872,-36.7602]],[[174.3885,-36.7596],[174.3884,-36.7596],[174.3884,-36.7595],[174.3885,-36.7595],[174.3885,-36.7596]],[[174.3885,-36.761],[174.3867,-36.7599],[174.3875,-36.7595],[174.3885,-36.761]],[[174.389,-36.7622],[174.3889,-36.7619],[174.3892,-36.7618],[174.389,-36.7622]],[[174.3894,-36.7636],[174.3892,-36.7636],[174.3892,-36.7634],[174.3894,-36.7636]],[[174.3887,-36.7637],[174.3885,-36.7637],[174.3885,-36.7634],[174.3887,-36.7634],[174.3887,-36.7637]],[[174.3904,-36.7651],[174.3899,-36.7647],[174.3904,-36.7647],[174.3904,-36.7651]],[[174.3954,-36.7707],[174.3952,-36.7707],[174.3952,-36.7705],[174.3954,-36.7705],[174.3954,-36.7707]],[[174.3959,-36.7715],[174.395,-36.7712],[174.3954,-36.7711],[174.3959,-36.7715]],[[174.396,-36.773],[174.3957,-36.7726],[174.396,-36.7727],[174.396,-36.773]],[[174.3974,-36.7745],[174.3972,-36.7745],[174.3974,-36.7744],[174.3974,-36.7745]]]}},{"type":"Feature","properties":{},"geometry":{"type":"Polygon","coordinates":[[[174.4164,-36.7763],[174.4177,-36.7653],[174.4042,-36.7574],[174.4164,-36.7763]],[[174.4058,-36.7589],[174.4056,-36.7589],[174.4056,-36.7585],[174.4058,-36.7585],[174.4058,-36.7589]],[[174.4058,-36.7608],[174.4053,-36.7606],[174.4056,-36.7603],[174.4058,-36.7608]],[[174.4095,-36.7653],[174.4092,-36.7645],[174.4097,-36.7649],[174.4095,-36.7653]],[[174.4155,-36.7671],[174.4148,-36.767],[174.415,-36.7668],[174.4155,-36.7671]],[[174.4135,-36.7679],[174.4131,-36.7678],[174.4133,-36.7677],[174.4135,-36.7679]],[[174.416,-36.769],[174.4158,-36.7688],[174.4162,-36.7685],[174.416,-36.769]],[[174.4152,-36.7709],[174.4152,-36.7708],[174.4153,-36.7707],[174.4152,-36.7709]],[[174.415,-36.7712],[174.4148,-36.7712],[174.4148,-36.7711],[174.415,-36.7711],[174.415,-36.7712]],[[174.4169,-36.7727],[174.4164,-36.7726],[174.4164,-36.7718],[174.4169,-36.7727]],[[174.4138,-36.7731],[174.4136,-36.7729],[174.414,-36.7729],[174.4138,-36.7731]],[[174.4169,-36.7734],[174.4167,-36.7734],[174.4167,-36.7731],[174.4169,-36.7731],[174.4169,-36.7734]]]}},{"type":"Feature","properties":{},"geometry":{"type":"Polygon","coordinates":[[[174.8378,-36.9693],[174.8405,-36.9663],[174.8342,-36.9647],[174.8335,-36.9669],[174.8386,-36.9662],[174.8378,-36.9693]]]}},{"type":"Feature","properties":{},"geometry":{"type":"Polygon","coordinates":[[[175.0566,-36.9119],[175.0675,-36.9058],[175.0752,-36.9052],[175.0653,-36.9015],[175.0624,-36.908],[175.0544,-36.9092],[175.0566,-36.9119]],[[175.0738,-36.9063],[175.0719,-36.9062],[175.0748,-36.9056],[175.0738,-36.9063]],[[175.0702,-36.9051],[175.0692,-36.9048],[175.0702,-36.9047],[175.0702,-36.9051]],[[175.068,-36.9056],[175.0678,-36.9056],[175.0678,-36.9055],[175.068,-36.9055],[175.068,-36.9056]]]}},{"type":"Feature","properties":{},"geometry":{"type":"Polygon","coordinates":[[[174.5355,-36.6077],[174.5365,-36.6062],[174.5358,-36.6026],[174.5355,-36.6077]]]}},{"type":"Feature","properties":{},"geometry":{"type":"Polygon","coordinates":[[[174.5742,-36.6286],[174.572,-36.6215],[174.5712,-36.6234],[174.5742,-36.6286]]]}},{"type":"Feature","properties":{},"geometry":{"type":"Polygon","coordinates":[[[174.566,-36.6318],[174.5664,-36.6286],[174.5648,-36.6273],[174.566,-36.6318]],[[174.5659,-36.6299],[174.5657,-36.6299],[174.5657,-36.6297],[174.5659,-36.6297],[174.5659,-36.6299]]]}},{"type":"Feature","properties":{},"geometry":{"type":"Polygon","coordinates":[[[174.3558,-36.6541],[174.357,-36.6523],[174.3571,-36.6486],[174.3558,-36.6541]]]}},{"type":"Feature","properties":{},"geometry":{"type":"Polygon","coordinates":[[[174.4817,-36.6679],[174.4831,-36.666],[174.4805,-36.6666],[174.4817,-36.6679]]]}},{"type":"Feature","properties":{},"geometry":{"type":"Polygon","coordinates":[[[174.3747,-36.6755],[174.3786,-36.6733],[174.3684,-36.6715],[174.3769,-36.6737],[174.3747,-36.6755]]]}},{"type":"Feature","properties":{},"geometry":{"type":"Polygon","coordinates":[[[174.5561,-36.6835],[174.5597,-36.6808],[174.5551,-36.6831],[174.5561,-36.6835]]]}},{"type":"Feature","properties":{},"geometry":{"type":"Polygon","coordinates":[[[174.542,-36.6838],[174.5389,-36.6818],[174.5377,-36.6828],[174.542,-36.6838]]]}},{"type":"Feature","properties":{},"geometry":{"type":"Polygon","coordinates":[[[174.3809,-36.6887],[174.3802,-36.6848],[174.3785,-36.6857],[174.3809,-36.6887]]]}},{"type":"Feature","properties":{},"geometry":{"type":"Polygon","coordinates":[[[174.3803,-36.7006],[174.3834,-36.6978],[174.3788,-36.6993],[174.3803,-36.7006]],[[174.3819,-36.6995],[174.3815,-36.6994],[174.3819,-36.6994],[174.3819,-36.6995]]]}},{"type":"Feature","properties":{},"geometry":{"type":"Polygon","coordinates":[[[174.4964,-36.7054],[174.4979,-36.7008],[174.4964,-36.698],[174.4964,-36.7054]]]}},{"type":"Feature","properties":{},"geometry":{"type":"Polygon","coordinates":[[[174.5114,-36.7186],[174.5157,-36.716],[174.5099,-36.7182],[174.5114,-36.7186]]]}},{"type":"Feature","properties":{},"geometry":{"type":"Polygon","coordinates":[[[174.488,-36.7242],[174.4833,-36.7182],[174.4853,-36.7225],[174.488,-36.7242]]]}},{"type":"Feature","properties":{},"geometry":{"type":"Polygon","coordinates":[[[174.4027,-36.7253],[174.4025,-36.7235],[174.3996,-36.7244],[174.4027,-36.7253]]]}},{"type":"Feature","properties":{},"geometry":{"type":"Polygon","coordinates":[[[174.556,-36.7402],[174.5584,-36.7366],[174.5585,-36.7342],[174.556,-36.7402]]]}},{"type":"Feature","properties":{},"geometry":{"type":"Polygon","coordinates":[[[174.4739,-36.7481],[174.4672,-36.7448],[174.4713,-36.7478],[174.4739,-36.7481]]]}},{"type":"Feature","properties":{},"geometry":{"type":"Polygon","coordinates":[[[174.4752,-36.7495],[174.4761,-36.7439],[174.474,-36.7478],[174.4752,-36.7495]]]}},{"type":"Feature","properties":{},"geometry":{"type":"Polygon","coordinates":[[[174.4628,-36.7683],[174.4653,-36.7671],[174.4638,-36.7653],[174.4628,-36.7683]]]}},{"type":"Feature","properties":{},"geometry":{"type":"Polygon","coordinates":[[[174.5179,-36.7682],[174.5205,-36.7667],[174.5193,-36.7657],[174.5179,-36.7682]]]}},{"type":"Feature","properties":{},"geometry":{"type":"Polygon","coordinates":[[[174.4355,-36.7712],[174.4384,-36.7699],[174.4373,-36.7685],[174.4355,-36.7712]]]}},{"type":"Feature","properties":{},"geometry":{"type":"Polygon","coordinates":[[[174.4771,-36.7709],[174.4781,-36.7633],[174.4752,-36.7607],[174.4778,-36.766],[174.4744,-36.7681],[174.4785,-36.7674],[174.4771,-36.7709]]]}},{"type":"Feature","properties":{},"geometry":{"type":"Polygon","coordinates":[[[174.438,-36.7796],[174.4396,-36.7779],[174.4355,-36.7789],[174.438,-36.7796]],[[174.4382,-36.7783],[174.438,-36.7783],[174.438,-36.7782],[174.4382,-36.7782],[174.4382,-36.7783]]]}},{"type":"Feature","properties":{},"geometry":{"type":"Polygon","coordinates":[[[174.5205,-36.7837],[174.5232,-36.7805],[174.5212,-36.7812],[174.5205,-36.7837]]]}},{"type":"Feature","properties":{},"geometry":{"type":"Polygon","coordinates":[[[174.4331,-36.7934],[174.4356,-36.7909],[174.4314,-36.7931],[174.4331,-36.7934]]]}},{"type":"Feature","properties":{},"geometry":{"type":"Polygon","coordinates":[[[174.5696,-36.8219],[174.5652,-36.8184],[174.5679,-36.8219],[174.5696,-36.8219]]]}},{"type":"Feature","properties":{},"geometry":{"type":"Polygon","coordinates":[[[174.5307,-36.8615],[174.5394,-36.8503],[174.5439,-36.849],[174.5508,-36.8523],[174.5468,-36.851],[174.545,-36.8451],[174.5469,-36.8415],[174.5474,-36.8462],[174.5478,-36.8421],[174.5495,-36.8432],[174.5493,-36.8304],[174.556,-36.8267],[174.5541,-36.8247],[174.5604,-36.8169],[174.5642,-36.8027],[174.5676,-36.8084],[174.5626,-36.8208],[174.5664,-36.8262],[174.5611,-36.8383],[174.5626,-36.849],[174.5631,-36.8469],[174.5667,-36.8491],[174.5623,-36.8447],[174.565,-36.833],[174.5768,-36.8387],[174.5666,-36.8323],[174.5667,-36.8266],[174.5705,-36.8281],[174.5636,-36.82],[174.5688,-36.8137],[174.5703,-36.8173],[174.5696,-36.8115],[174.5751,-36.8109],[174.5708,-36.809],[174.5695,-36.8031],[174.5706,-36.7882],[174.5753,-36.7852],[174.5703,-36.7859],[174.5712,-36.7831],[174.5635,-36.7779],[174.5737,-36.7791],[174.5712,-36.7761],[174.5771,-36.7738],[174.5662,-36.7705],[174.563,-36.773],[174.5705,-36.7744],[174.5664,-36.7772],[174.5495,-36.7703],[174.5481,-36.7664],[174.5524,-36.7679],[174.5485,-36.7618],[174.557,-36.7606],[174.5479,-36.7608],[174.5425,-36.7574],[174.5382,-36.7599],[174.5083,-36.7528],[174.5107,-36.7529],[174.5126,-36.7444],[174.5167,-36.7508],[174.513,-36.7411],[174.5191,-36.7384],[174.5188,-36.7422],[174.5246,-36.7476],[174.5201,-36.7381],[174.523,-36.7355],[174.5305,-36.7418],[174.5292,-36.7374],[174.5338,-36.7325],[174.5398,-36.7436],[174.538,-36.7465],[174.5404,-36.7439],[174.5423,-36.7495],[174.5578,-36.7522],[174.5432,-36.7473],[174.5324,-36.7283],[174.5387,-36.7265],[174.5447,-36.7353],[174.5439,-36.7324],[174.5462,-36.7322],[174.5394,-36.7254],[174.5464,-36.7264],[174.5425,-36.722],[174.5544,-36.7238],[174.5553,-36.7299],[174.5633,-36.7365],[174.563,-36.7406],[174.5647,-36.7366],[174.5565,-36.7302],[174.5543,-36.7224],[174.5698,-36.729],[174.5556,-36.7187],[174.5512,-36.7214],[174.5479,-36.7191],[174.5563,-36.7119],[174.5601,-36.7134],[174.5567,-36.7104],[174.5597,-36.7083],[174.5655,-36.7094],[174.5662,-36.7161],[174.5666,-36.7113],[174.5708,-36.7112],[174.5759,-36.7206],[174.5812,-36.7201],[174.5732,-36.7121],[174.5792,-36.7135],[174.5594,-36.7067],[174.5573,-36.7005],[174.5662,-36.6953],[174.5826,-36.7062],[174.5843,-36.7039],[174.5667,-36.6934],[174.5695,-36.6906],[174.5751,-36.6937],[174.5706,-36.6894],[174.5747,-36.6852],[174.5889,-36.687],[174.5787,-36.6861],[174.5749,-36.6789],[174.5773,-36.6761],[174.5717,-36.6776],[174.5735,-36.6857],[174.557,-36.6972],[174.5474,-36.673],[174.5508,-36.6822],[174.5471,-36.684],[174.5508,-36.6842],[174.5512,-36.6887],[174.5449,-36.6915],[174.552,-36.6913],[174.5541,-36.6965],[174.5515,-36.6987],[174.5544,-36.6989],[174.5493,-36.7016],[174.5572,-36.703],[174.5505,-36.7049],[174.5548,-36.7049],[174.5553,-36.7091],[174.5488,-36.7138],[174.5432,-36.7113],[174.5505,-36.7146],[174.5449,-36.7195],[174.5365,-36.7204],[174.5377,-36.7232],[174.5319,-36.7257],[174.528,-36.7347],[174.5174,-36.7346],[174.5285,-36.7097],[174.5266,-36.7106],[174.5208,-36.7213],[174.5225,-36.725],[174.5124,-36.7394],[174.5044,-36.732],[174.5097,-36.7183],[174.5072,-36.706],[174.5121,-36.7056],[174.5089,-36.7031],[174.5155,-36.6909],[174.5285,-36.6913],[174.5095,-36.6865],[174.5097,-36.6807],[174.5188,-36.6811],[174.5118,-36.6805],[174.5104,-36.6744],[174.5106,-36.6792],[174.5072,-36.68],[174.5082,-36.6861],[174.5131,-36.6894],[174.5143,-36.6954],[174.5053,-36.7076],[174.4913,-36.7071],[174.506,-36.7112],[174.5008,-36.7199],[174.507,-36.7177],[174.5014,-36.7324],[174.5083,-36.7383],[174.5041,-36.7417],[174.5087,-36.7406],[174.5107,-36.7437],[174.5037,-36.7451],[174.5077,-36.7455],[174.5056,-36.7466],[174.5085,-36.7487],[174.4995,-36.7548],[174.5039,-36.7543],[174.5036,-36.76],[174.4957,-36.7644],[174.4884,-36.7526],[174.4918,-36.7394],[174.4891,-36.7247],[174.4896,-36.7451],[174.4829,-36.7555],[174.4766,-36.7556],[174.4737,-36.7532],[174.4771,-36.7508],[174.4754,-36.7496],[174.4711,-36.7526],[174.4635,-36.7481],[174.4636,-36.7513],[174.4577,-36.753],[174.4469,-36.7487],[174.4577,-36.7324],[174.4527,-36.7348],[174.4544,-36.7239],[174.4484,-36.7184],[174.4478,-36.7114],[174.4539,-36.7109],[174.449,-36.7083],[174.4452,-36.7001],[174.451,-36.6983],[174.4478,-36.6958],[174.449,-36.6919],[174.4534,-36.6916],[174.4524,-36.6882],[174.4459,-36.6934],[174.4455,-36.6883],[174.4498,-36.6844],[174.4447,-36.6812],[174.4558,-36.6724],[174.4573,-36.6786],[174.458,-36.6746],[174.4607,-36.6783],[174.4594,-36.6815],[174.4606,-36.6768],[174.4629,-36.6813],[174.4676,-36.6818],[174.4713,-36.6934],[174.4689,-36.6874],[174.4708,-36.6819],[174.4797,-36.6857],[174.4819,-36.6926],[174.4803,-36.6865],[174.4853,-36.683],[174.4751,-36.6824],[174.481,-36.6768],[174.4744,-36.6812],[174.4657,-36.6787],[174.4643,-36.672],[174.4585,-36.6705],[174.4619,-36.6656],[174.4541,-36.6675],[174.4443,-36.6472],[174.457,-36.6456],[174.4573,-36.6505],[174.4592,-36.6425],[174.467,-36.6429],[174.4689,-36.653],[174.4624,-36.6578],[174.4703,-36.656],[174.471,-36.6626],[174.4691,-36.6494],[174.4718,-36.6466],[174.4691,-36.6438],[174.4809,-36.6364],[174.4824,-36.6601],[174.4945,-36.6697],[174.4874,-36.6626],[174.4952,-36.6629],[174.4938,-36.6596],[174.4867,-36.6614],[174.4826,-36.6526],[174.4836,-36.6481],[174.4914,-36.6508],[174.4848,-36.6468],[174.4874,-36.6452],[174.486,-36.6315],[174.4894,-36.6389],[174.4894,-36.629],[174.4959,-36.6292],[174.495,-36.6262],[174.5005,-36.6229],[174.5032,-36.6259],[174.5007,-36.6336],[174.5025,-36.6381],[174.4993,-36.6407],[174.5029,-36.6383],[174.5039,-36.6277],[174.5094,-36.6278],[174.5101,-36.6411],[174.5123,-36.6377],[174.5143,-36.6419],[174.5118,-36.6478],[174.5167,-36.6409],[174.5205,-36.6493],[174.5116,-36.6583],[174.5206,-36.6496],[174.5223,-36.6509],[174.5235,-36.6567],[174.52,-36.6615],[174.5232,-36.6589],[174.5247,-36.6723],[174.5246,-36.6556],[174.531,-36.6634],[174.5326,-36.662],[174.5153,-36.6397],[174.513,-36.6299],[174.5186,-36.6316],[174.5201,-36.6355],[174.5225,-36.6322],[174.5254,-36.6348],[174.5266,-36.6329],[174.5287,-36.6452],[174.5276,-36.637],[174.5312,-36.6342],[174.5365,-36.6407],[174.535,-36.6348],[174.5377,-36.6312],[174.5416,-36.6353],[174.5399,-36.632],[174.5473,-36.6351],[174.5503,-36.6393],[174.5473,-36.6419],[174.5539,-36.6363],[174.5519,-36.6464],[174.5462,-36.649],[174.5503,-36.6488],[174.5493,-36.6526],[174.5435,-36.6551],[174.5497,-36.6533],[174.5468,-36.6608],[174.5394,-36.665],[174.5454,-36.6629],[174.5452,-36.6652],[174.5497,-36.6556],[174.5546,-36.659],[174.5529,-36.6652],[174.5543,-36.6612],[174.5582,-36.6609],[174.5575,-36.6657],[174.5604,-36.6626],[174.5609,-36.6681],[174.5628,-36.6638],[174.5503,-36.6529],[174.5553,-36.6438],[174.5597,-36.6514],[174.5567,-36.6541],[174.5619,-36.6557],[174.5604,-36.6515],[174.5643,-36.6508],[174.5696,-36.6579],[174.5701,-36.6559],[174.5725,-36.6642],[174.5809,-36.6685],[174.5718,-36.6622],[174.5712,-36.6559],[174.5765,-36.662],[174.5739,-36.6564],[174.5582,-36.6457],[174.5561,-36.6375],[174.5594,-36.6367],[174.5623,-36.642],[174.5614,-36.6379],[174.5652,-36.6373],[174.5695,-36.643],[174.5715,-36.6392],[174.5729,-36.6453],[174.5753,-36.6385],[174.5797,-36.6425],[174.5771,-36.65],[174.5819,-36.6481],[174.5865,-36.6585],[174.5887,-36.6555],[174.5855,-36.653],[174.5915,-36.6522],[174.5908,-36.6501],[174.5853,-36.6512],[174.5805,-36.6416],[174.5846,-36.6415],[174.5863,-36.6452],[174.5862,-36.6412],[174.5945,-36.6382],[174.5932,-36.6456],[174.5949,-36.6445],[174.5961,-36.6516],[174.5971,-36.6394],[174.6046,-36.6415],[174.5997,-36.6382],[174.6099,-36.6353],[174.6053,-36.6351],[174.6039,-36.6316],[174.5998,-36.636],[174.6003,-36.6296],[174.5978,-36.6367],[174.594,-36.6353],[174.5869,-36.6394],[174.5857,-36.6348],[174.5833,-36.6394],[174.5811,-36.6359],[174.5812,-36.6397],[174.5507,-36.6312],[174.5556,-36.6268],[174.5613,-36.6277],[174.5611,-36.623],[174.5631,-36.6266],[174.5628,-36.6225],[174.5666,-36.6241],[174.565,-36.6163],[174.5812,-36.6283],[174.5676,-36.6153],[174.5761,-36.6174],[174.5805,-36.6147],[174.5718,-36.6151],[174.585,-36.6092],[174.5896,-36.6131],[174.5872,-36.6074],[174.5893,-36.6068],[174.6005,-36.6114],[174.5896,-36.6057],[174.5906,-36.604],[174.601,-36.6037],[174.605,-36.6082],[174.6027,-36.6051],[174.6061,-36.6052],[174.6053,-36.6031],[174.5922,-36.6036],[174.5922,-36.6011],[174.6005,-36.5978],[174.5949,-36.6007],[174.5915,-36.5985],[174.593,-36.5834],[174.591,-36.5871],[174.5891,-36.5834],[174.5853,-36.586],[174.5911,-36.59],[174.5863,-36.5923],[174.5904,-36.5925],[174.5899,-36.6038],[174.5809,-36.6089],[174.5811,-36.5997],[174.5765,-36.5956],[174.5795,-36.6096],[174.5647,-36.6151],[174.5613,-36.6203],[174.5565,-36.6104],[174.5626,-36.6044],[174.563,-36.6077],[174.5671,-36.6079],[174.5626,-36.6041],[174.5681,-36.5925],[174.5741,-36.5914],[174.5708,-36.589],[174.5666,-36.5959],[174.5601,-36.5951],[174.5645,-36.5952],[174.5662,-36.5988],[174.5567,-36.6096],[174.5507,-36.6085],[174.5526,-36.6026],[174.55,-36.6078],[174.5565,-36.6107],[174.5575,-36.6144],[174.5493,-36.6168],[174.5572,-36.6157],[174.558,-36.6207],[174.5541,-36.6279],[174.5481,-36.6307],[174.5367,-36.6226],[174.5355,-36.6173],[174.5416,-36.6168],[174.5357,-36.6153],[174.5358,-36.6089],[174.5345,-36.6248],[174.5283,-36.6262],[174.5336,-36.6289],[174.5259,-36.6311],[174.5179,-36.6282],[174.5203,-36.6233],[174.5164,-36.6253],[174.5124,-36.6163],[174.5184,-36.6168],[174.5143,-36.6131],[174.5181,-36.6114],[174.5223,-36.6148],[174.5206,-36.6112],[174.5242,-36.6067],[174.5206,-36.6073],[174.522,-36.603],[174.5181,-36.6106],[174.5092,-36.6099],[174.5131,-36.6114],[174.5066,-36.6178],[174.4962,-36.6159],[174.4976,-36.613],[174.4933,-36.6122],[174.4916,-36.6081],[174.494,-36.6051],[174.4971,-36.6078],[174.4926,-36.599],[174.4969,-36.599],[174.4942,-36.5959],[174.4964,-36.5948],[174.5024,-36.596],[174.4964,-36.5935],[174.5104,-36.5938],[174.5148,-36.5978],[174.5119,-36.5929],[174.5182,-36.5914],[174.528,-36.5984],[174.5385,-36.5927],[174.5271,-36.5979],[174.5201,-36.5933],[174.5196,-36.5893],[174.5099,-36.5933],[174.5066,-36.5907],[174.5109,-36.5903],[174.5063,-36.5904],[174.5072,-36.5885],[174.5037,-36.5908],[174.5036,-36.5885],[174.4904,-36.5978],[174.4896,-36.6019],[174.4855,-36.602],[174.4909,-36.6046],[174.4827,-36.6048],[174.4904,-36.6089],[174.4856,-36.6107],[174.4899,-36.6111],[174.4882,-36.6123],[174.4817,-36.6133],[174.4906,-36.6126],[174.4921,-36.6153],[174.4858,-36.6163],[174.4942,-36.6167],[174.4872,-36.6201],[174.4875,-36.6264],[174.4814,-36.6273],[174.4773,-36.6327],[174.4742,-36.6278],[174.4715,-36.6344],[174.4648,-36.6331],[174.4629,-36.6294],[174.4616,-36.6359],[174.4416,-36.6385],[174.4382,-36.6362],[174.4391,-36.6266],[174.4452,-36.6262],[174.4483,-36.6211],[174.4392,-36.6253],[174.438,-36.6175],[174.429,-36.6227],[174.4353,-36.6393],[174.4271,-36.6349],[174.4213,-36.6471],[174.4167,-36.6468],[174.415,-36.6327],[174.4032,-36.6294],[174.3979,-36.6207],[174.3911,-36.6193],[174.3889,-36.624],[174.395,-36.6242],[174.3884,-36.6275],[174.3945,-36.6289],[174.3836,-36.6323],[174.3795,-36.6299],[174.38,-36.6349],[174.372,-36.6349],[174.38,-36.6367],[174.3761,-36.6416],[174.3653,-36.6416],[174.3561,-36.647],[174.3701,-36.6429],[174.3761,-36.6446],[174.3716,-36.6482],[174.3747,-36.6456],[174.3817,-36.6466],[174.3686,-36.6567],[174.3578,-36.6582],[174.3655,-36.6598],[174.3752,-36.6537],[174.3754,-36.6559],[174.3766,-36.6516],[174.3805,-36.6499],[174.3805,-36.6519],[174.3838,-36.6468],[174.3861,-36.6549],[174.3938,-36.6416],[174.3998,-36.6463],[174.393,-36.6538],[174.4082,-36.6466],[174.4117,-36.6488],[174.414,-36.652],[174.4029,-36.652],[174.3988,-36.6582],[174.3901,-36.6592],[174.3964,-36.6631],[174.379,-36.6634],[174.3914,-36.666],[174.4015,-36.6622],[174.3819,-36.6724],[174.3952,-36.6682],[174.3974,-36.6685],[174.3926,-36.6727],[174.4003,-36.6698],[174.4003,-36.6657],[174.4111,-36.6596],[174.4124,-36.6645],[174.4071,-36.6677],[174.4252,-36.6645],[174.4186,-36.6713],[174.4034,-36.6709],[174.4044,-36.6729],[174.3918,-36.6759],[174.3812,-36.6833],[174.3938,-36.6763],[174.4065,-36.6745],[174.4075,-36.6778],[174.4013,-36.6807],[174.407,-36.6792],[174.4049,-36.6827],[174.4203,-36.6771],[174.4194,-36.6792],[174.4249,-36.6812],[174.4281,-36.676],[174.428,-36.6813],[174.4218,-36.6845],[174.4058,-36.6852],[174.3962,-36.6894],[174.3984,-36.6896],[174.3955,-36.6927],[174.401,-36.6894],[174.401,-36.6919],[174.3937,-36.7001],[174.4039,-36.6876],[174.4111,-36.6868],[174.4112,-36.6891],[174.4041,-36.6957],[174.4136,-36.6885],[174.4201,-36.6876],[174.4235,-36.6898],[174.4208,-36.6928],[174.402,-36.7053],[174.3979,-36.705],[174.4054,-36.7037],[174.4059,-36.7058],[174.4095,-36.701],[174.4309,-36.6938],[174.4266,-36.699],[174.4152,-36.7037],[174.4256,-36.6998],[174.4346,-36.7016],[174.4148,-36.7102],[174.4189,-36.7095],[174.4177,-36.7131],[174.4129,-36.714],[174.4174,-36.714],[174.417,-36.7188],[174.4111,-36.7251],[174.4162,-36.7213],[174.4175,-36.7232],[174.4208,-36.7098],[174.4324,-36.7064],[174.4346,-36.7064],[174.4314,-36.709],[174.4355,-36.7094],[174.4297,-36.7143],[174.4336,-36.7153],[174.4346,-36.7192],[174.4307,-36.7213],[174.4349,-36.722],[174.436,-36.7143],[174.4387,-36.7138],[174.4476,-36.721],[174.4488,-36.7253],[174.442,-36.7283],[174.4349,-36.7244],[174.4181,-36.729],[174.4365,-36.7258],[174.4385,-36.7287],[174.4312,-36.7318],[174.4425,-36.7313],[174.4358,-36.7369],[174.4199,-36.737],[174.4348,-36.7383],[174.4276,-36.741],[174.4343,-36.7404],[174.4341,-36.7425],[174.4387,-36.7358],[174.4467,-36.7347],[174.4389,-36.7467],[174.4331,-36.747],[174.437,-36.7477],[174.4302,-36.7518],[174.4411,-36.7506],[174.4384,-36.7533],[174.4438,-36.7518],[174.4481,-36.7523],[174.4466,-36.7565],[174.4505,-36.7548],[174.4496,-36.7588],[174.4397,-36.7619],[174.4402,-36.764],[174.4532,-36.7592],[174.452,-36.7645],[174.4469,-36.7675],[174.4491,-36.7735],[174.4443,-36.774],[174.4495,-36.7748],[174.4474,-36.7802],[174.45,-36.7815],[174.4411,-36.7857],[174.4548,-36.7819],[174.4498,-36.7785],[174.45,-36.7726],[174.4542,-36.772],[174.451,-36.7716],[174.4503,-36.767],[174.4542,-36.7629],[174.4541,-36.7565],[174.464,-36.7563],[174.4614,-36.7536],[174.4655,-36.7522],[174.4691,-36.7544],[174.4648,-36.7637],[174.471,-36.7559],[174.4734,-36.759],[174.4845,-36.7571],[174.4906,-36.7606],[174.4867,-36.7694],[174.4887,-36.7737],[174.4757,-36.7805],[174.4817,-36.7786],[174.472,-36.7916],[174.4957,-36.7677],[174.499,-36.7745],[174.499,-36.7677],[174.501,-36.7666],[174.5025,-36.7701],[174.5046,-36.7664],[174.5012,-36.7642],[174.5063,-36.7611],[174.5135,-36.7662],[174.5104,-36.761],[174.5131,-36.758],[174.5194,-36.7586],[174.5176,-36.7653],[174.5222,-36.7585],[174.5223,-36.7625],[174.5225,-36.76],[174.5278,-36.7625],[174.5222,-36.7775],[174.5251,-36.7845],[174.5268,-36.7834],[174.5235,-36.7904],[174.528,-36.7844],[174.5341,-36.7837],[174.5285,-36.7842],[174.5241,-36.777],[174.5249,-36.7726],[174.5278,-36.7782],[174.5276,-36.776],[174.5336,-36.7772],[174.5268,-36.7737],[174.5305,-36.7693],[174.5271,-36.7673],[174.5276,-36.7593],[174.535,-36.7604],[174.535,-36.7632],[174.5428,-36.7606],[174.5439,-36.7626],[174.5473,-36.7715],[174.5404,-36.7763],[174.5471,-36.775],[174.5466,-36.7837],[174.5398,-36.7879],[174.542,-36.7878],[174.5399,-36.7912],[174.5263,-36.7964],[174.5404,-36.7919],[174.5469,-36.7841],[174.5495,-36.7895],[174.5423,-36.7999],[174.5322,-36.8031],[174.5358,-36.8029],[174.5345,-36.8051],[174.5514,-36.7942],[174.5493,-36.7757],[174.5594,-36.7805],[174.5636,-36.7879],[174.5582,-36.791],[174.5532,-36.7868],[174.5526,-36.7897],[174.5587,-36.7919],[174.5531,-36.8006],[174.5544,-36.8029],[174.5454,-36.8051],[174.5478,-36.8055],[174.5432,-36.8099],[174.5157,-36.8174],[174.5152,-36.8196],[174.5249,-36.8152],[174.5237,-36.8192],[174.5273,-36.8139],[174.5375,-36.8117],[174.5326,-36.8178],[174.5365,-36.813],[174.5411,-36.8122],[174.5413,-36.8144],[174.5456,-36.8103],[174.5543,-36.8094],[174.545,-36.8259],[174.5362,-36.8314],[174.5196,-36.8326],[174.5256,-36.8338],[174.5223,-36.8364],[174.5362,-36.8331],[174.5212,-36.8436],[174.5445,-36.8283],[174.5464,-36.8319],[174.5444,-36.8435],[174.5385,-36.845],[174.5427,-36.8479],[174.536,-36.8512],[174.5281,-36.8491],[174.523,-36.8535],[174.5345,-36.8512],[174.5317,-36.8581],[174.5271,-36.8595],[174.5307,-36.8615]],[[174.565,-36.8027],[174.5647,-36.8025],[174.565,-36.8025],[174.565,-36.8027]],[[174.5698,-36.8047],[174.5696,-36.8047],[174.5696,-36.8046],[174.5698,-36.8046],[174.5698,-36.8047]],[[174.5681,-36.8051],[174.5679,-36.8051],[174.5681,-36.805],[174.5681,-36.8051]],[[174.5712,-36.8096],[174.5706,-36.8094],[174.5713,-36.8091],[174.5712,-36.8096]],[[174.5695,-36.8098],[174.5695,-36.8083],[174.5701,-36.8083],[174.5695,-36.8098]],[[174.5718,-36.8099],[174.5715,-36.8098],[174.5718,-36.8095],[174.5718,-36.8099]],[[174.5659,-36.8152],[174.5655,-36.8151],[174.5659,-36.815],[174.5659,-36.8152]],[[174.5638,-36.8174],[174.5635,-36.8174],[174.5635,-36.8173],[174.5638,-36.8174]],[[174.5643,-36.8221],[174.5642,-36.8221],[174.5643,-36.8218],[174.5643,-36.8221]],[[174.5729,-36.7789],[174.5727,-36.7786],[174.5729,-36.7787],[174.5729,-36.7789]],[[174.5761,-36.7737],[174.5759,-36.7737],[174.5761,-36.7734],[174.5761,-36.7737]],[[174.5201,-36.7414],[174.5196,-36.7414],[174.5198,-36.7407],[174.5201,-36.7414]],[[174.5503,-36.7514],[174.55,-36.7513],[174.5503,-36.7513],[174.5503,-36.7514]],[[174.5674,-36.696],[174.5672,-36.696],[174.5672,-36.6958],[174.5674,-36.6958],[174.5674,-36.696]],[[174.5829,-36.706],[174.5828,-36.706],[174.5828,-36.7058],[174.5829,-36.706]],[[174.5756,-36.6782],[174.5754,-36.6782],[174.5758,-36.6779],[174.5756,-36.6782]],[[174.5751,-36.6807],[174.5747,-36.6805],[174.5749,-36.6801],[174.5751,-36.6807]],[[174.5744,-36.6824],[174.5741,-36.6823],[174.5742,-36.6822],[174.5744,-36.6824]],[[174.5754,-36.6824],[174.5753,-36.6824],[174.5753,-36.6823],[174.5754,-36.6823],[174.5754,-36.6824]],[[174.5614,-36.6965],[174.5613,-36.6965],[174.5613,-36.6964],[174.5614,-36.6964],[174.5614,-36.6965]],[[174.5618,-36.6969],[174.5616,-36.6969],[174.5616,-36.6968],[174.5618,-36.6968],[174.5618,-36.6969]],[[174.5609,-36.6971],[174.5606,-36.6971],[174.5607,-36.6963],[174.5609,-36.6971]],[[174.5515,-36.6867],[174.5512,-36.6867],[174.5512,-36.6865],[174.5515,-36.6865],[174.5515,-36.6867]],[[174.5607,-36.6978],[174.5606,-36.6978],[174.5606,-36.6976],[174.5607,-36.6976],[174.5607,-36.6978]],[[174.558,-36.6984],[174.558,-36.6983],[174.5582,-36.6983],[174.558,-36.6984]],[[174.5575,-36.6989],[174.5573,-36.6986],[174.5578,-36.6984],[174.5575,-36.6989]],[[174.557,-36.699],[174.5567,-36.6989],[174.5572,-36.6987],[174.557,-36.699]],[[174.5582,-36.6995],[174.557,-36.6993],[174.558,-36.6991],[174.5582,-36.6995]],[[174.5563,-36.706],[174.5558,-36.706],[174.556,-36.7057],[174.5563,-36.706]],[[174.5556,-36.7068],[174.5556,-36.7067],[174.5558,-36.7067],[174.5556,-36.7068]],[[174.5584,-36.7079],[174.5568,-36.7075],[174.5599,-36.7073],[174.5584,-36.7079]],[[174.5607,-36.7082],[174.5602,-36.7079],[174.5607,-36.7079],[174.5607,-36.7082]],[[174.5556,-36.7109],[174.5555,-36.7109],[174.5555,-36.7108],[174.5556,-36.7108],[174.5556,-36.7109]],[[174.5549,-36.7121],[174.5543,-36.7117],[174.5551,-36.7113],[174.5549,-36.7121]],[[174.5517,-36.7151],[174.552,-36.713],[174.5541,-36.7127],[174.5517,-36.7151]],[[174.5473,-36.7184],[174.5471,-36.7176],[174.5485,-36.7173],[174.5473,-36.7184]],[[174.5411,-36.721],[174.5409,-36.721],[174.5409,-36.7208],[174.5411,-36.7208],[174.5411,-36.721]],[[174.5387,-36.7238],[174.5399,-36.7225],[174.5415,-36.7232],[174.5387,-36.7238]],[[174.5346,-36.7261],[174.5343,-36.7254],[174.5374,-36.725],[174.5346,-36.7261]],[[174.5302,-36.7313],[174.5302,-36.731],[174.5304,-36.7311],[174.5302,-36.7313]],[[174.5172,-36.7361],[174.5169,-36.7354],[174.5172,-36.7353],[174.5172,-36.7361]],[[174.5094,-36.7039],[174.5094,-36.7038],[174.5095,-36.7038],[174.5094,-36.7039]],[[174.5107,-36.6882],[174.5104,-36.688],[174.5109,-36.6879],[174.5107,-36.6882]],[[174.5073,-36.7062],[174.5073,-36.7061],[174.5075,-36.7061],[174.5073,-36.7062]],[[174.507,-36.7221],[174.5068,-36.7221],[174.507,-36.7219],[174.507,-36.7221]],[[174.5044,-36.7337],[174.5043,-36.7337],[174.5044,-36.7336],[174.5044,-36.7337]],[[174.5113,-36.7459],[174.5111,-36.7458],[174.5114,-36.7458],[174.5113,-36.7459]],[[174.509,-36.7481],[174.5087,-36.7463],[174.5097,-36.7469],[174.509,-36.7481]],[[174.5099,-36.7481],[174.5097,-36.7478],[174.5101,-36.748],[174.5099,-36.7481]],[[174.5073,-36.7523],[174.507,-36.7523],[174.5072,-36.7522],[174.5073,-36.7523]],[[174.5082,-36.7547],[174.508,-36.7547],[174.508,-36.7544],[174.5082,-36.7547]],[[174.5066,-36.7559],[174.5065,-36.7558],[174.5066,-36.7556],[174.5066,-36.7559]],[[174.5083,-36.7566],[174.5077,-36.7563],[174.508,-36.7562],[174.5083,-36.7566]],[[174.5073,-36.7577],[174.5068,-36.7566],[174.5073,-36.7566],[174.5073,-36.7577]],[[174.5,-36.7641],[174.5002,-36.7638],[174.5003,-36.764],[174.5,-36.7641]],[[174.4868,-36.7543],[174.4867,-36.7543],[174.4867,-36.7541],[174.4868,-36.7541],[174.4868,-36.7543]],[[174.4641,-36.7529],[174.464,-36.7529],[174.4653,-36.7523],[174.4641,-36.7529]],[[174.4491,-36.6911],[174.4493,-36.6908],[174.4493,-36.6909],[174.4491,-36.6911]],[[174.4606,-36.6776],[174.4604,-36.6776],[174.4602,-36.6774],[174.4604,-36.6774],[174.4606,-36.6776]],[[174.4701,-36.6815],[174.4696,-36.6812],[174.4698,-36.6811],[174.4701,-36.6815]],[[174.4754,-36.6841],[174.4751,-36.6841],[174.4756,-36.6838],[174.4754,-36.6841]],[[174.4759,-36.6845],[174.4757,-36.6845],[174.4757,-36.6844],[174.4759,-36.6844],[174.4759,-36.6845]],[[174.4754,-36.6846],[174.4752,-36.6845],[174.4754,-36.6844],[174.4754,-36.6846]],[[174.4827,-36.6431],[174.4824,-36.643],[174.4827,-36.6429],[174.4827,-36.6431]],[[174.4831,-36.6452],[174.4826,-36.6442],[174.4834,-36.6438],[174.4831,-36.6452]],[[174.5295,-36.6603],[174.5293,-36.6603],[174.5295,-36.66],[174.5295,-36.6603]],[[174.5208,-36.632],[174.5206,-36.6319],[174.5208,-36.6318],[174.5208,-36.632]],[[174.5215,-36.6323],[174.521,-36.6322],[174.521,-36.632],[174.5215,-36.6322],[174.5215,-36.6323]],[[174.5421,-36.631],[174.542,-36.6308],[174.5421,-36.6307],[174.5421,-36.631]],[[174.5527,-36.6326],[174.5527,-36.6323],[174.5531,-36.6322],[174.5527,-36.6326]],[[174.55,-36.636],[174.5502,-36.6357],[174.5503,-36.6359],[174.55,-36.636]],[[174.5572,-36.6368],[174.5567,-36.6366],[174.557,-36.6364],[174.5572,-36.6368]],[[174.558,-36.637],[174.5575,-36.637],[174.5575,-36.6367],[174.558,-36.637]],[[174.5584,-36.637],[174.5582,-36.637],[174.5582,-36.6368],[174.5584,-36.6368],[174.5584,-36.637]],[[174.5505,-36.6497],[174.55,-36.6497],[174.5502,-36.6493],[174.5505,-36.6497]],[[174.5502,-36.6546],[174.55,-36.6538],[174.5505,-36.6545],[174.5502,-36.6546]],[[174.5488,-36.6568],[174.5485,-36.6568],[174.5485,-36.6567],[174.5488,-36.6567],[174.5488,-36.6568]],[[174.5551,-36.6596],[174.5548,-36.6596],[174.5549,-36.6593],[174.5551,-36.6596]],[[174.5594,-36.6488],[174.5584,-36.6485],[174.558,-36.6475],[174.5594,-36.6488]],[[174.5621,-36.6503],[174.5597,-36.6496],[174.5602,-36.649],[174.5621,-36.6503]],[[174.57,-36.653],[174.57,-36.6529],[174.5701,-36.6529],[174.57,-36.653]],[[174.57,-36.6534],[174.5695,-36.6533],[174.57,-36.6531],[174.57,-36.6534]],[[174.5578,-36.6378],[174.5577,-36.6378],[174.5577,-36.6377],[174.5578,-36.6377],[174.5578,-36.6378]],[[174.5585,-36.6378],[174.5582,-36.6374],[174.5587,-36.6374],[174.5585,-36.6378]],[[174.5696,-36.6378],[174.5691,-36.6378],[174.5691,-36.6375],[174.5696,-36.6378]],[[174.5681,-36.6381],[174.5677,-36.6379],[174.5679,-36.6378],[174.5681,-36.6381]],[[174.5684,-36.6411],[174.5671,-36.639],[174.5684,-36.6388],[174.5684,-36.6411]],[[174.5705,-36.6412],[174.5703,-36.6412],[174.5703,-36.6411],[174.5705,-36.6411],[174.5705,-36.6412]],[[174.5831,-36.6399],[174.5829,-36.6399],[174.5831,-36.6397],[174.5831,-36.6399]],[[174.5782,-36.6415],[174.5778,-36.6414],[174.5782,-36.6414],[174.5782,-36.6415]],[[174.5797,-36.6419],[174.5794,-36.6419],[174.5794,-36.6418],[174.5797,-36.6418],[174.5797,-36.6419]],[[174.5788,-36.643],[174.5787,-36.643],[174.5787,-36.6427],[174.5788,-36.6427],[174.5788,-36.643]],[[174.5799,-36.6445],[174.5795,-36.6445],[174.5795,-36.6444],[174.5799,-36.6444],[174.5799,-36.6445]],[[174.585,-36.6516],[174.5848,-36.6516],[174.5848,-36.6515],[174.585,-36.6515],[174.585,-36.6516]],[[174.5853,-36.6436],[174.5852,-36.6436],[174.5852,-36.6434],[174.5853,-36.6434],[174.5853,-36.6436]],[[174.5964,-36.642],[174.5962,-36.6419],[174.5966,-36.6419],[174.5964,-36.642]],[[174.5964,-36.6425],[174.5962,-36.6425],[174.5962,-36.6423],[174.5964,-36.6423],[174.5964,-36.6425]],[[174.6017,-36.6394],[174.6015,-36.6392],[174.6019,-36.639],[174.6017,-36.6394]],[[174.6031,-36.634],[174.6029,-36.634],[174.6032,-36.6336],[174.6031,-36.634]],[[174.6031,-36.6346],[174.6029,-36.6342],[174.6034,-36.6341],[174.6031,-36.6346]],[[174.6044,-36.6351],[174.6034,-36.6351],[174.6032,-36.6349],[174.6043,-36.6349],[174.6044,-36.6351]],[[174.5993,-36.6356],[174.599,-36.6356],[174.5992,-36.6355],[174.5993,-36.6356]],[[174.5899,-36.6388],[174.5896,-36.6386],[174.5901,-36.6385],[174.5899,-36.6388]],[[174.5857,-36.6386],[174.5857,-36.6383],[174.5858,-36.6383],[174.5857,-36.6386]],[[174.5609,-36.6229],[174.5604,-36.6215],[174.5618,-36.6225],[174.5609,-36.6229]],[[174.5879,-36.6086],[174.5874,-36.6086],[174.5872,-36.6082],[174.5879,-36.6086]],[[174.5872,-36.6089],[174.5867,-36.6088],[174.587,-36.6085],[174.5872,-36.6089]],[[174.587,-36.609],[174.5869,-36.609],[174.5869,-36.6089],[174.587,-36.609]],[[174.5863,-36.6092],[174.586,-36.6092],[174.5862,-36.6089],[174.5863,-36.6092]],[[174.5872,-36.6093],[174.587,-36.6092],[174.5872,-36.6092],[174.5872,-36.6093]],[[174.5933,-36.6081],[174.5932,-36.6081],[174.5932,-36.6079],[174.5933,-36.6081]],[[174.5932,-36.6083],[174.593,-36.6083],[174.593,-36.6082],[174.5932,-36.6082],[174.5932,-36.6083]],[[174.6015,-36.603],[174.6014,-36.6029],[174.6017,-36.6029],[174.6015,-36.603]],[[174.6022,-36.6038],[174.6017,-36.6038],[174.6017,-36.6036],[174.6022,-36.6038]],[[174.6024,-36.6041],[174.6022,-36.6041],[174.6022,-36.604],[174.6024,-36.604],[174.6024,-36.6041]],[[174.5879,-36.6073],[174.5886,-36.6056],[174.5893,-36.6063],[174.5879,-36.6073]],[[174.5855,-36.6088],[174.5845,-36.6082],[174.5863,-36.6078],[174.5855,-36.6088]],[[174.564,-36.607],[174.5638,-36.607],[174.5638,-36.6068],[174.564,-36.6068],[174.564,-36.607]],[[174.5705,-36.5911],[174.5708,-36.5905],[174.571,-36.5908],[174.5705,-36.5911]],[[174.5623,-36.6041],[174.5621,-36.604],[174.5623,-36.604],[174.5623,-36.6041]],[[174.5367,-36.6297],[174.5365,-36.6297],[174.5365,-36.6294],[174.5367,-36.6297]],[[174.5032,-36.594],[174.5029,-36.5927],[174.5051,-36.5935],[174.5032,-36.594]],[[174.4911,-36.6004],[174.4909,-36.6004],[174.4913,-36.6001],[174.4911,-36.6004]],[[174.4897,-36.6066],[174.4894,-36.606],[174.4897,-36.606],[174.4897,-36.6066]],[[174.4901,-36.6123],[174.4897,-36.6123],[174.4897,-36.6122],[174.4901,-36.6123]],[[174.4921,-36.6125],[174.4913,-36.6125],[174.4908,-36.6104],[174.4921,-36.6125]],[[174.4916,-36.6182],[174.4916,-36.6181],[174.4918,-36.6179],[174.4918,-36.6181],[174.4916,-36.6182]],[[174.4892,-36.62],[174.4889,-36.62],[174.4889,-36.6199],[174.4892,-36.6199],[174.4892,-36.62]],[[174.4886,-36.6211],[174.4884,-36.6211],[174.4884,-36.621],[174.4886,-36.621],[174.4886,-36.6211]],[[174.3826,-36.6319],[174.3824,-36.6318],[174.3826,-36.6318],[174.3826,-36.6319]],[[174.3948,-36.6326],[174.396,-36.6294],[174.3972,-36.631],[174.3948,-36.6326]],[[174.3757,-36.6419],[174.3749,-36.6418],[174.375,-36.6416],[174.3757,-36.6419]],[[174.3636,-36.6437],[174.3633,-36.6436],[174.3636,-36.6434],[174.3636,-36.6437]],[[174.3802,-36.6441],[174.3793,-36.6436],[174.3802,-36.644],[174.3802,-36.6441]],[[174.381,-36.6446],[174.3805,-36.6444],[174.3805,-36.6442],[174.381,-36.6446]],[[174.382,-36.6453],[174.3812,-36.6448],[174.3817,-36.6449],[174.382,-36.6453]],[[174.367,-36.6575],[174.3674,-36.6572],[174.3674,-36.6574],[174.367,-36.6575]],[[174.3672,-36.6579],[174.367,-36.6578],[174.3674,-36.6575],[174.3672,-36.6579]],[[174.4001,-36.6493],[174.3988,-36.6485],[174.3991,-36.6485],[174.4001,-36.6493]],[[174.4462,-36.65],[174.4459,-36.65],[174.4462,-36.6489],[174.4466,-36.649],[174.4462,-36.65]],[[174.4457,-36.6501],[174.4426,-36.6496],[174.4452,-36.6486],[174.4457,-36.6501]],[[174.4143,-36.6514],[174.4131,-36.6509],[174.4146,-36.6505],[174.4143,-36.6514]],[[174.4459,-36.6512],[174.4457,-36.6512],[174.4457,-36.6509],[174.4459,-36.6512]],[[174.4148,-36.6519],[174.4146,-36.6514],[174.415,-36.6514],[174.4148,-36.6519]],[[174.4027,-36.6619],[174.4018,-36.6615],[174.4029,-36.6616],[174.4027,-36.6619]],[[174.3875,-36.6649],[174.387,-36.6648],[174.3872,-36.6646],[174.3875,-36.6649]],[[174.3989,-36.6649],[174.3988,-36.6646],[174.3991,-36.6645],[174.3989,-36.6649]],[[174.3988,-36.6657],[174.3986,-36.6657],[174.3988,-36.6652],[174.3988,-36.6657]],[[174.3904,-36.6692],[174.3899,-36.6692],[174.3901,-36.669],[174.3904,-36.6692]],[[174.3882,-36.6698],[174.3878,-36.6698],[174.3878,-36.6696],[174.3882,-36.6698]],[[174.4501,-36.6604],[174.4498,-36.6604],[174.4503,-36.6603],[174.4501,-36.6604]],[[174.4184,-36.6612],[174.4182,-36.6612],[174.4182,-36.6611],[174.4184,-36.6611],[174.4184,-36.6612]],[[174.4148,-36.663],[174.4143,-36.663],[174.4145,-36.6627],[174.4148,-36.663]],[[174.4128,-36.6661],[174.4124,-36.6657],[174.4129,-36.6657],[174.4128,-36.6661]],[[174.4184,-36.6664],[174.4182,-36.6664],[174.4182,-36.6663],[174.4184,-36.6664]],[[174.4483,-36.6675],[174.4474,-36.6675],[174.4483,-36.6671],[174.4483,-36.6675]],[[174.4454,-36.6692],[174.4452,-36.6685],[174.4459,-36.6683],[174.4462,-36.6687],[174.4454,-36.6692]],[[174.4104,-36.6716],[174.41,-36.6716],[174.4102,-36.6715],[174.4104,-36.6716]],[[174.4095,-36.6718],[174.4095,-36.6716],[174.4097,-36.6716],[174.4095,-36.6718]],[[174.4088,-36.6719],[174.4087,-36.6719],[174.4087,-36.6718],[174.4088,-36.6718],[174.4088,-36.6719]],[[174.4082,-36.672],[174.4078,-36.672],[174.4083,-36.6719],[174.4082,-36.672]],[[174.4066,-36.6723],[174.4065,-36.6723],[174.4068,-36.6722],[174.4066,-36.6723]],[[174.401,-36.6745],[174.4008,-36.6742],[174.4012,-36.6741],[174.401,-36.6745]],[[174.3998,-36.6757],[174.3995,-36.6755],[174.4,-36.6753],[174.3998,-36.6757]],[[174.3904,-36.6774],[174.3902,-36.6774],[174.3902,-36.6772],[174.3904,-36.6772],[174.3904,-36.6774]],[[174.4087,-36.6738],[174.4082,-36.6731],[174.4083,-36.6731],[174.4087,-36.6738]],[[174.408,-36.6739],[174.4078,-36.6739],[174.4082,-36.6738],[174.408,-36.6739]],[[174.4075,-36.6741],[174.4075,-36.6739],[174.4076,-36.6739],[174.4075,-36.6741]],[[174.407,-36.6742],[174.4068,-36.6742],[174.4071,-36.6741],[174.407,-36.6742]],[[174.409,-36.6742],[174.4088,-36.6741],[174.409,-36.6741],[174.409,-36.6742]],[[174.4065,-36.6744],[174.4063,-36.6744],[174.4063,-36.6742],[174.4065,-36.6742],[174.4065,-36.6744]],[[174.4094,-36.6748],[174.409,-36.6744],[174.4092,-36.6744],[174.4094,-36.6748]],[[174.4152,-36.6734],[174.415,-36.6734],[174.4152,-36.6733],[174.4152,-36.6734]],[[174.4146,-36.6735],[174.4145,-36.6734],[174.4148,-36.6734],[174.4146,-36.6735]],[[174.4143,-36.6738],[174.414,-36.6738],[174.414,-36.6734],[174.4143,-36.6738]],[[174.4146,-36.6739],[174.4145,-36.6739],[174.415,-36.6738],[174.4146,-36.6739]],[[174.4418,-36.6738],[174.4409,-36.6735],[174.4414,-36.673],[174.4418,-36.6738]],[[174.4426,-36.6748],[174.4423,-36.6745],[174.4425,-36.6744],[174.4426,-36.6748]],[[174.4117,-36.6753],[174.4121,-36.6741],[174.4136,-36.6737],[174.4117,-36.6753]],[[174.4094,-36.6757],[174.4083,-36.6757],[174.4104,-36.675],[174.4094,-36.6757]],[[174.408,-36.6759],[174.4078,-36.6759],[174.4082,-36.6757],[174.408,-36.6759]],[[174.4061,-36.6764],[174.4059,-36.6764],[174.4063,-36.6763],[174.4061,-36.6764]],[[174.4078,-36.6778],[174.4076,-36.6778],[174.408,-36.6776],[174.4078,-36.6778]],[[174.4449,-36.6765],[174.4431,-36.675],[174.444,-36.6745],[174.4449,-36.6765]],[[174.4445,-36.6798],[174.4443,-36.6798],[174.4443,-36.6797],[174.4445,-36.6797],[174.4445,-36.6798]],[[174.4442,-36.6801],[174.444,-36.6801],[174.444,-36.68],[174.4442,-36.68],[174.4442,-36.6801]],[[174.4447,-36.6805],[174.4443,-36.68],[174.4449,-36.6804],[174.4447,-36.6805]],[[174.444,-36.6809],[174.4428,-36.6805],[174.4438,-36.6807],[174.444,-36.6809]],[[174.4136,-36.6853],[174.4135,-36.6852],[174.4136,-36.6852],[174.4136,-36.6853]],[[174.4024,-36.6901],[174.402,-36.6901],[174.402,-36.6893],[174.4024,-36.6901]],[[174.4286,-36.6931],[174.4283,-36.6931],[174.4285,-36.693],[174.4286,-36.6931]],[[174.4193,-36.6949],[174.4191,-36.6949],[174.4199,-36.6945],[174.4193,-36.6949]],[[174.4179,-36.6952],[174.4177,-36.6952],[174.4177,-36.6949],[174.4179,-36.6949],[174.4179,-36.6952]],[[174.4182,-36.6956],[174.4181,-36.6956],[174.4189,-36.695],[174.4182,-36.6956]],[[174.4131,-36.6989],[174.4128,-36.6987],[174.4133,-36.6984],[174.4131,-36.6989]],[[174.4116,-36.7009],[174.4117,-36.7005],[174.4119,-36.7006],[174.4116,-36.7009]],[[174.4104,-36.7017],[174.4102,-36.7016],[174.4107,-36.7013],[174.4104,-36.7017]],[[174.443,-36.6961],[174.4433,-36.6956],[174.4449,-36.6943],[174.443,-36.6961]],[[174.4261,-36.708],[174.4261,-36.7079],[174.4266,-36.7078],[174.4261,-36.708]],[[174.4175,-36.7183],[174.4174,-36.7182],[174.4177,-36.7177],[174.4175,-36.7183]],[[174.4193,-36.7183],[174.4191,-36.7179],[174.4196,-36.718],[174.4193,-36.7183]],[[174.4187,-36.7186],[174.4186,-36.7184],[174.4187,-36.7183],[174.4187,-36.7186]],[[174.4184,-36.7198],[174.4194,-36.7184],[174.4198,-36.719],[174.4184,-36.7198]],[[174.4165,-36.7206],[174.4164,-36.7206],[174.4165,-36.7204],[174.4165,-36.7206]],[[174.4394,-36.7087],[174.4392,-36.7087],[174.4392,-36.7086],[174.4394,-36.7086],[174.4394,-36.7087]],[[174.4479,-36.7091],[174.4467,-36.7084],[174.4469,-36.7075],[174.4479,-36.7091]],[[174.4399,-36.7094],[174.4399,-36.7088],[174.4404,-36.7091],[174.4399,-36.7094]],[[174.4402,-36.7109],[174.4408,-36.7093],[174.4416,-36.7097],[174.4402,-36.7109]],[[174.4309,-36.7216],[174.4307,-36.7216],[174.4309,-36.7214],[174.4309,-36.7216]],[[174.4273,-36.7268],[174.4271,-36.7268],[174.4271,-36.7266],[174.4273,-36.7266],[174.4273,-36.7268]],[[174.4203,-36.7288],[174.4199,-36.7288],[174.4201,-36.7287],[174.4203,-36.7288]],[[174.4198,-36.729],[174.4196,-36.729],[174.4196,-36.7288],[174.4198,-36.7288],[174.4198,-36.729]],[[174.4312,-36.7265],[174.4309,-36.7262],[174.4314,-36.7261],[174.4312,-36.7265]],[[174.4385,-36.7272],[174.438,-36.7261],[174.4382,-36.726],[174.4385,-36.7272]],[[174.4332,-36.7305],[174.4331,-36.7305],[174.4331,-36.7302],[174.4332,-36.7302],[174.4332,-36.7305]],[[174.4257,-36.7361],[174.4251,-36.7358],[174.4269,-36.7355],[174.4257,-36.7361]],[[174.4332,-36.7404],[174.4331,-36.7403],[174.4339,-36.7402],[174.4332,-36.7404]],[[174.4348,-36.7477],[174.4346,-36.7476],[174.4349,-36.7476],[174.4348,-36.7477]],[[174.4358,-36.748],[174.4355,-36.7474],[174.4372,-36.7473],[174.4358,-36.748]],[[174.437,-36.7495],[174.4368,-36.7495],[174.4372,-36.7489],[174.437,-36.7495]],[[174.4375,-36.7504],[174.4375,-36.7503],[174.4377,-36.7503],[174.4375,-36.7504]],[[174.438,-36.7504],[174.4377,-36.7504],[174.4379,-36.7503],[174.438,-36.7504]],[[174.4355,-36.7507],[174.4382,-36.7495],[174.4382,-36.7499],[174.4355,-36.7507]],[[174.4431,-36.7513],[174.4431,-36.7508],[174.4435,-36.7511],[174.4431,-36.7513]],[[174.4479,-36.759],[174.4476,-36.759],[174.4479,-36.7589],[174.4479,-36.759]],[[174.4481,-36.7595],[174.4479,-36.7595],[174.4479,-36.7593],[174.4481,-36.7593],[174.4481,-36.7595]],[[174.4431,-36.7611],[174.443,-36.7611],[174.4433,-36.761],[174.4431,-36.7611]],[[174.4428,-36.7612],[174.4426,-36.7612],[174.4426,-36.7611],[174.4428,-36.7611],[174.4428,-36.7612]],[[174.4491,-36.7604],[174.4488,-36.7603],[174.4491,-36.7602],[174.4491,-36.7604]],[[174.4471,-36.7607],[174.4466,-36.7599],[174.4488,-36.7595],[174.4471,-36.7607]],[[174.4467,-36.7629],[174.4467,-36.7626],[174.4469,-36.7626],[174.4467,-36.7629]],[[174.4467,-36.7637],[174.4466,-36.7637],[174.4466,-36.7634],[174.4467,-36.7634],[174.4467,-36.7637]],[[174.4503,-36.7696],[174.4501,-36.7696],[174.4501,-36.7694],[174.4503,-36.7694],[174.4503,-36.7696]],[[174.4496,-36.7733],[174.4495,-36.7733],[174.4495,-36.7731],[174.4496,-36.7731],[174.4496,-36.7733]],[[174.4589,-36.7554],[174.4587,-36.7554],[174.459,-36.7552],[174.4589,-36.7554]],[[174.4635,-36.7533],[174.4633,-36.7533],[174.4636,-36.753],[174.4635,-36.7533]],[[174.4889,-36.7577],[174.4887,-36.7575],[174.4889,-36.7575],[174.4889,-36.7577]],[[174.4877,-36.7694],[174.4875,-36.7694],[174.4875,-36.7692],[174.4877,-36.7692],[174.4877,-36.7694]],[[174.4882,-36.7694],[174.4879,-36.7694],[174.4879,-36.7693],[174.4882,-36.7693],[174.4882,-36.7694]],[[174.5051,-36.7659],[174.5048,-36.7659],[174.5048,-36.7657],[174.5051,-36.7657],[174.5051,-36.7659]],[[174.5044,-36.766],[174.5043,-36.7659],[174.5046,-36.7659],[174.5044,-36.766]],[[174.5014,-36.7664],[174.4996,-36.7664],[174.5008,-36.7659],[174.5014,-36.7664]],[[174.4914,-36.7709],[174.4908,-36.7674],[174.4933,-36.7657],[174.4914,-36.7709]],[[174.5025,-36.7671],[174.502,-36.767],[174.5025,-36.7666],[174.5025,-36.7671]],[[174.5019,-36.7678],[174.5017,-36.7678],[174.5017,-36.7675],[174.5019,-36.7675],[174.5019,-36.7678]],[[174.527,-36.7681],[174.5268,-36.7681],[174.5268,-36.7679],[174.527,-36.7679],[174.527,-36.7681]],[[174.5329,-36.7603],[174.5328,-36.7603],[174.5328,-36.76],[174.5329,-36.76],[174.5329,-36.7603]],[[174.5394,-36.7603],[174.5392,-36.7603],[174.5392,-36.76],[174.5394,-36.76],[174.5394,-36.7603]],[[174.5546,-36.7712],[174.5543,-36.7711],[174.5544,-36.7709],[174.5546,-36.7712]],[[174.5548,-36.7729],[174.5544,-36.7729],[174.5544,-36.7726],[174.5548,-36.7726],[174.5548,-36.7729]],[[174.5527,-36.7745],[174.5522,-36.7744],[174.5527,-36.774],[174.5527,-36.7745]],[[174.5485,-36.7761],[174.5473,-36.7744],[174.5479,-36.7742],[174.5485,-36.7761]],[[174.5471,-36.777],[174.5469,-36.777],[174.5473,-36.7768],[174.5471,-36.777]],[[174.5479,-36.7776],[174.5478,-36.777],[174.5488,-36.7764],[174.5479,-36.7776]],[[174.5474,-36.7781],[174.5473,-36.7781],[174.5473,-36.7774],[174.5474,-36.7774],[174.5474,-36.7781]],[[174.5476,-36.7808],[174.5474,-36.7808],[174.5474,-36.7805],[174.5476,-36.7805],[174.5476,-36.7808]],[[174.5476,-36.7826],[174.5474,-36.7823],[174.5478,-36.7823],[174.5476,-36.7826]],[[174.5473,-36.7835],[174.5471,-36.7835],[174.5471,-36.7832],[174.5473,-36.7832],[174.5473,-36.7835]],[[174.5372,-36.7927],[174.5363,-36.7924],[174.5385,-36.7921],[174.5372,-36.7927]],[[174.5321,-36.7934],[174.5317,-36.7934],[174.5317,-36.7931],[174.5321,-36.7931],[174.5321,-36.7934]],[[174.5495,-36.7906],[174.5493,-36.7905],[174.5493,-36.7904],[174.5495,-36.7906]],[[174.5561,-36.7752],[174.5556,-36.7749],[174.5567,-36.7748],[174.5561,-36.7752]],[[174.5577,-36.7756],[174.5573,-36.774],[174.5585,-36.7749],[174.5577,-36.7756]],[[174.5551,-36.7781],[174.5549,-36.7779],[174.5553,-36.7779],[174.5551,-36.7781]],[[174.566,-36.7883],[174.5642,-36.7871],[174.5648,-36.7861],[174.566,-36.7883]],[[174.5601,-36.7901],[174.5599,-36.7901],[174.5601,-36.7899],[174.5601,-36.7901]],[[174.5546,-36.7897],[174.5544,-36.7897],[174.5546,-36.7895],[174.5546,-36.7897]],[[174.5549,-36.7898],[174.5548,-36.7897],[174.5549,-36.7897],[174.5549,-36.7898]],[[174.5561,-36.7912],[174.5561,-36.791],[174.5563,-36.791],[174.5561,-36.7912]],[[174.5597,-36.7912],[174.5599,-36.7902],[174.5601,-36.7902],[174.5597,-36.7912]],[[174.557,-36.7916],[174.5568,-36.7914],[174.5572,-36.7914],[174.557,-36.7916]],[[174.563,-36.7924],[174.563,-36.7923],[174.5631,-36.7921],[174.563,-36.7924]],[[174.5625,-36.7942],[174.5626,-36.7934],[174.5628,-36.7932],[174.5625,-36.7942]],[[174.5631,-36.7942],[174.563,-36.7942],[174.5628,-36.7939],[174.563,-36.7939],[174.5631,-36.7942]],[[174.5596,-36.7943],[174.5594,-36.7943],[174.5596,-36.7939],[174.5596,-36.7943]],[[174.5625,-36.7947],[174.5623,-36.7947],[174.5623,-36.7945],[174.5625,-36.7945],[174.5625,-36.7947]],[[174.5626,-36.795],[174.5625,-36.795],[174.5625,-36.7949],[174.5626,-36.795]],[[174.5686,-36.7923],[174.5684,-36.7919],[174.5689,-36.792],[174.5686,-36.7923]],[[174.5674,-36.7935],[174.5664,-36.792],[174.5676,-36.7925],[174.5674,-36.7935]],[[174.5648,-36.7951],[174.5643,-36.7921],[174.5666,-36.7908],[174.5648,-36.7951]],[[174.5633,-36.7954],[174.5626,-36.7951],[174.5633,-36.7953],[174.5633,-36.7954]],[[174.5677,-36.7957],[174.5672,-36.7957],[174.5672,-36.7949],[174.5677,-36.7949],[174.5677,-36.7957]],[[174.5626,-36.7984],[174.5628,-36.7976],[174.5638,-36.7973],[174.5626,-36.7984]],[[174.5609,-36.799],[174.5611,-36.7986],[174.5613,-36.7987],[174.5609,-36.799]],[[174.5589,-36.8002],[174.5587,-36.8002],[174.5589,-36.7998],[174.5589,-36.8002]],[[174.5587,-36.8007],[174.5587,-36.8003],[174.5589,-36.8003],[174.5587,-36.8007]],[[174.5633,-36.8007],[174.563,-36.8005],[174.5633,-36.8003],[174.5633,-36.8007]],[[174.5585,-36.8021],[174.5587,-36.8012],[174.5587,-36.802],[174.5585,-36.8021]],[[174.5584,-36.8036],[174.5584,-36.8028],[174.5585,-36.8028],[174.5584,-36.8036]],[[174.5539,-36.8044],[174.5527,-36.8043],[174.5534,-36.804],[174.5539,-36.8044]],[[174.5585,-36.8046],[174.5582,-36.8046],[174.5582,-36.8044],[174.5585,-36.8044],[174.5585,-36.8046]],[[174.5584,-36.8048],[174.5582,-36.8047],[174.5584,-36.8047],[174.5584,-36.8048]],[[174.5531,-36.805],[174.5529,-36.8048],[174.5532,-36.8048],[174.5531,-36.805]],[[174.5527,-36.8053],[174.5524,-36.8051],[174.5527,-36.8048],[174.5527,-36.8053]],[[174.5584,-36.8054],[174.5582,-36.8053],[174.5584,-36.8051],[174.5584,-36.8054]],[[174.549,-36.8062],[174.551,-36.8043],[174.5515,-36.8055],[174.549,-36.8062]],[[174.5584,-36.8063],[174.5584,-36.8061],[174.5585,-36.8062],[174.5584,-36.8063]],[[174.5611,-36.8063],[174.5604,-36.8063],[174.5607,-36.8059],[174.5611,-36.8063]],[[174.5483,-36.8066],[174.5481,-36.8066],[174.5481,-36.8065],[174.5483,-36.8066]],[[174.5582,-36.8077],[174.5582,-36.8072],[174.5584,-36.807],[174.5582,-36.8077]],[[174.5582,-36.8083],[174.558,-36.8083],[174.558,-36.8081],[174.5582,-36.8081],[174.5582,-36.8083]],[[174.5399,-36.8117],[174.5398,-36.8115],[174.5399,-36.8114],[174.5399,-36.8117]],[[174.5408,-36.8117],[174.5403,-36.8117],[174.5409,-36.8114],[174.5408,-36.8117]],[[174.5372,-36.8126],[174.537,-36.8125],[174.5374,-36.8125],[174.5372,-36.8126]],[[174.5522,-36.8094],[174.552,-36.8094],[174.552,-36.8092],[174.5522,-36.8092],[174.5522,-36.8094]],[[174.5609,-36.8125],[174.5606,-36.8125],[174.5606,-36.8124],[174.5609,-36.8124],[174.5609,-36.8125]],[[174.5618,-36.8126],[174.5613,-36.8125],[174.5616,-36.8125],[174.5618,-36.8126]],[[174.5572,-36.8152],[174.5572,-36.815],[174.5573,-36.815],[174.5572,-36.8152]],[[174.5563,-36.8156],[174.5561,-36.8156],[174.5561,-36.8155],[174.5563,-36.8155],[174.5563,-36.8156]],[[174.556,-36.8165],[174.556,-36.816],[174.5561,-36.816],[174.556,-36.8165]],[[174.5587,-36.8163],[174.5587,-36.816],[174.5589,-36.816],[174.5587,-36.8163]],[[174.5568,-36.8169],[174.5567,-36.8166],[174.557,-36.8159],[174.5568,-36.8169]],[[174.5596,-36.8167],[174.5589,-36.8166],[174.559,-36.8163],[174.5596,-36.8167]],[[174.5578,-36.817],[174.5573,-36.817],[174.5582,-36.8167],[174.5578,-36.817]],[[174.5575,-36.818],[174.5565,-36.8178],[174.5568,-36.817],[174.5575,-36.818]],[[174.5575,-36.8208],[174.5561,-36.8207],[174.5573,-36.8207],[174.5575,-36.8208]],[[174.5546,-36.821],[174.5534,-36.8204],[174.5558,-36.817],[174.5546,-36.821]],[[174.5529,-36.8215],[174.5526,-36.8212],[174.5529,-36.8212],[174.5529,-36.8215]],[[174.5543,-36.8218],[174.5539,-36.8214],[174.5544,-36.8212],[174.5543,-36.8218]],[[174.5524,-36.8225],[174.5522,-36.8225],[174.5522,-36.8223],[174.5524,-36.8223],[174.5524,-36.8225]],[[174.5527,-36.823],[174.5524,-36.823],[174.5526,-36.8227],[174.5527,-36.823]],[[174.5524,-36.8237],[174.552,-36.8236],[174.5526,-36.8234],[174.5524,-36.8237]],[[174.5567,-36.8222],[174.5563,-36.8218],[174.557,-36.8217],[174.5567,-36.8222]],[[174.5526,-36.8249],[174.5524,-36.8244],[174.5539,-36.8219],[174.5526,-36.8249]],[[174.5515,-36.8268],[174.5514,-36.8268],[174.5514,-36.8266],[174.5515,-36.8266],[174.5515,-36.8268]],[[174.5264,-36.8337],[174.5264,-36.8335],[174.5266,-36.8335],[174.5264,-36.8337]],[[174.5244,-36.8357],[174.5241,-36.8357],[174.5241,-36.8356],[174.5244,-36.8356],[174.5244,-36.8357]],[[174.5346,-36.8363],[174.5345,-36.836],[174.5348,-36.8357],[174.535,-36.836],[174.5346,-36.8363]],[[174.5512,-36.8273],[174.5512,-36.8271],[174.5514,-36.827],[174.5512,-36.8273]],[[174.5508,-36.8282],[174.5507,-36.8281],[174.551,-36.8278],[174.5508,-36.8282]],[[174.5486,-36.8294],[174.5495,-36.8275],[174.5503,-36.8273],[174.5486,-36.8294]],[[174.5478,-36.8378],[174.5476,-36.8378],[174.5476,-36.8376],[174.5478,-36.8376],[174.5478,-36.8378]],[[174.5474,-36.8379],[174.5473,-36.8378],[174.5474,-36.8378],[174.5474,-36.8379]],[[174.5481,-36.8398],[174.5479,-36.8398],[174.5479,-36.8397],[174.5481,-36.8398]],[[174.5444,-36.8477],[174.5439,-36.8475],[174.5445,-36.8467],[174.5444,-36.8477]],[[174.5439,-36.8488],[174.5437,-36.8488],[174.5439,-36.8484],[174.5439,-36.8488]],[[174.5333,-36.8566],[174.5331,-36.8566],[174.5333,-36.8565],[174.5333,-36.8566]]]}},{"type":"Feature","properties":{},"geometry":{"type":"Polygon","coordinates":[[[174.9072,-37.1868],[174.9091,-37.186],[174.9064,-37.1825],[174.9072,-37.1868]]]}},{"type":"Feature","properties":{},"geometry":{"type":"Polygon","coordinates":[[[174.3585,-36.7239],[174.3593,-36.7221],[174.3558,-36.721],[174.3585,-36.7239]]]}},{"type":"Feature","properties":{},"geometry":{"type":"Polygon","coordinates":[[[174.316,-36.3719],[174.3139,-36.3714],[174.3148,-36.3754],[174.316,-36.3719]]]}},{"type":"Feature","properties":{},"geometry":{"type":"Polygon","coordinates":[[[174.4623,-36.8979],[174.4597,-36.8947],[174.4618,-36.8942],[174.4568,-36.8936],[174.4623,-36.8979]]]}},{"type":"Feature","properties":{},"geometry":{"type":"Polygon","coordinates":[[[174.4471,-36.8969],[174.4476,-36.8925],[174.4462,-36.8942],[174.4471,-36.8969]],[[174.4471,-36.894],[174.4467,-36.894],[174.4467,-36.8939],[174.4471,-36.8939],[174.4471,-36.894]]]}},{"type":"Feature","properties":{},"geometry":{"type":"Polygon","coordinates":[[[174.4416,-36.2769],[174.4379,-36.2719],[174.4372,-36.2735],[174.4416,-36.2769]]]}},{"type":"Feature","properties":{},"geometry":{"type":"Polygon","coordinates":[[[174.8599,-37.1988],[174.8579,-37.2033],[174.8611,-37.202],[174.8599,-37.1988]]]}},{"type":"Feature","properties":{},"geometry":{"type":"Polygon","coordinates":[[[174.63,-36.7966],[174.6271,-36.7938],[174.6304,-36.7912],[174.6232,-36.7951],[174.63,-36.7966]]]}},{"type":"Feature","properties":{},"geometry":{"type":"Polygon","coordinates":[[[174.6376,-36.7971],[174.643,-36.7909],[174.6389,-36.7889],[174.636,-36.7899],[174.6404,-36.7913],[174.6376,-36.7971]]]}},{"type":"Feature","properties":{},"geometry":{"type":"Polygon","coordinates":[[[174.6323,-36.8063],[174.6335,-36.8051],[174.6294,-36.8051],[174.6323,-36.8063]]]}},{"type":"Feature","properties":{},"geometry":{"type":"Polygon","coordinates":[[[174.6297,-36.807],[174.6304,-36.8014],[174.6369,-36.798],[174.6273,-36.7975],[174.6331,-36.7992],[174.6261,-36.8058],[174.6297,-36.807]],[[174.6362,-36.7998],[174.636,-36.7998],[174.636,-36.7997],[174.6362,-36.7997],[174.6362,-36.7998]],[[174.6369,-36.7999],[174.6364,-36.7998],[174.6369,-36.7995],[174.6369,-36.7999]],[[174.6358,-36.7997],[174.6352,-36.7997],[174.6352,-36.7995],[174.6358,-36.7995],[174.6358,-36.7997]],[[174.6282,-36.8053],[174.6282,-36.8051],[174.6283,-36.8051],[174.6282,-36.8053]],[[174.627,-36.8058],[174.6271,-36.8055],[174.6277,-36.8054],[174.6275,-36.8057],[174.627,-36.8058]]]}},{"type":"Feature","properties":{},"geometry":{"type":"Polygon","coordinates":[[[174.6661,-37.2508],[174.6683,-37.2487],[174.6671,-37.2477],[174.6661,-37.2508]]]}},{"type":"Feature","properties":{},"geometry":{"type":"Polygon","coordinates":[[[174.8743,-36.8036],[174.8746,-36.7995],[174.8731,-36.8014],[174.8743,-36.8036]],[[174.8739,-36.8007],[174.8739,-36.8003],[174.8743,-36.8003],[174.8739,-36.8007]]]}},{"type":"Feature","properties":{},"geometry":{"type":"Polygon","coordinates":[[[174.239,-36.569],[174.2409,-36.5678],[174.2377,-36.5652],[174.239,-36.569]]]}},{"type":"Feature","properties":{},"geometry":{"type":"Polygon","coordinates":[[[174.4175,-36.7415],[174.414,-36.7446],[174.4167,-36.7443],[174.4175,-36.7415]]]}},{"type":"Feature","properties":{},"geometry":{"type":"Polygon","coordinates":[[[174.4251,-36.7895],[174.4281,-36.7891],[174.428,-36.7874],[174.4251,-36.7895]]]}},{"type":"Feature","properties":{},"geometry":{"type":"Polygon","coordinates":[[[174.4254,-36.7912],[174.4259,-36.7897],[174.423,-36.7901],[174.4254,-36.7912]]]}},{"type":"Feature","properties":{},"geometry":{"type":"Polygon","coordinates":[[[174.416,-36.7979],[174.4164,-36.7962],[174.4124,-36.7954],[174.416,-36.7979]]]}},{"type":"Feature","properties":{},"geometry":{"type":"Polygon","coordinates":[[[174.4158,-36.8024],[174.416,-36.7995],[174.4129,-36.7981],[174.4158,-36.8024]],[[174.4138,-36.7988],[174.4135,-36.7988],[174.4135,-36.7986],[174.4138,-36.7986],[174.4138,-36.7988]],[[174.414,-36.7991],[174.4138,-36.7991],[174.4138,-36.799],[174.414,-36.799],[174.414,-36.7991]]]}},{"type":"Feature","properties":{},"geometry":{"type":"Polygon","coordinates":[[[174.4167,-36.8068],[174.41,-36.7923],[174.4124,-36.7891],[174.4153,-36.792],[174.4213,-36.7883],[174.4177,-36.7854],[174.41,-36.7905],[174.4068,-36.7845],[174.4029,-36.7856],[174.4167,-36.8068]],[[174.4198,-36.7901],[174.4198,-36.7898],[174.4201,-36.7898],[174.4198,-36.7901]],[[174.4114,-36.7894],[174.4111,-36.7894],[174.4112,-36.7891],[174.4114,-36.7894]],[[174.4053,-36.7864],[174.4047,-36.7864],[174.4047,-36.7863],[174.4053,-36.7863],[174.4053,-36.7864]],[[174.4059,-36.7864],[174.4056,-36.7863],[174.4058,-36.7861],[174.4059,-36.7864]],[[174.4032,-36.7869],[174.4032,-36.7868],[174.4034,-36.7868],[174.4032,-36.7869]],[[174.4066,-36.7878],[174.4063,-36.7874],[174.407,-36.7872],[174.4066,-36.7878]],[[174.4049,-36.7894],[174.4047,-36.7894],[174.4047,-36.7893],[174.4049,-36.7893],[174.4049,-36.7894]],[[174.4085,-36.7912],[174.4082,-36.7899],[174.4087,-36.7899],[174.4085,-36.7912]],[[174.4076,-36.7913],[174.4075,-36.7913],[174.4075,-36.7912],[174.4076,-36.7912],[174.4076,-36.7913]],[[174.4076,-36.7928],[174.407,-36.7927],[174.4076,-36.7924],[174.4076,-36.7928]],[[174.4059,-36.7931],[174.4059,-36.793],[174.4061,-36.793],[174.4059,-36.7931]],[[174.4092,-36.7951],[174.4088,-36.7951],[174.409,-36.7949],[174.4092,-36.7951]],[[174.41,-36.7951],[174.4099,-36.7947],[174.4102,-36.7949],[174.41,-36.7951]],[[174.4105,-36.7968],[174.4097,-36.7966],[174.4104,-36.7965],[174.4105,-36.7968]],[[174.4111,-36.7972],[174.4102,-36.796],[174.4107,-36.796],[174.4111,-36.7972]],[[174.4107,-36.7977],[174.4107,-36.7976],[174.4109,-36.7976],[174.4107,-36.7977]],[[174.4119,-36.8006],[174.4117,-36.8005],[174.4119,-36.8005],[174.4119,-36.8006]],[[174.4126,-36.8014],[174.4123,-36.8013],[174.4123,-36.8012],[174.4126,-36.8014]],[[174.4158,-36.8059],[174.4155,-36.8058],[174.4157,-36.8057],[174.4158,-36.8059]]]}},{"type":"Feature","properties":{},"geometry":{"type":"Polygon","coordinates":[[[174.2317,-36.4988],[174.2298,-36.4965],[174.2329,-36.4933],[174.2276,-36.4929],[174.2288,-36.4891],[174.2235,-36.4869],[174.2271,-36.4932],[174.2237,-36.4952],[174.2295,-36.4952],[174.2317,-36.4988]],[[174.2272,-36.4913],[174.2262,-36.4906],[174.2272,-36.4908],[174.2272,-36.4913]]]}},{"type":"Feature","properties":{},"geometry":{"type":"Polygon","coordinates":[[[175.1673,-36.9684],[175.1723,-36.9603],[175.1767,-36.9648],[175.1731,-36.9595],[175.1776,-36.9526],[175.1846,-36.9627],[175.1786,-36.9527],[175.1808,-36.952],[175.1721,-36.9505],[175.1728,-36.9467],[175.1764,-36.9477],[175.1737,-36.9447],[175.1778,-36.9436],[175.1858,-36.9497],[175.1764,-36.9404],[175.1713,-36.9474],[175.165,-36.9475],[175.1701,-36.9502],[175.1687,-36.9542],[175.1711,-36.9516],[175.1749,-36.9537],[175.1673,-36.9684]],[[175.174,-36.9613],[175.1738,-36.9613],[175.1738,-36.9612],[175.174,-36.9612],[175.174,-36.9613]],[[175.1808,-36.9449],[175.1807,-36.9449],[175.1807,-36.9447],[175.1808,-36.9447],[175.1808,-36.9449]],[[175.18,-36.9451],[175.1796,-36.9445],[175.18,-36.9444],[175.18,-36.9451]],[[175.1812,-36.9453],[175.1808,-36.9452],[175.181,-36.9451],[175.1812,-36.9453]],[[175.1759,-36.9426],[175.1755,-36.9426],[175.1755,-36.9425],[175.1759,-36.9425],[175.1759,-36.9426]],[[175.1752,-36.943],[175.1747,-36.943],[175.1749,-36.9427],[175.1752,-36.943]],[[175.1673,-36.9497],[175.1668,-36.9487],[175.1694,-36.9492],[175.1673,-36.9497]]]}},{"type":"Feature","properties":{},"geometry":{"type":"Polygon","coordinates":[[[174.7688,-37.1738],[174.7695,-37.1693],[174.7674,-37.1686],[174.7688,-37.1738]]]}},{"type":"Feature","properties":{},"geometry":{"type":"Polygon","coordinates":[[[175.4995,-36.3161],[175.5029,-36.3143],[175.495,-36.3129],[175.4995,-36.3161]]]}},{"type":"Feature","properties":{},"geometry":{"type":"Polygon","coordinates":[[[174.7109,-37.2208],[174.7161,-37.219],[174.7113,-37.2196],[174.7109,-37.2208]]]}},{"type":"Feature","properties":{},"geometry":{"type":"Polygon","coordinates":[[[174.5607,-36.7693],[174.5621,-36.7682],[174.559,-36.7674],[174.5607,-36.7693]]]}},{"type":"Feature","properties":{},"geometry":{"type":"Polygon","coordinates":[[[174.2796,-36.3683],[174.2784,-36.3655],[174.2759,-36.3652],[174.2796,-36.3683]]]}},{"type":"Feature","properties":{},"geometry":{"type":"Polygon","coordinates":[[[174.2781,-36.3738],[174.274,-36.3609],[174.2752,-36.3689],[174.2781,-36.3738]],[[174.274,-36.3624],[174.2738,-36.3623],[174.274,-36.3623],[174.274,-36.3624]],[[174.2742,-36.3633],[174.274,-36.3633],[174.274,-36.3628],[174.2742,-36.3628],[174.2742,-36.3633]],[[174.2743,-36.3635],[174.2742,-36.3635],[174.2742,-36.3634],[174.2743,-36.3634],[174.2743,-36.3635]],[[174.2769,-36.3696],[174.2767,-36.3696],[174.2767,-36.3694],[174.2769,-36.3694],[174.2769,-36.3696]],[[174.2769,-36.37],[174.2767,-36.37],[174.2767,-36.3699],[174.2769,-36.3699],[174.2769,-36.37]],[[174.2771,-36.3718],[174.2769,-36.3718],[174.2769,-36.3714],[174.2771,-36.3718]]]}},{"type":"Feature","properties":{},"geometry":{"type":"Polygon","coordinates":[[[174.259,-36.3804],[174.2603,-36.3784],[174.2573,-36.3781],[174.259,-36.3804]],[[174.2598,-36.3799],[174.2597,-36.3799],[174.2597,-36.3798],[174.2598,-36.3798],[174.2598,-36.3799]],[[174.2588,-36.3791],[174.2588,-36.3788],[174.2592,-36.3788],[174.2588,-36.3791]],[[174.26,-36.3793],[174.2597,-36.3793],[174.2597,-36.3791],[174.26,-36.3793]]]}},{"type":"Feature","properties":{},"geometry":{"type":"Polygon","coordinates":[[[174.9038,-36.7682],[174.9043,-36.7645],[174.8972,-36.7584],[174.9038,-36.7682]]]}},{"type":"Feature","properties":{},"geometry":{"type":"Polygon","coordinates":[[[174.7333,-36.7001],[174.7485,-36.6916],[174.733,-36.6975],[174.7333,-36.7001]],[[174.747,-36.6912],[174.7468,-36.6911],[174.7471,-36.6908],[174.747,-36.6912]]]}},{"type":"Feature","properties":{},"geometry":{"type":"Polygon","coordinates":[[[175.0946,-36.8278],[175.1004,-36.8256],[175.0974,-36.8234],[175.0946,-36.8278]]]}},{"type":"Feature","properties":{},"geometry":{"type":"Polygon","coordinates":[[[174.6109,-36.6211],[174.6123,-36.62],[174.6085,-36.6164],[174.6109,-36.6211]]]}},{"type":"Feature","properties":{},"geometry":{"type":"Polygon","coordinates":[[[174.6031,-36.627],[174.6012,-36.6247],[174.6,-36.6257],[174.6031,-36.627]]]}},{"type":"Feature","properties":{},"geometry":{"type":"Polygon","coordinates":[[[174.6463,-36.6288],[174.6481,-36.6262],[174.6483,-36.6234],[174.6463,-36.6288]]]}},{"type":"Feature","properties":{},"geometry":{"type":"Polygon","coordinates":[[[174.6282,-36.6382],[174.6331,-36.6292],[174.6435,-36.6275],[174.6432,-36.6299],[174.6476,-36.623],[174.6626,-36.6171],[174.6408,-36.627],[174.6208,-36.6273],[174.6142,-36.6225],[174.6152,-36.6242],[174.6092,-36.6262],[174.6299,-36.6262],[174.6241,-36.632],[174.6287,-36.6281],[174.6391,-36.6262],[174.6404,-36.6277],[174.6299,-36.6293],[174.6294,-36.6319],[174.6321,-36.629],[174.6282,-36.6382]],[[174.6493,-36.6247],[174.6493,-36.6241],[174.65,-36.624],[174.6493,-36.6247]],[[174.65,-36.6236],[174.6497,-36.6234],[174.65,-36.6234],[174.65,-36.6236]],[[174.6265,-36.6296],[174.6263,-36.6296],[174.6265,-36.6294],[174.6265,-36.6296]],[[174.6266,-36.6299],[174.6263,-36.6299],[174.6263,-36.6297],[174.6266,-36.6299]],[[174.6254,-36.6311],[174.6256,-36.6303],[174.6261,-36.6297],[174.6254,-36.6311]],[[174.6423,-36.6275],[174.642,-36.6273],[174.6435,-36.627],[174.6423,-36.6275]],[[174.6338,-36.6289],[174.6336,-36.6289],[174.634,-36.6288],[174.6338,-36.6289]],[[174.6345,-36.6289],[174.6362,-36.6282],[174.6357,-36.6288],[174.6345,-36.6289]],[[174.6312,-36.633],[174.6311,-36.633],[174.6311,-36.6329],[174.6312,-36.633]],[[174.6304,-36.634],[174.63,-36.6338],[174.6304,-36.6336],[174.6304,-36.634]]]}},{"type":"Feature","properties":{},"geometry":{"type":"Polygon","coordinates":[[[174.8685,-36.858],[174.8717,-36.8563],[174.8683,-36.8544],[174.8685,-36.858]]]}},{"type":"Feature","properties":{},"geometry":{"type":"Polygon","coordinates":[[[174.8751,-36.8594],[174.875,-36.8577],[174.8722,-36.8548],[174.8751,-36.8594]]]}},{"type":"Feature","properties":{},"geometry":{"type":"Polygon","coordinates":[[[174.8548,-37.065],[174.8605,-37.063],[174.8591,-37.0613],[174.8548,-37.065]]]}},{"type":"Feature","properties":{},"geometry":{"type":"Polygon","coordinates":[[[174.8547,-37.071],[174.8562,-37.0698],[174.8526,-37.0668],[174.8547,-37.071]]]}},{"type":"Feature","properties":{},"geometry":{"type":"Polygon","coordinates":[[[174.8584,-37.1956],[174.8581,-37.1907],[174.8564,-37.1913],[174.8584,-37.1956]]]}},{"type":"Feature","properties":{},"geometry":{"type":"Polygon","coordinates":[[[174.6485,-36.1652],[174.6486,-36.1627],[174.6466,-36.1634],[174.6485,-36.1652]]]}},{"type":"Feature","properties":{},"geometry":{"type":"Polygon","coordinates":[[[174.5898,-36.7718],[174.593,-36.7697],[174.5838,-36.7711],[174.5898,-36.7718]]]}},{"type":"Feature","properties":{},"geometry":{"type":"Polygon","coordinates":[[[174.5795,-36.773],[174.5822,-36.7703],[174.5785,-36.7711],[174.5795,-36.773]],[[174.5797,-36.7703],[174.5795,-36.7703],[174.5795,-36.7701],[174.5797,-36.7701],[174.5797,-36.7703]]]}},{"type":"Feature","properties":{},"geometry":{"type":"Polygon","coordinates":[[[174.5872,-36.7755],[174.5918,-36.7749],[174.5903,-36.7718],[174.5872,-36.7755]],[[174.5901,-36.7729],[174.5899,-36.7729],[174.5899,-36.7727],[174.5901,-36.7727],[174.5901,-36.7729]],[[174.5899,-36.7734],[174.5898,-36.7734],[174.5898,-36.7733],[174.5899,-36.7733],[174.5899,-36.7734]],[[174.5899,-36.7744],[174.5898,-36.7742],[174.5899,-36.7742],[174.5899,-36.7744]]]}},{"type":"Feature","properties":{},"geometry":{"type":"Polygon","coordinates":[[[174.8915,-37.1382],[174.8951,-37.1328],[174.8927,-37.1327],[174.8915,-37.1382]]]}},{"type":"Feature","properties":{},"geometry":{"type":"Polygon","coordinates":[[[174.8881,-37.1414],[174.891,-37.1384],[174.8871,-37.1399],[174.8881,-37.1414]]]}},{"type":"Feature","properties":{},"geometry":{"type":"Polygon","coordinates":[[[174.8936,-37.1489],[174.8949,-37.1479],[174.8949,-37.1396],[174.8936,-37.1489]]]}},{"type":"Feature","properties":{},"geometry":{"type":"Polygon","coordinates":[[[174.8891,-37.1585],[174.8876,-37.1508],[174.8869,-37.1559],[174.8891,-37.1585]],[[174.8881,-37.1532],[174.8879,-37.1532],[174.8879,-37.1531],[174.8881,-37.1531],[174.8881,-37.1532]]]}},{"type":"Feature","properties":{},"geometry":{"type":"Polygon","coordinates":[[[174.3411,-36.5749],[174.344,-36.5729],[174.343,-36.572],[174.3411,-36.5749]]]}},{"type":"Feature","properties":{},"geometry":{"type":"Polygon","coordinates":[[[174.3134,-36.5766],[174.3356,-36.5646],[174.3385,-36.5642],[174.336,-36.5675],[174.3397,-36.5668],[174.345,-36.5719],[174.3404,-36.5619],[174.3474,-36.5574],[174.3488,-36.5596],[174.3593,-36.5572],[174.3547,-36.5539],[174.3558,-36.5475],[174.3436,-36.5423],[174.3226,-36.5508],[174.329,-36.5549],[174.3197,-36.5598],[174.3305,-36.5563],[174.3336,-36.5508],[174.3404,-36.5512],[174.3418,-36.5479],[174.3523,-36.5512],[174.3404,-36.5539],[174.331,-36.5619],[174.3373,-36.5598],[174.3361,-36.5616],[174.3134,-36.5766]],[[174.3419,-36.5692],[174.3401,-36.5675],[174.3413,-36.5681],[174.3419,-36.5692]],[[174.3431,-36.5718],[174.3431,-36.5715],[174.3433,-36.5715],[174.3431,-36.5718]],[[174.3293,-36.5483],[174.3291,-36.5483],[174.3295,-36.5482],[174.3293,-36.5483]],[[174.3402,-36.5511],[174.3399,-36.5509],[174.3401,-36.5508],[174.3402,-36.5511]]]}},{"type":"Feature","properties":{},"geometry":{"type":"Polygon","coordinates":[[[174.218,-36.4954],[174.212,-36.4972],[174.2131,-36.4989],[174.218,-36.4954]]]}},{"type":"Feature","properties":{},"geometry":{"type":"Polygon","coordinates":[[[174.8664,-36.8084],[174.868,-36.8059],[174.8663,-36.8059],[174.8664,-36.8084]]]}},{"type":"Feature","properties":{},"geometry":{"type":"Polygon","coordinates":[[[174.7599,-36.7504],[174.762,-36.7452],[174.7558,-36.7465],[174.762,-36.7474],[174.7599,-36.7504]]]}},{"type":"Feature","properties":{},"geometry":{"type":"Polygon","coordinates":[[[174.7946,-36.8921],[174.7954,-36.8883],[174.793,-36.8893],[174.7946,-36.8921]]]}},{"type":"Feature","properties":{},"geometry":{"type":"Polygon","coordinates":[[[174.8064,-36.8924],[174.806,-36.8901],[174.8017,-36.891],[174.8064,-36.8924]]]}},{"type":"Feature","properties":{},"geometry":{"type":"Polygon","coordinates":[[[174.8956,-37.0901],[174.8982,-37.0854],[174.8951,-37.0873],[174.8956,-37.0901]]]}},{"type":"Feature","properties":{},"geometry":{"type":"Polygon","coordinates":[[[174.6471,-36.8461],[174.6481,-36.8432],[174.6456,-36.8446],[174.6471,-36.8461]],[[174.6473,-36.8439],[174.6471,-36.8439],[174.6471,-36.8436],[174.6473,-36.8436],[174.6473,-36.8439]],[[174.6483,-36.8453],[174.6481,-36.8453],[174.6481,-36.845],[174.6483,-36.845],[174.6483,-36.8453]]]}},{"type":"Feature","properties":{},"geometry":{"type":"Polygon","coordinates":[[[174.7697,-36.9126],[174.7717,-36.904],[174.7681,-36.9062],[174.7697,-36.9126]]]}},{"type":"Feature","properties":{},"geometry":{"type":"Polygon","coordinates":[[[174.3512,-36.6325],[174.3556,-36.6283],[174.3535,-36.6249],[174.3512,-36.6325]]]}},{"type":"Feature","properties":{},"geometry":{"type":"Polygon","coordinates":[[[174.6379,-36.7846],[174.6415,-36.7824],[174.6355,-36.7841],[174.6379,-36.7846]]]}},{"type":"Feature","properties":{},"geometry":{"type":"Polygon","coordinates":[[[174.5198,-36.2167],[174.5254,-36.2158],[174.5275,-36.2144],[174.5198,-36.2167]]]}},{"type":"Feature","properties":{},"geometry":{"type":"Polygon","coordinates":[[[174.5,-36.2305],[174.5007,-36.2291],[174.4962,-36.2296],[174.5,-36.2305]]]}},{"type":"Feature","properties":{},"geometry":{"type":"Polygon","coordinates":[[[174.5304,-36.2352],[174.5314,-36.2312],[174.5302,-36.2313],[174.5304,-36.2352]]]}},{"type":"Feature","properties":{},"geometry":{"type":"Polygon","coordinates":[[[174.5353,-36.2377],[174.5375,-36.2367],[174.5351,-36.2329],[174.5353,-36.2377]],[[174.535,-36.2367],[174.5346,-36.2367],[174.5348,-36.2364],[174.535,-36.2367]]]}},{"type":"Feature","properties":{},"geometry":{"type":"Polygon","coordinates":[[[174.4904,-36.2386],[174.4937,-36.2371],[174.4908,-36.2368],[174.4904,-36.2386]]]}},{"type":"Feature","properties":{},"geometry":{"type":"Polygon","coordinates":[[[174.5425,-36.2528],[174.5497,-36.2483],[174.5457,-36.2487],[174.5425,-36.2528]]]}},{"type":"Feature","properties":{},"geometry":{"type":"Polygon","coordinates":[[[174.5497,-36.255],[174.5514,-36.2543],[174.5427,-36.253],[174.5497,-36.255]]]}},{"type":"Feature","properties":{},"geometry":{"type":"Polygon","coordinates":[[[174.5191,-36.2633],[174.5171,-36.2574],[174.5177,-36.2618],[174.5191,-36.2633]]]}},{"type":"Feature","properties":{},"geometry":{"type":"Polygon","coordinates":[[[174.5049,-36.267],[174.5031,-36.2586],[174.5027,-36.2624],[174.5049,-36.267]]]}},{"type":"Feature","properties":{},"geometry":{"type":"Polygon","coordinates":[[[174.5317,-36.2686],[174.529,-36.2647],[174.529,-36.2667],[174.5317,-36.2686]]]}},{"type":"Feature","properties":{},"geometry":{"type":"Polygon","coordinates":[[[174.5119,-36.2739],[174.5155,-36.2715],[174.515,-36.2693],[174.5119,-36.2739]]]}},{"type":"Feature","properties":{},"geometry":{"type":"Polygon","coordinates":[[[174.4713,-36.2788],[174.474,-36.2763],[174.4706,-36.2762],[174.4713,-36.2788]],[[174.4727,-36.2774],[174.4725,-36.2773],[174.4727,-36.2773],[174.4727,-36.2774]]]}},{"type":"Feature","properties":{},"geometry":{"type":"Polygon","coordinates":[[[174.4846,-36.2941],[174.48,-36.2897],[174.4807,-36.2929],[174.4846,-36.2941]]]}},{"type":"Feature","properties":{},"geometry":{"type":"Polygon","coordinates":[[[174.4942,-36.2996],[174.4935,-36.2918],[174.4981,-36.2796],[174.5063,-36.2946],[174.5024,-36.2794],[174.5162,-36.2919],[174.5061,-36.2802],[174.5191,-36.2795],[174.5254,-36.2849],[174.5213,-36.2802],[174.5232,-36.2791],[174.5002,-36.2787],[174.4996,-36.2747],[174.4824,-36.2688],[174.48,-36.2653],[174.4821,-36.2618],[174.493,-36.267],[174.4923,-36.2641],[174.4831,-36.2611],[174.4879,-36.2542],[174.494,-36.2564],[174.4966,-36.2535],[174.502,-36.2567],[174.4986,-36.2542],[174.506,-36.2509],[174.5036,-36.2519],[174.5083,-36.2556],[174.5065,-36.252],[174.5085,-36.2528],[174.5094,-36.2576],[174.509,-36.2534],[174.5109,-36.2542],[174.5092,-36.2652],[174.5247,-36.2748],[174.5109,-36.2627],[174.5113,-36.2549],[174.5148,-36.2539],[174.5266,-36.2615],[174.5278,-36.2689],[174.5278,-36.2647],[174.5346,-36.2677],[174.542,-36.2636],[174.5316,-36.2649],[174.5266,-36.2608],[174.528,-36.2591],[174.5171,-36.2547],[174.5334,-36.2521],[174.5394,-36.2568],[174.542,-36.2556],[174.5384,-36.2534],[174.5404,-36.253],[174.5299,-36.2523],[174.5418,-36.2487],[174.5314,-36.2496],[174.5363,-36.2437],[174.5449,-36.2429],[174.5387,-36.2426],[174.5406,-36.2414],[174.5276,-36.2516],[174.5194,-36.2538],[174.5167,-36.2516],[174.5113,-36.2536],[174.5048,-36.2491],[174.4932,-36.2532],[174.4903,-36.2499],[174.5008,-36.24],[174.499,-36.2356],[174.5024,-36.2331],[174.5083,-36.2333],[174.5157,-36.2432],[174.507,-36.2324],[174.5157,-36.2367],[174.5237,-36.2359],[174.5025,-36.232],[174.5077,-36.2234],[174.5102,-36.2264],[174.5063,-36.2276],[174.5174,-36.2291],[174.5222,-36.2331],[174.5242,-36.2324],[174.5171,-36.2261],[174.5193,-36.2264],[174.5109,-36.2269],[174.5145,-36.2243],[174.5249,-36.2254],[174.5316,-36.2305],[174.5462,-36.2344],[174.5273,-36.2254],[174.5147,-36.2242],[174.5181,-36.2216],[174.5123,-36.2221],[174.5193,-36.2167],[174.5121,-36.2194],[174.5102,-36.225],[174.5029,-36.2267],[174.4944,-36.2441],[174.4865,-36.2446],[174.4894,-36.2476],[174.4826,-36.2517],[174.4841,-36.2557],[174.4703,-36.2596],[174.4788,-36.2638],[174.4821,-36.2724],[174.4698,-36.2758],[174.48,-36.2752],[174.4732,-36.2803],[174.4732,-36.2846],[174.4763,-36.2791],[174.4786,-36.2879],[174.4778,-36.2776],[174.4827,-36.274],[174.487,-36.2784],[174.4843,-36.2725],[174.4891,-36.2748],[174.4944,-36.2728],[174.4988,-36.2769],[174.4925,-36.2946],[174.4942,-36.2996]],[[174.5128,-36.2787],[174.5124,-36.2787],[174.5124,-36.2785],[174.5128,-36.2785],[174.5128,-36.2787]],[[174.506,-36.2523],[174.5058,-36.2523],[174.5058,-36.2521],[174.506,-36.2521],[174.506,-36.2523]],[[174.507,-36.2547],[174.5063,-36.2546],[174.5068,-36.2534],[174.507,-36.2547]],[[174.5077,-36.2547],[174.5073,-36.2547],[174.5073,-36.2545],[174.5077,-36.2547]],[[174.5094,-36.2552],[174.5092,-36.2547],[174.5094,-36.2547],[174.5094,-36.2552]],[[174.5172,-36.2693],[174.5157,-36.268],[174.5171,-36.2686],[174.5172,-36.2693]],[[174.5177,-36.2696],[174.5174,-36.2692],[174.5177,-36.2693],[174.5177,-36.2696]],[[174.5179,-36.2699],[174.5176,-36.2697],[174.5179,-36.2697],[174.5179,-36.2699]],[[174.52,-36.2707],[174.5193,-36.2706],[174.5196,-36.2703],[174.52,-36.2707]],[[174.5246,-36.2746],[174.5242,-36.2746],[174.5242,-36.2744],[174.5246,-36.2746]],[[174.535,-36.2496],[174.5345,-36.2495],[174.5346,-36.2494],[174.535,-36.2496]],[[174.5403,-36.2488],[174.5399,-36.2487],[174.5401,-36.2485],[174.5403,-36.2488]],[[174.5374,-36.2428],[174.5372,-36.2428],[174.5372,-36.2426],[174.5374,-36.2426],[174.5374,-36.2428]],[[174.5322,-36.249],[174.5331,-36.2481],[174.5333,-36.2484],[174.5322,-36.249]],[[174.5302,-36.2505],[174.5304,-36.2502],[174.5305,-36.2503],[174.5302,-36.2505]],[[174.5297,-36.2508],[174.5295,-36.2508],[174.5295,-36.2506],[174.5297,-36.2506],[174.5297,-36.2508]],[[174.5259,-36.2523],[174.5256,-36.2521],[174.5257,-36.252],[174.5259,-36.2523]],[[174.5167,-36.2524],[174.5164,-36.2523],[174.5165,-36.2521],[174.5167,-36.2524]],[[174.5068,-36.2503],[174.5066,-36.2503],[174.5066,-36.2501],[174.5068,-36.2501],[174.5068,-36.2503]],[[174.5095,-36.2257],[174.5092,-36.2256],[174.5094,-36.2254],[174.5095,-36.2257]],[[174.5102,-36.226],[174.5101,-36.226],[174.5101,-36.2258],[174.5102,-36.2258],[174.5102,-36.226]],[[174.5167,-36.2278],[174.5157,-36.2278],[174.5176,-36.2273],[174.5167,-36.2278]],[[174.5164,-36.2279],[174.5162,-36.2279],[174.5162,-36.2278],[174.5164,-36.2278],[174.5164,-36.2279]],[[174.5142,-36.228],[174.514,-36.228],[174.514,-36.2279],[174.5142,-36.2279],[174.5142,-36.228]],[[174.5186,-36.2297],[174.5184,-36.2297],[174.5184,-36.2294],[174.5186,-36.2297]],[[174.5189,-36.2302],[174.5184,-36.2298],[174.5188,-36.23],[174.5189,-36.2302]],[[174.5164,-36.2268],[174.5159,-36.2265],[174.5165,-36.2262],[174.5164,-36.2268]],[[174.5104,-36.2254],[174.5102,-36.2251],[174.5106,-36.2251],[174.5104,-36.2254]],[[174.4807,-36.2769],[174.4803,-36.2768],[174.4807,-36.2768],[174.4807,-36.2769]]]}},{"type":"Feature","properties":{},"geometry":{"type":"Polygon","coordinates":[[[174.2182,-36.5458],[174.2177,-36.5419],[174.2155,-36.5445],[174.2182,-36.5458]],[[174.2185,-36.5452],[174.2182,-36.5452],[174.2182,-36.545],[174.2185,-36.545],[174.2185,-36.5452]]]}},{"type":"Feature","properties":{},"geometry":{"type":"Polygon","coordinates":[[[174.8238,-36.888],[174.8345,-36.8763],[174.8239,-36.882],[174.8212,-36.885],[174.8238,-36.888]],[[174.8316,-36.8789],[174.8309,-36.8783],[174.8318,-36.8785],[174.8316,-36.8789]],[[174.8313,-36.8793],[174.8308,-36.8792],[174.8309,-36.879],[174.8313,-36.8793]],[[174.8294,-36.8798],[174.8292,-36.8796],[174.8296,-36.8796],[174.8294,-36.8798]],[[174.8294,-36.8804],[174.8292,-36.8804],[174.8292,-36.8801],[174.8294,-36.8801],[174.8294,-36.8804]],[[174.8268,-36.8805],[174.8267,-36.8804],[174.827,-36.8801],[174.8268,-36.8805]]]}},{"type":"Feature","properties":{},"geometry":{"type":"Polygon","coordinates":[[[174.3856,-36.3268],[174.3853,-36.3228],[174.3786,-36.3182],[174.3793,-36.3134],[174.3708,-36.3134],[174.3732,-36.319],[174.3856,-36.3268]]]}},{"type":"Feature","properties":{},"geometry":{"type":"Polygon","coordinates":[[[175.5377,-36.3194],[175.5386,-36.3167],[175.529,-36.3142],[175.5275,-36.3182],[175.5297,-36.3149],[175.5377,-36.3194]]]}},{"type":"Feature","properties":{},"geometry":{"type":"Polygon","coordinates":[[[174.7808,-36.8248],[174.7849,-36.8226],[174.7823,-36.8223],[174.7808,-36.8248]]]}},{"type":"Feature","properties":{},"geometry":{"type":"Polygon","coordinates":[[[174.8951,-36.8345],[174.8961,-36.8326],[174.8937,-36.8327],[174.8951,-36.8345]]]}},{"type":"Feature","properties":{},"geometry":{"type":"Polygon","coordinates":[[[174.7305,-36.4214],[174.7297,-36.4179],[174.7277,-36.4179],[174.7305,-36.4214]],[[174.7302,-36.421],[174.7301,-36.421],[174.7301,-36.4208],[174.7302,-36.421]]]}},{"type":"Feature","properties":{},"geometry":{"type":"Polygon","coordinates":[[[174.8011,-36.8221],[174.8007,-36.8128],[174.7944,-36.8184],[174.8011,-36.8221]],[[174.7973,-36.82],[174.797,-36.82],[174.797,-36.8197],[174.7973,-36.82]],[[174.7994,-36.8207],[174.799,-36.8207],[174.799,-36.8206],[174.7994,-36.8206],[174.7994,-36.8207]]]}},{"type":"Feature","properties":{},"geometry":{"type":"Polygon","coordinates":[[[174.6024,-36.7969],[174.6085,-36.7912],[174.6009,-36.7934],[174.5985,-36.7899],[174.6024,-36.7969]]]}},{"type":"Feature","properties":{},"geometry":{"type":"Polygon","coordinates":[[[174.6073,-36.7988],[174.6154,-36.7977],[174.6044,-36.796],[174.6073,-36.7988]]]}},{"type":"Feature","properties":{},"geometry":{"type":"Polygon","coordinates":[[[174.6051,-36.8159],[174.6077,-36.8099],[174.6108,-36.8126],[174.6019,-36.7975],[174.6014,-36.8088],[174.6043,-36.8061],[174.606,-36.8124],[174.6012,-36.8155],[174.6051,-36.8159]],[[174.6063,-36.8072],[174.6061,-36.8072],[174.6061,-36.807],[174.6063,-36.8072]],[[174.6075,-36.8079],[174.6075,-36.8077],[174.6077,-36.8077],[174.6075,-36.8079]],[[174.6063,-36.8083],[174.606,-36.8079],[174.6063,-36.8077],[174.6063,-36.8083]]]}},{"type":"Feature","properties":{},"geometry":{"type":"Polygon","coordinates":[[[174.7828,-36.8244],[174.7792,-36.8249],[174.7821,-36.8262],[174.7828,-36.8244]]]}},{"type":"Feature","properties":{},"geometry":{"type":"Polygon","coordinates":[[[174.5584,-37.0172],[174.5584,-37.0156],[174.5508,-37.0147],[174.5584,-37.0172]]]}},{"type":"Feature","properties":{},"geometry":{"type":"Polygon","coordinates":[[[175.3952,-36.0849],[175.3966,-36.0842],[175.3928,-36.0829],[175.3952,-36.0849]]]}},{"type":"Feature","properties":{},"geometry":{"type":"Polygon","coordinates":[[[175.3889,-36.2435],[175.3894,-36.2421],[175.3867,-36.2393],[175.3889,-36.2435]]]}},{"type":"Feature","properties":{},"geometry":{"type":"Polygon","coordinates":[[[174.2296,-36.5284],[174.2305,-36.5266],[174.2271,-36.5276],[174.2296,-36.5284]]]}},{"type":"Feature","properties":{},"geometry":{"type":"Polygon","coordinates":[[[175.1411,-36.8184],[175.1419,-36.8159],[175.1407,-36.8143],[175.1411,-36.8184]]]}},{"type":"Feature","properties":{},"geometry":{"type":"Polygon","coordinates":[[[175.1528,-36.821],[175.1552,-36.8159],[175.154,-36.8154],[175.1528,-36.821]]]}},{"type":"Feature","properties":{},"geometry":{"type":"Polygon","coordinates":[[[175.1472,-36.8257],[175.1424,-36.8247],[175.1504,-36.8221],[175.1431,-36.823],[175.1455,-36.8196],[175.1419,-36.8197],[175.1394,-36.8244],[175.1332,-36.8226],[175.1361,-36.8255],[175.1472,-36.8257]],[[175.1412,-36.8245],[175.1411,-36.824],[175.1416,-36.8238],[175.1412,-36.8245]]]}},{"type":"Feature","properties":{},"geometry":{"type":"Polygon","coordinates":[[[174.9267,-36.7689],[174.9298,-36.7663],[174.9272,-36.7627],[174.9267,-36.7689]]]}},{"type":"Feature","properties":{},"geometry":{"type":"Polygon","coordinates":[[[174.9192,-36.7726],[174.9193,-36.7705],[174.9149,-36.7712],[174.9192,-36.7726]]]}},{"type":"Feature","properties":{},"geometry":{"type":"Polygon","coordinates":[[[174.3151,-36.6422],[174.3146,-36.6381],[174.3143,-36.6403],[174.3081,-36.6355],[174.3105,-36.6408],[174.3151,-36.6422]]]}},{"type":"Feature","properties":{},"geometry":{"type":"Polygon","coordinates":[[[174.3133,-36.6438],[174.3143,-36.642],[174.3116,-36.6425],[174.3133,-36.6438]]]}},{"type":"Feature","properties":{},"geometry":{"type":"Polygon","coordinates":[[[174.7053,-36.6562],[174.7077,-36.6519],[174.7039,-36.6537],[174.7053,-36.6562]],[[174.7046,-36.654],[174.7045,-36.654],[174.7045,-36.6538],[174.7046,-36.6538],[174.7046,-36.654]]]}},{"type":"Feature","properties":{},"geometry":{"type":"Polygon","coordinates":[[[174.7237,-36.6631],[174.7301,-36.6619],[174.7282,-36.6574],[174.7058,-36.6481],[174.7098,-36.6497],[174.707,-36.6527],[174.7234,-36.6551],[174.7237,-36.6631]],[[174.7113,-36.6518],[174.7111,-36.6516],[174.7113,-36.6516],[174.7113,-36.6518]],[[174.7212,-36.6537],[174.7173,-36.6527],[174.719,-36.6526],[174.7212,-36.6537]],[[174.7205,-36.654],[174.7198,-36.6537],[174.7202,-36.6537],[174.7205,-36.654]],[[174.7208,-36.6541],[174.7207,-36.6541],[174.7207,-36.654],[174.7208,-36.654],[174.7208,-36.6541]],[[174.7237,-36.6564],[174.7234,-36.6564],[174.7234,-36.6562],[174.7237,-36.6564]],[[174.7249,-36.6578],[174.7248,-36.6578],[174.7248,-36.6577],[174.7249,-36.6578]],[[174.7249,-36.6593],[174.7244,-36.6593],[174.7253,-36.659],[174.7249,-36.6593]],[[174.7287,-36.6598],[174.7285,-36.6598],[174.7287,-36.6597],[174.7285,-36.6596],[174.7287,-36.6596],[174.7287,-36.6598]],[[174.7248,-36.66],[174.7244,-36.6597],[174.7244,-36.6596],[174.7248,-36.66]]]}},{"type":"Feature","properties":{},"geometry":{"type":"Polygon","coordinates":[[[174.6917,-36.9105],[174.6947,-36.9093],[174.6935,-36.9078],[174.6917,-36.9105]]]}},{"type":"Feature","properties":{},"geometry":{"type":"Polygon","coordinates":[[[174.4044,-36.7772],[174.4022,-36.7737],[174.402,-36.7765],[174.4044,-36.7772]],[[174.4025,-36.7765],[174.4024,-36.7765],[174.4024,-36.7764],[174.4025,-36.7765]]]}},{"type":"Feature","properties":{},"geometry":{"type":"Polygon","coordinates":[[[174.4216,-36.7834],[174.4194,-36.7786],[174.4181,-36.7798],[174.4216,-36.7834]]]}},{"type":"Feature","properties":{},"geometry":{"type":"Polygon","coordinates":[[[174.4158,-36.7842],[174.4112,-36.7779],[174.4153,-36.7805],[174.4155,-36.7785],[174.4099,-36.7771],[174.4087,-36.7798],[174.4158,-36.7842]],[[174.4116,-36.7763],[174.4114,-36.7763],[174.4114,-36.7761],[174.4116,-36.7761],[174.4116,-36.7763]],[[174.4109,-36.7772],[174.4107,-36.7772],[174.4107,-36.7771],[174.4109,-36.7771],[174.4109,-36.7772]],[[174.4107,-36.7779],[174.41,-36.7774],[174.4105,-36.7771],[174.4107,-36.7779]],[[174.4133,-36.783],[174.4131,-36.783],[174.4131,-36.7828],[174.4133,-36.783]],[[174.4148,-36.7837],[174.4146,-36.7837],[174.4146,-36.7835],[174.4148,-36.7835],[174.4148,-36.7837]]]}},{"type":"Feature","properties":{},"geometry":{"type":"Polygon","coordinates":[[[174.4025,-36.7856],[174.4047,-36.7812],[174.4088,-36.7834],[174.395,-36.776],[174.4025,-36.7856]],[[174.3957,-36.7764],[174.3955,-36.7763],[174.3957,-36.7763],[174.3957,-36.7764]],[[174.4018,-36.7802],[174.4017,-36.7802],[174.4017,-36.7801],[174.4018,-36.7801],[174.4018,-36.7802]],[[174.401,-36.7807],[174.4003,-36.7801],[174.4007,-36.7798],[174.401,-36.7807]],[[174.4027,-36.782],[174.4025,-36.7816],[174.4029,-36.7817],[174.4027,-36.782]],[[174.4008,-36.7834],[174.4003,-36.7831],[174.4005,-36.783],[174.4008,-36.7834]],[[174.4039,-36.7844],[174.4037,-36.7839],[174.4041,-36.7839],[174.4039,-36.7844]]]}},{"type":"Feature","properties":{},"geometry":{"type":"Polygon","coordinates":[[[174.3358,-36.6329],[174.3363,-36.6308],[174.3322,-36.6353],[174.3358,-36.6329]]]}},{"type":"Feature","properties":{},"geometry":{"type":"Polygon","coordinates":[[[174.9478,-37.1233],[174.9497,-37.1219],[174.9458,-37.1222],[174.9478,-37.1233]]]}},{"type":"Feature","properties":{},"geometry":{"type":"Polygon","coordinates":[[[174.9303,-37.1285],[174.9327,-37.1268],[174.9296,-37.1272],[174.9303,-37.1285]]]}},{"type":"Feature","properties":{},"geometry":{"type":"Polygon","coordinates":[[[174.9224,-37.1328],[174.927,-37.1289],[174.9253,-37.1276],[174.9224,-37.1328]],[[174.9257,-37.1283],[174.9255,-37.1282],[174.9257,-37.1282],[174.9257,-37.1283]]]}},{"type":"Feature","properties":{},"geometry":{"type":"Polygon","coordinates":[[[174.9535,-37.1343],[174.9533,-37.1324],[174.9501,-37.1309],[174.9535,-37.1343]]]}},{"type":"Feature","properties":{},"geometry":{"type":"Polygon","coordinates":[[[174.9588,-37.1494],[174.9588,-37.1453],[174.9537,-37.1415],[174.9588,-37.1494]]]}},{"type":"Feature","properties":{},"geometry":{"type":"Polygon","coordinates":[[[174.9226,-37.1577],[174.9265,-37.1527],[174.9216,-37.1562],[174.9226,-37.1577]]]}},{"type":"Feature","properties":{},"geometry":{"type":"Polygon","coordinates":[[[174.9398,-37.1616],[174.9381,-37.1584],[174.9347,-37.157],[174.9398,-37.1616]]]}},{"type":"Feature","properties":{},"geometry":{"type":"Polygon","coordinates":[[[174.9376,-37.1706],[174.9373,-37.1659],[174.9362,-37.1701],[174.9376,-37.1706]]]}},{"type":"Feature","properties":{},"geometry":{"type":"Polygon","coordinates":[[[174.9542,-37.1855],[174.9511,-37.1831],[174.9513,-37.1849],[174.9542,-37.1855]]]}},{"type":"Feature","properties":{},"geometry":{"type":"Polygon","coordinates":[[[174.9733,-37.1913],[174.9694,-37.1827],[174.9736,-37.1782],[174.9781,-37.1782],[174.9781,-37.1724],[174.9651,-37.1622],[174.9608,-37.1543],[174.9548,-37.1549],[174.9475,-37.1348],[174.9537,-37.1392],[174.9439,-37.1245],[174.9477,-37.126],[174.9438,-37.1204],[174.9497,-37.1184],[174.9424,-37.1157],[174.9446,-37.104],[174.9426,-37.1046],[174.9393,-37.1158],[174.9414,-37.1151],[174.9395,-37.1208],[174.9432,-37.1192],[174.9412,-37.1236],[174.9432,-37.1271],[174.9303,-37.1342],[174.9306,-37.1362],[174.9397,-37.1344],[174.9281,-37.1457],[174.9304,-37.1456],[174.9303,-37.1495],[174.9269,-37.152],[174.932,-37.1514],[174.9304,-37.1564],[174.934,-37.1573],[174.9368,-37.1653],[174.9313,-37.1455],[174.9323,-37.1414],[174.9395,-37.137],[174.9397,-37.1415],[174.9419,-37.1412],[174.94,-37.1354],[174.9448,-37.129],[174.9468,-37.1419],[174.9511,-37.1457],[174.9438,-37.1534],[174.9443,-37.1573],[174.9508,-37.1479],[174.9535,-37.1508],[174.9509,-37.1564],[174.9531,-37.1529],[174.9605,-37.1546],[174.9605,-37.1588],[174.9564,-37.1652],[174.9463,-37.1679],[174.9484,-37.1684],[174.9438,-37.1772],[174.9477,-37.1785],[174.9439,-37.175],[174.9478,-37.1704],[174.9511,-37.1784],[174.9494,-37.1744],[174.9559,-37.1736],[174.9579,-37.1772],[174.9632,-37.1751],[174.9569,-37.1732],[174.9586,-37.1721],[174.9678,-37.174],[174.962,-37.1716],[174.9495,-37.1729],[174.9511,-37.1672],[174.9586,-37.1672],[174.9605,-37.1591],[174.9623,-37.1599],[174.9716,-37.1657],[174.9704,-37.1717],[174.9784,-37.1736],[174.9682,-37.1833],[174.9649,-37.182],[174.967,-37.1867],[174.9588,-37.1902],[174.9639,-37.1875],[174.9733,-37.1913]],[[174.9417,-37.1072],[174.9415,-37.1072],[174.9415,-37.1069],[174.9417,-37.1069],[174.9417,-37.1072]],[[174.9426,-37.125],[174.9422,-37.1249],[174.9424,-37.1246],[174.9426,-37.125]],[[174.9316,-37.135],[174.9313,-37.1348],[174.9318,-37.1347],[174.9316,-37.135]],[[174.932,-37.1559],[174.9318,-37.1559],[174.9318,-37.1557],[174.932,-37.1559]],[[174.941,-37.141],[174.9409,-37.141],[174.9412,-37.1407],[174.941,-37.141]],[[174.9473,-37.1327],[174.947,-37.1325],[174.9475,-37.1323],[174.9473,-37.1327]],[[174.9506,-37.1494],[174.9504,-37.1494],[174.9504,-37.1493],[174.9506,-37.1493],[174.9506,-37.1494]],[[174.9603,-37.1728],[174.96,-37.1727],[174.9601,-37.1725],[174.9603,-37.1728]],[[174.963,-37.1725],[174.9629,-37.1725],[174.9627,-37.1724],[174.963,-37.1725]],[[174.9636,-37.1738],[174.96,-37.1723],[174.9636,-37.1729],[174.9636,-37.1738]],[[174.955,-37.1668],[174.9548,-37.1668],[174.9548,-37.1667],[174.955,-37.1668]],[[174.9697,-37.185],[174.9688,-37.1846],[174.9699,-37.1842],[174.9697,-37.185]],[[174.9659,-37.1876],[174.9656,-37.1876],[174.9663,-37.1874],[174.9659,-37.1876]]]}},{"type":"Feature","properties":{},"geometry":{"type":"Polygon","coordinates":[[[175.0066,-37.1977],[175.0103,-37.1962],[175.0077,-37.1954],[175.0066,-37.1977]]]}},{"type":"Feature","properties":{},"geometry":{"type":"Polygon","coordinates":[[[174.9886,-37.2092],[174.9933,-37.2084],[174.99,-37.2058],[174.9912,-37.202],[174.9968,-37.2073],[175.0025,-37.2023],[174.9962,-37.2039],[174.9951,-37.2003],[174.9895,-37.2042],[174.9818,-37.2037],[174.9745,-37.1977],[174.9746,-37.1937],[174.9861,-37.1963],[174.9854,-37.1943],[174.9938,-37.1939],[174.983,-37.1928],[174.9816,-37.1888],[174.9881,-37.1899],[174.9834,-37.1897],[174.9854,-37.187],[174.9767,-37.1871],[174.9808,-37.1884],[174.9813,-37.1946],[174.9733,-37.1925],[174.9716,-37.1947],[174.9798,-37.2028],[174.9892,-37.2069],[174.9886,-37.2092]],[[174.9772,-37.1937],[174.9769,-37.1933],[174.9782,-37.1935],[174.9772,-37.1937]],[[174.9866,-37.1901],[174.9857,-37.1899],[174.9863,-37.1898],[174.9866,-37.1901]],[[174.9863,-37.1865],[174.9861,-37.1865],[174.9861,-37.1864],[174.9863,-37.1864],[174.9863,-37.1865]],[[174.9804,-37.1876],[174.9799,-37.1876],[174.9801,-37.1872],[174.9804,-37.1876]],[[174.9764,-37.1984],[174.9762,-37.1984],[174.9762,-37.1981],[174.9764,-37.1984]]]}},{"type":"Feature","properties":{},"geometry":{"type":"Polygon","coordinates":[[[175.3863,-36.1028],[175.3858,-36.1],[175.3833,-36.0993],[175.3863,-36.1028]]]}},{"type":"Feature","properties":{},"geometry":{"type":"Polygon","coordinates":[[[175.3836,-36.1188],[175.3826,-36.117],[175.3874,-36.117],[175.3899,-36.1135],[175.3889,-36.1072],[175.3892,-36.1144],[175.3797,-36.1138],[175.3747,-36.117],[175.3768,-36.1137],[175.3732,-36.1149],[175.3744,-36.1185],[175.3815,-36.1167],[175.3836,-36.1188]],[[175.3773,-36.1167],[175.3768,-36.1166],[175.3773,-36.1164],[175.3773,-36.1167]]]}},{"type":"Feature","properties":{},"geometry":{"type":"Polygon","coordinates":[[[175.502,-36.3281],[175.5038,-36.327],[175.4927,-36.325],[175.502,-36.3281]]]}},{"type":"Feature","properties":{},"geometry":{"type":"Polygon","coordinates":[[[174.821,-36.904],[174.8241,-36.9019],[174.8202,-36.9028],[174.821,-36.904]],[[174.8209,-36.9037],[174.8205,-36.9034],[174.8212,-36.9034],[174.8209,-36.9037]]]}},{"type":"Feature","properties":{},"geometry":{"type":"Polygon","coordinates":[[[174.2972,-36.3495],[174.2967,-36.3458],[174.2936,-36.3447],[174.2972,-36.3495]]]}},{"type":"Feature","properties":{},"geometry":{"type":"Polygon","coordinates":[[[174.3104,-36.3771],[174.3121,-36.3738],[174.3083,-36.3719],[174.3104,-36.3667],[174.3206,-36.3733],[174.3189,-36.3694],[174.3269,-36.3693],[174.3151,-36.3657],[174.3151,-36.3615],[174.3216,-36.3565],[174.3148,-36.3615],[174.3129,-36.3579],[174.3131,-36.365],[174.3107,-36.3652],[174.3126,-36.3644],[174.3087,-36.3626],[174.3076,-36.3574],[174.3175,-36.3499],[174.3071,-36.3569],[174.2988,-36.3516],[174.3122,-36.3465],[174.3066,-36.3472],[174.3075,-36.3453],[174.3025,-36.3492],[174.2952,-36.342],[174.2972,-36.3421],[174.2935,-36.3417],[174.2972,-36.3446],[174.2988,-36.3531],[174.2965,-36.3554],[174.2979,-36.3571],[174.2996,-36.3532],[174.3047,-36.356],[174.3001,-36.3557],[174.3001,-36.3597],[174.2967,-36.358],[174.3023,-36.3653],[174.3034,-36.3571],[174.3083,-36.3657],[174.3051,-36.3699],[174.3025,-36.3688],[174.3047,-36.3759],[174.3104,-36.3771]],[[174.3073,-36.3479],[174.3081,-36.3464],[174.3087,-36.3472],[174.3073,-36.3479]],[[174.3049,-36.3486],[174.3049,-36.3481],[174.3063,-36.348],[174.3049,-36.3486]],[[174.3037,-36.349],[174.3035,-36.349],[174.3037,-36.3487],[174.3037,-36.349]],[[174.2967,-36.3435],[174.2962,-36.3431],[174.2967,-36.3433],[174.2967,-36.3435]],[[174.2965,-36.344],[174.2962,-36.344],[174.2964,-36.3437],[174.2965,-36.344]],[[174.2991,-36.3477],[174.2989,-36.3477],[174.2989,-36.3475],[174.2991,-36.3477]],[[174.301,-36.3488],[174.3001,-36.3488],[174.2996,-36.3481],[174.301,-36.3488]],[[174.3013,-36.3488],[174.3011,-36.3487],[174.3013,-36.3487],[174.3013,-36.3488]],[[174.3006,-36.3564],[174.3006,-36.3563],[174.3008,-36.3563],[174.3006,-36.3564]],[[174.3015,-36.3568],[174.3011,-36.3567],[174.3015,-36.3565],[174.3015,-36.3568]],[[174.3005,-36.3574],[174.3006,-36.3569],[174.3006,-36.3572],[174.3005,-36.3574]],[[174.3011,-36.3578],[174.3018,-36.3567],[174.3022,-36.3567],[174.3011,-36.3578]],[[174.2994,-36.3606],[174.2993,-36.3606],[174.2994,-36.3604],[174.2994,-36.3606]],[[174.3005,-36.3622],[174.3005,-36.3619],[174.3008,-36.3619],[174.3005,-36.3622]],[[174.3008,-36.3627],[174.3006,-36.3627],[174.3006,-36.3626],[174.3008,-36.3626],[174.3008,-36.3627]],[[174.3032,-36.3633],[174.3027,-36.3627],[174.303,-36.3626],[174.3032,-36.3633]]]}},{"type":"Feature","properties":{},"geometry":{"type":"Polygon","coordinates":[[[174.3245,-36.3787],[174.3215,-36.3734],[174.3223,-36.3774],[174.3245,-36.3787]]]}},{"type":"Feature","properties":{},"geometry":{"type":"Polygon","coordinates":[[[174.6609,-36.1858],[174.6645,-36.1856],[174.6594,-36.1842],[174.6609,-36.1858]]]}},{"type":"Feature","properties":{},"geometry":{"type":"Polygon","coordinates":[[[174.656,-36.1874],[174.6543,-36.1845],[174.6527,-36.1855],[174.656,-36.1874]]]}},{"type":"Feature","properties":{},"geometry":{"type":"Polygon","coordinates":[[[174.6666,-36.1943],[174.662,-36.1849],[174.6623,-36.1891],[174.6592,-36.1862],[174.6666,-36.1943]],[[174.6621,-36.1903],[174.6616,-36.19],[174.6621,-36.19],[174.6621,-36.1903]],[[174.6642,-36.1906],[174.6626,-36.1904],[174.6628,-36.1898],[174.6642,-36.1906]]]}},{"type":"Feature","properties":{},"geometry":{"type":"Polygon","coordinates":[[[174.8787,-37.0241],[174.8797,-37.0214],[174.8782,-37.021],[174.8787,-37.0241]]]}},{"type":"Feature","properties":{},"geometry":{"type":"Polygon","coordinates":[[[174.8806,-37.0292],[174.8786,-37.0277],[174.8767,-37.0285],[174.8806,-37.0292]]]}},{"type":"Feature","properties":{},"geometry":{"type":"Polygon","coordinates":[[[174.8736,-37.0368],[174.8722,-37.0308],[174.8774,-37.0256],[174.8736,-37.0236],[174.8705,-37.0307],[174.8736,-37.0368]]]}},{"type":"Feature","properties":{},"geometry":{"type":"Polygon","coordinates":[[[174.9311,-37.0658],[174.9296,-37.0624],[174.9291,-37.0642],[174.9311,-37.0658]]]}},{"type":"Feature","properties":{},"geometry":{"type":"Polygon","coordinates":[[[174.9298,-37.0718],[174.9321,-37.0677],[174.9279,-37.0691],[174.9303,-37.069],[174.9298,-37.0718]]]}},{"type":"Feature","properties":{},"geometry":{"type":"Polygon","coordinates":[[[174.9419,-37.0737],[174.9417,-37.0686],[174.9356,-37.0688],[174.9429,-37.0651],[174.9419,-37.0634],[174.9337,-37.0646],[174.941,-37.0583],[174.9368,-37.0592],[174.9366,-37.057],[174.9323,-37.0609],[174.9282,-37.0567],[174.9298,-37.0538],[174.9246,-37.0538],[174.924,-37.0611],[174.9304,-37.0622],[174.9333,-37.0714],[174.9395,-37.0692],[174.9419,-37.0737]],[[174.9359,-37.0666],[174.9354,-37.0662],[174.9362,-37.0661],[174.9359,-37.0666]],[[174.941,-37.0698],[174.9397,-37.0691],[174.9409,-37.069],[174.941,-37.0698]],[[174.9405,-37.0711],[174.9407,-37.0705],[174.941,-37.071],[174.9405,-37.0711]],[[174.9414,-37.0722],[174.941,-37.0722],[174.9415,-37.072],[174.9414,-37.0722]]]}},{"type":"Feature","properties":{},"geometry":{"type":"Polygon","coordinates":[[[174.8069,-36.3612],[174.8161,-36.36],[174.8041,-36.3574],[174.8081,-36.3589],[174.8069,-36.3612]],[[174.8154,-36.3595],[174.8152,-36.3595],[174.8152,-36.3594],[174.8154,-36.3594],[174.8154,-36.3595]]]}},{"type":"Feature","properties":{},"geometry":{"type":"Polygon","coordinates":[[[174.8169,-36.363],[174.8151,-36.3598],[174.8154,-36.3626],[174.8169,-36.363]]]}},{"type":"Feature","properties":{},"geometry":{"type":"Polygon","coordinates":[[[174.3283,-36.3831],[174.3313,-36.3806],[174.3283,-36.3813],[174.3283,-36.3831]]]}},{"type":"Feature","properties":{},"geometry":{"type":"Polygon","coordinates":[[[175.0723,-36.8249],[175.0724,-36.8221],[175.0798,-36.8207],[175.073,-36.821],[175.0683,-36.8145],[175.0661,-36.8173],[175.0723,-36.8249]]]}},{"type":"Feature","properties":{},"geometry":{"type":"Polygon","coordinates":[[[174.6227,-36.8251],[174.6268,-36.8214],[174.6254,-36.82],[174.6227,-36.8251]]]}},{"type":"Feature","properties":{},"geometry":{"type":"Polygon","coordinates":[[[174.6336,-36.8253],[174.6355,-36.8236],[174.6294,-36.8245],[174.6336,-36.8253]]]}},{"type":"Feature","properties":{},"geometry":{"type":"Polygon","coordinates":[[[174.6565,-37.1282],[174.6679,-37.127],[174.6681,-37.1246],[174.6565,-37.1282]],[[174.6667,-37.1261],[174.6666,-37.1261],[174.6666,-37.126],[174.6667,-37.126],[174.6667,-37.1261]],[[174.6686,-37.1264],[174.6681,-37.1261],[174.6683,-37.126],[174.6686,-37.1264]]]}},{"type":"Feature","properties":{},"geometry":{"type":"Polygon","coordinates":[[[174.9509,-37.0706],[174.9523,-37.0669],[174.949,-37.0653],[174.9509,-37.0706]]]}},{"type":"Feature","properties":{},"geometry":{"type":"Polygon","coordinates":[[[174.9574,-37.0766],[174.961,-37.0745],[174.96,-37.0721],[174.9629,-37.0747],[174.9724,-37.0744],[174.9636,-37.073],[174.9745,-37.0691],[174.9683,-37.0672],[174.9712,-37.0626],[174.9668,-37.0665],[174.9676,-37.0626],[174.9709,-37.062],[174.9676,-37.0562],[174.9654,-37.0596],[174.9636,-37.0604],[174.9634,-37.0562],[174.9625,-37.0607],[174.9583,-37.0604],[174.9641,-37.0668],[174.9634,-37.0707],[174.9588,-37.0705],[174.9571,-37.0666],[174.9595,-37.065],[174.9552,-37.0662],[174.9548,-37.0641],[174.9571,-37.0699],[174.9472,-37.0718],[174.9509,-37.0729],[174.9477,-37.0747],[174.9574,-37.0766]],[[174.9637,-37.072],[174.963,-37.0715],[174.9641,-37.0713],[174.9637,-37.072]],[[174.9625,-37.0735],[174.9623,-37.0735],[174.9623,-37.0732],[174.9625,-37.0732],[174.9625,-37.0735]],[[174.9676,-37.0703],[174.9671,-37.069],[174.9688,-37.0687],[174.9676,-37.0703]],[[174.9692,-37.059],[174.968,-37.059],[174.9688,-37.0586],[174.9692,-37.059]],[[174.969,-37.0596],[174.9685,-37.0596],[174.9692,-37.0593],[174.969,-37.0596]],[[174.9671,-37.06],[174.9671,-37.0589],[174.9675,-37.059],[174.9671,-37.06]],[[174.9606,-37.0626],[174.96,-37.0612],[174.9608,-37.0612],[174.9606,-37.0626]],[[174.9661,-37.0653],[174.9654,-37.0635],[174.9663,-37.063],[174.9661,-37.0653]],[[174.9634,-37.0657],[174.961,-37.0611],[174.9636,-37.0611],[174.9634,-37.0657]],[[174.9659,-37.0662],[174.9659,-37.0656],[174.9663,-37.0657],[174.9659,-37.0662]],[[174.9639,-37.0664],[174.9636,-37.066],[174.9641,-37.066],[174.9639,-37.0664]],[[174.9682,-37.0672],[174.9676,-37.0672],[174.9685,-37.0666],[174.9682,-37.0672]],[[174.9682,-37.068],[174.9673,-37.0677],[174.9682,-37.0673],[174.9682,-37.068]],[[174.9577,-37.0696],[174.9572,-37.0692],[174.9576,-37.0692],[174.9577,-37.0696]],[[174.9571,-37.0718],[174.9569,-37.0714],[174.9572,-37.0714],[174.9571,-37.0718]],[[174.9502,-37.0725],[174.9492,-37.0724],[174.9499,-37.0715],[174.9502,-37.0725]],[[174.9574,-37.0722],[174.9571,-37.0721],[174.9572,-37.072],[174.9574,-37.0722]],[[174.953,-37.0725],[174.9528,-37.0725],[174.9526,-37.0722],[174.953,-37.0725]],[[174.9555,-37.0733],[174.9548,-37.0729],[174.9571,-37.0724],[174.9555,-37.0733]],[[174.9571,-37.0745],[174.9562,-37.0741],[174.9567,-37.074],[174.9571,-37.0745]],[[174.9595,-37.0747],[174.9591,-37.0747],[174.9591,-37.0745],[174.9595,-37.0745],[174.9595,-37.0747]]]}},{"type":"Feature","properties":{},"geometry":{"type":"Polygon","coordinates":[[[174.7678,-36.7604],[174.7659,-36.7573],[174.761,-36.7569],[174.7678,-36.7604]]]}},{"type":"Feature","properties":{},"geometry":{"type":"Polygon","coordinates":[[[174.7538,-36.37],[174.7511,-36.3642],[174.7495,-36.363],[174.7538,-36.37]]]}},{"type":"Feature","properties":{},"geometry":{"type":"Polygon","coordinates":[[[174.7551,-36.3825],[174.757,-36.3815],[174.7541,-36.3725],[174.7551,-36.3825]],[[174.754,-36.3723],[174.7538,-36.3723],[174.7541,-36.3722],[174.754,-36.3723]],[[174.7536,-36.3736],[174.7534,-36.3736],[174.7534,-36.3733],[174.7536,-36.3733],[174.7536,-36.3736]]]}},{"type":"Feature","properties":{},"geometry":{"type":"Polygon","coordinates":[[[174.6819,-36.8878],[174.6807,-36.8847],[174.6782,-36.8867],[174.6819,-36.8878]],[[174.6812,-36.8858],[174.6811,-36.8858],[174.6811,-36.8857],[174.6812,-36.8857],[174.6812,-36.8858]]]}},{"type":"Feature","properties":{},"geometry":{"type":"Polygon","coordinates":[[[174.429,-36.8309],[174.4297,-36.8286],[174.4273,-36.8303],[174.429,-36.8309]]]}},{"type":"Feature","properties":{},"geometry":{"type":"Polygon","coordinates":[[[174.8849,-37.0331],[174.8876,-37.0318],[174.8833,-37.032],[174.8849,-37.0331]]]}},{"type":"Feature","properties":{},"geometry":{"type":"Polygon","coordinates":[[[174.8924,-37.0389],[174.8953,-37.0363],[174.8898,-37.0285],[174.8924,-37.0389]]]}},{"type":"Feature","properties":{},"geometry":{"type":"Polygon","coordinates":[[[174.8949,-37.0455],[174.8939,-37.0414],[174.8903,-37.0404],[174.8949,-37.0455]],[[174.8922,-37.042],[174.8929,-37.0413],[174.8932,-37.0416],[174.8922,-37.042]]]}},{"type":"Feature","properties":{},"geometry":{"type":"Polygon","coordinates":[[[174.7509,-36.9223],[174.7533,-36.9159],[174.7512,-36.9149],[174.7509,-36.9223]],[[174.7524,-36.9174],[174.7523,-36.9174],[174.7523,-36.9172],[174.7524,-36.9172],[174.7524,-36.9174]],[[174.7523,-36.9179],[174.7521,-36.9176],[174.7524,-36.9176],[174.7523,-36.9179]]]}},{"type":"Feature","properties":{},"geometry":{"type":"Polygon","coordinates":[[[174.7439,-36.9284],[174.7435,-36.9182],[174.748,-36.9145],[174.742,-36.9148],[174.7377,-36.922],[174.7422,-36.9212],[174.7401,-36.9271],[174.7437,-36.9254],[174.7439,-36.9284]],[[174.7427,-36.9176],[174.7423,-36.9176],[174.7429,-36.9174],[174.7427,-36.9176]],[[174.7422,-36.9178],[174.742,-36.9178],[174.742,-36.9176],[174.7422,-36.9176],[174.7422,-36.9178]],[[174.7413,-36.9185],[174.741,-36.9179],[174.7417,-36.9179],[174.7413,-36.9185]],[[174.7408,-36.9193],[174.7406,-36.9193],[174.7406,-36.9191],[174.7408,-36.9191],[174.7408,-36.9193]],[[174.7401,-36.9198],[174.74,-36.9198],[174.74,-36.9196],[174.7401,-36.9196],[174.7401,-36.9198]],[[174.7413,-36.92],[174.7408,-36.9198],[174.741,-36.9186],[174.7413,-36.92]],[[174.7401,-36.9205],[174.7398,-36.9204],[174.7398,-36.9201],[174.7401,-36.9202],[174.7401,-36.9205]],[[174.741,-36.9206],[174.7406,-36.9206],[174.7406,-36.9201],[174.741,-36.9201],[174.741,-36.9206]],[[174.7432,-36.9213],[174.743,-36.9213],[174.743,-36.9209],[174.7432,-36.9209],[174.7432,-36.9213]],[[174.7434,-36.9221],[174.743,-36.9221],[174.7429,-36.9217],[174.7434,-36.9221]]]}},{"type":"Feature","properties":{},"geometry":{"type":"Polygon","coordinates":[[[174.3049,-36.6386],[174.3042,-36.6346],[174.3035,-36.6374],[174.3049,-36.6386]]]}},{"type":"Feature","properties":{},"geometry":{"type":"Polygon","coordinates":[[[174.7167,-36.8659],[174.7181,-36.864],[174.7125,-36.8621],[174.7167,-36.8659]]]}},{"type":"Feature","properties":{},"geometry":{"type":"Polygon","coordinates":[[[174.7765,-37.1514],[174.7784,-37.1506],[174.7739,-37.1497],[174.7765,-37.1514]],[[174.7767,-37.1505],[174.7765,-37.1505],[174.7765,-37.1504],[174.7767,-37.1504],[174.7767,-37.1505]]]}},{"type":"Feature","properties":{},"geometry":{"type":"Polygon","coordinates":[[[174.2967,-36.3639],[174.2969,-36.3605],[174.2953,-36.359],[174.2967,-36.3639]]]}},{"type":"Feature","properties":{},"geometry":{"type":"Polygon","coordinates":[[[175.0081,-36.8948],[175.011,-36.8924],[175.0071,-36.8927],[175.0081,-36.8948]],[[175.009,-36.8923],[175.009,-36.8921],[175.0091,-36.892],[175.009,-36.8923]],[[175.0098,-36.8923],[175.0093,-36.8921],[175.0098,-36.8921],[175.0098,-36.8923]]]}},{"type":"Feature","properties":{},"geometry":{"type":"Polygon","coordinates":[[[175.005,-36.8998],[175.0088,-36.898],[175.002,-36.898],[175.0014,-36.8936],[174.9898,-36.8901],[174.9939,-36.8899],[175.005,-36.8998]],[[175.0079,-36.8987],[175.0077,-36.8987],[175.0077,-36.8985],[175.0079,-36.8985],[175.0079,-36.8987]]]}},{"type":"Feature","properties":{},"geometry":{"type":"Polygon","coordinates":[[[174.8178,-36.3781],[174.8325,-36.3704],[174.8243,-36.3688],[174.8195,-36.3638],[174.8243,-36.3721],[174.8202,-36.3726],[174.806,-36.3642],[174.8118,-36.3716],[174.8169,-36.3726],[174.8178,-36.3781]],[[174.8282,-36.3701],[174.8277,-36.3699],[174.8275,-36.3693],[174.8282,-36.3701]]]}},{"type":"Feature","properties":{},"geometry":{"type":"Polygon","coordinates":[[[174.1986,-36.4799],[174.202,-36.4788],[174.1991,-36.4737],[174.1986,-36.4799]],[[174.1994,-36.4777],[174.1992,-36.4777],[174.1992,-36.4775],[174.1994,-36.4775],[174.1994,-36.4777]]]}},{"type":"Feature","properties":{},"geometry":{"type":"Polygon","coordinates":[[[174.6166,-37.1865],[174.6167,-37.1803],[174.608,-37.1841],[174.6166,-37.1865]]]}},{"type":"Feature","properties":{},"geometry":{"type":"Polygon","coordinates":[[[175.4872,-36.3014],[175.4911,-36.2993],[175.4911,-36.2922],[175.4872,-36.3014]]]}},{"type":"Feature","properties":{},"geometry":{"type":"Polygon","coordinates":[[[174.6674,-36.5748],[174.669,-36.5734],[174.6647,-36.5744],[174.6674,-36.5748]]]}},{"type":"Feature","properties":{},"geometry":{"type":"Polygon","coordinates":[[[174.8343,-37.2087],[174.8342,-37.205],[174.8323,-37.2058],[174.8343,-37.2087]]]}},{"type":"Feature","properties":{},"geometry":{"type":"Polygon","coordinates":[[[174.8405,-37.2116],[174.8442,-37.2094],[174.8415,-37.2061],[174.8357,-37.2077],[174.8364,-37.2097],[174.84,-37.2068],[174.8405,-37.2116]],[[174.839,-37.2062],[174.839,-37.206],[174.8393,-37.2058],[174.839,-37.2062]],[[174.8367,-37.2098],[174.8367,-37.2097],[174.8369,-37.2097],[174.8367,-37.2098]],[[174.8415,-37.208],[174.8413,-37.208],[174.8417,-37.2079],[174.8415,-37.208]],[[174.8441,-37.2092],[174.8437,-37.2092],[174.8439,-37.209],[174.8441,-37.2092]]]}},{"type":"Feature","properties":{},"geometry":{"type":"Polygon","coordinates":[[[174.8301,-37.2121],[174.8325,-37.2098],[174.8311,-37.2088],[174.8301,-37.2121]]]}},{"type":"Feature","properties":{},"geometry":{"type":"Polygon","coordinates":[[[174.8016,-37.213],[174.7988,-37.2106],[174.7977,-37.212],[174.8016,-37.213]]]}},{"type":"Feature","properties":{},"geometry":{"type":"Polygon","coordinates":[[[174.8379,-37.2158],[174.8386,-37.2143],[174.8355,-37.2143],[174.8379,-37.2158]]]}},{"type":"Feature","properties":{},"geometry":{"type":"Polygon","coordinates":[[[174.8231,-37.2171],[174.8402,-37.2122],[174.8311,-37.2129],[174.8316,-37.2148],[174.8231,-37.2171]]]}},{"type":"Feature","properties":{},"geometry":{"type":"Polygon","coordinates":[[[174.8425,-37.217],[174.8473,-37.2158],[174.8439,-37.2148],[174.8425,-37.217]]]}},{"type":"Feature","properties":{},"geometry":{"type":"Polygon","coordinates":[[[174.8601,-37.2284],[174.8726,-37.2281],[174.8654,-37.2268],[174.8601,-37.2284]],[[174.8661,-37.2273],[174.8658,-37.2272],[174.8661,-37.227],[174.8661,-37.2273]]]}},{"type":"Feature","properties":{},"geometry":{"type":"Polygon","coordinates":[[[174.8507,-37.2366],[174.8451,-37.2277],[174.8512,-37.2295],[174.863,-37.2216],[174.8709,-37.2239],[174.8605,-37.2216],[174.8504,-37.2284],[174.8465,-37.2272],[174.8475,-37.2249],[174.821,-37.2208],[174.8161,-37.2162],[174.8147,-37.2124],[174.8168,-37.2125],[174.811,-37.2097],[174.8157,-37.2034],[174.8036,-37.2065],[174.8099,-37.2064],[174.8103,-37.2099],[174.8026,-37.2121],[174.8067,-37.2125],[174.806,-37.2145],[174.8116,-37.2112],[174.8175,-37.2202],[174.8087,-37.2246],[174.8188,-37.2208],[174.8178,-37.2245],[174.821,-37.2268],[174.8224,-37.2211],[174.8238,-37.2261],[174.8275,-37.2268],[174.825,-37.2228],[174.827,-37.2227],[174.835,-37.2257],[174.8299,-37.2254],[174.8311,-37.2292],[174.8277,-37.2315],[174.8332,-37.2295],[174.8366,-37.2336],[174.8424,-37.231],[174.8507,-37.2366]],[[174.8555,-37.2258],[174.8552,-37.2257],[174.8555,-37.2257],[174.8555,-37.2258]],[[174.82,-37.222],[174.8198,-37.222],[174.8198,-37.2219],[174.82,-37.2219],[174.82,-37.222]],[[174.8272,-37.2251],[174.827,-37.2251],[174.827,-37.2249],[174.8272,-37.2249],[174.8272,-37.2251]],[[174.8359,-37.2242],[174.8355,-37.2242],[174.8361,-37.2241],[174.8359,-37.2242]],[[174.8337,-37.2246],[174.8337,-37.2238],[174.8347,-37.2239],[174.8337,-37.2246]],[[174.8451,-37.226],[174.8449,-37.2258],[174.8451,-37.2257],[174.8451,-37.226]],[[174.8309,-37.2273],[174.8308,-37.2273],[174.8309,-37.2272],[174.8309,-37.2273]],[[174.8345,-37.2281],[174.8347,-37.2277],[174.8349,-37.2277],[174.8345,-37.2281]],[[174.8444,-37.2283],[174.8442,-37.2281],[174.8444,-37.2281],[174.8444,-37.2283]],[[174.834,-37.2287],[174.834,-37.2285],[174.8343,-37.2283],[174.834,-37.2287]],[[174.8338,-37.2289],[174.8337,-37.2289],[174.8337,-37.2288],[174.8338,-37.2288],[174.8338,-37.2289]],[[174.8303,-37.2299],[174.8303,-37.2298],[174.8304,-37.2298],[174.8303,-37.2299]],[[174.8316,-37.2308],[174.8314,-37.2308],[174.8314,-37.2307],[174.8316,-37.2307],[174.8316,-37.2308]],[[174.8313,-37.2313],[174.8311,-37.2313],[174.8314,-37.231],[174.8313,-37.2313]],[[174.8282,-37.2314],[174.828,-37.2314],[174.828,-37.2313],[174.8282,-37.2314]],[[174.8446,-37.2287],[174.8444,-37.2284],[174.8448,-37.2285],[174.8446,-37.2287]],[[174.8444,-37.2291],[174.8442,-37.2291],[174.8442,-37.2285],[174.8444,-37.2285],[174.8444,-37.2291]],[[174.8454,-37.2294],[174.8451,-37.2294],[174.8451,-37.2292],[174.8454,-37.2294]]]}},{"type":"Feature","properties":{},"geometry":{"type":"Polygon","coordinates":[[[174.869,-37.2363],[174.8695,-37.2317],[174.8671,-37.2318],[174.869,-37.2363]]]}},{"type":"Feature","properties":{},"geometry":{"type":"Polygon","coordinates":[[[174.854,-37.245],[174.8625,-37.2427],[174.8584,-37.2421],[174.8623,-37.2381],[174.8748,-37.2389],[174.8818,-37.2344],[174.8668,-37.2382],[174.8615,-37.2349],[174.8581,-37.2405],[174.8523,-37.2386],[174.854,-37.245]],[[174.8606,-37.2431],[174.8605,-37.2431],[174.8605,-37.2429],[174.8606,-37.2429],[174.8606,-37.2431]],[[174.8562,-37.2446],[174.8552,-37.2413],[174.8572,-37.2417],[174.8562,-37.2446]],[[174.8784,-37.2348],[174.8784,-37.2345],[174.8786,-37.2345],[174.8784,-37.2348]],[[174.8724,-37.2379],[174.8726,-37.2376],[174.8728,-37.2376],[174.8724,-37.2379]]]}},{"type":"Feature","properties":{},"geometry":{"type":"Polygon","coordinates":[[[174.8157,-36.8879],[174.8176,-36.8875],[174.8161,-36.8823],[174.8157,-36.8879]]]}},{"type":"Feature","properties":{},"geometry":{"type":"Polygon","coordinates":[[[174.629,-37.1338],[174.6347,-37.1309],[174.6399,-37.1222],[174.6521,-37.1204],[174.6519,-37.1255],[174.6604,-37.1204],[174.6594,-37.1143],[174.6365,-37.1221],[174.6236,-37.1158],[174.6154,-37.1191],[174.6273,-37.1177],[174.63,-37.1211],[174.6265,-37.123],[174.6338,-37.1233],[174.6172,-37.1306],[174.6282,-37.1293],[174.6365,-37.1231],[174.629,-37.1338]],[[174.6556,-37.1215],[174.6553,-37.1215],[174.6555,-37.1214],[174.6556,-37.1215]],[[174.6551,-37.1166],[174.655,-37.1166],[174.655,-37.1165],[174.6551,-37.1166]]]}},{"type":"Feature","properties":{},"geometry":{"type":"Polygon","coordinates":[[[174.8914,-37.0267],[174.8902,-37.0187],[174.8941,-37.0172],[174.89,-37.0183],[174.8883,-37.0145],[174.8832,-37.0166],[174.8878,-37.0172],[174.8914,-37.0267]],[[174.8886,-37.0171],[174.8881,-37.0169],[174.8885,-37.0168],[174.8886,-37.0171]]]}},{"type":"Feature","properties":{},"geometry":{"type":"Polygon","coordinates":[[[175.1677,-36.7554],[175.1684,-36.748],[175.1655,-36.7533],[175.1677,-36.7554]]]}},{"type":"Feature","properties":{},"geometry":{"type":"Polygon","coordinates":[[[174.2882,-36.3121],[174.29,-36.3081],[174.2883,-36.3083],[174.2882,-36.3121]],[[174.2885,-36.3088],[174.2883,-36.3088],[174.2883,-36.3085],[174.2885,-36.3085],[174.2885,-36.3088]],[[174.2894,-36.3095],[174.289,-36.3095],[174.2894,-36.309],[174.2894,-36.3095]]]}},{"type":"Feature","properties":{},"geometry":{"type":"Polygon","coordinates":[[[175.1146,-37.1868],[175.1129,-37.1826],[175.1119,-37.1852],[175.1146,-37.1868]],[[175.1127,-37.183],[175.1126,-37.183],[175.1126,-37.1829],[175.1127,-37.1829],[175.1127,-37.183]]]}},{"type":"Feature","properties":{},"geometry":{"type":"Polygon","coordinates":[[[174.2631,-36.5986],[174.2651,-36.5984],[174.2622,-36.5955],[174.2631,-36.5986]],[[174.2626,-36.597],[174.2624,-36.5968],[174.2626,-36.5968],[174.2626,-36.597]],[[174.2631,-36.5972],[174.2629,-36.5972],[174.2629,-36.5971],[174.2631,-36.5971],[174.2631,-36.5972]],[[174.2638,-36.5975],[174.2636,-36.5975],[174.2636,-36.5974],[174.2638,-36.5974],[174.2638,-36.5975]],[[174.2639,-36.5981],[174.2638,-36.5981],[174.2638,-36.5979],[174.2639,-36.5979],[174.2639,-36.5981]]]}},{"type":"Feature","properties":{},"geometry":{"type":"Polygon","coordinates":[[[174.9574,-37.0526],[174.9605,-37.0503],[174.9576,-37.0508],[174.9574,-37.0526]]]}},{"type":"Feature","properties":{},"geometry":{"type":"Polygon","coordinates":[[[174.9562,-37.0541],[174.9564,-37.0525],[174.9531,-37.0534],[174.9562,-37.0541]]]}},{"type":"Feature","properties":{},"geometry":{"type":"Polygon","coordinates":[[[174.9518,-37.0548],[174.9434,-37.0523],[174.9432,-37.0541],[174.9518,-37.0548]]]}},{"type":"Feature","properties":{},"geometry":{"type":"Polygon","coordinates":[[[174.9417,-37.0585],[174.9489,-37.0553],[174.9436,-37.0559],[174.9417,-37.0585]]]}},{"type":"Feature","properties":{},"geometry":{"type":"Polygon","coordinates":[[[174.7381,-36.2556],[174.7331,-36.2492],[174.7335,-36.2512],[174.7381,-36.2556]]]}},{"type":"Feature","properties":{},"geometry":{"type":"Polygon","coordinates":[[[174.9352,-36.9535],[174.9344,-36.9498],[174.9328,-36.9508],[174.9352,-36.9535]]]}},{"type":"Feature","properties":{},"geometry":{"type":"Polygon","coordinates":[[[174.6959,-36.6612],[174.6893,-36.6592],[174.6903,-36.6607],[174.6959,-36.6612]]]}},{"type":"Feature","properties":{},"geometry":{"type":"Polygon","coordinates":[[[174.6976,-36.662],[174.6969,-36.6594],[174.6949,-36.659],[174.6976,-36.662]]]}},{"type":"Feature","properties":{},"geometry":{"type":"Polygon","coordinates":[[[174.6983,-36.6722],[174.694,-36.669],[174.6949,-36.6709],[174.6983,-36.6722]]]}},{"type":"Feature","properties":{},"geometry":{"type":"Polygon","coordinates":[[[174.6915,-36.6801],[174.6956,-36.6798],[174.6867,-36.6779],[174.6915,-36.6801]],[[174.6884,-36.6778],[174.6881,-36.6775],[174.6884,-36.6775],[174.6884,-36.6778]],[[174.6905,-36.6783],[174.6903,-36.6782],[174.6905,-36.6781],[174.6905,-36.6783]]]}},{"type":"Feature","properties":{},"geometry":{"type":"Polygon","coordinates":[[[174.7094,-36.6868],[174.7098,-36.6767],[174.7147,-36.6771],[174.7215,-36.6724],[174.7251,-36.6783],[174.7255,-36.6708],[174.7333,-36.6719],[174.7367,-36.665],[174.7406,-36.6638],[174.7304,-36.6623],[174.7101,-36.6738],[174.6959,-36.6619],[174.7072,-36.6722],[174.7048,-36.6755],[174.7086,-36.6757],[174.7041,-36.6807],[174.698,-36.6807],[174.7004,-36.6813],[174.6985,-36.6828],[174.7084,-36.6802],[174.7094,-36.6868]],[[174.7249,-36.673],[174.7244,-36.673],[174.7246,-36.6727],[174.7249,-36.673]],[[174.7041,-36.6685],[174.7036,-36.6685],[174.7038,-36.6682],[174.7041,-36.6685]]]}},{"type":"Feature","properties":{},"geometry":{"type":"Polygon","coordinates":[[[174.6908,-36.6956],[174.6966,-36.6842],[174.6906,-36.6859],[174.6925,-36.6919],[174.6843,-36.6942],[174.6908,-36.6956]]]}},{"type":"Feature","properties":{},"geometry":{"type":"Polygon","coordinates":[[[174.6807,-36.7022],[174.6836,-36.6961],[174.6797,-36.7008],[174.6807,-36.7022]]]}},{"type":"Feature","properties":{},"geometry":{"type":"Polygon","coordinates":[[[174.6898,-36.7039],[174.6918,-36.7013],[174.6905,-36.6982],[174.6898,-36.7039]]]}},{"type":"Feature","properties":{},"geometry":{"type":"Polygon","coordinates":[[[174.6367,-36.1696],[174.6387,-36.1673],[174.6355,-36.1669],[174.6367,-36.1696]]]}},{"type":"Feature","properties":{},"geometry":{"type":"Polygon","coordinates":[[[174.6473,-36.1749],[174.6403,-36.1707],[174.6439,-36.1746],[174.6473,-36.1749]],[[174.6408,-36.1716],[174.6404,-36.1716],[174.6404,-36.1714],[174.6408,-36.1716]],[[174.6451,-36.1736],[174.644,-36.1729],[174.6444,-36.1727],[174.6451,-36.1736]],[[174.6468,-36.1742],[174.6466,-36.1742],[174.6466,-36.174],[174.6468,-36.174],[174.6468,-36.1742]],[[174.6463,-36.1743],[174.6461,-36.1743],[174.6464,-36.174],[174.6463,-36.1743]],[[174.6464,-36.1746],[174.6463,-36.1746],[174.6463,-36.1745],[174.6464,-36.1745],[174.6464,-36.1746]]]}},{"type":"Feature","properties":{},"geometry":{"type":"Polygon","coordinates":[[[174.6422,-36.1783],[174.6418,-36.1742],[174.6393,-36.1761],[174.6403,-36.1702],[174.6461,-36.1721],[174.6447,-36.1683],[174.6428,-36.1703],[174.6386,-36.1681],[174.6381,-36.1721],[174.6326,-36.1749],[174.6422,-36.1783]],[[174.6396,-36.1745],[174.6394,-36.1742],[174.6398,-36.1742],[174.6396,-36.1745]],[[174.6464,-36.1714],[174.6463,-36.1714],[174.6463,-36.1713],[174.6464,-36.1713],[174.6464,-36.1714]],[[174.6401,-36.1698],[174.6399,-36.1696],[174.6401,-36.1696],[174.6401,-36.1698]],[[174.6389,-36.1727],[174.6386,-36.1725],[174.6384,-36.1718],[174.6389,-36.1727]],[[174.6364,-36.1753],[174.6362,-36.1753],[174.6362,-36.1751],[174.6364,-36.1751],[174.6364,-36.1753]],[[174.642,-36.1778],[174.6417,-36.1778],[174.6417,-36.1776],[174.642,-36.1776],[174.642,-36.1778]]]}},{"type":"Feature","properties":{},"geometry":{"type":"Polygon","coordinates":[[[174.6509,-36.1804],[174.6454,-36.1753],[174.6444,-36.1774],[174.6509,-36.1804]]]}},{"type":"Feature","properties":{},"geometry":{"type":"Polygon","coordinates":[[[174.6379,-36.1984],[174.6446,-36.1902],[174.6376,-36.1869],[174.6449,-36.1886],[174.6411,-36.1838],[174.6374,-36.1858],[174.637,-36.1837],[174.6435,-36.1822],[174.6469,-36.1866],[174.6526,-36.1802],[174.6403,-36.1824],[174.6387,-36.1809],[174.6447,-36.1785],[174.6358,-36.1798],[174.6376,-36.1787],[174.6323,-36.1761],[174.6345,-36.1706],[174.6282,-36.1701],[174.6263,-36.1844],[174.6341,-36.1816],[174.6347,-36.1837],[174.6244,-36.1899],[174.6268,-36.1902],[174.6256,-36.1929],[174.6341,-36.1902],[174.6381,-36.1939],[174.6379,-36.1984]],[[174.6401,-36.1856],[174.6401,-36.1853],[174.6403,-36.1853],[174.6401,-36.1856]],[[174.6399,-36.1858],[174.6396,-36.1858],[174.6398,-36.1855],[174.6399,-36.1858]],[[174.6398,-36.1862],[174.6396,-36.1862],[174.6396,-36.186],[174.6398,-36.186],[174.6398,-36.1862]],[[174.6386,-36.1851],[174.6384,-36.1851],[174.6384,-36.1848],[174.6386,-36.1848],[174.6386,-36.1851]],[[174.6406,-36.1831],[174.6404,-36.1831],[174.6404,-36.183],[174.6406,-36.183],[174.6406,-36.1831]],[[174.6398,-36.1837],[174.6389,-36.1834],[174.6401,-36.1829],[174.6398,-36.1837]],[[174.644,-36.1818],[174.6437,-36.1818],[174.6437,-36.1816],[174.644,-36.1816],[174.644,-36.1818]],[[174.644,-36.182],[174.6439,-36.182],[174.6439,-36.1819],[174.644,-36.1819],[174.644,-36.182]],[[174.6452,-36.1829],[174.6447,-36.1824],[174.6459,-36.1819],[174.6452,-36.1829]],[[174.6471,-36.1824],[174.6464,-36.1824],[174.6469,-36.1822],[174.6471,-36.1824]],[[174.649,-36.1824],[174.6486,-36.1824],[174.6486,-36.1823],[174.6488,-36.1824],[174.649,-36.1823],[174.649,-36.1824]],[[174.6457,-36.1829],[174.6456,-36.1829],[174.6459,-36.1824],[174.6457,-36.1829]],[[174.6485,-36.1831],[174.6483,-36.1831],[174.6483,-36.183],[174.6485,-36.1831]],[[174.648,-36.1836],[174.6476,-36.1833],[174.6485,-36.1834],[174.648,-36.1836]],[[174.6468,-36.1842],[174.6461,-36.1842],[174.6457,-36.1834],[174.6468,-36.1842]],[[174.6447,-36.1848],[174.6442,-36.1847],[174.6446,-36.1844],[174.6447,-36.1848]],[[174.6459,-36.1849],[174.6456,-36.1849],[174.6457,-36.1848],[174.6459,-36.1849]],[[174.644,-36.1809],[174.6437,-36.1809],[174.6439,-36.1807],[174.644,-36.1809]],[[174.6394,-36.1798],[174.6389,-36.1798],[174.6391,-36.1793],[174.6394,-36.1798]],[[174.6324,-36.1732],[174.6321,-36.1732],[174.6321,-36.1731],[174.6324,-36.1731],[174.6324,-36.1732]],[[174.6309,-36.1739],[174.6306,-36.1739],[174.6306,-36.1738],[174.6309,-36.1738],[174.6309,-36.1739]],[[174.6309,-36.1746],[174.6307,-36.1746],[174.6307,-36.1745],[174.6309,-36.1745],[174.6309,-36.1746]],[[174.6321,-36.1761],[174.6319,-36.1761],[174.6319,-36.176],[174.6321,-36.176],[174.6321,-36.1761]],[[174.6326,-36.1774],[174.6323,-36.1772],[174.6326,-36.1771],[174.6326,-36.1774]],[[174.6329,-36.1779],[174.6326,-36.1779],[174.6326,-36.1776],[174.6329,-36.1776],[174.6329,-36.1779]],[[174.6345,-36.179],[174.6343,-36.179],[174.6343,-36.1789],[174.6345,-36.1789],[174.6345,-36.179]],[[174.6347,-36.18],[174.634,-36.1798],[174.634,-36.1797],[174.6347,-36.1798],[174.6347,-36.18]],[[174.6381,-36.18],[174.6376,-36.18],[174.6377,-36.1797],[174.6381,-36.18]],[[174.6386,-36.1822],[174.6387,-36.1818],[174.6389,-36.1819],[174.6386,-36.1822]],[[174.6394,-36.1827],[174.6387,-36.1823],[174.6393,-36.1823],[174.6394,-36.1827]],[[174.6389,-36.1829],[174.6386,-36.1827],[174.6387,-36.1826],[174.6389,-36.1829]],[[174.6369,-36.1831],[174.6369,-36.1807],[174.6382,-36.1809],[174.6369,-36.1831]],[[174.6377,-36.1831],[174.6376,-36.1831],[174.6376,-36.183],[174.6377,-36.183],[174.6377,-36.1831]],[[174.6282,-36.1881],[174.6277,-36.1877],[174.6282,-36.1877],[174.6282,-36.1881]],[[174.6285,-36.1898],[174.6283,-36.1892],[174.6288,-36.1892],[174.6285,-36.1898]],[[174.6311,-36.1898],[174.6309,-36.1898],[174.6311,-36.1896],[174.6311,-36.1898]],[[174.6292,-36.1902],[174.6285,-36.1902],[174.6295,-36.1896],[174.6292,-36.1902]],[[174.6316,-36.1902],[174.6312,-36.1902],[174.6312,-36.19],[174.6316,-36.19],[174.6316,-36.1902]],[[174.6326,-36.1906],[174.6323,-36.1906],[174.6323,-36.1903],[174.6326,-36.1906]],[[174.6396,-36.1913],[174.6387,-36.191],[174.6393,-36.191],[174.6396,-36.1913]],[[174.6374,-36.192],[174.6372,-36.192],[174.6372,-36.1918],[174.6374,-36.1918],[174.6374,-36.192]],[[174.6377,-36.1921],[174.6376,-36.1921],[174.6376,-36.192],[174.6377,-36.1921]],[[174.6391,-36.1942],[174.6389,-36.1942],[174.6387,-36.194],[174.6389,-36.194],[174.6391,-36.1942]],[[174.6418,-36.192],[174.6401,-36.1914],[174.6408,-36.1911],[174.6418,-36.192]],[[174.6422,-36.1922],[174.6418,-36.1921],[174.6422,-36.1921],[174.6422,-36.1922]],[[174.6396,-36.1944],[174.6401,-36.1917],[174.6415,-36.1924],[174.6396,-36.1944]],[[174.6386,-36.1954],[174.6382,-36.1953],[174.6386,-36.1947],[174.6386,-36.1954]],[[174.6387,-36.1969],[174.6386,-36.1969],[174.6386,-36.1966],[174.6387,-36.1966],[174.6387,-36.1969]],[[174.6386,-36.198],[174.6382,-36.198],[174.6384,-36.1979],[174.6386,-36.198]]]}},{"type":"Feature","properties":{},"geometry":{"type":"Polygon","coordinates":[[[174.7403,-36.8906],[174.7427,-36.8879],[174.7514,-36.888],[174.7499,-36.8894],[174.7551,-36.8867],[174.7401,-36.8856],[174.7403,-36.8906]],[[174.7493,-36.8873],[174.749,-36.8873],[174.749,-36.8872],[174.7493,-36.8872],[174.7493,-36.8873]],[[174.7488,-36.8872],[174.7487,-36.8872],[174.7487,-36.8871],[174.7488,-36.8871],[174.7488,-36.8872]],[[174.7439,-36.8875],[174.7437,-36.8875],[174.7437,-36.8873],[174.7439,-36.8873],[174.7439,-36.8875]],[[174.7423,-36.8878],[174.7423,-36.8876],[174.7425,-36.8876],[174.7423,-36.8878]],[[174.7398,-36.8888],[174.7396,-36.8888],[174.7396,-36.8887],[174.7398,-36.8887],[174.7398,-36.8888]],[[174.74,-36.8893],[174.7398,-36.8893],[174.74,-36.8891],[174.74,-36.8893]],[[174.7398,-36.8898],[174.7394,-36.8898],[174.7394,-36.8897],[174.7398,-36.8898]],[[174.7398,-36.8905],[174.7396,-36.8905],[174.7396,-36.8903],[174.7398,-36.8903],[174.7398,-36.8905]]]}},{"type":"Feature","properties":{},"geometry":{"type":"Polygon","coordinates":[[[174.8873,-37.1133],[174.8891,-37.1125],[174.8854,-37.1117],[174.8873,-37.1133]]]}},{"type":"Feature","properties":{},"geometry":{"type":"Polygon","coordinates":[[[174.8799,-37.1188],[174.8885,-37.1139],[174.8804,-37.1158],[174.8799,-37.1188]],[[174.883,-37.1162],[174.8827,-37.1162],[174.8828,-37.1161],[174.883,-37.1162]],[[174.8859,-37.1153],[174.8857,-37.1153],[174.8857,-37.1151],[174.8859,-37.1151],[174.8859,-37.1153]]]}},{"type":"Feature","properties":{},"geometry":{"type":"Polygon","coordinates":[[[174.8666,-37.1463],[174.8705,-37.1444],[174.8644,-37.1457],[174.8666,-37.1463]]]}},{"type":"Feature","properties":{},"geometry":{"type":"Polygon","coordinates":[[[174.8818,-37.1765],[174.8827,-37.1738],[174.8811,-37.1732],[174.8818,-37.1765]]]}},{"type":"Feature","properties":{},"geometry":{"type":"Polygon","coordinates":[[[174.8606,-37.1831],[174.8681,-37.1678],[174.8753,-37.1814],[174.8709,-37.1712],[174.8712,-37.1686],[174.8763,-37.1717],[174.8726,-37.1672],[174.8763,-37.1653],[174.877,-37.1674],[174.8726,-37.1636],[174.8738,-37.1561],[174.8772,-37.1547],[174.8717,-37.1498],[174.8763,-37.1442],[174.8741,-37.1385],[174.8791,-37.1403],[174.8844,-37.157],[174.8837,-37.1629],[174.8859,-37.1636],[174.882,-37.165],[174.8869,-37.1675],[174.8874,-37.1713],[174.8917,-37.1671],[174.8949,-37.1708],[174.892,-37.1657],[174.8895,-37.1689],[174.8864,-37.1664],[174.8808,-37.1422],[174.8746,-37.135],[174.8755,-37.1309],[174.8835,-37.1293],[174.8828,-37.1312],[174.8886,-37.1261],[174.8915,-37.1314],[174.8951,-37.1268],[174.8948,-37.1147],[174.8893,-37.1253],[174.8733,-37.1301],[174.8729,-37.1427],[174.8687,-37.147],[174.871,-37.1505],[174.8688,-37.1528],[174.8726,-37.1547],[174.87,-37.1599],[174.8719,-37.1659],[174.8687,-37.165],[174.8606,-37.1723],[174.8637,-37.1731],[174.8606,-37.1831]],[[174.8806,-37.1451],[174.8803,-37.1451],[174.8804,-37.1448],[174.8806,-37.1451]],[[174.8758,-37.1309],[174.8757,-37.1309],[174.8758,-37.1308],[174.8758,-37.1309]],[[174.8842,-37.1295],[174.8838,-37.1295],[174.8838,-37.1294],[174.8842,-37.1294],[174.8842,-37.1295]],[[174.8758,-37.1306],[174.8757,-37.1306],[174.8757,-37.1305],[174.8758,-37.1305],[174.8758,-37.1306]],[[174.8704,-37.1472],[174.8702,-37.1472],[174.8702,-37.1471],[174.8704,-37.1471],[174.8704,-37.1472]],[[174.8639,-37.1714],[174.8637,-37.1714],[174.864,-37.1712],[174.8639,-37.1714]]]}},{"type":"Feature","properties":{},"geometry":{"type":"Polygon","coordinates":[[[174.8801,-37.1886],[174.8792,-37.1846],[174.8856,-37.1848],[174.8784,-37.184],[174.8801,-37.1886]]]}},{"type":"Feature","properties":{},"geometry":{"type":"Polygon","coordinates":[[[174.8574,-37.1906],[174.861,-37.1888],[174.8589,-37.1883],[174.8574,-37.1906]]]}},{"type":"Feature","properties":{},"geometry":{"type":"Polygon","coordinates":[[[174.8543,-37.1935],[174.8531,-37.1897],[174.8519,-37.1928],[174.8543,-37.1935]]]}},{"type":"Feature","properties":{},"geometry":{"type":"Polygon","coordinates":[[[174.8538,-37.1966],[174.8524,-37.1933],[174.8514,-37.1941],[174.8538,-37.1966]]]}},{"type":"Feature","properties":{},"geometry":{"type":"Polygon","coordinates":[[[174.8543,-37.2011],[174.8511,-37.1951],[174.8519,-37.2004],[174.8543,-37.2011]],[[174.8541,-37.2001],[174.8538,-37.2001],[174.8538,-37.1999],[174.8541,-37.2001]]]}},{"type":"Feature","properties":{},"geometry":{"type":"Polygon","coordinates":[[[174.7847,-36.8069],[174.791,-36.8022],[174.7876,-36.8025],[174.7847,-36.8069]],[[174.7883,-36.8031],[174.7881,-36.8031],[174.7881,-36.8027],[174.7883,-36.8027],[174.7883,-36.8031]]]}},{"type":"Feature","properties":{},"geometry":{"type":"Polygon","coordinates":[[[174.7806,-36.8107],[174.784,-36.8079],[174.7797,-36.8083],[174.7806,-36.8107]]]}},{"type":"Feature","properties":{},"geometry":{"type":"Polygon","coordinates":[[[174.6189,-37.0687],[174.6222,-37.0686],[174.6195,-37.0668],[174.6189,-37.0687]]]}},{"type":"Feature","properties":{},"geometry":{"type":"Polygon","coordinates":[[[174.6162,-37.0744],[174.6183,-37.0741],[174.6092,-37.0703],[174.6162,-37.0744]]]}},{"type":"Feature","properties":{},"geometry":{"type":"Polygon","coordinates":[[[174.5794,-37.0886],[174.612,-37.0804],[174.6055,-37.0869],[174.6195,-37.0777],[174.6432,-37.0777],[174.651,-37.0735],[174.6372,-37.0711],[174.6268,-37.0643],[174.6338,-37.0687],[174.6236,-37.0698],[174.6307,-37.0709],[174.62,-37.0737],[174.6343,-37.0703],[174.6446,-37.0735],[174.6422,-37.0767],[174.6318,-37.0751],[174.6118,-37.0794],[174.6085,-37.0771],[174.6082,-37.0804],[174.6019,-37.0818],[174.5969,-37.0747],[174.598,-37.0796],[174.587,-37.0788],[174.599,-37.0819],[174.5782,-37.0854],[174.5794,-37.0886]],[[174.5944,-37.0831],[174.5942,-37.0831],[174.5942,-37.083],[174.5944,-37.0831]],[[174.5893,-37.079],[174.5889,-37.0788],[174.5891,-37.0788],[174.5893,-37.079]]]}},{"type":"Feature","properties":{},"geometry":{"type":"Polygon","coordinates":[[[174.6017,-37.0899],[174.6048,-37.0897],[174.6046,-37.088],[174.6017,-37.0899]]]}},{"type":"Feature","properties":{},"geometry":{"type":"Polygon","coordinates":[[[174.8978,-37.1695],[174.8937,-37.1585],[174.892,-37.1599],[174.8978,-37.1695]]]}},{"type":"Feature","properties":{},"geometry":{"type":"Polygon","coordinates":[[[174.8262,-37.2014],[174.8296,-37.2003],[174.8263,-37.1995],[174.8262,-37.2014]],[[174.8282,-37.1999],[174.828,-37.1999],[174.828,-37.1995],[174.8282,-37.1995],[174.8282,-37.1999]],[[174.8279,-37.2005],[174.8277,-37.2005],[174.8277,-37.2003],[174.8279,-37.2003],[174.8279,-37.2005]]]}},{"type":"Feature","properties":{},"geometry":{"type":"Polygon","coordinates":[[[174.8212,-37.2023],[174.8207,-37.1993],[174.8181,-37.1986],[174.8212,-37.2023]]]}},{"type":"Feature","properties":{},"geometry":{"type":"Polygon","coordinates":[[[174.8234,-37.2046],[174.8236,-37.2024],[174.8214,-37.2027],[174.8234,-37.2046]]]}},{"type":"Feature","properties":{},"geometry":{"type":"Polygon","coordinates":[[[174.5705,-37.0449],[174.5756,-37.0446],[174.5715,-37.044],[174.5705,-37.0449]]]}},{"type":"Feature","properties":{},"geometry":{"type":"Polygon","coordinates":[[[174.5681,-37.0483],[174.571,-37.0481],[174.5741,-37.0459],[174.5681,-37.0483]]]}},{"type":"Feature","properties":{},"geometry":{"type":"Polygon","coordinates":[[[174.761,-36.3136],[174.7589,-36.3057],[174.7551,-36.3102],[174.744,-36.3066],[174.7505,-36.311],[174.7487,-36.3118],[174.761,-36.3136]]]}},{"type":"Feature","properties":{},"geometry":{"type":"Polygon","coordinates":[[[174.8369,-36.8913],[174.8396,-36.888],[174.8357,-36.8893],[174.8369,-36.8913]]]}},{"type":"Feature","properties":{},"geometry":{"type":"Polygon","coordinates":[[[174.4845,-36.3822],[174.4865,-36.3818],[174.4785,-36.3789],[174.4845,-36.3822]]]}},{"type":"Feature","properties":{},"geometry":{"type":"Polygon","coordinates":[[[174.465,-36.3863],[174.4682,-36.3833],[174.4664,-36.3809],[174.465,-36.3863]]]}},{"type":"Feature","properties":{},"geometry":{"type":"Polygon","coordinates":[[[174.4466,-36.3932],[174.4426,-36.3807],[174.4498,-36.378],[174.4544,-36.3876],[174.4568,-36.3873],[174.4546,-36.3873],[174.4524,-36.3767],[174.4648,-36.3796],[174.4611,-36.378],[174.4705,-36.3774],[174.4751,-36.3815],[174.4727,-36.378],[174.4749,-36.3784],[174.466,-36.3767],[174.4658,-36.3726],[174.4696,-36.3707],[174.4621,-36.3759],[174.4628,-36.3699],[174.4597,-36.3766],[174.4457,-36.3777],[174.4409,-36.3778],[174.4414,-36.3733],[174.4245,-36.3725],[174.4344,-36.3841],[174.4416,-36.3813],[174.4431,-36.3921],[174.4466,-36.3932]],[[174.4604,-36.3778],[174.4602,-36.3778],[174.4602,-36.3777],[174.4604,-36.3777],[174.4604,-36.3778]],[[174.4587,-36.3769],[174.4583,-36.3769],[174.4585,-36.3766],[174.4587,-36.3769]]]}},{"type":"Feature","properties":{},"geometry":{"type":"Polygon","coordinates":[[[174.6591,-36.8322],[174.6606,-36.8311],[174.6574,-36.829],[174.6591,-36.8322]]]}},{"type":"Feature","properties":{},"geometry":{"type":"Polygon","coordinates":[[[174.655,-36.8361],[174.6531,-36.8267],[174.6524,-36.833],[174.655,-36.8361]],[[174.6538,-36.8326],[174.6534,-36.8326],[174.6534,-36.8322],[174.6538,-36.8326]]]}},{"type":"Feature","properties":{},"geometry":{"type":"Polygon","coordinates":[[[174.2277,-36.505],[174.2267,-36.5024],[174.2237,-36.501],[174.2277,-36.505]]]}},{"type":"Feature","properties":{},"geometry":{"type":"Polygon","coordinates":[[[174.2329,-36.5225],[174.2399,-36.5213],[174.2373,-36.519],[174.2446,-36.5151],[174.2399,-36.5154],[174.2465,-36.5014],[174.2365,-36.5026],[174.2414,-36.4943],[174.2377,-36.4955],[174.231,-36.5084],[174.2336,-36.5117],[174.2329,-36.5225]]]}},{"type":"Feature","properties":{},"geometry":{"type":"Polygon","coordinates":[[[174.2322,-36.5352],[174.2392,-36.5284],[174.2508,-36.5314],[174.2458,-36.528],[174.2474,-36.5227],[174.2569,-36.5227],[174.2474,-36.519],[174.2417,-36.5212],[174.2435,-36.5264],[174.231,-36.5294],[174.2322,-36.5352]],[[174.2441,-36.5251],[174.2438,-36.5251],[174.244,-36.5247],[174.2441,-36.5251]]]}},{"type":"Feature","properties":{},"geometry":{"type":"Polygon","coordinates":[[[174.6838,-36.8928],[174.6855,-36.892],[174.6833,-36.8897],[174.6838,-36.8928]],[[174.686,-36.8916],[174.6858,-36.8916],[174.6858,-36.8914],[174.686,-36.8914],[174.686,-36.8916]]]}},{"type":"Feature","properties":{},"geometry":{"type":"Polygon","coordinates":[[[174.7239,-37.2563],[174.7285,-37.2492],[174.7219,-37.2541],[174.7239,-37.2563]],[[174.7263,-37.2522],[174.726,-37.2519],[174.7263,-37.252],[174.7263,-37.2522]],[[174.7214,-37.2545],[174.7214,-37.2544],[174.7215,-37.2544],[174.7214,-37.2545]],[[174.7219,-37.2549],[174.7215,-37.2545],[174.7224,-37.2544],[174.7219,-37.2549]]]}},{"type":"Feature","properties":{},"geometry":{"type":"Polygon","coordinates":[[[174.7277,-37.2583],[174.7309,-37.2519],[174.7258,-37.2563],[174.7277,-37.2583]],[[174.7294,-37.2568],[174.7287,-37.2568],[174.7292,-37.2563],[174.7294,-37.2568]]]}},{"type":"Feature","properties":{},"geometry":{"type":"Polygon","coordinates":[[[174.3237,-36.3833],[174.3175,-36.3733],[174.3175,-36.3771],[174.3237,-36.3833]]]}},{"type":"Feature","properties":{},"geometry":{"type":"Polygon","coordinates":[[[174.5532,-36.7921],[174.5534,-36.7946],[174.5555,-36.7924],[174.5532,-36.7921]],[[174.5536,-36.7928],[174.5539,-36.7924],[174.5541,-36.7927],[174.5536,-36.7928]]]}},{"type":"Feature","properties":{},"geometry":{"type":"Polygon","coordinates":[[[174.5531,-37.0598],[174.5512,-37.0559],[174.5498,-37.0574],[174.5531,-37.0598]],[[174.5515,-37.0574],[174.551,-37.0574],[174.5515,-37.057],[174.5515,-37.0574]]]}},{"type":"Feature","properties":{},"geometry":{"type":"Polygon","coordinates":[[[174.5399,-37.0615],[174.5462,-37.0601],[174.5411,-37.0593],[174.5399,-37.0615]]]}},{"type":"Feature","properties":{},"geometry":{"type":"Polygon","coordinates":[[[174.6403,-37.0966],[174.6548,-37.0925],[174.6517,-37.0899],[174.6403,-37.0966]]]}},{"type":"Feature","properties":{},"geometry":{"type":"Polygon","coordinates":[[[174.6804,-36.9082],[174.6819,-36.9055],[174.6804,-36.9044],[174.6804,-36.9082]]]}},{"type":"Feature","properties":{},"geometry":{"type":"Polygon","coordinates":[[[175.3638,-36.0784],[175.3633,-36.0748],[175.3489,-36.0771],[175.3609,-36.0753],[175.3638,-36.0784]]]}},{"type":"Feature","properties":{},"geometry":{"type":"Polygon","coordinates":[[[174.9313,-37.1023],[174.9321,-37.1004],[174.9279,-37.0993],[174.9313,-37.1023]],[[174.9284,-37.1001],[174.9282,-37.0997],[174.9286,-37.0996],[174.9284,-37.1001]]]}},{"type":"Feature","properties":{},"geometry":{"type":"Polygon","coordinates":[[[174.7202,-37.1838],[174.7236,-37.1819],[174.7237,-37.1778],[174.7202,-37.1838]]]}},{"type":"Feature","properties":{},"geometry":{"type":"Polygon","coordinates":[[[174.6449,-36.1593],[174.6423,-36.1539],[174.6367,-36.155],[174.637,-36.1571],[174.6418,-36.155],[174.6449,-36.1593]],[[174.6425,-36.155],[174.6422,-36.1549],[174.6423,-36.1548],[174.6425,-36.155]]]}},{"type":"Feature","properties":{},"geometry":{"type":"Polygon","coordinates":[[[174.2068,-36.5305],[174.2042,-36.5249],[174.2027,-36.5286],[174.2068,-36.5305]],[[174.2066,-36.5286],[174.2061,-36.5283],[174.2064,-36.5282],[174.2066,-36.5286]]]}},{"type":"Feature","properties":{},"geometry":{"type":"Polygon","coordinates":[[[174.3114,-36.33],[174.3143,-36.3277],[174.3116,-36.3277],[174.3114,-36.33]]]}},{"type":"Feature","properties":{},"geometry":{"type":"Polygon","coordinates":[[[174.7296,-36.4168],[174.7292,-36.4138],[174.728,-36.416],[174.7296,-36.4168]]]}},{"type":"Feature","properties":{},"geometry":{"type":"Polygon","coordinates":[[[174.7217,-36.7153],[174.7202,-36.7132],[174.7232,-36.7105],[174.7181,-36.7139],[174.7217,-36.7153]],[[174.7197,-36.7135],[174.7193,-36.7134],[174.72,-36.7134],[174.7197,-36.7135]]]}},{"type":"Feature","properties":{},"geometry":{"type":"Polygon","coordinates":[[[174.8499,-37.0634],[174.8577,-37.0596],[174.8574,-37.057],[174.8499,-37.0634]]]}},{"type":"Feature","properties":{},"geometry":{"type":"Polygon","coordinates":[[[174.9212,-37.0808],[174.9281,-37.073],[174.9245,-37.0739],[174.9212,-37.0808]]]}},{"type":"Feature","properties":{},"geometry":{"type":"Polygon","coordinates":[[[174.9282,-37.0873],[174.9291,-37.0843],[174.9352,-37.0868],[174.9318,-37.083],[174.9251,-37.0822],[174.932,-37.0808],[174.931,-37.0789],[174.9183,-37.0835],[174.9211,-37.0864],[174.9269,-37.0834],[174.9282,-37.0873]],[[174.9294,-37.0837],[174.9289,-37.0835],[174.9294,-37.0833],[174.9294,-37.0837]]]}},{"type":"Feature","properties":{},"geometry":{"type":"Polygon","coordinates":[[[174.3573,-36.388],[174.3655,-36.3839],[174.359,-36.3858],[174.3573,-36.388]]]}},{"type":"Feature","properties":{},"geometry":{"type":"Polygon","coordinates":[[[174.7145,-36.8042],[174.7118,-36.7954],[174.7147,-36.7949],[174.7103,-36.7939],[174.7038,-36.7861],[174.7051,-36.7919],[174.715,-36.801],[174.7145,-36.8042]],[[174.7063,-36.7906],[174.706,-36.7906],[174.7063,-36.7899],[174.7063,-36.7906]]]}},{"type":"Feature","properties":{},"geometry":{"type":"Polygon","coordinates":[[[174.607,-36.7835],[174.6077,-36.7807],[174.6065,-36.7797],[174.607,-36.7835]]]}},{"type":"Feature","properties":{},"geometry":{"type":"Polygon","coordinates":[[[174.6067,-36.7883],[174.607,-36.7859],[174.6043,-36.7872],[174.6067,-36.7883]]]}},{"type":"Feature","properties":{},"geometry":{"type":"Polygon","coordinates":[[[174.9084,-37.0522],[174.906,-37.0495],[174.9052,-37.0513],[174.9084,-37.0522]]]}},{"type":"Feature","properties":{},"geometry":{"type":"Polygon","coordinates":[[[174.5502,-37.0788],[174.5537,-37.0766],[174.5425,-37.0766],[174.5502,-37.0788]]]}},{"type":"Feature","properties":{},"geometry":{"type":"Polygon","coordinates":[[[174.8782,-37.0372],[174.8779,-37.0342],[174.876,-37.0333],[174.8782,-37.0372]]]}},{"type":"Feature","properties":{},"geometry":{"type":"Polygon","coordinates":[[[174.2353,-36.4432],[174.2354,-36.4413],[174.2301,-36.4405],[174.2353,-36.4432]],[[174.2327,-36.4417],[174.2325,-36.4417],[174.2325,-36.4414],[174.2327,-36.4414],[174.2327,-36.4417]]]}},{"type":"Feature","properties":{},"geometry":{"type":"Polygon","coordinates":[[[174.232,-36.4471],[174.2344,-36.4466],[174.2317,-36.4438],[174.2279,-36.4449],[174.232,-36.4471]]]}},{"type":"Feature","properties":{},"geometry":{"type":"Polygon","coordinates":[[[174.226,-36.4482],[174.2269,-36.4451],[174.2199,-36.4453],[174.226,-36.4482]]]}},{"type":"Feature","properties":{},"geometry":{"type":"Polygon","coordinates":[[[174.2262,-36.4512],[174.2295,-36.449],[174.2247,-36.4499],[174.2262,-36.4512]]]}},{"type":"Feature","properties":{},"geometry":{"type":"Polygon","coordinates":[[[174.6425,-36.9676],[174.6418,-36.9661],[174.6389,-36.9669],[174.6425,-36.9676]]]}},{"type":"Feature","properties":{},"geometry":{"type":"Polygon","coordinates":[[[174.2467,-36.4502],[174.2433,-36.4531],[174.2481,-36.4532],[174.2467,-36.4502]]]}},{"type":"Feature","properties":{},"geometry":{"type":"Polygon","coordinates":[[[174.585,-36.854],[174.5904,-36.8524],[174.5862,-36.8524],[174.585,-36.854]]]}},{"type":"Feature","properties":{},"geometry":{"type":"Polygon","coordinates":[[[174.8248,-36.9065],[174.8285,-36.9052],[174.8244,-36.9044],[174.8248,-36.9065]]]}},{"type":"Feature","properties":{},"geometry":{"type":"Polygon","coordinates":[[[174.934,-37.0544],[174.9362,-37.0541],[174.9344,-37.0515],[174.9333,-37.054],[174.9311,-37.0523],[174.934,-37.0544]]]}},{"type":"Feature","properties":{},"geometry":{"type":"Polygon","coordinates":[[[174.7185,-37.1781],[174.7239,-37.1754],[174.7174,-37.1776],[174.7185,-37.1781]]]}},{"type":"Feature","properties":{},"geometry":{"type":"Polygon","coordinates":[[[174.6911,-37.2113],[174.6983,-37.208],[174.7031,-37.2018],[174.6911,-37.2113]],[[174.6949,-37.2088],[174.6947,-37.2088],[174.6951,-37.2086],[174.6949,-37.2088]],[[174.6942,-37.2092],[174.694,-37.2091],[174.6946,-37.209],[174.6942,-37.2092]]]}},{"type":"Feature","properties":{},"geometry":{"type":"Polygon","coordinates":[[[174.2916,-36.3524],[174.2889,-36.3435],[174.2885,-36.3468],[174.2916,-36.3524]],[[174.2889,-36.344],[174.2885,-36.3439],[174.2887,-36.3437],[174.2889,-36.344]]]}},{"type":"Feature","properties":{},"geometry":{"type":"Polygon","coordinates":[[[174.2955,-36.3558],[174.2955,-36.3517],[174.2935,-36.3519],[174.2955,-36.3558]]]}},{"type":"Feature","properties":{},"geometry":{"type":"Polygon","coordinates":[[[174.2947,-36.356],[174.2918,-36.3494],[174.2926,-36.3539],[174.2947,-36.356]],[[174.2938,-36.3547],[174.2935,-36.3547],[174.2935,-36.3546],[174.2938,-36.3546],[174.2938,-36.3547]]]}},{"type":"Feature","properties":{},"geometry":{"type":"Polygon","coordinates":[[[174.3546,-36.5778],[174.365,-36.5652],[174.3686,-36.565],[174.3679,-36.5687],[174.3733,-36.563],[174.3619,-36.5585],[174.3585,-36.5607],[174.3628,-36.5596],[174.3645,-36.5626],[174.3546,-36.5778]],[[174.3681,-36.5642],[174.3677,-36.5642],[174.3677,-36.5639],[174.3681,-36.5642]],[[174.3686,-36.5645],[174.3684,-36.5645],[174.3684,-36.5644],[174.3686,-36.5644],[174.3686,-36.5645]],[[174.3645,-36.5628],[174.3643,-36.5628],[174.3643,-36.5627],[174.3645,-36.5627],[174.3645,-36.5628]]]}},{"type":"Feature","properties":{},"geometry":{"type":"Polygon","coordinates":[[[174.3267,-36.6367],[174.331,-36.6333],[174.3273,-36.6345],[174.3288,-36.6344],[174.3267,-36.6367]]]}},{"type":"Feature","properties":{},"geometry":{"type":"Polygon","coordinates":[[[174.4979,-36.4689],[174.495,-36.4649],[174.494,-36.4659],[174.4979,-36.4689]]]}},{"type":"Feature","properties":{},"geometry":{"type":"Polygon","coordinates":[[[174.5597,-36.474],[174.5556,-36.4715],[174.5555,-36.4729],[174.5597,-36.474]]]}},{"type":"Feature","properties":{},"geometry":{"type":"Polygon","coordinates":[[[174.4949,-36.4989],[174.4921,-36.497],[174.4897,-36.4978],[174.4949,-36.4989]]]}},{"type":"Feature","properties":{},"geometry":{"type":"Polygon","coordinates":[[[174.559,-36.4996],[174.5614,-36.4974],[174.5584,-36.4977],[174.559,-36.4996]]]}},{"type":"Feature","properties":{},"geometry":{"type":"Polygon","coordinates":[[[174.5698,-36.5099],[174.5686,-36.5065],[174.5681,-36.509],[174.5698,-36.5099]]]}},{"type":"Feature","properties":{},"geometry":{"type":"Polygon","coordinates":[[[174.5288,-36.5128],[174.5297,-36.5114],[174.5263,-36.5106],[174.5288,-36.5128]]]}},{"type":"Feature","properties":{},"geometry":{"type":"Polygon","coordinates":[[[174.4744,-36.5149],[174.4749,-36.5135],[174.4718,-36.5133],[174.4744,-36.5149]]]}},{"type":"Feature","properties":{},"geometry":{"type":"Polygon","coordinates":[[[174.4592,-36.5159],[174.4554,-36.511],[174.456,-36.5139],[174.4592,-36.5159]]]}},{"type":"Feature","properties":{},"geometry":{"type":"Polygon","coordinates":[[[174.4367,-36.5242],[174.445,-36.5194],[174.4501,-36.5229],[174.4484,-36.5168],[174.453,-36.5155],[174.4498,-36.5109],[174.4577,-36.5076],[174.4612,-36.5098],[174.4626,-36.5068],[174.4665,-36.5186],[174.4658,-36.5079],[174.4686,-36.511],[174.464,-36.5055],[174.4706,-36.5036],[174.4737,-36.5058],[174.474,-36.5021],[174.4756,-36.5055],[174.48,-36.505],[174.479,-36.5013],[174.4855,-36.4998],[174.4918,-36.5042],[174.4863,-36.5136],[174.4775,-36.5181],[174.4816,-36.517],[174.481,-36.521],[174.4836,-36.5177],[174.4848,-36.5195],[174.4839,-36.5155],[174.4894,-36.5128],[174.4906,-36.517],[174.4891,-36.5109],[174.493,-36.504],[174.4886,-36.4973],[174.4908,-36.4958],[174.4959,-36.4947],[174.5014,-36.5111],[174.4991,-36.5006],[174.5029,-36.4955],[174.5061,-36.5055],[174.5101,-36.5083],[174.5095,-36.5129],[174.5101,-36.5105],[174.514,-36.5109],[174.509,-36.5065],[174.508,-36.5004],[174.513,-36.5039],[174.5234,-36.5021],[174.5249,-36.5118],[174.5252,-36.5058],[174.5273,-36.5063],[174.5247,-36.5035],[174.5307,-36.505],[174.5256,-36.4985],[174.5293,-36.4937],[174.5362,-36.501],[174.5377,-36.4996],[174.5321,-36.4937],[174.542,-36.4945],[174.5437,-36.5025],[174.5445,-36.4985],[174.5514,-36.4987],[174.5316,-36.4919],[174.5326,-36.4838],[174.5391,-36.4895],[174.5461,-36.4869],[174.5415,-36.4882],[174.5324,-36.4829],[174.5338,-36.4768],[174.5375,-36.477],[174.5382,-36.4733],[174.5416,-36.4741],[174.5439,-36.4707],[174.5379,-36.4716],[174.5392,-36.4682],[174.5537,-36.4707],[174.5531,-36.4789],[174.5561,-36.4795],[174.5563,-36.483],[174.5597,-36.4815],[174.559,-36.4874],[174.563,-36.4913],[174.5645,-36.4993],[174.5619,-36.5026],[174.5672,-36.4993],[174.5681,-36.5059],[174.5724,-36.5006],[174.5788,-36.5073],[174.5737,-36.4993],[174.5826,-36.4936],[174.5763,-36.4985],[174.5664,-36.4987],[174.5602,-36.4829],[174.5645,-36.4763],[174.5718,-36.4885],[174.5727,-36.4827],[174.5674,-36.4803],[174.5679,-36.4756],[174.5783,-36.4734],[174.5811,-36.4777],[174.5826,-36.4762],[174.5824,-36.4827],[174.5845,-36.4793],[174.5889,-36.4873],[174.5858,-36.4796],[174.5875,-36.483],[174.5898,-36.4808],[174.5937,-36.4826],[174.5922,-36.4812],[174.5959,-36.4793],[174.5928,-36.4773],[174.5869,-36.4796],[174.579,-36.4726],[174.5575,-36.4797],[174.5556,-36.4694],[174.5703,-36.4686],[174.5421,-36.467],[174.5449,-36.4639],[174.5374,-36.4674],[174.5297,-36.4608],[174.53,-36.455],[174.5287,-36.4606],[174.5367,-36.4698],[174.5322,-36.4778],[174.5283,-36.4789],[174.5305,-36.4795],[174.5293,-36.4878],[174.5234,-36.4896],[174.5297,-36.4897],[174.5276,-36.4956],[174.523,-36.4966],[174.5256,-36.4996],[174.5174,-36.5018],[174.5095,-36.4996],[174.5025,-36.4924],[174.4978,-36.4944],[174.502,-36.4867],[174.5124,-36.493],[174.5065,-36.4906],[174.508,-36.4807],[174.5128,-36.4815],[174.5212,-36.4748],[174.516,-36.4777],[174.5114,-36.4659],[174.514,-36.4653],[174.5131,-36.4609],[174.5099,-36.466],[174.4993,-36.4646],[174.5022,-36.4682],[174.4937,-36.4707],[174.5,-36.4711],[174.5111,-36.466],[174.5133,-36.4718],[174.5113,-36.4726],[174.5143,-36.4745],[174.5046,-36.4845],[174.4966,-36.4849],[174.4998,-36.4852],[174.4967,-36.4928],[174.493,-36.4943],[174.4841,-36.4886],[174.4908,-36.4929],[174.4611,-36.5044],[174.4529,-36.502],[174.451,-36.4948],[174.4544,-36.4904],[174.467,-36.4918],[174.4629,-36.491],[174.4689,-36.4854],[174.4619,-36.4897],[174.4529,-36.4892],[174.4501,-36.4924],[174.4507,-36.4867],[174.4548,-36.4858],[174.4462,-36.4862],[174.4527,-36.4808],[174.4462,-36.4814],[174.4479,-36.4764],[174.4431,-36.4834],[174.4455,-36.4867],[174.4435,-36.4891],[174.4348,-36.4948],[174.429,-36.4915],[174.4218,-36.4956],[174.4303,-36.5107],[174.4278,-36.5199],[174.4413,-36.5125],[174.4472,-36.5127],[174.4367,-36.5242]],[[174.4467,-36.5194],[174.4466,-36.5192],[174.4469,-36.519],[174.4467,-36.5194]],[[174.4476,-36.521],[174.4474,-36.521],[174.4474,-36.5209],[174.4476,-36.5209],[174.4476,-36.521]],[[174.4493,-36.5221],[174.4491,-36.5221],[174.4491,-36.5218],[174.4493,-36.5218],[174.4493,-36.5221]],[[174.4507,-36.5157],[174.4501,-36.5154],[174.4501,-36.5151],[174.4507,-36.5157]],[[174.4508,-36.5162],[174.4505,-36.5161],[174.4508,-36.5159],[174.4508,-36.5162]],[[174.4544,-36.5091],[174.4542,-36.5087],[174.4548,-36.5087],[174.4544,-36.5091]],[[174.4699,-36.5048],[174.4701,-36.5044],[174.4705,-36.5044],[174.4699,-36.5048]],[[174.4693,-36.5054],[174.4689,-36.5051],[174.4698,-36.5052],[174.4693,-36.5054]],[[174.5082,-36.4989],[174.5075,-36.4987],[174.5078,-36.4985],[174.5082,-36.4989]],[[174.5073,-36.5006],[174.507,-36.5004],[174.507,-36.4999],[174.5073,-36.5],[174.5073,-36.5006]],[[174.5121,-36.5013],[174.5113,-36.5009],[174.5123,-36.501],[174.5121,-36.5013]],[[174.5109,-36.5014],[174.5106,-36.5014],[174.5106,-36.5011],[174.5109,-36.5014]],[[174.5416,-36.4675],[174.5413,-36.4674],[174.5416,-36.4671],[174.5416,-36.4675]],[[174.5553,-36.4764],[174.5551,-36.4764],[174.5551,-36.4762],[174.5553,-36.4762],[174.5553,-36.4764]],[[174.5607,-36.4873],[174.5601,-36.4869],[174.5607,-36.4866],[174.5607,-36.4873]],[[174.5619,-36.4878],[174.5618,-36.4878],[174.5618,-36.4875],[174.5619,-36.4878]],[[174.5621,-36.4884],[174.5619,-36.4881],[174.5623,-36.4881],[174.5621,-36.4884]],[[174.5619,-36.4892],[174.5618,-36.4892],[174.5618,-36.4891],[174.5619,-36.4891],[174.5619,-36.4892]],[[174.5626,-36.4892],[174.5621,-36.4888],[174.5625,-36.4886],[174.5626,-36.4892]],[[174.5657,-36.4988],[174.565,-36.4984],[174.5657,-36.4984],[174.5657,-36.4988]],[[174.5631,-36.4786],[174.563,-36.4786],[174.563,-36.4785],[174.5631,-36.4785],[174.5631,-36.4786]],[[174.5594,-36.4697],[174.5589,-36.4697],[174.559,-36.4696],[174.5594,-36.4697]],[[174.5287,-36.4928],[174.5283,-36.4926],[174.5285,-36.4925],[174.5287,-36.4928]],[[174.5024,-36.4945],[174.5022,-36.4945],[174.5022,-36.4944],[174.5024,-36.4944],[174.5024,-36.4945]],[[174.5124,-36.4655],[174.5123,-36.4655],[174.5123,-36.4653],[174.5124,-36.4653],[174.5124,-36.4655]],[[174.4848,-36.4981],[174.4862,-36.4959],[174.4868,-36.4972],[174.4848,-36.4981]],[[174.4809,-36.4999],[174.4805,-36.4999],[174.4805,-36.4996],[174.4809,-36.4999]],[[174.449,-36.4871],[174.449,-36.4869],[174.4491,-36.4869],[174.449,-36.4871]],[[174.4503,-36.484],[174.4501,-36.484],[174.4501,-36.4838],[174.4503,-36.4838],[174.4503,-36.484]],[[174.4457,-36.4818],[174.4455,-36.4816],[174.4461,-36.4814],[174.4457,-36.4818]],[[174.4484,-36.4822],[174.4478,-36.4821],[174.4493,-36.4818],[174.4484,-36.4822]],[[174.4461,-36.4833],[174.4459,-36.4825],[174.4474,-36.4827],[174.4461,-36.4833]],[[174.449,-36.4903],[174.4471,-36.4877],[174.4501,-36.4886],[174.449,-36.4903]],[[174.4421,-36.4913],[174.4414,-36.4908],[174.4416,-36.4904],[174.4421,-36.4913]],[[174.4445,-36.4924],[174.4443,-36.4924],[174.4443,-36.4922],[174.4445,-36.4924]],[[174.4442,-36.4925],[174.444,-36.4925],[174.4442,-36.4922],[174.4442,-36.4925]],[[174.4483,-36.4932],[174.4462,-36.4929],[174.4486,-36.4914],[174.4483,-36.4932]],[[174.4597,-36.5073],[174.4594,-36.5073],[174.4594,-36.5072],[174.4597,-36.5072],[174.4597,-36.5073]],[[174.4346,-36.5153],[174.4348,-36.5139],[174.438,-36.5146],[174.4346,-36.5153]],[[174.4343,-36.5166],[174.4329,-36.5166],[174.4358,-36.5162],[174.4343,-36.5166]],[[174.4346,-36.5176],[174.4343,-36.5176],[174.4343,-36.5175],[174.4346,-36.5175],[174.4346,-36.5176]],[[174.4344,-36.5181],[174.4341,-36.5181],[174.4343,-36.5177],[174.4344,-36.5181]],[[174.4501,-36.5125],[174.4505,-36.5114],[174.4507,-36.5116],[174.4501,-36.5125]],[[174.4508,-36.514],[174.4507,-36.514],[174.4507,-36.5139],[174.4508,-36.5139],[174.4508,-36.514]],[[174.4478,-36.5177],[174.4454,-36.5169],[174.4472,-36.5173],[174.4478,-36.5177]],[[174.4478,-36.5184],[174.4479,-36.5177],[174.4481,-36.518],[174.4478,-36.5184]]]}},{"type":"Feature","properties":{},"geometry":{"type":"Polygon","coordinates":[[[175.0822,-36.2305],[175.0851,-36.2276],[175.0837,-36.2132],[175.0847,-36.2275],[175.0822,-36.2305]]]}},{"type":"Feature","properties":{},"geometry":{"type":"Polygon","coordinates":[[[174.7635,-36.7719],[174.7669,-36.7696],[174.7668,-36.7653],[174.7599,-36.7668],[174.7644,-36.7668],[174.7635,-36.7719]],[[174.7662,-36.7688],[174.7659,-36.7685],[174.7661,-36.7683],[174.7662,-36.7688]]]}},{"type":"Feature","properties":{},"geometry":{"type":"Polygon","coordinates":[[[174.6942,-36.9077],[174.6935,-36.9039],[174.6903,-36.9032],[174.6942,-36.9077]]]}},{"type":"Feature","properties":{},"geometry":{"type":"Polygon","coordinates":[[[174.6341,-36.3777],[174.636,-36.3769],[174.6249,-36.3666],[174.6268,-36.3703],[174.6225,-36.3705],[174.6341,-36.3777]],[[174.6336,-36.3763],[174.6328,-36.3759],[174.6331,-36.3758],[174.6336,-36.3763]]]}},{"type":"Feature","properties":{},"geometry":{"type":"Polygon","coordinates":[[[174.2525,-36.4974],[174.2539,-36.4959],[174.2501,-36.4969],[174.2525,-36.4974]]]}},{"type":"Feature","properties":{},"geometry":{"type":"Polygon","coordinates":[[[174.258,-36.5081],[174.2769,-36.4985],[174.2793,-36.4933],[174.2627,-36.4918],[174.2735,-36.4974],[174.2569,-36.4988],[174.2694,-36.4993],[174.2542,-36.5055],[174.261,-36.5048],[174.258,-36.5081]],[[174.2646,-36.4911],[174.2644,-36.4911],[174.2648,-36.491],[174.2646,-36.4911]],[[174.2663,-36.4984],[174.2662,-36.4984],[174.2662,-36.4983],[174.2663,-36.4983],[174.2663,-36.4984]],[[174.2603,-36.5059],[174.26,-36.5059],[174.26,-36.5058],[174.2603,-36.5058],[174.2603,-36.5059]]]}},{"type":"Feature","properties":{},"geometry":{"type":"Polygon","coordinates":[[[175.3548,-36.151],[175.3577,-36.1492],[175.3539,-36.1495],[175.3548,-36.151]]]}},{"type":"Feature","properties":{},"geometry":{"type":"Polygon","coordinates":[[[174.4094,-36.742],[174.4128,-36.7407],[174.4097,-36.7387],[174.4094,-36.742]]]}},{"type":"Feature","properties":{},"geometry":{"type":"Polygon","coordinates":[[[174.5597,-36.8837],[174.5681,-36.87],[174.5584,-36.879],[174.5604,-36.8789],[174.5597,-36.8837]]]}},{"type":"Feature","properties":{},"geometry":{"type":"Polygon","coordinates":[[[175.2913,-37.0289],[175.2913,-37.0275],[175.2873,-37.0282],[175.2913,-37.0289]],[[175.2885,-37.028],[175.2884,-37.0277],[175.2887,-37.0278],[175.2885,-37.028]]]}},{"type":"Feature","properties":{},"geometry":{"type":"Polygon","coordinates":[[[174.91,-37.0438],[174.9112,-37.0424],[174.9079,-37.0428],[174.91,-37.0438]]]}},{"type":"Feature","properties":{},"geometry":{"type":"Polygon","coordinates":[[[174.373,-36.7157],[174.374,-36.713],[174.3723,-36.7131],[174.373,-36.7157]]]}},{"type":"Feature","properties":{},"geometry":{"type":"Polygon","coordinates":[[[174.9451,-37.2014],[174.954,-37.1978],[174.9542,-37.1941],[174.9509,-37.1941],[174.9508,-37.1977],[174.9451,-37.2014]]]}},{"type":"Feature","properties":{},"geometry":{"type":"Polygon","coordinates":[[[174.9115,-37.2049],[174.911,-37.2019],[174.9076,-37.2026],[174.9115,-37.2049]]]}},{"type":"Feature","properties":{},"geometry":{"type":"Polygon","coordinates":[[[174.9228,-37.214],[174.9243,-37.2126],[174.9185,-37.2103],[174.9243,-37.208],[174.9229,-37.2065],[174.9187,-37.2083],[174.9141,-37.2042],[174.9161,-37.2035],[174.9122,-37.2043],[174.9228,-37.214]],[[174.9178,-37.2087],[174.9176,-37.2087],[174.9176,-37.2086],[174.9178,-37.2086],[174.9178,-37.2087]],[[174.9178,-37.2102],[174.9173,-37.2098],[174.9183,-37.2099],[174.9178,-37.2102]],[[174.9183,-37.2106],[174.918,-37.2105],[174.9182,-37.2103],[174.9183,-37.2106]],[[174.9205,-37.2132],[174.9204,-37.213],[174.9205,-37.213],[174.9205,-37.2132]],[[174.9221,-37.2137],[174.9219,-37.2137],[174.9219,-37.2136],[174.9221,-37.2137]],[[174.9224,-37.2139],[174.9222,-37.2139],[174.9222,-37.2137],[174.9224,-37.2139]]]}},{"type":"Feature","properties":{},"geometry":{"type":"Polygon","coordinates":[[[174.8917,-37.2188],[174.8949,-37.2162],[174.8936,-37.2154],[174.8917,-37.2188]]]}},{"type":"Feature","properties":{},"geometry":{"type":"Polygon","coordinates":[[[174.904,-37.2273],[174.9129,-37.2224],[174.9064,-37.2232],[174.904,-37.2273]],[[174.9112,-37.2224],[174.911,-37.2224],[174.9112,-37.2223],[174.9112,-37.2224]],[[174.9074,-37.2235],[174.9074,-37.2234],[174.9076,-37.2234],[174.9074,-37.2235]],[[174.9072,-37.2236],[174.9071,-37.2236],[174.9071,-37.2235],[174.9072,-37.2235],[174.9072,-37.2236]],[[174.9069,-37.2238],[174.9067,-37.2235],[174.9069,-37.2236],[174.9069,-37.2238]]]}},{"type":"Feature","properties":{},"geometry":{"type":"Polygon","coordinates":[[[174.9234,-37.2318],[174.9222,-37.2257],[174.9265,-37.2266],[174.9231,-37.2242],[174.9246,-37.2224],[174.9463,-37.2268],[174.9381,-37.2242],[174.9501,-37.2222],[174.9451,-37.2215],[174.9598,-37.2163],[174.9588,-37.2125],[174.9678,-37.2162],[174.9627,-37.2126],[174.9647,-37.212],[174.9581,-37.2112],[174.9608,-37.208],[174.97,-37.2114],[174.9656,-37.2091],[174.9719,-37.2091],[174.9656,-37.2077],[174.9642,-37.2041],[174.9554,-37.2103],[174.9574,-37.2155],[174.9451,-37.2158],[174.9381,-37.2231],[174.934,-37.2208],[174.9356,-37.2193],[174.9274,-37.2197],[174.9296,-37.216],[174.9391,-37.2135],[174.9291,-37.2159],[174.9279,-37.2135],[174.9344,-37.2084],[174.9374,-37.2113],[174.9344,-37.2082],[174.9427,-37.2019],[174.931,-37.209],[174.927,-37.2073],[174.9236,-37.2098],[174.9286,-37.2103],[174.9226,-37.219],[174.9144,-37.2075],[174.9094,-37.2102],[174.9113,-37.205],[174.9074,-37.2095],[174.9026,-37.2027],[174.8965,-37.2048],[174.9004,-37.2038],[174.8989,-37.2052],[174.9057,-37.2091],[174.892,-37.2098],[174.885,-37.214],[174.8874,-37.2171],[174.8937,-37.211],[174.9048,-37.2098],[174.8995,-37.2171],[174.906,-37.2121],[174.9112,-37.2151],[174.9089,-37.2193],[174.9105,-37.2156],[174.9154,-37.2149],[174.9193,-37.2192],[174.9135,-37.2208],[174.9205,-37.2208],[174.9219,-37.2245],[174.9158,-37.2276],[174.9217,-37.2277],[174.9234,-37.2318]],[[174.9299,-37.2212],[174.9299,-37.2211],[174.9301,-37.2209],[174.9301,-37.2211],[174.9299,-37.2212]],[[174.9298,-37.2213],[174.9294,-37.2212],[174.9298,-37.2211],[174.9298,-37.2213]],[[174.9277,-37.2215],[174.9272,-37.2212],[174.9275,-37.2211],[174.9277,-37.2215]],[[174.9281,-37.2232],[174.9272,-37.2226],[174.9292,-37.2226],[174.9281,-37.2232]],[[174.9313,-37.2217],[174.931,-37.2216],[174.9313,-37.2215],[174.9313,-37.2217]],[[174.9306,-37.2222],[174.9304,-37.2219],[174.9308,-37.2217],[174.931,-37.222],[174.9306,-37.2222]],[[174.9625,-37.2116],[174.961,-37.2114],[174.9618,-37.2112],[174.9625,-37.2116]],[[174.9666,-37.216],[174.9663,-37.216],[174.9663,-37.2159],[174.9665,-37.216],[174.9666,-37.2159],[174.9666,-37.216]],[[174.967,-37.2087],[174.9668,-37.2087],[174.9668,-37.2086],[174.967,-37.2086],[174.967,-37.2087]],[[174.9661,-37.2071],[174.9654,-37.2068],[174.9663,-37.2064],[174.9661,-37.2071]],[[174.9627,-37.2068],[174.9623,-37.2064],[174.9637,-37.2061],[174.9627,-37.2068]],[[174.9637,-37.2071],[174.9641,-37.206],[174.9653,-37.2057],[174.9637,-37.2071]],[[174.9431,-37.2173],[174.9429,-37.2173],[174.9436,-37.2169],[174.9431,-37.2173]],[[174.9492,-37.2173],[174.9489,-37.2173],[174.9489,-37.2171],[174.9492,-37.2171],[174.9492,-37.2173]],[[174.9501,-37.2173],[174.9499,-37.2173],[174.9499,-37.2171],[174.9501,-37.2171],[174.9501,-37.2173]],[[174.9429,-37.2192],[174.9436,-37.2181],[174.9449,-37.2181],[174.9429,-37.2192]],[[174.9429,-37.2194],[174.9426,-37.2194],[174.9426,-37.2193],[174.9429,-37.2194]],[[174.946,-37.222],[174.9456,-37.222],[174.9456,-37.2219],[174.946,-37.2219],[174.946,-37.222]],[[174.9274,-37.2167],[174.9272,-37.2164],[174.9275,-37.2163],[174.9274,-37.2167]],[[174.9284,-37.217],[174.9275,-37.217],[174.9279,-37.2163],[174.9284,-37.217]],[[174.9132,-37.2082],[174.913,-37.2082],[174.913,-37.208],[174.9132,-37.208],[174.9132,-37.2082]],[[174.8995,-37.2099],[174.8994,-37.2099],[174.8994,-37.2098],[174.8995,-37.2098],[174.8995,-37.2099]],[[174.8999,-37.2099],[174.8997,-37.2099],[174.8997,-37.2098],[174.8999,-37.2098],[174.8999,-37.2099]],[[174.8937,-37.2107],[174.8927,-37.2107],[174.8936,-37.2102],[174.8937,-37.2107]],[[174.8888,-37.2129],[174.8886,-37.2125],[174.8893,-37.2125],[174.8888,-37.2129]],[[174.8862,-37.2148],[174.8859,-37.2147],[174.8862,-37.2144],[174.8862,-37.2148]],[[174.8966,-37.211],[174.8965,-37.2107],[174.8968,-37.2107],[174.8966,-37.211]],[[174.8982,-37.211],[174.8972,-37.211],[174.8984,-37.2105],[174.8982,-37.211]],[[174.9074,-37.2101],[174.9072,-37.2099],[174.9074,-37.2099],[174.9074,-37.2101]],[[174.9045,-37.2126],[174.9041,-37.2125],[174.9045,-37.2122],[174.9045,-37.2126]],[[174.9115,-37.2149],[174.9112,-37.2145],[174.9118,-37.2145],[174.9115,-37.2149]],[[174.9216,-37.2193],[174.9214,-37.2192],[174.9216,-37.2192],[174.9216,-37.2193]],[[174.9212,-37.2197],[174.9211,-37.2196],[174.9214,-37.2196],[174.9212,-37.2197]],[[174.9222,-37.2197],[174.9217,-37.2194],[174.9221,-37.2194],[174.9222,-37.2197]],[[174.9245,-37.2194],[174.9248,-37.2179],[174.9262,-37.2186],[174.9245,-37.2194]],[[174.9246,-37.2201],[174.9243,-37.2198],[174.9246,-37.2196],[174.9246,-37.2201]],[[174.9304,-37.2205],[174.9299,-37.22],[174.9304,-37.22],[174.9304,-37.2205]],[[174.9286,-37.2208],[174.9284,-37.2204],[174.9291,-37.2205],[174.9286,-37.2208]],[[174.9238,-37.2211],[174.9228,-37.2207],[174.9236,-37.2194],[174.9238,-37.2211]]]}},{"type":"Feature","properties":{},"geometry":{"type":"Polygon","coordinates":[[[175.0796,-37.1831],[175.0779,-37.1781],[175.0774,-37.1825],[175.0796,-37.1831]]]}},{"type":"Feature","properties":{},"geometry":{"type":"Polygon","coordinates":[[[174.2738,-36.6007],[174.2672,-36.593],[174.2673,-36.5993],[174.2738,-36.6007]],[[174.267,-36.5957],[174.2668,-36.5957],[174.2668,-36.5956],[174.267,-36.5956],[174.267,-36.5957]],[[174.2677,-36.596],[174.2672,-36.5956],[174.2673,-36.5955],[174.2677,-36.596]],[[174.2704,-36.5993],[174.2703,-36.599],[174.2708,-36.599],[174.2704,-36.5993]],[[174.2709,-36.5996],[174.2708,-36.5996],[174.2708,-36.5994],[174.2709,-36.5994],[174.2709,-36.5996]]]}},{"type":"Feature","properties":{},"geometry":{"type":"Polygon","coordinates":[[[174.2781,-36.6034],[174.2762,-36.6008],[174.2738,-36.6004],[174.2781,-36.6034]]]}},{"type":"Feature","properties":{},"geometry":{"type":"Polygon","coordinates":[[[174.2829,-36.6114],[174.281,-36.6079],[174.2808,-36.6099],[174.2829,-36.6114]],[[174.2812,-36.6097],[174.2812,-36.6096],[174.2813,-36.6096],[174.2812,-36.6097]]]}},{"type":"Feature","properties":{},"geometry":{"type":"Polygon","coordinates":[[[174.2802,-36.6185],[174.2817,-36.6163],[174.2784,-36.6138],[174.2805,-36.6138],[174.2752,-36.6077],[174.2713,-36.6075],[174.268,-36.6009],[174.2675,-36.6041],[174.2802,-36.6185]],[[174.2774,-36.6103],[174.2771,-36.61],[174.2772,-36.6099],[174.2774,-36.6103]],[[174.2752,-36.6075],[174.275,-36.6074],[174.2752,-36.6073],[174.2752,-36.6075]],[[174.2731,-36.607],[174.273,-36.607],[174.273,-36.6068],[174.2731,-36.6068],[174.2731,-36.607]],[[174.2731,-36.6074],[174.273,-36.6074],[174.273,-36.6073],[174.2731,-36.6073],[174.2731,-36.6074]],[[174.2682,-36.6018],[174.268,-36.6018],[174.268,-36.6015],[174.2682,-36.6015],[174.2682,-36.6018]],[[174.2679,-36.6022],[174.2677,-36.6019],[174.268,-36.6019],[174.2679,-36.6022]],[[174.2691,-36.6022],[174.2685,-36.6014],[174.2694,-36.6019],[174.2691,-36.6022]],[[174.267,-36.6022],[174.2668,-36.6022],[174.2668,-36.602],[174.267,-36.602],[174.267,-36.6022]],[[174.2682,-36.604],[174.2677,-36.604],[174.2677,-36.6037],[174.2682,-36.604]],[[174.2708,-36.6057],[174.2706,-36.6057],[174.2706,-36.6056],[174.2708,-36.6056],[174.2708,-36.6057]],[[174.2708,-36.6064],[174.2704,-36.6064],[174.2704,-36.6063],[174.2708,-36.6063],[174.2708,-36.6064]],[[174.2747,-36.6079],[174.2743,-36.6079],[174.2743,-36.6078],[174.2747,-36.6079]],[[174.273,-36.6082],[174.2728,-36.6082],[174.2731,-36.6079],[174.273,-36.6082]],[[174.2737,-36.6086],[174.273,-36.6085],[174.2737,-36.6085],[174.2737,-36.6086]],[[174.2771,-36.6125],[174.2767,-36.6114],[174.2772,-36.6115],[174.2771,-36.6125]],[[174.2779,-36.6127],[174.2778,-36.6127],[174.2778,-36.6126],[174.2779,-36.6126],[174.2779,-36.6127]],[[174.2769,-36.6133],[174.2766,-36.6131],[174.2769,-36.6131],[174.2769,-36.6133]],[[174.2779,-36.6155],[174.2776,-36.6153],[174.2778,-36.6152],[174.2779,-36.6155]],[[174.2802,-36.6179],[174.28,-36.6177],[174.2803,-36.6178],[174.2802,-36.6179]]]}},{"type":"Feature","properties":{},"geometry":{"type":"Polygon","coordinates":[[[174.29,-36.6211],[174.2851,-36.6166],[174.2849,-36.6196],[174.29,-36.6211]],[[174.2863,-36.6173],[174.2861,-36.6173],[174.2861,-36.6168],[174.2863,-36.6168],[174.2863,-36.6173]]]}},{"type":"Feature","properties":{},"geometry":{"type":"Polygon","coordinates":[[[174.5765,-36.7886],[174.5794,-36.7882],[174.5756,-36.7872],[174.5765,-36.7886]]]}},{"type":"Feature","properties":{},"geometry":{"type":"Polygon","coordinates":[[[174.6265,-36.4276],[174.6304,-36.423],[174.6278,-36.4098],[174.6312,-36.4076],[174.6311,-36.4115],[174.6323,-36.4081],[174.6384,-36.4072],[174.6318,-36.4053],[174.6282,-36.4087],[174.6304,-36.4212],[174.6265,-36.4276]],[[174.6331,-36.4067],[174.6316,-36.406],[174.6319,-36.4057],[174.6331,-36.4067]]]}},{"type":"Feature","properties":{},"geometry":{"type":"Polygon","coordinates":[[[174.6459,-36.4376],[174.6471,-36.4362],[174.6446,-36.4343],[174.6459,-36.4376]],[[174.6464,-36.4368],[174.6463,-36.4368],[174.6463,-36.4365],[174.6464,-36.4365],[174.6464,-36.4368]]]}},{"type":"Feature","properties":{},"geometry":{"type":"Polygon","coordinates":[[[174.6647,-36.4501],[174.6635,-36.4464],[174.6669,-36.4438],[174.6565,-36.4439],[174.6497,-36.4388],[174.6492,-36.4346],[174.6589,-36.4318],[174.6609,-36.4351],[174.6635,-36.432],[174.6664,-36.4369],[174.6661,-36.4313],[174.6749,-36.4298],[174.6686,-36.43],[174.6669,-36.4262],[174.6654,-36.43],[174.644,-36.4317],[174.637,-36.4186],[174.6399,-36.4146],[174.6452,-36.4233],[174.6469,-36.4244],[174.6469,-36.4203],[174.6512,-36.4241],[174.6492,-36.4185],[174.6577,-36.4228],[174.6526,-36.4179],[174.6625,-36.4181],[174.6611,-36.4164],[174.6655,-36.4168],[174.6642,-36.4146],[174.6493,-36.4175],[174.6427,-36.416],[174.637,-36.41],[174.6331,-36.4111],[174.6326,-36.4131],[174.6365,-36.412],[174.6345,-36.4149],[174.6379,-36.4266],[174.6324,-36.4348],[174.6248,-36.4385],[174.6321,-36.4354],[174.6394,-36.4258],[174.6406,-36.432],[174.6381,-36.4394],[174.6232,-36.4468],[174.6376,-36.441],[174.6452,-36.4321],[174.6502,-36.446],[174.6536,-36.4423],[174.6596,-36.4475],[174.6623,-36.4457],[174.6647,-36.4501]],[[174.6614,-36.4324],[174.6613,-36.4324],[174.6613,-36.4321],[174.6614,-36.4321],[174.6614,-36.4324]],[[174.6645,-36.4326],[174.6628,-36.4318],[174.6642,-36.4311],[174.6645,-36.4326]],[[174.6737,-36.4306],[174.6736,-36.4306],[174.6739,-36.4303],[174.6737,-36.4306]],[[174.6459,-36.4171],[174.6456,-36.4171],[174.6456,-36.417],[174.6459,-36.417],[174.6459,-36.4171]],[[174.6435,-36.4184],[174.6432,-36.4182],[174.6434,-36.4181],[174.6435,-36.4184]],[[174.6488,-36.4195],[174.6483,-36.4193],[174.6488,-36.419],[174.6488,-36.4195]],[[174.6468,-36.4196],[174.6466,-36.4196],[174.6466,-36.4193],[174.6468,-36.4196]],[[174.6464,-36.4219],[174.6461,-36.4219],[174.6461,-36.4215],[174.6464,-36.4219]],[[174.6468,-36.4225],[174.6466,-36.4223],[174.6468,-36.4222],[174.6468,-36.4225]],[[174.6512,-36.4188],[174.6509,-36.4184],[174.6514,-36.4182],[174.6512,-36.4188]],[[174.651,-36.419],[174.6502,-36.4185],[174.6505,-36.4185],[174.651,-36.419]],[[174.6541,-36.4214],[174.6539,-36.4214],[174.6539,-36.4212],[174.6541,-36.4212],[174.6541,-36.4214]],[[174.6565,-36.4173],[174.6563,-36.4171],[174.6565,-36.417],[174.6565,-36.4173]],[[174.6621,-36.4175],[174.6618,-36.4175],[174.6616,-36.4173],[174.6621,-36.4175]],[[174.6628,-36.4166],[174.662,-36.4164],[174.6625,-36.4163],[174.6628,-36.4166]],[[174.6329,-36.4133],[174.6328,-36.4127],[174.6331,-36.4129],[174.6329,-36.4133]],[[174.6358,-36.4156],[174.6357,-36.4156],[174.6357,-36.4153],[174.6358,-36.4156]],[[174.6488,-36.4325],[174.6488,-36.4317],[174.6493,-36.4318],[174.6488,-36.4325]],[[174.6538,-36.4321],[174.6533,-36.432],[174.6536,-36.4315],[174.6538,-36.4321]],[[174.6551,-36.4321],[174.6548,-36.432],[174.655,-36.4318],[174.6551,-36.4321]],[[174.6495,-36.4341],[174.6488,-36.4329],[174.6495,-36.4321],[174.6495,-36.4341]],[[174.6486,-36.435],[174.6473,-36.4325],[174.649,-36.4335],[174.6486,-36.435]]]}},{"type":"Feature","properties":{},"geometry":{"type":"Polygon","coordinates":[[[174.6138,-36.4569],[174.6191,-36.4493],[174.6114,-36.4556],[174.6138,-36.4569]]]}},{"type":"Feature","properties":{},"geometry":{"type":"Polygon","coordinates":[[[174.265,-36.3837],[174.2622,-36.3791],[174.261,-36.3811],[174.265,-36.3837]]]}},{"type":"Feature","properties":{},"geometry":{"type":"Polygon","coordinates":[[[175.1943,-36.9418],[175.197,-36.9368],[175.1962,-36.9363],[175.1943,-36.9418]]]}},{"type":"Feature","properties":{},"geometry":{"type":"Polygon","coordinates":[[[174.5602,-37.0902],[174.5628,-37.0869],[174.5606,-37.0876],[174.5602,-37.0902]]]}},{"type":"Feature","properties":{},"geometry":{"type":"Polygon","coordinates":[[[174.5529,-37.0967],[174.5527,-37.0952],[174.55,-37.0959],[174.5529,-37.0967]]]}},{"type":"Feature","properties":{},"geometry":{"type":"Polygon","coordinates":[[[175.2812,-37.0025],[175.2868,-36.9947],[175.2853,-36.9932],[175.2759,-36.9995],[175.2802,-36.9982],[175.2812,-37.0025]],[[175.2831,-37.0012],[175.2827,-37.0012],[175.2827,-37.0011],[175.2831,-37.0011],[175.2831,-37.0012]],[[175.2834,-37.0012],[175.2832,-37.0012],[175.2834,-37.001],[175.2834,-37.0012]],[[175.2839,-36.998],[175.2834,-36.9978],[175.2839,-36.9978],[175.2839,-36.998]]]}},{"type":"Feature","properties":{},"geometry":{"type":"Polygon","coordinates":[[[174.3947,-36.7216],[174.3979,-36.7179],[174.3933,-36.7209],[174.3947,-36.7216]]]}},{"type":"Feature","properties":{},"geometry":{"type":"Polygon","coordinates":[[[174.5394,-36.5229],[174.55,-36.5209],[174.5382,-36.5218],[174.5394,-36.5229]]]}},{"type":"Feature","properties":{},"geometry":{"type":"Polygon","coordinates":[[[174.4742,-36.5362],[174.4788,-36.5356],[174.4703,-36.5345],[174.4742,-36.5362]]]}},{"type":"Feature","properties":{},"geometry":{"type":"Polygon","coordinates":[[[174.5573,-36.5394],[174.5601,-36.5368],[174.5594,-36.5338],[174.5573,-36.5394]]]}},{"type":"Feature","properties":{},"geometry":{"type":"Polygon","coordinates":[[[174.6053,-36.545],[174.6067,-36.5395],[174.6044,-36.545],[174.6053,-36.545]]]}},{"type":"Feature","properties":{},"geometry":{"type":"Polygon","coordinates":[[[174.5642,-36.5463],[174.5655,-36.5383],[174.5623,-36.5445],[174.5642,-36.5463]]]}},{"type":"Feature","properties":{},"geometry":{"type":"Polygon","coordinates":[[[174.5662,-36.5594],[174.566,-36.5572],[174.5625,-36.5542],[174.5662,-36.5594]]]}},{"type":"Feature","properties":{},"geometry":{"type":"Polygon","coordinates":[[[174.5,-36.5604],[174.5008,-36.5557],[174.4991,-36.5593],[174.5,-36.5604]]]}},{"type":"Feature","properties":{},"geometry":{"type":"Polygon","coordinates":[[[174.5925,-36.5622],[174.5945,-36.5593],[174.5857,-36.5548],[174.5925,-36.5622]]]}},{"type":"Feature","properties":{},"geometry":{"type":"Polygon","coordinates":[[[174.5676,-36.5657],[174.5681,-36.5633],[174.5669,-36.5609],[174.5676,-36.5657]]]}},{"type":"Feature","properties":{},"geometry":{"type":"Polygon","coordinates":[[[174.4814,-36.5709],[174.4766,-36.5601],[174.4781,-36.5692],[174.4814,-36.5709]]]}},{"type":"Feature","properties":{},"geometry":{"type":"Polygon","coordinates":[[[174.5485,-36.5807],[174.5486,-36.5726],[174.5474,-36.5777],[174.5485,-36.5807]]]}},{"type":"Feature","properties":{},"geometry":{"type":"Polygon","coordinates":[[[174.4882,-36.5823],[174.4887,-36.5792],[174.4862,-36.5755],[174.4882,-36.5823]]]}},{"type":"Feature","properties":{},"geometry":{"type":"Polygon","coordinates":[[[174.5218,-36.5852],[174.5133,-36.5793],[174.5031,-36.5779],[174.501,-36.5718],[174.5058,-36.5713],[174.5012,-36.5715],[174.4906,-36.5616],[174.4786,-36.5576],[174.499,-36.57],[174.4967,-36.5755],[174.4993,-36.5723],[174.502,-36.5803],[174.5116,-36.5789],[174.5218,-36.5852]]]}},{"type":"Feature","properties":{},"geometry":{"type":"Polygon","coordinates":[[[174.465,-36.5919],[174.4681,-36.5822],[174.4713,-36.5905],[174.467,-36.5742],[174.4735,-36.5822],[174.4763,-36.5803],[174.4705,-36.5768],[174.4739,-36.5749],[174.4665,-36.5712],[174.4686,-36.5697],[174.4657,-36.5663],[174.4689,-36.5635],[174.4641,-36.5642],[174.4609,-36.559],[174.4645,-36.5537],[174.4759,-36.5579],[174.4682,-36.5487],[174.4846,-36.546],[174.4892,-36.5498],[174.493,-36.5485],[174.4959,-36.5537],[174.4955,-36.5516],[174.4998,-36.5522],[174.5048,-36.5589],[174.506,-36.5531],[174.5094,-36.5531],[174.5094,-36.5591],[174.5196,-36.5576],[174.5176,-36.5715],[174.521,-36.5598],[174.5218,-36.5648],[174.522,-36.5626],[174.53,-36.5659],[174.5346,-36.5639],[174.5365,-36.5723],[174.5398,-36.5685],[174.5461,-36.5692],[174.543,-36.5852],[174.5469,-36.5692],[174.556,-36.5778],[174.5549,-36.5845],[174.5568,-36.5805],[174.558,-36.5823],[174.556,-36.5756],[174.5616,-36.5779],[174.5618,-36.575],[174.5556,-36.575],[174.5478,-36.5685],[174.5457,-36.5631],[174.556,-36.5682],[174.564,-36.5681],[174.5497,-36.5649],[174.5474,-36.5615],[174.5549,-36.556],[174.5553,-36.552],[174.5654,-36.5533],[174.5625,-36.5504],[174.566,-36.5482],[174.572,-36.5504],[174.5737,-36.5543],[174.5703,-36.5672],[174.572,-36.5607],[174.5737,-36.5667],[174.5802,-36.5701],[174.5804,-36.575],[174.5879,-36.5703],[174.5816,-36.5709],[174.5765,-36.5676],[174.5722,-36.5587],[174.5746,-36.5526],[174.5666,-36.5478],[174.5553,-36.5512],[174.5427,-36.5679],[174.5338,-36.5631],[174.5254,-36.5634],[174.5218,-36.5583],[174.5304,-36.5527],[174.5341,-36.5548],[174.5334,-36.5504],[174.537,-36.5504],[174.5392,-36.5398],[174.5474,-36.5493],[174.5404,-36.5395],[174.5466,-36.5343],[174.5493,-36.5431],[174.5478,-36.5342],[174.5623,-36.5293],[174.5691,-36.5393],[174.5816,-36.5446],[174.585,-36.5538],[174.5836,-36.5463],[174.5896,-36.5446],[174.5966,-36.549],[174.5956,-36.5471],[174.6036,-36.5454],[174.5846,-36.5458],[174.5759,-36.5391],[174.5857,-36.5357],[174.5718,-36.54],[174.5684,-36.5374],[174.5636,-36.5306],[174.5672,-36.5205],[174.5734,-36.5216],[174.5788,-36.5276],[174.5903,-36.5271],[174.5775,-36.5253],[174.5744,-36.5224],[174.5776,-36.5175],[174.5751,-36.5202],[174.5659,-36.5199],[174.559,-36.5301],[174.5498,-36.5332],[174.5456,-36.5313],[174.5457,-36.5352],[174.5351,-36.5408],[174.537,-36.5439],[174.5329,-36.5508],[174.523,-36.5568],[174.5106,-36.5572],[174.514,-36.5533],[174.5075,-36.5516],[174.5039,-36.5539],[174.4947,-36.5504],[174.4961,-36.5412],[174.502,-36.5367],[174.507,-36.5394],[174.5073,-36.536],[174.5172,-36.5384],[174.5193,-36.5439],[174.5194,-36.5374],[174.5266,-36.5367],[174.5051,-36.5367],[174.5043,-36.5306],[174.5222,-36.5253],[174.5247,-36.5282],[174.527,-36.5221],[174.5346,-36.519],[174.5379,-36.5217],[174.5357,-36.5181],[174.5464,-36.5088],[174.5549,-36.5109],[174.5476,-36.5074],[174.5222,-36.5249],[174.5085,-36.5265],[174.5034,-36.5304],[174.499,-36.5247],[174.5031,-36.5305],[174.5024,-36.535],[174.4957,-36.535],[174.4988,-36.5379],[174.4933,-36.546],[174.4884,-36.5489],[174.4856,-36.5421],[174.4807,-36.5456],[174.4735,-36.5419],[174.466,-36.5449],[174.4537,-36.5622],[174.4501,-36.5567],[174.4507,-36.5447],[174.4565,-36.5338],[174.4624,-36.5313],[174.4537,-36.5319],[174.4551,-36.5279],[174.4266,-36.5284],[174.4261,-36.5367],[174.4368,-36.5435],[174.4387,-36.5523],[174.4438,-36.553],[174.4449,-36.557],[174.4435,-36.5615],[174.4251,-36.5609],[174.4206,-36.565],[174.4343,-36.5781],[174.414,-36.5819],[174.417,-36.5851],[174.4355,-36.5892],[174.4411,-36.576],[174.4536,-36.5683],[174.4544,-36.5713],[174.4628,-36.57],[174.4664,-36.5763],[174.4583,-36.5786],[174.4669,-36.5771],[174.4672,-36.5814],[174.4631,-36.5816],[174.4667,-36.586],[174.465,-36.5919]],[[174.4722,-36.5564],[174.4718,-36.5564],[174.4715,-36.556],[174.4722,-36.5564]],[[174.4759,-36.5578],[174.4752,-36.5572],[174.4756,-36.5571],[174.4759,-36.5578]],[[174.5539,-36.5745],[174.5537,-36.5745],[174.5537,-36.5742],[174.5539,-36.5742],[174.5539,-36.5745]],[[174.5638,-36.549],[174.5636,-36.549],[174.5636,-36.5489],[174.5638,-36.5489],[174.5638,-36.549]],[[174.5616,-36.5505],[174.5614,-36.5504],[174.5618,-36.5504],[174.5616,-36.5505]],[[174.5606,-36.5508],[174.5611,-36.5504],[174.5613,-36.5506],[174.5606,-36.5508]],[[174.5468,-36.5618],[174.5462,-36.5618],[174.5462,-36.5616],[174.5468,-36.5618]],[[174.5596,-36.5316],[174.5594,-36.5313],[174.5597,-36.5313],[174.5596,-36.5316]],[[174.5732,-36.5206],[174.5729,-36.5206],[174.5729,-36.5205],[174.5732,-36.5205],[174.5732,-36.5206]],[[174.5722,-36.521],[174.5717,-36.521],[174.5718,-36.5206],[174.5722,-36.521]],[[174.5623,-36.5291],[174.5619,-36.5288],[174.5621,-36.5287],[174.5623,-36.5291]],[[174.5379,-36.5423],[174.538,-36.5398],[174.5392,-36.5406],[174.5379,-36.5423]],[[174.5077,-36.5272],[174.5075,-36.5272],[174.5075,-36.5271],[174.5077,-36.5271],[174.5077,-36.5272]],[[174.4682,-36.5482],[174.4681,-36.5479],[174.4684,-36.5478],[174.4682,-36.5482]],[[174.4681,-36.5511],[174.4677,-36.5511],[174.4679,-36.5509],[174.4681,-36.5511]],[[174.4551,-36.532],[174.4548,-36.532],[174.4548,-36.5319],[174.4551,-36.5319],[174.4551,-36.532]],[[174.4672,-36.5725],[174.467,-36.5725],[174.467,-36.5722],[174.4672,-36.5722],[174.4672,-36.5725]],[[174.4672,-36.5782],[174.4669,-36.5782],[174.4669,-36.5777],[174.4672,-36.5782]]]}},{"type":"Feature","properties":{},"geometry":{"type":"Polygon","coordinates":[[[174.7265,-36.624],[174.7294,-36.6227],[174.7232,-36.6207],[174.7265,-36.624]]]}},{"type":"Feature","properties":{},"geometry":{"type":"Polygon","coordinates":[[[174.7427,-36.6333],[174.744,-36.6249],[174.734,-36.6252],[174.7345,-36.6274],[174.7415,-36.627],[174.7427,-36.6333]],[[174.7372,-36.6267],[174.7371,-36.6267],[174.7371,-36.6266],[174.7372,-36.6266],[174.7372,-36.6267]],[[174.7427,-36.6274],[174.742,-36.627],[174.7434,-36.627],[174.7427,-36.6274]],[[174.7442,-36.6308],[174.744,-36.6308],[174.744,-36.6305],[174.7442,-36.6305],[174.7442,-36.6308]]]}},{"type":"Feature","properties":{},"geometry":{"type":"Polygon","coordinates":[[[174.74,-36.6367],[174.741,-36.6351],[174.7355,-36.6327],[174.74,-36.6367]]]}},{"type":"Feature","properties":{},"geometry":{"type":"Polygon","coordinates":[[[174.5341,-36.8711],[174.5377,-36.866],[174.542,-36.8678],[174.5401,-36.8628],[174.5461,-36.8651],[174.5425,-36.8628],[174.5427,-36.8557],[174.5505,-36.8615],[174.5435,-36.8517],[174.5341,-36.8711]],[[174.5418,-36.8626],[174.5413,-36.8626],[174.5415,-36.8624],[174.5418,-36.8626]]]}},{"type":"Feature","properties":{},"geometry":{"type":"Polygon","coordinates":[[[174.7029,-37.2258],[174.7082,-37.2226],[174.7048,-37.2178],[174.7089,-37.2163],[174.7079,-37.2211],[174.7089,-37.2159],[174.7048,-37.2163],[174.7029,-37.2258]],[[174.7094,-37.2186],[174.7092,-37.2182],[174.7096,-37.2182],[174.7094,-37.2186]],[[174.706,-37.216],[174.7062,-37.2156],[174.7063,-37.2158],[174.706,-37.216]],[[174.705,-37.217],[174.7048,-37.217],[174.7048,-37.2167],[174.705,-37.2167],[174.705,-37.217]],[[174.7055,-37.2173],[174.7053,-37.2173],[174.7053,-37.217],[174.7055,-37.2173]],[[174.7046,-37.2198],[174.7045,-37.2198],[174.7046,-37.2197],[174.7046,-37.2198]],[[174.7067,-37.2222],[174.7065,-37.2222],[174.7065,-37.222],[174.7067,-37.222],[174.7067,-37.2222]],[[174.7068,-37.2224],[174.7067,-37.2224],[174.7067,-37.2223],[174.7068,-37.2223],[174.7068,-37.2224]]]}},{"type":"Feature","properties":{},"geometry":{"type":"Polygon","coordinates":[[[174.6858,-37.2311],[174.7026,-37.2222],[174.7036,-37.2179],[174.6869,-37.227],[174.691,-37.2266],[174.6858,-37.2311]],[[174.7014,-37.2224],[174.7009,-37.2223],[174.7024,-37.2211],[174.7014,-37.2224]],[[174.6932,-37.2262],[174.6929,-37.2251],[174.6951,-37.2253],[174.6932,-37.2262]]]}},{"type":"Feature","properties":{},"geometry":{"type":"Polygon","coordinates":[[[174.4387,-36.3473],[174.4426,-36.3459],[174.4367,-36.3466],[174.4387,-36.3473]]]}},{"type":"Feature","properties":{},"geometry":{"type":"Polygon","coordinates":[[[174.4505,-36.3567],[174.4478,-36.3527],[174.4478,-36.3553],[174.4505,-36.3567]]]}},{"type":"Feature","properties":{},"geometry":{"type":"Polygon","coordinates":[[[174.4459,-36.3649],[174.4449,-36.3606],[174.4348,-36.3576],[174.4312,-36.3532],[174.4327,-36.3513],[174.4472,-36.3519],[174.4481,-36.3497],[174.4568,-36.3543],[174.4517,-36.3506],[174.4541,-36.3472],[174.4647,-36.3472],[174.4537,-36.3444],[174.4495,-36.3457],[174.4537,-36.3461],[174.4527,-36.348],[174.4394,-36.3519],[174.4256,-36.3495],[174.4363,-36.3355],[174.4408,-36.3348],[174.4365,-36.3349],[174.4372,-36.333],[174.445,-36.3267],[174.4479,-36.3314],[174.4457,-36.3264],[174.4495,-36.3245],[174.4541,-36.3272],[174.4558,-36.3341],[174.4536,-36.3261],[174.4641,-36.3277],[174.4635,-36.334],[174.4641,-36.3261],[174.4699,-36.3245],[174.4725,-36.3323],[174.4747,-36.3296],[174.4778,-36.3323],[174.4785,-36.3392],[174.4783,-36.3319],[174.4715,-36.3248],[174.4792,-36.3238],[174.48,-36.326],[174.4814,-36.3226],[174.4874,-36.3267],[174.4833,-36.322],[174.4933,-36.32],[174.4921,-36.3162],[174.4788,-36.3222],[174.4742,-36.3223],[174.4742,-36.3201],[174.4739,-36.3224],[174.473,-36.32],[174.4624,-36.326],[174.4503,-36.3233],[174.4618,-36.318],[174.4437,-36.3233],[174.4309,-36.3435],[174.4169,-36.3486],[174.4191,-36.3516],[174.4305,-36.3521],[174.4343,-36.3586],[174.4402,-36.3634],[174.4394,-36.3597],[174.4435,-36.3604],[174.4459,-36.3649]],[[174.4527,-36.3246],[174.4525,-36.3244],[174.4529,-36.3242],[174.4527,-36.3246]],[[174.4539,-36.3248],[174.4534,-36.3248],[174.4534,-36.3245],[174.4539,-36.3248]],[[174.4563,-36.3259],[174.4558,-36.3256],[174.4561,-36.3253],[174.4563,-36.3259]],[[174.4568,-36.326],[174.4565,-36.3259],[174.4566,-36.3257],[174.4568,-36.326]],[[174.4573,-36.3266],[174.457,-36.3264],[174.4573,-36.3263],[174.4573,-36.3266]],[[174.4496,-36.3233],[174.4493,-36.3231],[174.45,-36.3231],[174.4496,-36.3233]],[[174.4483,-36.3242],[174.4483,-36.3241],[174.4486,-36.324],[174.4483,-36.3242]],[[174.4449,-36.3242],[174.4447,-36.3242],[174.4447,-36.324],[174.4449,-36.3242]],[[174.4447,-36.3252],[174.4442,-36.3235],[174.445,-36.3249],[174.4447,-36.3252]],[[174.4317,-36.3509],[174.4314,-36.3509],[174.4314,-36.3505],[174.4317,-36.3509]]]}},{"type":"Feature","properties":{},"geometry":{"type":"Polygon","coordinates":[[[174.4356,-36.3953],[174.4353,-36.3916],[174.4365,-36.3891],[174.4356,-36.3953]]]}},{"type":"Feature","properties":{},"geometry":{"type":"Polygon","coordinates":[[[174.9907,-37.2147],[174.9924,-37.2136],[174.9888,-37.2116],[174.9907,-37.2147]]]}},{"type":"Feature","properties":{},"geometry":{"type":"Polygon","coordinates":[[[175.0591,-36.9494],[175.061,-36.9492],[175.0501,-36.9471],[175.0591,-36.9494]]]}},{"type":"Feature","properties":{},"geometry":{"type":"Polygon","coordinates":[[[175.0911,-36.9715],[175.0876,-36.9677],[175.0859,-36.9684],[175.0911,-36.9715]],[[175.0871,-36.9693],[175.0868,-36.9691],[175.0871,-36.9688],[175.0871,-36.9693]]]}},{"type":"Feature","properties":{},"geometry":{"type":"Polygon","coordinates":[[[175.0426,-36.9734],[175.0363,-36.9629],[175.047,-36.9391],[175.0443,-36.932],[175.0468,-36.9378],[175.0424,-36.941],[175.0414,-36.9534],[175.0359,-36.9632],[175.0426,-36.9734]]]}},{"type":"Feature","properties":{},"geometry":{"type":"Polygon","coordinates":[[[175.0847,-36.9774],[175.0863,-36.977],[175.0812,-36.9756],[175.0847,-36.9774]]]}},{"type":"Feature","properties":{},"geometry":{"type":"Polygon","coordinates":[[[175.0603,-37.0098],[175.0622,-37.0094],[175.06,-37.0063],[175.0603,-37.0098]]]}},{"type":"Feature","properties":{},"geometry":{"type":"Polygon","coordinates":[[[175.0654,-37.0128],[175.0631,-37.0077],[175.0639,-37.0119],[175.0654,-37.0128]]]}},{"type":"Feature","properties":{},"geometry":{"type":"Polygon","coordinates":[[[175.0267,-37.0273],[175.0267,-37.0243],[175.0253,-37.0265],[175.0267,-37.0273]]]}},{"type":"Feature","properties":{},"geometry":{"type":"Polygon","coordinates":[[[175.1378,-37.0348],[175.1402,-37.0334],[175.137,-37.0334],[175.1378,-37.0348]]]}},{"type":"Feature","properties":{},"geometry":{"type":"Polygon","coordinates":[[[174.9967,-37.0382],[174.9999,-37.0349],[174.9968,-37.0359],[174.9967,-37.0382]],[[174.9984,-37.0357],[174.9984,-37.0353],[174.9987,-37.0356],[174.9984,-37.0357]]]}},{"type":"Feature","properties":{},"geometry":{"type":"Polygon","coordinates":[[[175.0255,-37.0416],[175.0247,-37.0376],[175.0228,-37.0412],[175.0255,-37.0416]],[[175.0238,-37.0398],[175.0233,-37.0397],[175.0236,-37.0395],[175.0238,-37.0398]]]}},{"type":"Feature","properties":{},"geometry":{"type":"Polygon","coordinates":[[[175.0658,-37.0446],[175.0656,-37.0435],[175.0617,-37.0438],[175.0658,-37.0446]]]}},{"type":"Feature","properties":{},"geometry":{"type":"Polygon","coordinates":[[[175.0653,-37.0477],[175.0694,-37.0455],[175.0672,-37.0453],[175.0653,-37.0477]]]}},{"type":"Feature","properties":{},"geometry":{"type":"Polygon","coordinates":[[[175.0909,-37.0493],[175.0953,-37.0455],[175.0895,-37.0485],[175.0909,-37.0493]]]}},{"type":"Feature","properties":{},"geometry":{"type":"Polygon","coordinates":[[[175.0738,-37.0511],[175.0699,-37.0458],[175.0701,-37.0498],[175.0738,-37.0511]]]}},{"type":"Feature","properties":{},"geometry":{"type":"Polygon","coordinates":[[[175.0086,-37.0541],[175.0096,-37.0537],[175.0069,-37.0502],[175.0086,-37.0541]]]}},{"type":"Feature","properties":{},"geometry":{"type":"Polygon","coordinates":[[[174.9931,-37.0579],[174.9958,-37.0551],[174.9921,-37.0498],[174.9931,-37.0579]]]}},{"type":"Feature","properties":{},"geometry":{"type":"Polygon","coordinates":[[[175.1361,-37.056],[175.1409,-37.0553],[175.1368,-37.0549],[175.1361,-37.056]]]}},{"type":"Feature","properties":{},"geometry":{"type":"Polygon","coordinates":[[[175.1103,-37.0668],[175.1115,-37.0638],[175.1156,-37.0653],[175.1098,-37.0601],[175.1139,-37.0607],[175.1124,-37.0592],[175.1161,-37.0582],[175.1144,-37.0549],[175.1165,-37.0547],[175.1078,-37.0552],[175.1088,-37.0514],[175.1194,-37.0508],[175.125,-37.0387],[175.1322,-37.0346],[175.1248,-37.0383],[175.1167,-37.0491],[175.1139,-37.0462],[175.1062,-37.0499],[175.1068,-37.0436],[175.1124,-37.039],[175.1071,-37.0425],[175.1032,-37.0379],[175.1028,-37.0314],[175.1085,-37.0282],[175.1023,-37.0308],[175.102,-37.0382],[175.1049,-37.0404],[175.1028,-37.0431],[175.105,-37.0431],[175.1008,-37.0477],[175.1047,-37.0529],[175.0991,-37.0547],[175.1064,-37.0575],[175.1004,-37.0642],[175.1059,-37.0616],[175.1103,-37.0668]],[[175.1016,-37.0642],[175.1011,-37.0636],[175.1018,-37.0634],[175.1016,-37.0642]]]}},{"type":"Feature","properties":{},"geometry":{"type":"Polygon","coordinates":[[[175.0666,-37.0954],[175.0663,-37.0891],[175.0723,-37.0917],[175.0683,-37.0869],[175.0704,-37.0853],[175.068,-37.0779],[175.0714,-37.079],[175.0721,-37.076],[175.0668,-37.0741],[175.0629,-37.0638],[175.0665,-37.0563],[175.0694,-37.0636],[175.0685,-37.0556],[175.0738,-37.0533],[175.0624,-37.0604],[175.0624,-37.0582],[175.0523,-37.0574],[175.0631,-37.0611],[175.0465,-37.068],[175.0544,-37.066],[175.052,-37.0728],[175.0491,-37.0733],[175.0492,-37.085],[175.0561,-37.0895],[175.0523,-37.0842],[175.0521,-37.0737],[175.0547,-37.0735],[175.0567,-37.0646],[175.0622,-37.0656],[175.0619,-37.0775],[175.0632,-37.0715],[175.0668,-37.0765],[175.0634,-37.082],[175.0682,-37.0814],[175.0672,-37.0878],[175.062,-37.0931],[175.0666,-37.0954]],[[175.0631,-37.0616],[175.0627,-37.0616],[175.0629,-37.0613],[175.0631,-37.0616]],[[175.0622,-37.0618],[175.062,-37.0615],[175.0624,-37.0613],[175.0622,-37.0618]],[[175.0602,-37.0653],[175.059,-37.0638],[175.0607,-37.0642],[175.0602,-37.0653]],[[175.0639,-37.0823],[175.0637,-37.0823],[175.0637,-37.082],[175.0639,-37.082],[175.0639,-37.0823]],[[175.0663,-37.0936],[175.0661,-37.0936],[175.0661,-37.0933],[175.0663,-37.0933],[175.0663,-37.0936]]]}},{"type":"Feature","properties":{},"geometry":{"type":"Polygon","coordinates":[[[175.0557,-37.1037],[175.0569,-37.0996],[175.0595,-37.0999],[175.0525,-37.0991],[175.0557,-37.1037]]]}},{"type":"Feature","properties":{},"geometry":{"type":"Polygon","coordinates":[[[175.0282,-37.1072],[175.0361,-37.1053],[175.0296,-37.1044],[175.0317,-37.1052],[175.0282,-37.1072]]]}},{"type":"Feature","properties":{},"geometry":{"type":"Polygon","coordinates":[[[175.1059,-37.1068],[175.1023,-37.1035],[175.1033,-37.1056],[175.1059,-37.1068]]]}},{"type":"Feature","properties":{},"geometry":{"type":"Polygon","coordinates":[[[175.0893,-37.1102],[175.0958,-37.1098],[175.0878,-37.1084],[175.0893,-37.1102]]]}},{"type":"Feature","properties":{},"geometry":{"type":"Polygon","coordinates":[[[175.0361,-37.1116],[175.0451,-37.1067],[175.0482,-37.1095],[175.0463,-37.106],[175.0422,-37.1067],[175.0412,-37.0961],[175.0366,-37.0922],[175.0364,-37.0956],[175.0404,-37.0961],[175.0381,-37.1012],[175.041,-37.1031],[175.038,-37.1057],[175.0416,-37.1069],[175.0361,-37.1116]]]}},{"type":"Feature","properties":{},"geometry":{"type":"Polygon","coordinates":[[[175.1209,-37.1102],[175.1247,-37.0946],[175.1365,-37.0942],[175.1339,-37.089],[175.1387,-37.0831],[175.1358,-37.0739],[175.1371,-37.0639],[175.1318,-37.0529],[175.1354,-37.0608],[175.1354,-37.0811],[175.1303,-37.0913],[175.1221,-37.0912],[175.1182,-37.1023],[175.1141,-37.1048],[175.1206,-37.104],[175.1209,-37.1102]],[[175.1172,-37.1037],[175.1168,-37.1035],[175.1168,-37.1034],[175.1172,-37.1037]],[[175.1156,-37.1045],[175.1153,-37.1045],[175.1153,-37.1044],[175.1156,-37.1044],[175.1156,-37.1045]]]}},{"type":"Feature","properties":{},"geometry":{"type":"Polygon","coordinates":[[[175.1226,-37.1136],[175.1279,-37.1117],[175.1224,-37.1117],[175.1226,-37.1136]]]}},{"type":"Feature","properties":{},"geometry":{"type":"Polygon","coordinates":[[[175.0564,-37.1214],[175.0547,-37.1165],[175.055,-37.1208],[175.0564,-37.1214]]]}},{"type":"Feature","properties":{},"geometry":{"type":"Polygon","coordinates":[[[175.0861,-37.1238],[175.0871,-37.1218],[175.082,-37.1174],[175.0861,-37.1238]]]}},{"type":"Feature","properties":{},"geometry":{"type":"Polygon","coordinates":[[[175.0364,-37.125],[175.0417,-37.1229],[175.045,-37.1206],[175.0364,-37.125]]]}},{"type":"Feature","properties":{},"geometry":{"type":"Polygon","coordinates":[[[175.0917,-37.1246],[175.0948,-37.1237],[175.0953,-37.1165],[175.0917,-37.1246]]]}},{"type":"Feature","properties":{},"geometry":{"type":"Polygon","coordinates":[[[175.0803,-37.1249],[175.074,-37.1173],[175.0747,-37.1129],[175.0718,-37.1212],[175.0736,-37.1177],[175.0803,-37.1249]]]}},{"type":"Feature","properties":{},"geometry":{"type":"Polygon","coordinates":[[[175.1395,-37.1306],[175.1414,-37.1297],[175.1349,-37.1298],[175.1395,-37.1306]]]}},{"type":"Feature","properties":{},"geometry":{"type":"Polygon","coordinates":[[[175.0537,-37.1585],[175.052,-37.1499],[175.0596,-37.1568],[175.0639,-37.1549],[175.0561,-37.154],[175.0526,-37.148],[175.0653,-37.1494],[175.0585,-37.1493],[175.0627,-37.1452],[175.0508,-37.1472],[175.0497,-37.1441],[175.0518,-37.1448],[175.0477,-37.1427],[175.0443,-37.1346],[175.0595,-37.1363],[175.0608,-37.1403],[175.0713,-37.1404],[175.0776,-37.1338],[175.0731,-37.1381],[175.0637,-37.1396],[175.0612,-37.1365],[175.0682,-37.1335],[175.06,-37.1355],[175.053,-37.1317],[175.0624,-37.1298],[175.045,-37.1338],[175.0486,-37.1155],[175.0538,-37.1086],[175.0564,-37.1147],[175.0566,-37.1084],[175.0605,-37.1064],[175.0713,-37.1053],[175.0738,-37.1102],[175.0813,-37.1033],[175.0818,-37.1078],[175.0832,-37.1037],[175.0922,-37.0985],[175.0934,-37.1038],[175.0972,-37.1027],[175.0987,-37.108],[175.0955,-37.1151],[175.0982,-37.1098],[175.1015,-37.1147],[175.1105,-37.1162],[175.1073,-37.1246],[175.1011,-37.1298],[175.0887,-37.1346],[175.0977,-37.1328],[175.0984,-37.1362],[175.0946,-37.1382],[175.0992,-37.1346],[175.1008,-37.1385],[175.0892,-37.1451],[175.098,-37.1421],[175.097,-37.1463],[175.1015,-37.1395],[175.1068,-37.1453],[175.1073,-37.1422],[175.1103,-37.1451],[175.1076,-37.1419],[175.1117,-37.1415],[175.102,-37.1384],[175.1016,-37.1348],[175.1057,-37.1358],[175.1085,-37.1329],[175.1027,-37.1343],[175.1011,-37.1306],[175.1105,-37.1207],[175.118,-37.1248],[175.1149,-37.1287],[175.1177,-37.1335],[175.1141,-37.1358],[175.1207,-37.1392],[175.1199,-37.1433],[175.1214,-37.137],[175.14,-37.1519],[175.1353,-37.1486],[175.1385,-37.1487],[175.1335,-37.1452],[175.1356,-37.1451],[175.1248,-37.1391],[175.137,-37.1423],[175.132,-37.1388],[175.1335,-37.1373],[175.1269,-37.1377],[175.131,-37.1362],[175.1177,-37.1319],[175.1199,-37.1259],[175.1332,-37.1304],[175.1228,-37.1252],[175.131,-37.1234],[175.1197,-37.1234],[175.1124,-37.1172],[175.1206,-37.1143],[175.1291,-37.1195],[175.1254,-37.1169],[175.1274,-37.1166],[175.1037,-37.1139],[175.0991,-37.1076],[175.1045,-37.102],[175.1004,-37.1015],[175.0999,-37.0993],[175.1035,-37.0996],[175.1028,-37.0959],[175.0967,-37.0978],[175.0955,-37.0942],[175.103,-37.0914],[175.0926,-37.0933],[175.0928,-37.0828],[175.0875,-37.0809],[175.0905,-37.0755],[175.0972,-37.0831],[175.0909,-37.0729],[175.0895,-37.0641],[175.1001,-37.0639],[175.0917,-37.0642],[175.0868,-37.0534],[175.0776,-37.0499],[175.0791,-37.0463],[175.0726,-37.0383],[175.0762,-37.0319],[175.0748,-37.0244],[175.0665,-37.0217],[175.0719,-37.019],[175.0683,-37.0176],[175.0723,-37.0171],[175.062,-37.0121],[175.0571,-37.015],[175.0542,-37.0119],[175.0578,-37.0063],[175.0535,-37.0011],[175.0692,-37.0131],[175.0692,-37.0109],[175.0436,-36.9905],[175.0474,-36.9831],[175.0496,-36.9932],[175.0713,-36.9963],[175.0779,-37.0104],[175.0753,-37.0029],[175.0772,-37],[175.0719,-36.9944],[175.0827,-36.9967],[175.088,-37.0033],[175.0887,-37.0097],[175.0892,-37.0038],[175.0834,-36.9963],[175.0731,-36.9929],[175.0617,-36.995],[175.0627,-36.9895],[175.055,-36.9927],[175.0492,-36.9912],[175.0525,-36.9838],[175.0492,-36.9788],[175.0509,-36.9748],[175.0523,-36.977],[175.0535,-36.9733],[175.0608,-36.9751],[175.0525,-36.9856],[175.0545,-36.9856],[175.0564,-36.9797],[175.0573,-36.9816],[175.0608,-36.9764],[175.0642,-36.9764],[175.0653,-36.973],[175.0692,-36.9744],[175.0694,-36.9843],[175.0661,-36.9867],[175.0697,-36.9846],[175.0699,-36.9801],[175.0755,-36.9877],[175.0723,-36.9811],[175.0817,-36.9894],[175.0779,-36.9842],[175.0873,-36.9879],[175.0945,-36.9961],[175.0885,-36.9882],[175.0777,-36.9822],[175.0897,-36.9803],[175.0977,-36.9871],[175.098,-36.983],[175.1039,-36.991],[175.1035,-36.9973],[175.1066,-36.9942],[175.1175,-37.0062],[175.1039,-36.9886],[175.116,-36.9898],[175.1259,-36.9955],[175.1269,-36.9936],[175.1291,-37.0098],[175.1305,-36.9961],[175.1341,-37.0003],[175.1324,-36.9991],[175.1356,-36.9962],[175.144,-37.0018],[175.1414,-36.9987],[175.1453,-36.9996],[175.1498,-37.0074],[175.1499,-37.0022],[175.1423,-36.9977],[175.146,-36.9957],[175.1402,-36.9974],[175.1255,-36.9914],[175.118,-36.9916],[175.1155,-36.9884],[175.1054,-36.9887],[175.0905,-36.9781],[175.0813,-36.9822],[175.0771,-36.9774],[175.073,-36.9774],[175.0699,-36.9738],[175.0745,-36.9674],[175.0805,-36.9698],[175.0803,-36.9741],[175.0777,-36.9635],[175.0839,-36.9583],[175.0841,-36.9719],[175.0955,-36.9774],[175.0837,-36.9693],[175.0868,-36.9621],[175.0917,-36.971],[175.0916,-36.9689],[175.0984,-36.9691],[175.1076,-36.9797],[175.1213,-36.9854],[175.1044,-36.9756],[175.1037,-36.9736],[175.1103,-36.9748],[175.1025,-36.9719],[175.1108,-36.9695],[175.1032,-36.9708],[175.0897,-36.9661],[175.0905,-36.9617],[175.109,-36.965],[175.0914,-36.9617],[175.0883,-36.9546],[175.0928,-36.9538],[175.0994,-36.9587],[175.0929,-36.9537],[175.0868,-36.9517],[175.0837,-36.9543],[175.0859,-36.9496],[175.0936,-36.9456],[175.0953,-36.9403],[175.0883,-36.9385],[175.0842,-36.9277],[175.0782,-36.931],[175.0742,-36.9296],[175.0731,-36.9256],[175.0724,-36.9295],[175.0651,-36.9299],[175.0672,-36.9306],[175.0651,-36.9487],[175.0608,-36.9487],[175.0632,-36.9516],[175.0586,-36.9538],[175.0629,-36.9541],[175.062,-36.956],[175.0511,-36.9531],[175.0596,-36.9588],[175.054,-36.9601],[175.0574,-36.9603],[175.0525,-36.9636],[175.0585,-36.9624],[175.0438,-36.9734],[175.046,-36.9758],[175.0429,-36.982],[175.0347,-36.9886],[175.0298,-36.985],[175.0205,-36.9888],[175.0212,-36.9845],[175.0274,-36.9809],[175.0255,-36.9777],[175.027,-36.9816],[175.0192,-36.9828],[175.0197,-36.989],[175.025,-36.9903],[175.0182,-36.9916],[175.0142,-36.9864],[175.0209,-36.9932],[175.016,-36.9969],[175.0096,-36.9959],[175.0158,-36.9978],[175.0141,-36.9989],[175.006,-36.9981],[175.0101,-36.9999],[175.0067,-37.0034],[175.002,-37.0032],[174.9958,-37.0104],[174.9828,-37.0165],[174.9852,-37.0198],[174.9897,-37.0184],[174.9885,-37.016],[174.9944,-37.0131],[174.9968,-37.0151],[175.0001,-37.01],[175.0011,-37.0154],[174.9849,-37.0199],[174.9832,-37.0213],[174.989,-37.0218],[174.9818,-37.0214],[174.9794,-37.0246],[174.9874,-37.0254],[174.982,-37.0273],[174.9897,-37.0293],[174.9905,-37.0333],[174.9939,-37.0269],[174.9963,-37.0263],[174.9938,-37.0307],[175.0004,-37.0262],[175.0042,-37.0273],[174.9881,-37.0402],[174.9914,-37.0488],[174.9917,-37.0417],[175.0115,-37.05],[175.0064,-37.0458],[174.9956,-37.0449],[174.9917,-37.0395],[175.0025,-37.03],[175.013,-37.0277],[175.0223,-37.0209],[175.0173,-37.0275],[175.0069,-37.031],[175.011,-37.0301],[175.002,-37.0391],[175.0119,-37.0322],[175.0108,-37.0387],[175.0125,-37.0304],[175.016,-37.0406],[175.0187,-37.0365],[175.0149,-37.0299],[175.0195,-37.0303],[175.0252,-37.0166],[175.0243,-37.0209],[175.0294,-37.0244],[175.0264,-37.0316],[175.0311,-37.0375],[175.0383,-37.0398],[175.0412,-37.0453],[175.0414,-37.0398],[175.0445,-37.0417],[175.0438,-37.0459],[175.0463,-37.0444],[175.0446,-37.0408],[175.0504,-37.0432],[175.0429,-37.0384],[175.0368,-37.0391],[175.0291,-37.0322],[175.032,-37.0275],[175.027,-37.0131],[175.0288,-37.0089],[175.033,-37.0173],[175.0311,-37.0202],[175.0398,-37.0225],[175.0398,-37.0288],[175.0421,-37.0263],[175.0446,-37.0295],[175.0424,-37.0225],[175.0482,-37.0285],[175.0445,-37.0231],[175.0516,-37.0233],[175.0545,-37.0266],[175.0533,-37.035],[175.0549,-37.0293],[175.0585,-37.0345],[175.0554,-37.0266],[175.0658,-37.0278],[175.0595,-37.027],[175.0591,-37.0221],[175.0552,-37.0235],[175.0562,-37.0217],[175.0455,-37.0176],[175.0465,-37.0158],[175.0323,-37.0128],[175.0339,-37.0092],[175.0308,-37.0036],[175.0375,-37.0098],[175.0332,-37.0022],[175.0371,-36.9993],[175.0349,-36.9928],[175.0409,-36.9846],[175.0397,-37.0063],[175.0436,-37.0113],[175.0422,-36.9974],[175.0509,-37.0087],[175.0491,-37.0158],[175.0738,-37.025],[175.0753,-37.0314],[175.0726,-37.0395],[175.0784,-37.0485],[175.075,-37.0515],[175.0873,-37.0548],[175.0789,-37.0601],[175.0835,-37.0607],[175.08,-37.0664],[175.0873,-37.0634],[175.0899,-37.0717],[175.088,-37.0765],[175.0806,-37.0801],[175.0808,-37.0852],[175.087,-37.0852],[175.0863,-37.0892],[175.0822,-37.0912],[175.0863,-37.0901],[175.0861,-37.0921],[175.088,-37.0857],[175.0902,-37.0897],[175.0883,-37.0937],[175.0912,-37.0961],[175.0762,-37.1082],[175.0731,-37.1035],[175.0573,-37.1075],[175.0537,-37.1057],[175.0496,-37.1108],[175.0526,-37.1079],[175.0521,-37.1121],[175.046,-37.1178],[175.033,-37.1196],[175.0467,-37.1208],[175.0433,-37.1316],[175.0387,-37.1309],[175.0433,-37.1323],[175.0398,-37.1396],[175.0291,-37.1335],[175.038,-37.1407],[175.0299,-37.1461],[175.0395,-37.1418],[175.0376,-37.1514],[175.0409,-37.1441],[175.0456,-37.1455],[175.0456,-37.1495],[175.0477,-37.1441],[175.0491,-37.1483],[175.0515,-37.1476],[175.0537,-37.1585]],[[175.0567,-37.1373],[175.0566,-37.1373],[175.0566,-37.1372],[175.0567,-37.1372],[175.0567,-37.1373]],[[175.0668,-37.1397],[175.0661,-37.1395],[175.0677,-37.1395],[175.0668,-37.1397]],[[175.0702,-37.1399],[175.0689,-37.1399],[175.0689,-37.1392],[175.0702,-37.1399]],[[175.0716,-37.1403],[175.0711,-37.14],[175.0714,-37.1399],[175.0716,-37.1403]],[[175.0561,-37.1089],[175.0559,-37.1089],[175.0561,-37.1086],[175.0561,-37.1089]],[[175.0941,-37.1005],[175.0938,-37.1004],[175.094,-37.1003],[175.0941,-37.1005]],[[175.1045,-37.115],[175.1035,-37.115],[175.1037,-37.1142],[175.1045,-37.115]],[[175.1214,-37.1248],[175.1202,-37.1244],[175.1216,-37.1245],[175.1214,-37.1248]],[[175.1248,-37.1408],[175.1247,-37.1408],[175.1247,-37.1406],[175.1248,-37.1408]],[[175.1289,-37.1382],[175.1288,-37.1382],[175.1289,-37.1381],[175.1289,-37.1382]],[[175.1366,-37.1422],[175.1365,-37.1422],[175.1365,-37.1421],[175.1366,-37.1421],[175.1366,-37.1422]],[[175.1214,-37.1144],[175.1207,-37.1144],[175.1207,-37.1143],[175.1214,-37.1143],[175.1214,-37.1144]],[[175.1003,-37.0925],[175.0992,-37.0922],[175.0994,-37.0917],[175.1003,-37.0925]],[[175.0991,-37.0921],[175.0979,-37.092],[175.0982,-37.0914],[175.0991,-37.0921]],[[175.095,-37.0879],[175.0946,-37.0879],[175.0946,-37.0878],[175.095,-37.0878],[175.095,-37.0879]],[[175.0627,-37.0132],[175.062,-37.013],[175.0629,-37.013],[175.0627,-37.0132]],[[175.0644,-37.0071],[175.0642,-37.007],[175.0644,-37.007],[175.0644,-37.0071]],[[175.0685,-37.0113],[175.068,-37.0113],[175.068,-37.0109],[175.0685,-37.0113]],[[175.0687,-37.0121],[175.0683,-37.0115],[175.0689,-37.012],[175.0687,-37.0121]],[[175.069,-37.0126],[175.069,-37.0124],[175.0692,-37.0124],[175.069,-37.0126]],[[175.0579,-36.9942],[175.0576,-36.994],[175.0579,-36.9937],[175.0579,-36.9942]],[[175.0629,-36.9965],[175.0617,-36.9958],[175.0624,-36.9954],[175.0629,-36.9965]],[[175.0591,-36.9743],[175.0593,-36.9723],[175.0603,-36.9738],[175.0591,-36.9743]],[[175.0771,-36.9815],[175.0767,-36.9815],[175.0767,-36.9812],[175.0771,-36.9812],[175.0771,-36.9815]],[[175.1458,-36.9995],[175.1457,-36.9993],[175.146,-36.9993],[175.1458,-36.9995]],[[175.1491,-37.0048],[175.1487,-37.0048],[175.1487,-37.0045],[175.1491,-37.0048]],[[175.089,-36.9612],[175.0881,-36.9601],[175.0888,-36.9599],[175.089,-36.9612]],[[175.0704,-36.9385],[175.0702,-36.9384],[175.0702,-36.9378],[175.0704,-36.9385]],[[175.0658,-36.9392],[175.0653,-36.9392],[175.0651,-36.9384],[175.0658,-36.9392]],[[175.0677,-36.9392],[175.0675,-36.9392],[175.0675,-36.9391],[175.0677,-36.9391],[175.0677,-36.9392]],[[175.0742,-36.9381],[175.0728,-36.938],[175.074,-36.9373],[175.0742,-36.9381]],[[175.0755,-36.9385],[175.0757,-36.9373],[175.0765,-36.9376],[175.0755,-36.9385]],[[175.0721,-36.9391],[175.0701,-36.9391],[175.0707,-36.938],[175.0721,-36.9391]],[[175.0694,-36.9392],[175.0682,-36.9392],[175.0695,-36.9391],[175.0694,-36.9392]],[[175.067,-36.9393],[175.0661,-36.9393],[175.0663,-36.9392],[175.067,-36.9393]],[[175.068,-36.9399],[175.0678,-36.9397],[175.0682,-36.9393],[175.0683,-36.9395],[175.068,-36.9399]],[[175.0728,-36.9402],[175.0726,-36.9397],[175.073,-36.9397],[175.0728,-36.9402]],[[175.0685,-36.9406],[175.0678,-36.9403],[175.0687,-36.94],[175.0685,-36.9406]],[[175.052,-36.968],[175.0518,-36.968],[175.0518,-36.9677],[175.052,-36.9677],[175.052,-36.968]],[[175.0561,-36.973],[175.0555,-36.973],[175.0557,-36.9726],[175.0561,-36.973]],[[175.048,-36.9736],[175.0477,-36.9733],[175.0486,-36.9728],[175.048,-36.9736]],[[175.0455,-36.9783],[175.0453,-36.9775],[175.0456,-36.9777],[175.0455,-36.9783]],[[175.0166,-36.9974],[175.017,-36.9967],[175.0175,-36.9969],[175.0166,-36.9974]],[[175.0134,-37.001],[175.0132,-37.0006],[175.0136,-37.0006],[175.0134,-37.001]],[[175.011,-37.0021],[175.0108,-37.0018],[175.0112,-37.0017],[175.0113,-37.0019],[175.011,-37.0021]],[[175.0105,-37.0023],[175.01,-37.0023],[175.0103,-37.0019],[175.0105,-37.0023]],[[175.0088,-37.0027],[175.0088,-37.0025],[175.0095,-37.0023],[175.0088,-37.0027]],[[175.0076,-37.0037],[175.0072,-37.0037],[175.0076,-37.0034],[175.0076,-37.0037]],[[175.006,-37.0047],[175.0057,-37.0047],[175.0062,-37.0045],[175.006,-37.0047]],[[175.004,-37.0049],[175.0038,-37.0045],[175.0043,-37.0047],[175.004,-37.0049]],[[175.0035,-37.0055],[175.0033,-37.0055],[175.0033,-37.0053],[175.0035,-37.0053],[175.0035,-37.0055]],[[175.0026,-37.0066],[175.0023,-37.0064],[175.0026,-37.0062],[175.0026,-37.0066]],[[175.0033,-37.0077],[175.0032,-37.0077],[175.0032,-37.0075],[175.0033,-37.0077]],[[175.0037,-37.0086],[175.003,-37.0086],[175.0032,-37.0083],[175.0037,-37.0086]],[[174.9984,-37.01],[174.9979,-37.0097],[174.9985,-37.0089],[174.9984,-37.01]],[[174.9972,-37.0106],[174.9968,-37.0104],[174.9973,-37.0097],[174.9977,-37.01],[174.9972,-37.0106]],[[174.995,-37.012],[174.9948,-37.0119],[174.9951,-37.0117],[174.995,-37.012]],[[174.9963,-37.0127],[174.9956,-37.012],[174.996,-37.0117],[174.9963,-37.0127]],[[174.995,-37.0128],[174.9948,-37.0128],[174.9951,-37.0126],[174.995,-37.0128]],[[174.9934,-37.0132],[174.9931,-37.0126],[174.9948,-37.012],[174.9934,-37.0132]],[[174.9859,-37.0156],[174.9917,-37.0124],[174.9926,-37.0139],[174.9859,-37.0156]],[[174.9851,-37.0173],[174.9842,-37.0171],[174.9857,-37.0162],[174.9851,-37.0173]],[[174.9886,-37.0184],[174.9883,-37.0184],[174.9883,-37.0181],[174.9886,-37.0184]],[[175.0023,-37.0097],[175.0021,-37.009],[175.0026,-37.0093],[175.0023,-37.0097]],[[175.0028,-37.0136],[175.0026,-37.0136],[175.0025,-37.0132],[175.0026,-37.0132],[175.0028,-37.0136]],[[175.0322,-36.9954],[175.032,-36.9954],[175.032,-36.9952],[175.0322,-36.9954]],[[175.031,-36.9982],[175.0317,-36.997],[175.032,-36.9976],[175.031,-36.9982]],[[175.0337,-36.9987],[175.0334,-36.9985],[175.0339,-36.9974],[175.0337,-36.9987]],[[175.033,-36.9988],[175.0328,-36.9988],[175.033,-36.9987],[175.033,-36.9988]],[[175.031,-37.0008],[175.0303,-37.0003],[175.0313,-36.9988],[175.031,-37.0008]],[[175.026,-37.001],[175.0248,-37.0007],[175.025,-37.0002],[175.026,-37.001]],[[175.0224,-37.0047],[175.0188,-36.9997],[175.0257,-36.9962],[175.0238,-37.0002],[175.0262,-37.0027],[175.0224,-37.0047]],[[175.0161,-37.0048],[175.0156,-37.0023],[175.0173,-37.0025],[175.0161,-37.0048]],[[175.0127,-37.0057],[175.0125,-37.0055],[175.0129,-37.0052],[175.0127,-37.0057]],[[175.016,-37.0081],[175.0158,-37.0074],[175.0163,-37.0071],[175.016,-37.0081]],[[175.017,-37.0082],[175.0166,-37.0074],[175.0173,-37.0072],[175.017,-37.0082]],[[175.0141,-37.0085],[175.013,-37.0081],[175.0137,-37.0074],[175.0141,-37.0085]],[[175.0137,-37.0092],[175.0132,-37.0092],[175.0136,-37.0087],[175.0137,-37.0092]],[[175.0137,-37.01],[175.0132,-37.01],[175.0134,-37.0093],[175.0137,-37.01]],[[175.0187,-37.0102],[175.018,-37.0102],[175.0178,-37.0101],[175.0185,-37.0101],[175.0187,-37.0102]],[[175.0211,-37.0104],[175.0197,-37.0104],[175.0197,-37.0102],[175.0211,-37.0102],[175.0211,-37.0104]],[[175.0175,-37.0105],[175.0175,-37.0104],[175.0177,-37.0104],[175.0175,-37.0105]],[[175.0171,-37.0109],[175.0171,-37.0108],[175.0173,-37.0106],[175.0173,-37.0108],[175.0171,-37.0109]],[[175.0153,-37.0135],[175.0137,-37.0132],[175.0154,-37.0108],[175.0153,-37.0135]],[[175.0045,-37.0138],[175.004,-37.0083],[175.0074,-37.0109],[175.0107,-37.0044],[175.0125,-37.0097],[175.0045,-37.0138]],[[174.9965,-37.0184],[174.9956,-37.0172],[174.9962,-37.0168],[174.9965,-37.0184]],[[174.9941,-37.0188],[174.9939,-37.018],[174.9955,-37.0173],[174.9941,-37.0188]],[[174.9873,-37.0211],[174.9861,-37.0205],[174.9859,-37.0198],[174.9873,-37.0211]],[[174.988,-37.0217],[174.9878,-37.0217],[174.9878,-37.0216],[174.988,-37.0217]],[[174.9898,-37.0221],[174.9903,-37.0213],[174.9909,-37.0214],[174.9898,-37.0221]],[[174.9917,-37.0235],[174.9919,-37.0232],[174.9921,-37.0233],[174.9917,-37.0235]],[[174.983,-37.0222],[174.983,-37.0221],[174.9832,-37.0221],[174.983,-37.0222]],[[174.9816,-37.0231],[174.9816,-37.0229],[174.9818,-37.0229],[174.9816,-37.0231]],[[174.9822,-37.0233],[174.982,-37.0233],[174.982,-37.0231],[174.9822,-37.0231],[174.9822,-37.0233]],[[174.9804,-37.0243],[174.9796,-37.0228],[174.9815,-37.0231],[174.9804,-37.0243]],[[174.9837,-37.024],[174.9835,-37.024],[174.9835,-37.0233],[174.9837,-37.0233],[174.9835,-37.0236],[174.9837,-37.024]],[[174.9994,-37.0259],[174.9992,-37.0258],[174.9996,-37.0256],[174.9994,-37.0259]],[[174.998,-37.0269],[174.9973,-37.0263],[174.9989,-37.0259],[174.998,-37.0269]],[[174.9963,-37.0271],[174.9963,-37.0269],[174.9965,-37.0269],[174.9963,-37.0271]],[[174.9972,-37.0281],[174.9965,-37.0274],[174.9973,-37.0277],[174.9972,-37.0281]],[[174.9972,-37.0284],[174.997,-37.0284],[174.9972,-37.0282],[174.9972,-37.0284]],[[174.9965,-37.0293],[174.9965,-37.0292],[174.997,-37.029],[174.9965,-37.0293]],[[175.0023,-37.0259],[175.0014,-37.0256],[175.0023,-37.0256],[175.0023,-37.0259]],[[174.9997,-37.0247],[175.0006,-37.0241],[175.0009,-37.0244],[174.9997,-37.0247]],[[175.0004,-37.0222],[175.0002,-37.022],[175.0006,-37.022],[175.0004,-37.0222]],[[175.026,-37.0059],[175.0257,-37.0056],[175.0262,-37.0055],[175.026,-37.0059]],[[175.0276,-37.0063],[175.0245,-37.0048],[175.0276,-37.004],[175.0276,-37.0063]],[[175.0241,-37.0109],[175.0221,-37.0105],[175.0248,-37.0074],[175.0241,-37.0109]],[[175.0245,-37.0111],[175.0243,-37.0111],[175.0243,-37.0109],[175.0245,-37.0109],[175.0245,-37.0111]],[[175.0209,-37.012],[175.0209,-37.0117],[175.0218,-37.0115],[175.0209,-37.012]],[[175.0267,-37.0124],[175.0264,-37.0123],[175.0265,-37.0119],[175.0267,-37.0124]],[[175.0185,-37.0176],[175.0163,-37.0175],[175.017,-37.0112],[175.0185,-37.0176]],[[175.0218,-37.0186],[175.0214,-37.0181],[175.0223,-37.0179],[175.0218,-37.0186]],[[175.006,-37.0271],[174.9987,-37.0243],[174.9979,-37.0206],[175.0013,-37.0226],[175.006,-37.0162],[175.0113,-37.0228],[175.0209,-37.0196],[175.006,-37.0271]],[[174.9941,-37.0376],[174.9936,-37.0372],[174.9946,-37.0365],[174.9941,-37.0376]],[[174.9929,-37.0431],[174.9926,-37.0429],[174.9926,-37.0427],[174.9929,-37.0431]],[[175.0045,-37.0466],[175.0042,-37.0463],[175.0045,-37.0462],[175.0045,-37.0466]],[[175.0212,-37.026],[175.0211,-37.0259],[175.0214,-37.0258],[175.0212,-37.026]],[[175.0093,-37.0334],[175.0107,-37.0318],[175.0115,-37.032],[175.0093,-37.0334]],[[175.0253,-37.021],[175.026,-37.0187],[175.027,-37.0196],[175.0253,-37.021]],[[175.031,-37.0269],[175.0308,-37.0269],[175.031,-37.0267],[175.031,-37.0269]],[[175.0351,-37.0188],[175.0346,-37.0188],[175.0346,-37.0186],[175.0351,-37.0188]],[[175.0337,-37.0191],[175.0334,-37.0191],[175.0335,-37.0188],[175.0337,-37.0191]],[[175.0335,-37.0194],[175.0334,-37.0194],[175.0334,-37.0192],[175.0335,-37.0192],[175.0335,-37.0194]],[[175.0378,-37.0206],[175.0373,-37.0203],[175.038,-37.0203],[175.0378,-37.0206]],[[175.0421,-37.0166],[175.0419,-37.0166],[175.0419,-37.0165],[175.0421,-37.0165],[175.0421,-37.0166]],[[175.0421,-37.0172],[175.0417,-37.0171],[175.0421,-37.0168],[175.0421,-37.0172]],[[175.0477,-37.0194],[175.0472,-37.0194],[175.0472,-37.0191],[175.0477,-37.0194]],[[175.0424,-37.0221],[175.0332,-37.0162],[175.0393,-37.0158],[175.0465,-37.0199],[175.0424,-37.0221]],[[175.0462,-37.0228],[175.0458,-37.0226],[175.046,-37.0225],[175.0462,-37.0228]],[[175.0467,-37.0229],[175.0463,-37.0229],[175.0468,-37.0228],[175.0467,-37.0229]],[[175.0509,-37.0229],[175.0508,-37.0226],[175.0511,-37.0226],[175.0509,-37.0229]],[[175.0497,-37.0233],[175.0472,-37.0218],[175.0499,-37.0218],[175.0497,-37.0233]],[[175.0544,-37.0258],[175.0538,-37.0244],[175.0547,-37.0247],[175.0544,-37.0258]],[[175.0557,-37.0284],[175.0554,-37.0284],[175.0554,-37.0282],[175.0557,-37.0282],[175.0557,-37.0284]],[[175.0588,-37.0262],[175.0583,-37.0259],[175.0586,-37.0256],[175.0588,-37.0262]],[[175.0593,-37.0267],[175.059,-37.0265],[175.0593,-37.0265],[175.0593,-37.0267]],[[175.0607,-37.0275],[175.06,-37.0273],[175.0617,-37.0274],[175.0607,-37.0275]],[[175.0637,-37.0267],[175.0634,-37.0267],[175.0636,-37.0266],[175.0637,-37.0267]],[[175.0315,-37.0025],[175.0317,-37.0014],[175.0322,-37.0022],[175.0315,-37.0025]],[[175.0825,-37.0514],[175.0825,-37.0513],[175.0827,-37.0513],[175.0825,-37.0514]],[[175.0847,-37.0603],[175.0841,-37.06],[175.0844,-37.0597],[175.0847,-37.0603]],[[175.0868,-37.0827],[175.0858,-37.0816],[175.0873,-37.0811],[175.0868,-37.0827]],[[175.0474,-37.1173],[175.0474,-37.117],[175.0475,-37.1169],[175.0474,-37.1173]],[[175.0443,-37.1189],[175.0436,-37.1189],[175.0445,-37.1187],[175.0443,-37.1189]],[[175.0472,-37.1207],[175.047,-37.12],[175.0475,-37.1203],[175.0472,-37.1207]],[[175.0311,-37.1369],[175.031,-37.1369],[175.0311,-37.1368],[175.0311,-37.1369]],[[175.0393,-37.1402],[175.0392,-37.1402],[175.0392,-37.14],[175.0393,-37.14],[175.0393,-37.1402]],[[175.039,-37.1403],[175.0388,-37.1403],[175.0388,-37.1402],[175.039,-37.1402],[175.039,-37.1403]],[[175.0402,-37.1408],[175.0398,-37.1408],[175.0398,-37.1406],[175.0402,-37.1408]],[[175.0393,-37.1414],[175.0392,-37.1412],[175.0395,-37.141],[175.0393,-37.1414]],[[175.0392,-37.1418],[175.039,-37.1416],[175.0393,-37.1416],[175.0392,-37.1418]],[[175.045,-37.1427],[175.0416,-37.1403],[175.0426,-37.1365],[175.045,-37.1427]],[[175.0419,-37.1433],[175.0417,-37.1433],[175.0417,-37.1431],[175.0419,-37.1431],[175.0419,-37.1433]],[[175.0383,-37.1494],[175.0381,-37.1494],[175.0381,-37.1493],[175.0383,-37.1493],[175.0383,-37.1494]]]}},{"type":"Feature","properties":{},"geometry":{"type":"Polygon","coordinates":[[[174.7046,-37.2466],[174.7103,-37.2381],[174.7171,-37.2368],[174.7092,-37.2374],[174.7046,-37.2466]],[[174.7147,-37.2363],[174.7144,-37.2363],[174.7144,-37.2361],[174.7147,-37.2361],[174.7147,-37.2363]],[[174.7156,-37.2364],[174.7149,-37.2363],[174.7154,-37.2361],[174.7156,-37.2364]],[[174.7137,-37.2367],[174.7135,-37.2366],[174.714,-37.2363],[174.7137,-37.2367]],[[174.7149,-37.2371],[174.7145,-37.2371],[174.7145,-37.2368],[174.7149,-37.2371]],[[174.7072,-37.2444],[174.707,-37.2444],[174.707,-37.2443],[174.7072,-37.2443],[174.7072,-37.2444]]]}},{"type":"Feature","properties":{},"geometry":{"type":"Polygon","coordinates":[[[175.3544,-36.1101],[175.3561,-36.1065],[175.3527,-36.1087],[175.3544,-36.1101]]]}},{"type":"Feature","properties":{},"geometry":{"type":"Polygon","coordinates":[[[174.9164,-37.1493],[174.9152,-37.143],[174.9183,-37.1433],[174.9141,-37.1392],[174.9164,-37.1493]]]}},{"type":"Feature","properties":{},"geometry":{"type":"Polygon","coordinates":[[[174.2076,-36.4439],[174.212,-36.4424],[174.2103,-36.4399],[174.2076,-36.4439]],[[174.211,-36.4424],[174.21,-36.4424],[174.2102,-36.4421],[174.211,-36.4424]],[[174.2085,-36.4433],[174.2083,-36.4433],[174.2085,-36.4432],[174.2085,-36.4433]]]}},{"type":"Feature","properties":{},"geometry":{"type":"Polygon","coordinates":[[[174.6661,-36.9133],[174.6768,-36.9108],[174.6661,-36.911],[174.6661,-36.9133]]]}},{"type":"Feature","properties":{},"geometry":{"type":"Polygon","coordinates":[[[174.1868,-36.458],[174.1888,-36.456],[174.1873,-36.4554],[174.1868,-36.458]]]}},{"type":"Feature","properties":{},"geometry":{"type":"Polygon","coordinates":[[[175.0574,-36.2207],[175.0608,-36.2183],[175.052,-36.2174],[175.0515,-36.2195],[175.0574,-36.2207]],[[175.0578,-36.2199],[175.0576,-36.2199],[175.0576,-36.2198],[175.0578,-36.2198],[175.0578,-36.2199]]]}},{"type":"Feature","properties":{},"geometry":{"type":"Polygon","coordinates":[[[175.0622,-36.2227],[175.0605,-36.2203],[175.0585,-36.22],[175.0622,-36.2227]]]}},{"type":"Feature","properties":{},"geometry":{"type":"Polygon","coordinates":[[[174.4889,-36.9837],[174.4933,-36.9831],[174.4904,-36.9818],[174.4889,-36.9837]]]}},{"type":"Feature","properties":{},"geometry":{"type":"Polygon","coordinates":[[[174.4769,-36.9907],[174.4812,-36.9869],[174.4795,-36.9783],[174.4771,-36.9861],[174.4728,-36.9865],[174.4769,-36.9907]],[[174.4778,-36.9903],[174.4776,-36.9903],[174.478,-36.9901],[174.4778,-36.9903]]]}},{"type":"Feature","properties":{},"geometry":{"type":"Polygon","coordinates":[[[174.7101,-36.8898],[174.7065,-36.8918],[174.7108,-36.8917],[174.7109,-36.8942],[174.7101,-36.8898]]]}},{"type":"Feature","properties":{},"geometry":{"type":"Polygon","coordinates":[[[174.6446,-36.9627],[174.6469,-36.9624],[174.6476,-36.9515],[174.641,-36.9569],[174.634,-36.9553],[174.6434,-36.9586],[174.6408,-36.9614],[174.6446,-36.9627]],[[174.6469,-36.9558],[174.6468,-36.9557],[174.6468,-36.9556],[174.6469,-36.9557],[174.6469,-36.9558]],[[174.6379,-36.9547],[174.6377,-36.9547],[174.6377,-36.9545],[174.6379,-36.9547]]]}},{"type":"Feature","properties":{},"geometry":{"type":"Polygon","coordinates":[[[175.4862,-36.2762],[175.4928,-36.2697],[175.4867,-36.2619],[175.4899,-36.2593],[175.4834,-36.2624],[175.4826,-36.2682],[175.4773,-36.2678],[175.479,-36.2717],[175.4759,-36.2746],[175.4899,-36.2688],[175.4862,-36.2762]],[[175.4852,-36.2613],[175.4852,-36.2611],[175.4853,-36.2611],[175.4852,-36.2613]],[[175.48,-36.2706],[175.4797,-36.2703],[175.4802,-36.2702],[175.48,-36.2706]]]}},{"type":"Feature","properties":{},"geometry":{"type":"Polygon","coordinates":[[[175.5178,-36.293],[175.5113,-36.279],[175.5053,-36.2754],[175.5077,-36.2722],[175.492,-36.2663],[175.4971,-36.2696],[175.4986,-36.277],[175.498,-36.2728],[175.5102,-36.2838],[175.5101,-36.2817],[175.5137,-36.2836],[175.5123,-36.2898],[175.5157,-36.2886],[175.5178,-36.293]],[[175.5079,-36.277],[175.5077,-36.277],[175.5077,-36.2769],[175.5079,-36.2769],[175.5079,-36.277]],[[175.5119,-36.2819],[175.5118,-36.2819],[175.5118,-36.2816],[175.5119,-36.2816],[175.5119,-36.2819]]]}},{"type":"Feature","properties":{},"geometry":{"type":"Polygon","coordinates":[[[174.7894,-36.9703],[174.7893,-36.9646],[174.7987,-36.9631],[174.7947,-36.9557],[174.7864,-36.9556],[174.786,-36.9579],[174.7867,-36.956],[174.7951,-36.9606],[174.786,-36.965],[174.7894,-36.9703]],[[174.7988,-36.9625],[174.7987,-36.9625],[174.7987,-36.9623],[174.7988,-36.9623],[174.7988,-36.9625]],[[174.7898,-36.9573],[174.7896,-36.9573],[174.7896,-36.9572],[174.7898,-36.9572],[174.7898,-36.9573]],[[174.7934,-36.9579],[174.7925,-36.9572],[174.7927,-36.9571],[174.7934,-36.9579]],[[174.7912,-36.9583],[174.7907,-36.958],[174.7912,-36.9577],[174.7912,-36.9583]],[[174.7968,-36.9613],[174.7947,-36.9599],[174.7954,-36.9598],[174.7968,-36.9613]],[[174.7968,-36.9616],[174.7965,-36.9616],[174.7965,-36.9614],[174.7968,-36.9614],[174.7968,-36.9616]],[[174.7888,-36.9648],[174.7883,-36.9647],[174.7886,-36.9643],[174.7888,-36.9648]],[[174.7896,-36.9657],[174.7894,-36.9655],[174.7896,-36.9654],[174.7896,-36.9657]],[[174.7893,-36.9662],[174.7886,-36.9662],[174.7891,-36.9659],[174.7893,-36.9662]],[[174.7883,-36.9665],[174.7879,-36.9662],[174.7884,-36.9661],[174.7883,-36.9665]],[[174.7886,-36.9668],[174.7884,-36.9665],[174.7888,-36.9665],[174.7886,-36.9668]],[[174.7894,-36.9688],[174.7891,-36.9688],[174.7891,-36.9685],[174.7894,-36.9688]]]}},{"type":"Feature","properties":{},"geometry":{"type":"Polygon","coordinates":[[[174.6594,-37.2019],[174.6702,-37.1937],[174.6864,-37.1882],[174.684,-37.1939],[174.6874,-37.1888],[174.6968,-37.1852],[174.6703,-37.1875],[174.6806,-37.1876],[174.6724,-37.1933],[174.6632,-37.1936],[174.6674,-37.1951],[174.664,-37.1995],[174.6548,-37.2012],[174.6594,-37.2019]],[[174.683,-37.1883],[174.6828,-37.1883],[174.6828,-37.1882],[174.683,-37.1882],[174.683,-37.1883]],[[174.6801,-37.1856],[174.6799,-37.1856],[174.6799,-37.1853],[174.6801,-37.1853],[174.6801,-37.1856]]]}},{"type":"Feature","properties":{},"geometry":{"type":"Polygon","coordinates":[[[174.7063,-37.1459],[174.7116,-37.1429],[174.706,-37.144],[174.7063,-37.1459]]]}},{"type":"Feature","properties":{},"geometry":{"type":"Polygon","coordinates":[[[174.7678,-36.9137],[174.7691,-36.9112],[174.7674,-36.9111],[174.7678,-36.9137]],[[174.7678,-36.9123],[174.7676,-36.9123],[174.7676,-36.9122],[174.7678,-36.9122],[174.7678,-36.9123]]]}},{"type":"Feature","properties":{},"geometry":{"type":"Polygon","coordinates":[[[174.3273,-36.6631],[174.3257,-36.6596],[174.3245,-36.6607],[174.3273,-36.6631]]]}},{"type":"Feature","properties":{},"geometry":{"type":"Polygon","coordinates":[[[174.3185,-36.6635],[174.318,-36.6601],[174.3167,-36.6607],[174.3185,-36.6635]]]}},{"type":"Feature","properties":{},"geometry":{"type":"Polygon","coordinates":[[[174.3244,-36.6635],[174.3226,-36.6601],[174.3211,-36.6616],[174.3244,-36.6635]],[[174.3216,-36.6607],[174.3216,-36.6603],[174.322,-36.6603],[174.3216,-36.6607]],[[174.3221,-36.6623],[174.3216,-36.6618],[174.3218,-36.6616],[174.3221,-36.6623]]]}},{"type":"Feature","properties":{},"geometry":{"type":"Polygon","coordinates":[[[174.3274,-36.6659],[174.3242,-36.6638],[174.3238,-36.6652],[174.3274,-36.6659]]]}},{"type":"Feature","properties":{},"geometry":{"type":"Polygon","coordinates":[[[174.3179,-36.6663],[174.3194,-36.6649],[174.3145,-36.6614],[174.3179,-36.6663]],[[174.3158,-36.6623],[174.3155,-36.6623],[174.3157,-36.662],[174.3158,-36.6623]],[[174.3157,-36.663],[174.3155,-36.6627],[174.3157,-36.6626],[174.3158,-36.6629],[174.3157,-36.663]],[[174.3165,-36.663],[174.3162,-36.6629],[174.3165,-36.6629],[174.3165,-36.663]],[[174.3184,-36.6649],[174.3184,-36.6648],[174.3185,-36.6648],[174.3184,-36.6649]],[[174.3187,-36.665],[174.3185,-36.665],[174.3189,-36.6648],[174.3187,-36.665]]]}},{"type":"Feature","properties":{},"geometry":{"type":"Polygon","coordinates":[[[174.337,-36.6731],[174.3288,-36.6661],[174.3312,-36.6713],[174.3329,-36.6692],[174.337,-36.6731]]]}},{"type":"Feature","properties":{},"geometry":{"type":"Polygon","coordinates":[[[174.3302,-36.6819],[174.3319,-36.6808],[174.3283,-36.6789],[174.3317,-36.6767],[174.3257,-36.6759],[174.329,-36.6742],[174.3254,-36.6698],[174.3213,-36.6707],[174.3228,-36.6655],[174.3185,-36.6666],[174.3302,-36.6819]],[[174.3262,-36.6738],[174.3259,-36.6734],[174.3264,-36.6733],[174.3262,-36.6738]],[[174.3279,-36.6748],[174.3274,-36.6746],[174.3278,-36.6745],[174.3279,-36.6748]],[[174.322,-36.6659],[174.3215,-36.6659],[174.3215,-36.6657],[174.322,-36.6659]],[[174.3209,-36.6659],[174.3206,-36.6659],[174.3206,-36.6657],[174.3209,-36.6657],[174.3209,-36.6659]],[[174.3218,-36.6697],[174.3216,-36.6697],[174.3216,-36.6696],[174.3218,-36.6696],[174.3218,-36.6697]],[[174.325,-36.6708],[174.3245,-36.67],[174.3249,-36.67],[174.325,-36.6708]],[[174.3252,-36.6712],[174.3247,-36.6711],[174.325,-36.6709],[174.3252,-36.6712]],[[174.3245,-36.6713],[174.3242,-36.6711],[174.3242,-36.6708],[174.3245,-36.6713]],[[174.325,-36.6716],[174.3247,-36.6715],[174.3249,-36.6713],[174.325,-36.6716]],[[174.3235,-36.6729],[174.3233,-36.6729],[174.3233,-36.6727],[174.3235,-36.6727],[174.3235,-36.6729]],[[174.3242,-36.6729],[174.324,-36.6729],[174.324,-36.6727],[174.3242,-36.6727],[174.3242,-36.6729]],[[174.3259,-36.6722],[174.3252,-36.6718],[174.3256,-36.6718],[174.3259,-36.6722]],[[174.3271,-36.6724],[174.3267,-36.6724],[174.3266,-36.672],[174.3271,-36.6724]],[[174.3254,-36.6729],[174.3244,-36.6718],[174.3256,-36.6723],[174.3254,-36.6729]],[[174.3257,-36.6731],[174.3256,-36.6729],[174.3259,-36.6729],[174.3257,-36.6731]],[[174.3237,-36.6735],[174.3237,-36.6734],[174.3238,-36.6734],[174.3237,-36.6735]],[[174.3262,-36.677],[174.3261,-36.6767],[174.3264,-36.6767],[174.3262,-36.677]],[[174.3281,-36.6774],[174.3278,-36.6774],[174.3278,-36.6772],[174.3281,-36.6772],[174.3281,-36.6774]],[[174.3307,-36.6771],[174.33,-36.676],[174.3305,-36.6761],[174.3307,-36.6771]],[[174.3295,-36.6781],[174.3291,-36.6768],[174.3295,-36.6772],[174.3295,-36.6781]],[[174.3267,-36.6797],[174.3269,-36.6793],[174.3271,-36.6793],[174.3267,-36.6797]]]}},{"type":"Feature","properties":{},"geometry":{"type":"Polygon","coordinates":[[[174.3344,-36.6819],[174.338,-36.68],[174.3346,-36.679],[174.3344,-36.6819]],[[174.3341,-36.6794],[174.3341,-36.6793],[174.3343,-36.6793],[174.3341,-36.6794]],[[174.3344,-36.6804],[174.3341,-36.6804],[174.3341,-36.6802],[174.3344,-36.6802],[174.3344,-36.6804]],[[174.3344,-36.6808],[174.3341,-36.6808],[174.3341,-36.6807],[174.3344,-36.6807],[174.3344,-36.6808]]]}},{"type":"Feature","properties":{},"geometry":{"type":"Polygon","coordinates":[[[174.919,-37.053],[174.9245,-37.0502],[174.9168,-37.0474],[174.919,-37.053]],[[174.919,-37.0499],[174.9183,-37.0492],[174.9195,-37.0481],[174.919,-37.0499]]]}},{"type":"Feature","properties":{},"geometry":{"type":"Polygon","coordinates":[[[174.75,-36.8914],[174.7516,-36.8903],[174.7478,-36.8901],[174.75,-36.8914]]]}},{"type":"Feature","properties":{},"geometry":{"type":"Polygon","coordinates":[[[174.754,-36.8925],[174.7562,-36.8917],[174.7521,-36.8906],[174.754,-36.8925]]]}},{"type":"Feature","properties":{},"geometry":{"type":"Polygon","coordinates":[[[174.5536,-37.0826],[174.5573,-37.0793],[174.5459,-37.0812],[174.5536,-37.0826]]]}},{"type":"Feature","properties":{},"geometry":{"type":"Polygon","coordinates":[[[174.733,-36.8928],[174.7328,-36.8902],[174.7302,-36.8898],[174.733,-36.8928]]]}},{"type":"Feature","properties":{},"geometry":{"type":"Polygon","coordinates":[[[174.7463,-36.9034],[174.7485,-36.8998],[174.7463,-36.9028],[174.741,-36.8998],[174.7408,-36.8948],[174.7451,-36.8965],[174.7386,-36.8957],[174.7371,-36.8879],[174.7277,-36.8832],[174.7239,-36.877],[174.7248,-36.8841],[174.7285,-36.8838],[174.7277,-36.8913],[174.7282,-36.8872],[174.7318,-36.8858],[174.7369,-36.8903],[174.7365,-36.8966],[174.7463,-36.9034]],[[174.7331,-36.8876],[174.733,-36.8876],[174.733,-36.8875],[174.7331,-36.8875],[174.7331,-36.8876]],[[174.7374,-36.8914],[174.7371,-36.891],[174.7376,-36.891],[174.7374,-36.8914]],[[174.7384,-36.8969],[174.7379,-36.8964],[174.7386,-36.8965],[174.7384,-36.8969]],[[174.7383,-36.8976],[174.7381,-36.8973],[174.7384,-36.8973],[174.7383,-36.8976]]]}},{"type":"Feature","properties":{},"geometry":{"type":"Polygon","coordinates":[[[174.261,-36.5694],[174.261,-36.5755],[174.2631,-36.5745],[174.261,-36.5694]]]}},{"type":"Feature","properties":{},"geometry":{"type":"Polygon","coordinates":[[[175.4771,-36.2284],[175.4845,-36.2216],[175.4821,-36.2194],[175.4761,-36.2261],[175.4771,-36.2284]]]}},{"type":"Feature","properties":{},"geometry":{"type":"Polygon","coordinates":[[[174.9019,-37.1501],[174.9187,-37.1306],[174.9216,-37.1312],[174.9209,-37.1241],[174.9171,-37.125],[174.9171,-37.1329],[174.9028,-37.1457],[174.9019,-37.1501]],[[174.9175,-37.1324],[174.9175,-37.1323],[174.9176,-37.1323],[174.9175,-37.1324]]]}},{"type":"Feature","properties":{},"geometry":{"type":"Polygon","coordinates":[[[174.4263,-36.7724],[174.4314,-36.7711],[174.43,-36.77],[174.4263,-36.7724]]]}},{"type":"Feature","properties":{},"geometry":{"type":"Polygon","coordinates":[[[174.7499,-36.8789],[174.7555,-36.8759],[174.7464,-36.8781],[174.7482,-36.8744],[174.7463,-36.8752],[174.7499,-36.8789]],[[174.7523,-36.8767],[174.7521,-36.8767],[174.7521,-36.8766],[174.7523,-36.8766],[174.7523,-36.8767]],[[174.7482,-36.8783],[174.7475,-36.8781],[174.7483,-36.8781],[174.7482,-36.8783]]]}},{"type":"Feature","properties":{},"geometry":{"type":"Polygon","coordinates":[[[174.346,-36.6913],[174.3457,-36.6848],[174.343,-36.6824],[174.346,-36.6913]]]}},{"type":"Feature","properties":{},"geometry":{"type":"Polygon","coordinates":[[[174.3541,-36.6954],[174.3566,-36.6938],[174.3554,-36.6928],[174.3541,-36.6954]],[[174.3539,-36.6945],[174.3537,-36.6943],[174.3542,-36.6942],[174.3539,-36.6945]]]}},{"type":"Feature","properties":{},"geometry":{"type":"Polygon","coordinates":[[[174.3442,-36.6958],[174.345,-36.6916],[174.3409,-36.6875],[174.3442,-36.6958]],[[174.3404,-36.6876],[174.3402,-36.6876],[174.3402,-36.6874],[174.3404,-36.6874],[174.3404,-36.6876]],[[174.3407,-36.6886],[174.3406,-36.6886],[174.3406,-36.6885],[174.3407,-36.6885],[174.3407,-36.6886]],[[174.3431,-36.6945],[174.343,-36.6945],[174.343,-36.6943],[174.3431,-36.6943],[174.3431,-36.6945]]]}},{"type":"Feature","properties":{},"geometry":{"type":"Polygon","coordinates":[[[174.3483,-36.6987],[174.3472,-36.6952],[174.3453,-36.696],[174.3483,-36.6987]],[[174.346,-36.6965],[174.3459,-36.6965],[174.3459,-36.6964],[174.346,-36.6964],[174.346,-36.6965]]]}},{"type":"Feature","properties":{},"geometry":{"type":"Polygon","coordinates":[[[174.3646,-36.7008],[174.367,-36.6993],[174.364,-36.6991],[174.3646,-36.7008]]]}},{"type":"Feature","properties":{},"geometry":{"type":"Polygon","coordinates":[[[174.3621,-36.7015],[174.3626,-36.6983],[174.3588,-36.6971],[174.3621,-36.7015]],[[174.3626,-36.6975],[174.3622,-36.6975],[174.3622,-36.6974],[174.3626,-36.6974],[174.3626,-36.6975]]]}},{"type":"Feature","properties":{},"geometry":{"type":"Polygon","coordinates":[[[174.3585,-36.705],[174.3489,-36.69],[174.3489,-36.6934],[174.3585,-36.705]],[[174.3489,-36.6919],[174.3484,-36.6917],[174.3486,-36.6916],[174.3489,-36.6919]]]}},{"type":"Feature","properties":{},"geometry":{"type":"Polygon","coordinates":[[[174.3648,-36.709],[174.366,-36.7078],[174.3619,-36.7032],[174.3648,-36.709]],[[174.3643,-36.7076],[174.3641,-36.7076],[174.3641,-36.7075],[174.3643,-36.7075],[174.3643,-36.7076]]]}},{"type":"Feature","properties":{},"geometry":{"type":"Polygon","coordinates":[[[174.3621,-36.7098],[174.359,-36.7057],[174.3593,-36.709],[174.3621,-36.7098]],[[174.3599,-36.7087],[174.3597,-36.7087],[174.3597,-36.7084],[174.3599,-36.7084],[174.3599,-36.7087]]]}},{"type":"Feature","properties":{},"geometry":{"type":"Polygon","coordinates":[[[174.3653,-36.7138],[174.367,-36.7125],[174.3636,-36.7101],[174.3653,-36.7138]]]}},{"type":"Feature","properties":{},"geometry":{"type":"Polygon","coordinates":[[[174.3704,-36.7229],[174.3692,-36.7162],[174.3672,-36.7166],[174.3704,-36.7229]]]}},{"type":"Feature","properties":{},"geometry":{"type":"Polygon","coordinates":[[[174.3657,-36.7232],[174.3677,-36.7229],[174.3602,-36.7165],[174.3653,-36.7139],[174.3595,-36.7161],[174.3616,-36.7128],[174.359,-36.7157],[174.3576,-36.7088],[174.351,-36.7069],[174.3523,-36.7031],[174.3493,-36.7002],[174.3484,-36.7042],[174.3452,-36.702],[174.3355,-36.6823],[174.3337,-36.6834],[174.3322,-36.6876],[174.35,-36.7123],[174.3563,-36.7117],[174.3539,-36.7165],[174.3599,-36.7173],[174.3617,-36.7184],[174.3578,-36.7194],[174.3657,-36.7232]],[[174.3636,-36.7195],[174.3634,-36.7195],[174.3634,-36.7194],[174.3636,-36.7194],[174.3636,-36.7195]],[[174.3624,-36.718],[174.3622,-36.718],[174.3626,-36.7177],[174.3622,-36.7175],[174.3624,-36.7172],[174.3626,-36.7176],[174.3624,-36.718]],[[174.3633,-36.7153],[174.3631,-36.7153],[174.3634,-36.715],[174.3633,-36.7153]],[[174.3629,-36.7162],[174.3628,-36.7162],[174.3629,-36.7161],[174.3629,-36.7162]],[[174.3498,-36.7047],[174.3488,-36.7046],[174.3491,-36.7041],[174.3498,-36.7047]],[[174.3348,-36.6831],[174.3344,-36.6831],[174.3344,-36.6828],[174.3348,-36.6831]],[[174.3353,-36.6831],[174.3351,-36.6831],[174.3351,-36.6828],[174.3353,-36.6828],[174.3351,-36.683],[174.3353,-36.6831]],[[174.3337,-36.6844],[174.3334,-36.6842],[174.3339,-36.6841],[174.3337,-36.6844]],[[174.3341,-36.6848],[174.3337,-36.6848],[174.3339,-36.6845],[174.3341,-36.6848]],[[174.3341,-36.6861],[174.3339,-36.6861],[174.3343,-36.6859],[174.3341,-36.6861]],[[174.3349,-36.6861],[174.3348,-36.686],[174.3348,-36.6859],[174.3349,-36.686],[174.3349,-36.6861]],[[174.3337,-36.6865],[174.3336,-36.6865],[174.3337,-36.6863],[174.3337,-36.6865]],[[174.3336,-36.6868],[174.3331,-36.6868],[174.3332,-36.6867],[174.3336,-36.6868]],[[174.3349,-36.6886],[174.3348,-36.6885],[174.3349,-36.6885],[174.3349,-36.6886]],[[174.3355,-36.6889],[174.3351,-36.6886],[174.3355,-36.6886],[174.3355,-36.6889]],[[174.3394,-36.69],[174.3389,-36.69],[174.3389,-36.6897],[174.3394,-36.69]],[[174.338,-36.6912],[174.3375,-36.6911],[174.338,-36.6908],[174.338,-36.6912]],[[174.3372,-36.6916],[174.3372,-36.6912],[174.3375,-36.6912],[174.3372,-36.6916]],[[174.3399,-36.6927],[174.3395,-36.6924],[174.3397,-36.6923],[174.3399,-36.6927]],[[174.3402,-36.6935],[174.3401,-36.6932],[174.3404,-36.6934],[174.3402,-36.6935]],[[174.3406,-36.6942],[174.3404,-36.6939],[174.3407,-36.6941],[174.3406,-36.6942]],[[174.3424,-36.7001],[174.3419,-36.6998],[174.3423,-36.6997],[174.3424,-36.7001]],[[174.3421,-36.7005],[174.3416,-36.7004],[174.3419,-36.7002],[174.3421,-36.7005]],[[174.3464,-36.7008],[174.3462,-36.7008],[174.3462,-36.7006],[174.3464,-36.7006],[174.3464,-36.7008]],[[174.3506,-36.7068],[174.3503,-36.7067],[174.3508,-36.7067],[174.3506,-36.7068]],[[174.352,-36.7076],[174.3517,-36.7073],[174.352,-36.7073],[174.352,-36.7076]],[[174.3534,-36.7093],[174.3535,-36.7088],[174.3535,-36.7091],[174.3534,-36.7093]],[[174.3539,-36.7095],[174.3537,-36.7095],[174.3535,-36.7093],[174.3537,-36.7093],[174.3539,-36.7095]],[[174.3541,-36.7098],[174.3539,-36.7098],[174.3539,-36.7097],[174.3541,-36.7098]],[[174.3544,-36.7099],[174.3542,-36.7099],[174.3542,-36.7098],[174.3544,-36.7098],[174.3544,-36.7099]],[[174.3506,-36.7101],[174.3515,-36.7084],[174.3498,-36.7086],[174.3525,-36.7079],[174.3506,-36.7101]],[[174.3522,-36.712],[174.352,-36.712],[174.352,-36.7119],[174.3522,-36.712]],[[174.3559,-36.711],[174.3556,-36.711],[174.3556,-36.7109],[174.3559,-36.711]],[[174.3564,-36.7112],[174.3564,-36.7102],[174.357,-36.7101],[174.3564,-36.7112]],[[174.3558,-36.7114],[174.3556,-36.7114],[174.3556,-36.7113],[174.3558,-36.7113],[174.3558,-36.7114]],[[174.3539,-36.7125],[174.3537,-36.7125],[174.3537,-36.7123],[174.3539,-36.7125]],[[174.3583,-36.7123],[174.3575,-36.7121],[174.3576,-36.7116],[174.3583,-36.7123]],[[174.359,-36.7123],[174.3588,-36.7121],[174.3593,-36.712],[174.359,-36.7123]],[[174.3564,-36.7128],[174.3563,-36.7128],[174.3563,-36.7127],[174.3564,-36.7127],[174.3564,-36.7128]],[[174.357,-36.7128],[174.357,-36.7127],[174.3571,-36.7127],[174.357,-36.7128]],[[174.3558,-36.7131],[174.3556,-36.7131],[174.3558,-36.713],[174.3558,-36.7131]],[[174.3575,-36.7139],[174.3571,-36.7138],[174.3573,-36.7136],[174.3575,-36.7139]],[[174.3575,-36.7142],[174.3573,-36.7142],[174.3573,-36.714],[174.3575,-36.714],[174.3575,-36.7142]],[[174.3541,-36.715],[174.3544,-36.7146],[174.3556,-36.7147],[174.3541,-36.715]],[[174.3559,-36.7151],[174.3554,-36.715],[174.3559,-36.7149],[174.3559,-36.7151]],[[174.3552,-36.716],[174.3549,-36.7158],[174.3552,-36.7158],[174.3552,-36.716]],[[174.3566,-36.7158],[174.3564,-36.7156],[174.3568,-36.7156],[174.3566,-36.7158]],[[174.3559,-36.716],[174.3554,-36.7158],[174.3561,-36.7151],[174.3559,-36.716]],[[174.3576,-36.7161],[174.3575,-36.7161],[174.3576,-36.716],[174.3575,-36.7158],[174.3576,-36.7161]],[[174.3573,-36.7164],[174.3571,-36.7164],[174.3571,-36.7162],[174.3573,-36.7162],[174.3573,-36.7164]],[[174.3576,-36.7164],[174.3575,-36.7162],[174.3576,-36.7162],[174.3576,-36.7164]],[[174.3546,-36.7171],[174.3542,-36.7171],[174.3542,-36.7169],[174.3546,-36.7169],[174.3546,-36.7171]],[[174.3583,-36.7179],[174.358,-36.7177],[174.3582,-36.7176],[174.3583,-36.7179]],[[174.3609,-36.7175],[174.3607,-36.7175],[174.3607,-36.7172],[174.3609,-36.7175]],[[174.357,-36.7199],[174.3568,-36.7199],[174.3568,-36.7197],[174.357,-36.7197],[174.357,-36.7199]],[[174.365,-36.7227],[174.3648,-36.7227],[174.3648,-36.7225],[174.365,-36.7225],[174.365,-36.7227]],[[174.3669,-36.7227],[174.3667,-36.7227],[174.367,-36.7224],[174.3669,-36.7227]]]}},{"type":"Feature","properties":{},"geometry":{"type":"Polygon","coordinates":[[[174.3703,-36.7261],[174.3704,-36.7232],[174.3643,-36.7234],[174.3703,-36.7261]]]}},{"type":"Feature","properties":{},"geometry":{"type":"Polygon","coordinates":[[[174.6862,-37.1494],[174.6874,-37.1476],[174.6835,-37.1485],[174.6862,-37.1494]]]}},{"type":"Feature","properties":{},"geometry":{"type":"Polygon","coordinates":[[[174.7041,-37.1414],[174.7084,-37.137],[174.7021,-37.1384],[174.7041,-37.1414]],[[174.7063,-37.1377],[174.7058,-37.1377],[174.706,-37.1372],[174.7063,-37.1377]],[[174.7041,-37.138],[174.7039,-37.138],[174.7039,-37.1378],[174.7041,-37.1378],[174.7041,-37.138]],[[174.7045,-37.138],[174.7043,-37.138],[174.7043,-37.1378],[174.7045,-37.1378],[174.7045,-37.138]]]}},{"type":"Feature","properties":{},"geometry":{"type":"Polygon","coordinates":[[[174.2685,-36.3173],[174.2673,-36.3146],[174.2662,-36.3161],[174.2685,-36.3173]]]}},{"type":"Feature","properties":{},"geometry":{"type":"Polygon","coordinates":[[[174.3849,-36.3158],[174.3865,-36.3124],[174.3843,-36.3121],[174.3849,-36.3158]]]}},{"type":"Feature","properties":{},"geometry":{"type":"Polygon","coordinates":[[[175.1754,-36.8488],[175.1844,-36.8476],[175.1844,-36.8462],[175.1754,-36.8488]]]}},{"type":"Feature","properties":{},"geometry":{"type":"Polygon","coordinates":[[[174.6488,-37.0686],[174.6608,-37.0656],[174.655,-37.0643],[174.6553,-37.0665],[174.6463,-37.0679],[174.6367,-37.063],[174.6391,-37.0664],[174.6488,-37.0686]]]}},{"type":"Feature","properties":{},"geometry":{"type":"Polygon","coordinates":[[[174.3948,-36.7221],[174.3919,-36.725],[174.3964,-36.724],[174.3948,-36.7221]]]}},{"type":"Feature","properties":{},"geometry":{"type":"Polygon","coordinates":[[[174.4099,-36.7595],[174.4085,-36.7555],[174.4049,-36.7554],[174.4099,-36.7595]]]}},{"type":"Feature","properties":{},"geometry":{"type":"Polygon","coordinates":[[[174.3047,-36.5935],[174.3005,-36.5933],[174.2979,-36.5967],[174.3047,-36.5935]]]}},{"type":"Feature","properties":{},"geometry":{"type":"Polygon","coordinates":[[[174.1977,-36.5218],[174.1962,-36.5159],[174.1941,-36.5195],[174.1977,-36.5218]],[[174.1974,-36.5207],[174.1972,-36.5207],[174.1972,-36.5206],[174.1974,-36.5206],[174.1974,-36.5207]]]}},{"type":"Feature","properties":{},"geometry":{"type":"Polygon","coordinates":[[[174.6585,-36.7975],[174.6638,-36.7956],[174.6608,-36.7954],[174.6585,-36.7975]]]}},{"type":"Feature","properties":{},"geometry":{"type":"Polygon","coordinates":[[[174.4365,-36.8072],[174.4341,-36.8054],[174.4314,-36.807],[174.4365,-36.8072]]]}},{"type":"Feature","properties":{},"geometry":{"type":"Polygon","coordinates":[[[174.4196,-36.8077],[174.4293,-36.8048],[174.4215,-36.8046],[174.4196,-36.8077]]]}},{"type":"Feature","properties":{},"geometry":{"type":"Polygon","coordinates":[[[174.456,-36.8118],[174.4594,-36.8077],[174.4583,-36.8076],[174.456,-36.8118]]]}},{"type":"Feature","properties":{},"geometry":{"type":"Polygon","coordinates":[[[174.4413,-36.8122],[174.444,-36.8121],[174.4401,-36.808],[174.4362,-36.809],[174.4413,-36.8122]]]}},{"type":"Feature","properties":{},"geometry":{"type":"Polygon","coordinates":[[[174.451,-36.8372],[174.4571,-36.8252],[174.465,-36.8226],[174.4648,-36.829],[174.4694,-36.8174],[174.472,-36.8203],[174.4693,-36.8232],[174.4764,-36.8259],[174.473,-36.8214],[174.479,-36.8225],[174.4725,-36.8201],[174.4744,-36.818],[174.467,-36.8129],[174.4664,-36.8055],[174.471,-36.8048],[174.4757,-36.8102],[174.4819,-36.8091],[174.4886,-36.8141],[174.4834,-36.8081],[174.4754,-36.808],[174.4732,-36.8043],[174.4858,-36.8036],[174.4732,-36.8031],[174.4722,-36.801],[174.4771,-36.798],[174.4717,-36.7994],[174.4616,-36.7936],[174.4486,-36.8017],[174.4409,-36.8003],[174.4292,-36.8072],[174.4187,-36.809],[174.4221,-36.8111],[174.4191,-36.8132],[174.4208,-36.817],[174.4244,-36.8147],[174.424,-36.8102],[174.4298,-36.8098],[174.4314,-36.8055],[174.4575,-36.7983],[174.4612,-36.8029],[174.46,-36.8111],[174.4517,-36.8167],[174.4537,-36.8167],[174.4606,-36.8091],[174.4595,-36.7956],[174.4711,-36.7995],[174.465,-36.81],[174.4688,-36.8167],[174.4616,-36.8242],[174.4571,-36.8244],[174.4541,-36.8323],[174.4471,-36.8326],[174.4416,-36.8271],[174.4466,-36.8304],[174.4437,-36.8329],[174.4541,-36.8329],[174.451,-36.8372]],[[174.4728,-36.8058],[174.4722,-36.8058],[174.472,-36.8046],[174.4728,-36.8058]],[[174.4751,-36.8085],[174.4749,-36.8085],[174.4749,-36.8083],[174.4751,-36.8083],[174.4751,-36.8085]],[[174.4597,-36.7953],[174.4595,-36.795],[174.46,-36.7946],[174.4597,-36.7953]],[[174.4587,-36.7962],[174.4583,-36.7951],[174.459,-36.7954],[174.4587,-36.7962]],[[174.4546,-36.7994],[174.4544,-36.7994],[174.4544,-36.7992],[174.4546,-36.7992],[174.4546,-36.7994]],[[174.4242,-36.8077],[174.4239,-36.8076],[174.4237,-36.8077],[174.4237,-36.8076],[174.4242,-36.8076],[174.4242,-36.8077]],[[174.4235,-36.8079],[174.4232,-36.8079],[174.4232,-36.8077],[174.4235,-36.8077],[174.4235,-36.8079]],[[174.4268,-36.8083],[174.4247,-36.8083],[174.4263,-36.8076],[174.4268,-36.8083]],[[174.4278,-36.8084],[174.4274,-36.8083],[174.4285,-36.8076],[174.4278,-36.8084]],[[174.4242,-36.809],[174.4237,-36.8088],[174.4239,-36.8087],[174.4242,-36.809]],[[174.4218,-36.8096],[174.4201,-36.8091],[174.4235,-36.8085],[174.4218,-36.8096]],[[174.4235,-36.8129],[174.4234,-36.8129],[174.4234,-36.8128],[174.4235,-36.8128],[174.4235,-36.8129]],[[174.4206,-36.813],[174.4211,-36.812],[174.4216,-36.8126],[174.4206,-36.813]],[[174.4227,-36.8144],[174.4221,-36.8133],[174.423,-36.8132],[174.4227,-36.8144]],[[174.4232,-36.8148],[174.423,-36.8148],[174.423,-36.8147],[174.4232,-36.8147],[174.4232,-36.8148]],[[174.4237,-36.8148],[174.4234,-36.8148],[174.4239,-36.8145],[174.4237,-36.8148]],[[174.4227,-36.815],[174.4225,-36.815],[174.4225,-36.8148],[174.4227,-36.8148],[174.4227,-36.815]],[[174.4227,-36.8156],[174.4225,-36.8156],[174.4225,-36.8155],[174.4227,-36.8155],[174.4227,-36.8156]],[[174.4237,-36.8156],[174.4235,-36.8152],[174.4239,-36.8151],[174.4237,-36.8156]],[[174.4256,-36.8102],[174.4254,-36.8102],[174.4254,-36.81],[174.4256,-36.81],[174.4256,-36.8102]],[[174.4619,-36.7947],[174.4618,-36.7946],[174.4619,-36.7945],[174.4619,-36.7947]],[[174.4641,-36.7947],[174.464,-36.7946],[174.4643,-36.7946],[174.4641,-36.7947]],[[174.4633,-36.7951],[174.4629,-36.795],[174.4633,-36.7949],[174.4633,-36.7951]],[[174.465,-36.7951],[174.4645,-36.7951],[174.4645,-36.795],[174.465,-36.7951]],[[174.4636,-36.7961],[174.4628,-36.796],[174.4645,-36.7956],[174.4636,-36.7961]],[[174.466,-36.7962],[174.465,-36.7958],[174.4653,-36.7954],[174.466,-36.7962]],[[174.4664,-36.7964],[174.4645,-36.7949],[174.4657,-36.7945],[174.4664,-36.7964]],[[174.467,-36.7977],[174.4665,-36.7977],[174.4664,-36.7965],[174.467,-36.7977]],[[174.4662,-36.798],[174.465,-36.7968],[174.4658,-36.7965],[174.4662,-36.798]]]}},{"type":"Feature","properties":{},"geometry":{"type":"Polygon","coordinates":[[[174.6044,-37.167],[174.5981,-37.152],[174.601,-37.1493],[174.5981,-37.148],[174.5974,-37.1566],[174.5933,-37.1569],[174.5976,-37.1569],[174.6044,-37.167]]]}},{"type":"Feature","properties":{},"geometry":{"type":"Polygon","coordinates":[[[174.8647,-36.852],[174.8594,-36.8494],[174.8586,-36.8507],[174.8647,-36.852]]]}},{"type":"Feature","properties":{},"geometry":{"type":"Polygon","coordinates":[[[175.229,-36.9901],[175.2286,-36.9798],[175.2274,-36.9797],[175.229,-36.9901]]]}},{"type":"Feature","properties":{},"geometry":{"type":"Polygon","coordinates":[[[175.1883,-37.0278],[175.1899,-37.0243],[175.1914,-37.0258],[175.1882,-37.0243],[175.1837,-37.0105],[175.203,-37.0241],[175.1846,-37.0087],[175.1837,-36.9982],[175.1883,-36.9887],[175.1941,-36.9865],[175.1943,-36.9886],[175.1981,-36.9845],[175.1996,-36.9876],[175.2083,-36.9843],[175.2097,-36.9883],[175.2107,-36.9846],[175.2136,-36.9865],[175.2155,-36.9841],[175.2172,-36.9879],[175.2192,-36.9815],[175.2262,-36.9808],[175.2284,-36.9751],[175.2399,-36.9674],[175.2411,-36.971],[175.2368,-36.9779],[175.2409,-36.9695],[175.2447,-36.9743],[175.2399,-36.9838],[175.2457,-36.9751],[175.2407,-36.9665],[175.2448,-36.9657],[175.2457,-36.9579],[175.2368,-36.9598],[175.245,-36.959],[175.2148,-36.9834],[175.2066,-36.9828],[175.2015,-36.9862],[175.197,-36.983],[175.1895,-36.9865],[175.1824,-36.982],[175.1854,-36.9792],[175.1819,-36.9813],[175.175,-36.9785],[175.1673,-36.9819],[175.1793,-36.9813],[175.1725,-36.9839],[175.1697,-36.989],[175.1776,-36.9831],[175.1871,-36.9861],[175.1856,-36.9927],[175.1779,-36.9927],[175.1822,-36.9942],[175.1793,-36.997],[175.1825,-36.9972],[175.1776,-37.0023],[175.1836,-37.0037],[175.1825,-37.0128],[175.1774,-37.016],[175.1829,-37.0141],[175.1877,-37.0205],[175.1883,-37.0278]],[[175.2213,-36.9807],[175.2206,-36.9805],[175.2211,-36.9803],[175.2213,-36.9807]],[[175.2242,-36.9808],[175.2235,-36.9805],[175.2238,-36.9804],[175.2242,-36.9808]],[[175.2247,-36.9809],[175.2243,-36.9809],[175.2243,-36.9808],[175.2247,-36.9809]],[[175.2252,-36.9811],[175.225,-36.9811],[175.2249,-36.9809],[175.225,-36.9809],[175.2252,-36.9811]],[[175.2242,-36.9813],[175.224,-36.9813],[175.2243,-36.9811],[175.2242,-36.9813]],[[175.2259,-36.9813],[175.2257,-36.9813],[175.2257,-36.9812],[175.2259,-36.9812],[175.2259,-36.9813]],[[175.2409,-36.9663],[175.2406,-36.9663],[175.2411,-36.9661],[175.2409,-36.9663]],[[175.2385,-36.9748],[175.2383,-36.9744],[175.2387,-36.9744],[175.2385,-36.9748]],[[175.243,-36.9703],[175.2421,-36.97],[175.2426,-36.9698],[175.243,-36.9703]],[[175.243,-36.9707],[175.2426,-36.9707],[175.2423,-36.9704],[175.2426,-36.9704],[175.243,-36.9707]],[[175.2438,-36.9714],[175.2433,-36.9711],[175.2436,-36.971],[175.2438,-36.9714]],[[175.244,-36.9717],[175.2438,-36.9717],[175.2438,-36.9715],[175.244,-36.9715],[175.244,-36.9717]],[[175.2453,-36.9752],[175.2447,-36.9751],[175.2452,-36.9747],[175.2453,-36.9752]],[[175.2445,-36.9758],[175.2442,-36.9758],[175.2443,-36.9755],[175.2445,-36.9758]],[[175.2435,-36.961],[175.2431,-36.961],[175.2433,-36.9606],[175.2435,-36.961]],[[175.2402,-36.9659],[175.2399,-36.9659],[175.2399,-36.9658],[175.2402,-36.9658],[175.2402,-36.9659]],[[175.2284,-36.9719],[175.2281,-36.9715],[175.2286,-36.9714],[175.2284,-36.9719]],[[175.2317,-36.9726],[175.2315,-36.9725],[175.2319,-36.9725],[175.2317,-36.9726]],[[175.2257,-36.9745],[175.2255,-36.9744],[175.2259,-36.9743],[175.2257,-36.9745]],[[175.226,-36.9748],[175.2259,-36.9748],[175.2259,-36.9747],[175.226,-36.9747],[175.226,-36.9748]],[[175.1805,-36.9837],[175.1801,-36.9837],[175.1803,-36.9835],[175.1805,-36.9837]],[[175.1875,-37.0224],[175.1871,-37.0222],[175.1875,-37.0218],[175.1878,-37.0222],[175.1875,-37.0224]]]}},{"type":"Feature","properties":{},"geometry":{"type":"Polygon","coordinates":[[[174.8745,-37.2007],[174.8787,-37.1947],[174.8859,-37.1958],[174.8873,-37.1921],[174.8804,-37.1888],[174.8777,-37.1913],[174.8803,-37.1929],[174.8685,-37.1946],[174.8729,-37.1848],[174.8681,-37.1906],[174.8681,-37.1864],[174.8613,-37.1902],[174.8623,-37.198],[174.8649,-37.1947],[174.8745,-37.2007]],[[174.876,-37.1948],[174.8753,-37.1948],[174.8757,-37.1946],[174.876,-37.1948]],[[174.8743,-37.195],[174.8736,-37.1941],[174.8748,-37.194],[174.8743,-37.195]],[[174.8733,-37.1951],[174.8728,-37.1943],[174.8733,-37.1941],[174.8733,-37.1951]],[[174.8675,-37.1872],[174.8669,-37.187],[174.8673,-37.1868],[174.8675,-37.1872]],[[174.862,-37.1918],[174.8617,-37.1916],[174.8623,-37.1916],[174.862,-37.1918]],[[174.8646,-37.1944],[174.8654,-37.1918],[174.8664,-37.1933],[174.8646,-37.1944]],[[174.8734,-37.1985],[174.8729,-37.1985],[174.8731,-37.1982],[174.8734,-37.1985]]]}},{"type":"Feature","properties":{},"geometry":{"type":"Polygon","coordinates":[[[174.8697,-37.2144],[174.8673,-37.2086],[174.8719,-37.2072],[174.8637,-37.2005],[174.8623,-37.2076],[174.8671,-37.2057],[174.8663,-37.2113],[174.8697,-37.2144]],[[174.8652,-37.2037],[174.8649,-37.2033],[174.8654,-37.2031],[174.8652,-37.2037]],[[174.8664,-37.2048],[174.8654,-37.2037],[174.8664,-37.2035],[174.8664,-37.2048]],[[174.8666,-37.2101],[174.8664,-37.2094],[174.8669,-37.2094],[174.8666,-37.2101]]]}},{"type":"Feature","properties":{},"geometry":{"type":"Polygon","coordinates":[[[174.2807,-36.3907],[174.2856,-36.3881],[174.2803,-36.3787],[174.2831,-36.3749],[174.2813,-36.3707],[174.2793,-36.3774],[174.2836,-36.3843],[174.2723,-36.3729],[174.2793,-36.3844],[174.2697,-36.3773],[174.2639,-36.3784],[174.2694,-36.3846],[174.2728,-36.3843],[174.2711,-36.387],[174.2738,-36.3848],[174.2807,-36.3907]],[[174.2866,-36.3881],[174.2865,-36.3881],[174.2865,-36.388],[174.2866,-36.388],[174.2866,-36.3881]],[[174.2726,-36.3749],[174.2725,-36.3749],[174.2723,-36.3748],[174.2726,-36.3749]],[[174.2757,-36.3806],[174.2755,-36.3806],[174.2755,-36.3804],[174.2757,-36.3804],[174.2757,-36.3806]],[[174.2824,-36.3843],[174.282,-36.3843],[174.282,-36.3841],[174.2824,-36.3841],[174.2824,-36.3843]],[[174.2805,-36.3844],[174.2803,-36.3844],[174.2803,-36.3843],[174.2805,-36.3843],[174.2805,-36.3844]],[[174.2808,-36.3848],[174.2807,-36.3844],[174.2812,-36.3846],[174.2808,-36.3848]],[[174.2819,-36.3854],[174.2815,-36.3854],[174.2817,-36.3852],[174.2819,-36.3854]],[[174.2829,-36.3858],[174.2824,-36.3857],[174.2829,-36.3854],[174.2829,-36.3858]],[[174.2685,-36.3804],[174.2682,-36.3803],[174.2685,-36.3803],[174.2685,-36.3804]],[[174.2677,-36.3817],[174.2675,-36.3817],[174.2675,-36.3815],[174.2677,-36.3815],[174.2677,-36.3817]],[[174.2673,-36.382],[174.2672,-36.382],[174.2673,-36.3818],[174.2673,-36.382]],[[174.2802,-36.3862],[174.2798,-36.3862],[174.2798,-36.3861],[174.2802,-36.3861],[174.2802,-36.3862]],[[174.2805,-36.3863],[174.2803,-36.3862],[174.2807,-36.3862],[174.2805,-36.3863]],[[174.2825,-36.3866],[174.2817,-36.3865],[174.2825,-36.3863],[174.2825,-36.3866]],[[174.2829,-36.3866],[174.2829,-36.3865],[174.2831,-36.3865],[174.2829,-36.3866]],[[174.2774,-36.3869],[174.2771,-36.3869],[174.2772,-36.3868],[174.2774,-36.3869]],[[174.2772,-36.3873],[174.2771,-36.3873],[174.2771,-36.3872],[174.2772,-36.3872],[174.2772,-36.3873]],[[174.2827,-36.3874],[174.282,-36.3873],[174.2825,-36.3868],[174.2827,-36.3874]],[[174.2836,-36.3876],[174.2832,-36.3874],[174.2837,-36.3873],[174.2836,-36.3876]]]}},{"type":"Feature","properties":{},"geometry":{"type":"Polygon","coordinates":[[[174.6514,-37.0992],[174.6562,-37.0954],[174.6425,-37.0984],[174.649,-37.0967],[174.6514,-37.0992]]]}},{"type":"Feature","properties":{},"geometry":{"type":"Polygon","coordinates":[[[174.9182,-37.0692],[174.924,-37.0683],[174.9147,-37.0677],[174.9182,-37.0692]]]}},{"type":"Feature","properties":{},"geometry":{"type":"Polygon","coordinates":[[[174.8587,-36.4144],[174.8623,-36.4129],[174.8596,-36.4127],[174.8587,-36.4144]]]}},{"type":"Feature","properties":{},"geometry":{"type":"Polygon","coordinates":[[[174.8543,-36.4203],[174.856,-36.4182],[174.8521,-36.4186],[174.8543,-36.4203]]]}},{"type":"Feature","properties":{},"geometry":{"type":"Polygon","coordinates":[[[174.7813,-37.1573],[174.7831,-37.1564],[174.7775,-37.1538],[174.7813,-37.1573]],[[174.7816,-37.1566],[174.7814,-37.1566],[174.7814,-37.1565],[174.7816,-37.1565],[174.7816,-37.1566]]]}},{"type":"Feature","properties":{},"geometry":{"type":"Polygon","coordinates":[[[174.7333,-37.2116],[174.736,-37.2102],[174.7345,-37.2094],[174.7333,-37.2116]]]}},{"type":"Feature","properties":{},"geometry":{"type":"Polygon","coordinates":[[[174.7292,-37.2117],[174.7517,-37.2043],[174.7343,-37.2084],[174.7362,-37.2072],[174.7301,-37.2049],[174.7325,-37.2043],[174.7301,-37.2012],[174.7231,-37.2043],[174.7237,-37.2099],[174.7292,-37.2117]],[[174.7379,-37.2083],[174.7372,-37.2083],[174.7384,-37.2077],[174.7379,-37.2083]],[[174.7246,-37.2037],[174.7243,-37.2034],[174.7244,-37.2033],[174.7246,-37.2037]],[[174.7266,-37.2082],[174.7263,-37.2082],[174.7265,-37.2079],[174.7266,-37.2082]],[[174.727,-37.2088],[174.7265,-37.2086],[174.7268,-37.2086],[174.727,-37.2088]],[[174.7277,-37.209],[174.7273,-37.209],[174.7272,-37.2088],[174.7275,-37.2088],[174.7277,-37.209]],[[174.7299,-37.2099],[174.728,-37.2084],[174.7294,-37.2079],[174.7299,-37.2099]],[[174.7318,-37.2099],[174.7306,-37.2098],[174.7313,-37.2095],[174.7318,-37.2099]],[[174.7323,-37.2105],[174.7319,-37.2102],[174.7323,-37.2103],[174.7323,-37.2105]],[[174.7316,-37.2107],[174.7313,-37.2107],[174.7313,-37.2106],[174.7316,-37.2106],[174.7316,-37.2107]],[[174.726,-37.2112],[174.7255,-37.2109],[174.7256,-37.2107],[174.726,-37.2112]]]}},{"type":"Feature","properties":{},"geometry":{"type":"Polygon","coordinates":[[[175.3165,-36.22],[175.3153,-36.2176],[175.314,-36.2189],[175.3165,-36.22]]]}},{"type":"Feature","properties":{},"geometry":{"type":"Polygon","coordinates":[[[174.382,-36.7491],[174.3832,-36.7458],[174.3812,-36.7472],[174.382,-36.7491]],[[174.3826,-36.748],[174.3822,-36.748],[174.3822,-36.7477],[174.3826,-36.748]]]}},{"type":"Feature","properties":{},"geometry":{"type":"Polygon","coordinates":[[[174.587,-36.6214],[174.5863,-36.6163],[174.5826,-36.6112],[174.587,-36.6214]]]}},{"type":"Feature","properties":{},"geometry":{"type":"Polygon","coordinates":[[[174.7814,-36.928],[174.7816,-36.9239],[174.7789,-36.9262],[174.7775,-36.9232],[174.7678,-36.9217],[174.7814,-36.928]],[[174.7814,-36.9254],[174.7813,-36.9254],[174.7813,-36.9253],[174.7814,-36.9253],[174.7814,-36.9254]],[[174.7705,-36.9226],[174.769,-36.9217],[174.7693,-36.9216],[174.7705,-36.9226]],[[174.7715,-36.9228],[174.771,-36.9227],[174.7712,-36.9224],[174.7715,-36.9228]],[[174.7729,-36.9236],[174.7717,-36.9231],[174.772,-36.923],[174.7729,-36.9236]],[[174.7722,-36.9241],[174.772,-36.9241],[174.772,-36.9239],[174.7722,-36.9239],[174.7722,-36.9241]],[[174.7738,-36.9241],[174.7734,-36.9239],[174.7736,-36.9238],[174.7738,-36.9241]],[[174.7732,-36.9243],[174.7726,-36.9242],[174.7729,-36.9241],[174.7732,-36.9243]]]}},{"type":"Feature","properties":{},"geometry":{"type":"Polygon","coordinates":[[[174.2365,-36.5618],[174.2366,-36.559],[174.2347,-36.5586],[174.2365,-36.5618]]]}},{"type":"Feature","properties":{},"geometry":{"type":"Polygon","coordinates":[[[174.9557,-36.9378],[174.9572,-36.9353],[174.9557,-36.935],[174.9557,-36.9378]]]}},{"type":"Feature","properties":{},"geometry":{"type":"Polygon","coordinates":[[[174.9984,-36.9493],[175.0006,-36.9487],[175.0008,-36.9466],[174.9984,-36.9493]]]}},{"type":"Feature","properties":{},"geometry":{"type":"Polygon","coordinates":[[[175.0014,-36.9582],[175.0074,-36.9556],[175.0054,-36.9553],[175.0071,-36.952],[175.0014,-36.9582]]]}},{"type":"Feature","properties":{},"geometry":{"type":"Polygon","coordinates":[[[174.9791,-36.968],[174.981,-36.9669],[174.9796,-36.9639],[174.9791,-36.968]]]}},{"type":"Feature","properties":{},"geometry":{"type":"Polygon","coordinates":[[[174.9569,-36.986],[174.9676,-36.9815],[174.9647,-36.9812],[174.9636,-36.9743],[174.9697,-36.9745],[174.9636,-36.9732],[174.9625,-36.9702],[174.9687,-36.9648],[174.9707,-36.9528],[174.9728,-36.9526],[174.9745,-36.9632],[174.975,-36.9593],[174.9857,-36.9618],[174.9881,-36.9678],[174.9869,-36.9617],[174.9921,-36.9624],[174.9895,-36.9593],[174.996,-36.9512],[174.9856,-36.9616],[174.9752,-36.9558],[174.9818,-36.9535],[174.9716,-36.9512],[174.9665,-36.9421],[174.9687,-36.9389],[174.9847,-36.9464],[174.9723,-36.9411],[174.9724,-36.9298],[174.9653,-36.9193],[174.9745,-36.9167],[174.9775,-36.9197],[174.9767,-36.9238],[174.9782,-36.92],[174.9695,-36.9115],[174.967,-36.9149],[174.9601,-36.9142],[174.9584,-36.9339],[174.9639,-36.9286],[174.9673,-36.9311],[174.9623,-36.9493],[174.9543,-36.9516],[174.9622,-36.9498],[174.9653,-36.9444],[174.9695,-36.9531],[174.9666,-36.9605],[174.9564,-36.9621],[174.9665,-36.9612],[174.9617,-36.9706],[174.956,-36.9733],[174.9617,-36.9713],[174.9632,-36.9753],[174.9625,-36.9823],[174.9569,-36.986]],[[174.9676,-36.9155],[174.9673,-36.9155],[174.9675,-36.9153],[174.9676,-36.9155]],[[174.9646,-36.9161],[174.9642,-36.916],[174.9649,-36.9156],[174.9646,-36.9161]],[[174.9653,-36.9433],[174.9656,-36.9429],[174.9659,-36.943],[174.9653,-36.9433]],[[174.9601,-36.9726],[174.9601,-36.9725],[174.9603,-36.9725],[174.9601,-36.9726]]]}},{"type":"Feature","properties":{},"geometry":{"type":"Polygon","coordinates":[[[174.5073,-36.9486],[174.506,-36.9472],[174.5041,-36.9483],[174.5073,-36.9486]]]}},{"type":"Feature","properties":{},"geometry":{"type":"Polygon","coordinates":[[[174.4874,-36.9599],[174.485,-36.9522],[174.4884,-36.9492],[174.4969,-36.949],[174.4689,-36.9531],[174.4742,-36.9558],[174.4841,-36.9524],[174.4874,-36.9599]],[[174.4778,-36.9534],[174.4776,-36.9534],[174.4776,-36.9532],[174.4778,-36.9532],[174.4778,-36.9534]]]}},{"type":"Feature","properties":{},"geometry":{"type":"Polygon","coordinates":[[[174.4984,-36.9648],[174.5054,-36.9628],[174.4983,-36.9642],[174.4904,-36.9606],[174.4984,-36.9648]],[[174.4921,-36.9609],[174.4918,-36.9608],[174.4921,-36.9605],[174.4921,-36.9609]]]}},{"type":"Feature","properties":{},"geometry":{"type":"Polygon","coordinates":[[[175.1213,-36.7693],[175.1206,-36.7677],[175.1153,-36.7678],[175.1213,-36.7693]],[[175.1214,-36.7689],[175.1214,-36.7688],[175.1216,-36.7688],[175.1214,-36.7689]]]}},{"type":"Feature","properties":{},"geometry":{"type":"Polygon","coordinates":[[[175.1081,-36.8252],[175.1141,-36.8014],[175.1202,-36.8013],[175.1149,-36.7995],[175.1226,-36.7972],[175.1156,-36.7977],[175.1151,-36.7939],[175.1213,-36.7938],[175.1187,-36.7897],[175.1301,-36.7899],[175.1288,-36.7884],[175.1344,-36.7863],[175.1172,-36.7872],[175.1172,-36.7912],[175.1112,-36.7932],[175.1143,-36.7793],[175.1206,-36.7828],[175.1189,-36.7789],[175.138,-36.7834],[175.138,-36.7811],[175.1235,-36.7787],[175.1289,-36.7753],[175.1322,-36.777],[175.132,-36.7726],[175.1344,-36.7757],[175.1341,-36.7733],[175.1411,-36.7742],[175.1388,-36.7715],[175.1431,-36.7714],[175.1339,-36.7726],[175.1341,-36.7703],[175.1202,-36.7776],[175.1185,-36.7723],[175.1163,-36.7759],[175.1136,-36.7729],[175.1158,-36.7761],[175.1076,-36.783],[175.111,-36.7844],[175.1069,-36.792],[175.1119,-36.7954],[175.1011,-36.7956],[175.1131,-36.798],[175.1129,-36.8044],[175.1033,-36.8009],[175.1115,-36.807],[175.1115,-36.8147],[175.1032,-36.8144],[175.0979,-36.8083],[175.097,-36.7987],[175.0951,-36.8005],[175.0975,-36.8039],[175.0957,-36.8079],[175.1081,-36.8252]],[[175.1192,-36.7805],[175.119,-36.7805],[175.119,-36.7804],[175.1192,-36.7804],[175.1192,-36.7805]],[[175.1269,-36.7822],[175.1266,-36.782],[175.1267,-36.7819],[175.1269,-36.7822]],[[175.1267,-36.7824],[175.1267,-36.7823],[175.1269,-36.7823],[175.1267,-36.7824]],[[175.131,-36.7719],[175.1308,-36.7718],[175.1312,-36.7716],[175.131,-36.7719]]]}},{"type":"Feature","properties":{},"geometry":{"type":"Polygon","coordinates":[[[174.3747,-36.7472],[174.3761,-36.7441],[174.3739,-36.7439],[174.3747,-36.7472]],[[174.3756,-36.7463],[174.3747,-36.7463],[174.3742,-36.7451],[174.3756,-36.7463]]]}},{"type":"Feature","properties":{},"geometry":{"type":"Polygon","coordinates":[[[174.3778,-36.75],[174.3785,-36.7463],[174.3764,-36.7465],[174.3778,-36.75]]]}},{"type":"Feature","properties":{},"geometry":{"type":"Polygon","coordinates":[[[174.7495,-36.8206],[174.75,-36.8165],[174.748,-36.8165],[174.7495,-36.8206]]]}},{"type":"Feature","properties":{},"geometry":{"type":"Polygon","coordinates":[[[174.841,-36.9414],[174.8509,-36.9323],[174.839,-36.9402],[174.841,-36.9414]]]}},{"type":"Feature","properties":{},"geometry":{"type":"Polygon","coordinates":[[[174.2561,-36.5874],[174.2544,-36.5849],[174.253,-36.5859],[174.2561,-36.5874]]]}},{"type":"Feature","properties":{},"geometry":{"type":"Polygon","coordinates":[[[174.6387,-37.2174],[174.6362,-37.2197],[174.6394,-37.2189],[174.6387,-37.2174]]]}},{"type":"Feature","properties":{},"geometry":{"type":"Polygon","coordinates":[[[174.2295,-36.4707],[174.2288,-36.4726],[174.2308,-36.4733],[174.2295,-36.4707]]]}},{"type":"Feature","properties":{},"geometry":{"type":"Polygon","coordinates":[[[174.1858,-36.5077],[174.183,-36.5004],[174.1777,-36.4973],[174.1858,-36.5077]],[[174.1783,-36.4976],[174.1781,-36.4976],[174.1781,-36.4974],[174.1783,-36.4974],[174.1783,-36.4976]],[[174.1803,-36.5004],[174.1801,-36.5003],[174.1805,-36.5002],[174.1803,-36.5004]],[[174.1827,-36.5007],[174.1825,-36.5007],[174.1825,-36.5006],[174.1827,-36.5006],[174.1827,-36.5007]],[[174.1817,-36.5018],[174.1808,-36.5014],[174.1824,-36.5009],[174.1817,-36.5018]],[[174.1817,-36.5033],[174.1815,-36.5029],[174.1818,-36.5028],[174.1817,-36.5033]]]}},{"type":"Feature","properties":{},"geometry":{"type":"Polygon","coordinates":[[[175.0269,-36.7964],[175.0313,-36.7951],[175.0327,-36.7924],[175.0269,-36.7964]]]}},{"type":"Feature","properties":{},"geometry":{"type":"Polygon","coordinates":[[[174.3616,-36.4027],[174.3716,-36.4001],[174.3696,-36.3953],[174.3757,-36.3898],[174.3742,-36.3884],[174.3692,-36.3951],[174.3624,-36.3943],[174.3679,-36.3978],[174.3588,-36.3999],[174.3653,-36.4008],[174.3616,-36.4027]],[[174.3636,-36.395],[174.3633,-36.3949],[174.3634,-36.3947],[174.3636,-36.395]],[[174.3663,-36.3957],[174.3657,-36.3953],[174.3663,-36.3954],[174.3663,-36.3957]],[[174.3682,-36.3967],[174.3679,-36.3965],[174.3687,-36.3962],[174.3682,-36.3967]]]}},{"type":"Feature","properties":{},"geometry":{"type":"Polygon","coordinates":[[[175.0175,-36.7908],[175.0129,-36.7861],[175.0088,-36.7864],[175.0077,-36.7898],[175.0175,-36.7908]],[[175.012,-36.788],[175.0119,-36.788],[175.0119,-36.7879],[175.012,-36.7879],[175.012,-36.788]],[[175.0101,-36.789],[175.01,-36.7886],[175.0105,-36.7886],[175.0101,-36.789]],[[175.012,-36.7891],[175.0117,-36.7891],[175.0119,-36.7889],[175.012,-36.7891]]]}},{"type":"Feature","properties":{},"geometry":{"type":"Polygon","coordinates":[[[174.2353,-36.4336],[174.2339,-36.4355],[174.2363,-36.4355],[174.2353,-36.4336]]]}},{"type":"Feature","properties":{},"geometry":{"type":"Polygon","coordinates":[[[174.2614,-36.4866],[174.2731,-36.4822],[174.2685,-36.4815],[174.2614,-36.4866]],[[174.2723,-36.4814],[174.272,-36.4814],[174.272,-36.4811],[174.2723,-36.4814]],[[174.2689,-36.4818],[174.2687,-36.4818],[174.2687,-36.4816],[174.2689,-36.4816],[174.2689,-36.4818]],[[174.2679,-36.4822],[174.2677,-36.4822],[174.2677,-36.4821],[174.2679,-36.4821],[174.2679,-36.4822]],[[174.2631,-36.4855],[174.2627,-36.4854],[174.2631,-36.4851],[174.2631,-36.4855]]]}},{"type":"Feature","properties":{},"geometry":{"type":"Polygon","coordinates":[[[174.2549,-36.4892],[174.2598,-36.4869],[174.258,-36.4869],[174.2549,-36.4892]]]}},{"type":"Feature","properties":{},"geometry":{"type":"Polygon","coordinates":[[[174.3786,-36.7258],[174.3791,-36.7223],[174.3745,-36.7183],[174.374,-36.722],[174.3786,-36.7258]],[[174.3745,-36.7217],[174.3744,-36.7217],[174.3747,-36.7214],[174.3745,-36.7217]]]}},{"type":"Feature","properties":{},"geometry":{"type":"Polygon","coordinates":[[[174.3779,-36.7316],[174.374,-36.7268],[174.374,-36.7302],[174.3779,-36.7316]],[[174.3747,-36.7298],[174.3742,-36.7292],[174.3745,-36.7292],[174.3747,-36.7298]],[[174.3769,-36.7307],[174.3766,-36.7307],[174.3766,-36.7306],[174.3769,-36.7306],[174.3769,-36.7307]]]}},{"type":"Feature","properties":{},"geometry":{"type":"Polygon","coordinates":[[[174.375,-36.7329],[174.3744,-36.7305],[174.3728,-36.7309],[174.375,-36.7329]],[[174.3744,-36.7321],[174.3742,-36.7321],[174.3742,-36.732],[174.3744,-36.732],[174.3744,-36.7321]]]}},{"type":"Feature","properties":{},"geometry":{"type":"Polygon","coordinates":[[[175.109,-36.1849],[175.1105,-36.1841],[175.1079,-36.1827],[175.109,-36.1849]]]}},{"type":"Feature","properties":{},"geometry":{"type":"Polygon","coordinates":[[[174.5771,-36.8868],[174.5829,-36.8786],[174.5729,-36.8816],[174.5811,-36.8796],[174.5771,-36.8868]],[[174.5782,-36.8862],[174.5778,-36.8862],[174.5778,-36.8861],[174.5782,-36.8861],[174.5782,-36.8862]]]}},{"type":"Feature","properties":{},"geometry":{"type":"Polygon","coordinates":[[[174.7912,-36.8103],[174.7854,-36.8141],[174.7864,-36.8156],[174.7912,-36.8103]]]}},{"type":"Feature","properties":{},"geometry":{"type":"Polygon","coordinates":[[[175.0823,-37.1791],[175.0893,-37.1758],[175.0863,-37.166],[175.0784,-37.1663],[175.0796,-37.1623],[175.0765,-37.1612],[175.0757,-37.164],[175.0704,-37.1644],[175.0728,-37.1649],[175.067,-37.168],[175.0764,-37.1645],[175.0864,-37.1672],[175.0881,-37.1755],[175.0823,-37.1791]],[[175.0687,-37.1675],[175.0685,-37.1674],[175.0689,-37.1672],[175.0687,-37.1675]]]}},{"type":"Feature","properties":{},"geometry":{"type":"Polygon","coordinates":[[[174.9151,-37.0781],[174.92,-37.0737],[174.9093,-37.0744],[174.9151,-37.0781]]]}},{"type":"Feature","properties":{},"geometry":{"type":"Polygon","coordinates":[[[174.4027,-36.737],[174.4104,-36.7342],[174.4056,-36.7322],[174.4027,-36.737]],[[174.4076,-36.7327],[174.4075,-36.7327],[174.4075,-36.7324],[174.4076,-36.7327]],[[174.407,-36.7328],[174.4068,-36.7328],[174.4068,-36.7325],[174.407,-36.7325],[174.407,-36.7328]],[[174.4066,-36.7351],[174.4063,-36.7351],[174.4068,-36.7348],[174.4066,-36.7351]]]}},{"type":"Feature","properties":{},"geometry":{"type":"Polygon","coordinates":[[[174.6167,-36.9857],[174.612,-36.9827],[174.6125,-36.9846],[174.6167,-36.9857]]]}},{"type":"Feature","properties":{},"geometry":{"type":"Polygon","coordinates":[[[174.4455,-36.2725],[174.4452,-36.27],[174.4488,-36.2697],[174.4449,-36.2647],[174.4455,-36.2725]]]}},{"type":"Feature","properties":{},"geometry":{"type":"Polygon","coordinates":[[[174.329,-36.5856],[174.3254,-36.5831],[174.3204,-36.5829],[174.329,-36.5856]]]}},{"type":"Feature","properties":{},"geometry":{"type":"Polygon","coordinates":[[[174.3105,-36.5894],[174.3051,-36.5868],[174.3047,-36.5883],[174.3105,-36.5894]]]}},{"type":"Feature","properties":{},"geometry":{"type":"Polygon","coordinates":[[[174.3215,-36.5938],[174.323,-36.5898],[174.3199,-36.5923],[174.3133,-36.5905],[174.3215,-36.5938]],[[174.324,-36.5909],[174.3238,-36.5909],[174.3238,-36.5908],[174.324,-36.5908],[174.324,-36.5909]]]}},{"type":"Feature","properties":{},"geometry":{"type":"Polygon","coordinates":[[[174.3303,-36.5966],[174.3322,-36.5923],[174.3411,-36.5875],[174.3469,-36.5886],[174.3445,-36.5938],[174.3575,-36.5935],[174.3626,-36.5901],[174.3629,-36.5804],[174.3455,-36.5838],[174.3465,-36.5798],[174.3443,-36.5794],[174.3392,-36.5847],[174.3312,-36.5838],[174.3365,-36.5871],[174.3302,-36.5918],[174.3256,-36.5914],[174.3305,-36.5933],[174.3303,-36.5966]],[[174.3351,-36.5859],[174.3349,-36.5859],[174.3349,-36.5857],[174.3351,-36.5857],[174.3351,-36.5859]]]}},{"type":"Feature","properties":{},"geometry":{"type":"Polygon","coordinates":[[[174.3158,-36.5996],[174.3216,-36.5966],[174.3206,-36.5948],[174.3158,-36.5996]],[[174.3201,-36.5952],[174.3199,-36.5952],[174.3199,-36.5951],[174.3201,-36.5952]]]}},{"type":"Feature","properties":{},"geometry":{"type":"Polygon","coordinates":[[[174.6108,-36.128],[174.6109,-36.126],[174.606,-36.1243],[174.6108,-36.128]],[[174.6073,-36.1264],[174.6068,-36.1255],[174.6075,-36.1258],[174.6073,-36.1264]],[[174.6102,-36.1266],[174.6097,-36.1264],[174.6102,-36.1261],[174.6102,-36.1266]]]}},{"type":"Feature","properties":{},"geometry":{"type":"Polygon","coordinates":[[[174.6077,-36.1366],[174.6113,-36.1357],[174.608,-36.1305],[174.6077,-36.1366]],[[174.6111,-36.1352],[174.6108,-36.1352],[174.6113,-36.135],[174.6111,-36.1352]]]}},{"type":"Feature","properties":{},"geometry":{"type":"Polygon","coordinates":[[[174.6099,-36.1408],[174.6142,-36.1399],[174.6118,-36.1366],[174.6099,-36.1408]],[[174.6125,-36.1373],[174.6123,-36.1371],[174.6125,-36.1371],[174.6125,-36.1373]],[[174.6126,-36.1384],[174.6126,-36.1382],[174.613,-36.1381],[174.613,-36.1382],[174.6126,-36.1384]]]}},{"type":"Feature","properties":{},"geometry":{"type":"Polygon","coordinates":[[[174.6273,-36.1446],[174.6277,-36.1428],[174.6249,-36.143],[174.6273,-36.1446]]]}},{"type":"Feature","properties":{},"geometry":{"type":"Polygon","coordinates":[[[174.6237,-36.1459],[174.6215,-36.1426],[174.6288,-36.1397],[174.6239,-36.1417],[174.6174,-36.135],[174.62,-36.133],[174.6178,-36.1297],[174.6159,-36.1306],[174.6186,-36.1337],[174.6096,-36.1286],[174.6167,-36.1384],[174.6229,-36.1401],[174.6188,-36.1415],[174.6237,-36.1459]],[[174.6271,-36.1403],[174.627,-36.1401],[174.6275,-36.14],[174.6271,-36.1403]],[[174.6191,-36.1337],[174.6189,-36.1335],[174.6193,-36.1334],[174.6191,-36.1337]],[[174.6108,-36.129],[174.6104,-36.1288],[174.6108,-36.1288],[174.6108,-36.129]],[[174.6126,-36.1327],[174.6125,-36.1327],[174.6126,-36.1323],[174.6126,-36.1327]],[[174.6131,-36.1339],[174.613,-36.1335],[174.6133,-36.1335],[174.6131,-36.1339]],[[174.6186,-36.1345],[174.6184,-36.1345],[174.6184,-36.1344],[174.6186,-36.1344],[174.6186,-36.1345]],[[174.6176,-36.1349],[174.6172,-36.1344],[174.6179,-36.1344],[174.6176,-36.1349]],[[174.6234,-36.141],[174.623,-36.1408],[174.6232,-36.1407],[174.6234,-36.141]],[[174.6212,-36.1417],[174.6212,-36.1411],[174.6217,-36.1414],[174.6212,-36.1417]],[[174.6215,-36.1436],[174.6213,-36.1436],[174.6213,-36.1435],[174.6215,-36.1435],[174.6215,-36.1436]]]}},{"type":"Feature","properties":{},"geometry":{"type":"Polygon","coordinates":[[[174.6314,-36.1501],[174.6348,-36.1494],[174.6335,-36.1466],[174.6314,-36.1501]]]}},{"type":"Feature","properties":{},"geometry":{"type":"Polygon","coordinates":[[[174.6335,-36.1665],[174.636,-36.1662],[174.6336,-36.1645],[174.6335,-36.1665]]]}},{"type":"Feature","properties":{},"geometry":{"type":"Polygon","coordinates":[[[174.6323,-36.1689],[174.6328,-36.1665],[174.6309,-36.1674],[174.6323,-36.1689]]]}},{"type":"Feature","properties":{},"geometry":{"type":"Polygon","coordinates":[[[174.6063,-36.1893],[174.6077,-36.1822],[174.6147,-36.1871],[174.6111,-36.182],[174.6039,-36.1813],[174.6091,-36.1727],[174.6172,-36.1718],[174.6138,-36.1767],[174.6189,-36.1776],[174.6205,-36.1819],[174.6225,-36.1695],[174.6172,-36.1622],[174.6212,-36.1627],[174.6195,-36.1571],[174.6275,-36.1652],[174.6295,-36.1622],[174.6319,-36.1655],[174.641,-36.1616],[174.6309,-36.161],[174.6263,-36.1572],[174.6358,-36.1538],[174.637,-36.1481],[174.6297,-36.1505],[174.6352,-36.1531],[174.6292,-36.1559],[174.6266,-36.1524],[174.6239,-36.1543],[174.6149,-36.149],[174.6138,-36.1508],[174.6121,-36.1466],[174.6174,-36.1436],[174.6116,-36.1414],[174.6091,-36.1457],[174.612,-36.1509],[174.6056,-36.1468],[174.6082,-36.1501],[174.6061,-36.1513],[174.6041,-36.1433],[174.6101,-36.1433],[174.6079,-36.1367],[174.6031,-36.1424],[174.6019,-36.1385],[174.601,-36.1479],[174.5968,-36.1486],[174.5942,-36.1452],[174.5916,-36.1487],[174.5867,-36.1447],[174.5863,-36.1468],[174.5867,-36.1538],[174.5923,-36.1512],[174.5908,-36.1525],[174.5947,-36.1521],[174.5962,-36.1568],[174.5889,-36.1601],[174.598,-36.1622],[174.5886,-36.1673],[174.5906,-36.1692],[174.5985,-36.1658],[174.5985,-36.1688],[174.6002,-36.1677],[174.5997,-36.1612],[174.6022,-36.1605],[174.5998,-36.1527],[174.6048,-36.1513],[174.6034,-36.1578],[174.6082,-36.1572],[174.608,-36.1593],[174.6145,-36.1572],[174.6133,-36.1633],[174.6065,-36.1634],[174.6038,-36.1688],[174.615,-36.1647],[174.6172,-36.1702],[174.6032,-36.1725],[174.607,-36.1747],[174.6015,-36.18],[174.5933,-36.1779],[174.5942,-36.1853],[174.5959,-36.18],[174.6024,-36.1807],[174.6014,-36.1844],[174.605,-36.1826],[174.6063,-36.1893]],[[174.6171,-36.1765],[174.6166,-36.1765],[174.6166,-36.1764],[174.6171,-36.1764],[174.6171,-36.1765]],[[174.616,-36.1767],[174.6159,-36.1767],[174.616,-36.1765],[174.616,-36.1767]],[[174.615,-36.1769],[174.6142,-36.1769],[174.6157,-36.1767],[174.615,-36.1769]],[[174.6259,-36.1568],[174.6256,-36.1567],[174.6259,-36.1567],[174.6259,-36.1568]],[[174.6229,-36.1585],[174.6224,-36.1585],[174.6229,-36.1582],[174.6229,-36.1585]],[[174.627,-36.164],[174.6266,-36.1638],[174.6268,-36.1637],[174.627,-36.164]],[[174.6358,-36.1623],[174.6357,-36.1623],[174.6357,-36.1621],[174.6358,-36.1621],[174.6358,-36.1623]],[[174.6318,-36.1643],[174.6316,-36.1641],[174.6316,-36.164],[174.6318,-36.1641],[174.6318,-36.1643]],[[174.6309,-36.1561],[174.6304,-36.1554],[174.6309,-36.1553],[174.6309,-36.1561]],[[174.6353,-36.1501],[174.6352,-36.1501],[174.6353,-36.1499],[174.6353,-36.1501]],[[174.6143,-36.1437],[174.6138,-36.1436],[174.614,-36.1433],[174.6143,-36.1437]],[[174.6142,-36.1442],[174.614,-36.1439],[174.6143,-36.1439],[174.6142,-36.1442]],[[174.614,-36.1432],[174.6135,-36.1425],[174.6138,-36.1422],[174.614,-36.1432]],[[174.6135,-36.1435],[174.6135,-36.1433],[174.6137,-36.1433],[174.6135,-36.1435]],[[174.6101,-36.1458],[174.6099,-36.1457],[174.6102,-36.1455],[174.6101,-36.1458]],[[174.6087,-36.1462],[174.6085,-36.1462],[174.6085,-36.1461],[174.6087,-36.1461],[174.6087,-36.1462]],[[174.6099,-36.1465],[174.6094,-36.1462],[174.6101,-36.1459],[174.6099,-36.1465]],[[174.6118,-36.1468],[174.6108,-36.1466],[174.6116,-36.145],[174.6118,-36.1468]],[[174.6121,-36.1481],[174.6114,-36.148],[174.6116,-36.1477],[174.6121,-36.1481]],[[174.6126,-36.1483],[174.6123,-36.1477],[174.6128,-36.148],[174.6126,-36.1483]],[[174.6131,-36.1483],[174.613,-36.1483],[174.613,-36.1481],[174.6131,-36.1481],[174.6131,-36.1483]],[[174.613,-36.1491],[174.6126,-36.1491],[174.613,-36.1486],[174.6133,-36.1487],[174.613,-36.1491]],[[174.6104,-36.1516],[174.6102,-36.1512],[174.6104,-36.1512],[174.6104,-36.1516]],[[174.6075,-36.1483],[174.6068,-36.1476],[174.6072,-36.1476],[174.6075,-36.1483]],[[174.608,-36.1484],[174.6077,-36.1483],[174.6082,-36.1481],[174.608,-36.1484]],[[174.6082,-36.1498],[174.6079,-36.1494],[174.6084,-36.1492],[174.6082,-36.1498]],[[174.6077,-36.1377],[174.6075,-36.1374],[174.6079,-36.1374],[174.6077,-36.1377]],[[174.6072,-36.1388],[174.6072,-36.1373],[174.6075,-36.1382],[174.6072,-36.1388]],[[174.6072,-36.141],[174.6072,-36.1395],[174.6075,-36.14],[174.6072,-36.141]],[[174.6056,-36.1412],[174.6056,-36.1411],[174.6058,-36.1411],[174.6056,-36.1412]],[[174.6003,-36.1444],[174.6002,-36.1444],[174.6002,-36.1443],[174.6003,-36.1443],[174.6003,-36.1444]],[[174.6009,-36.1448],[174.6007,-36.1447],[174.6009,-36.1446],[174.601,-36.1447],[174.6009,-36.1448]],[[174.6002,-36.145],[174.6,-36.145],[174.6,-36.1448],[174.6002,-36.1448],[174.6002,-36.145]],[[174.601,-36.1455],[174.6009,-36.1455],[174.6009,-36.1454],[174.601,-36.1454],[174.601,-36.1455]],[[174.6034,-36.1461],[174.6032,-36.1461],[174.6034,-36.1457],[174.6034,-36.1461]],[[174.6046,-36.1446],[174.6044,-36.1446],[174.6044,-36.1444],[174.6046,-36.1444],[174.6046,-36.1446]],[[174.6044,-36.147],[174.6019,-36.1437],[174.6032,-36.143],[174.6044,-36.147]],[[174.6046,-36.1476],[174.6038,-36.1472],[174.6046,-36.1472],[174.6046,-36.1476]],[[174.6038,-36.1479],[174.6036,-36.1479],[174.6034,-36.1476],[174.6038,-36.1477],[174.6038,-36.1479]],[[174.6053,-36.1479],[174.6046,-36.1479],[174.6053,-36.1476],[174.6053,-36.1479]],[[174.5939,-36.1484],[174.5939,-36.1462],[174.5949,-36.1481],[174.5939,-36.1484]],[[174.5891,-36.1484],[174.5887,-36.1484],[174.5887,-36.1483],[174.5891,-36.1483],[174.5891,-36.1484]],[[174.5886,-36.149],[174.5884,-36.1488],[174.5886,-36.1488],[174.5886,-36.149]],[[174.5896,-36.1494],[174.5894,-36.1494],[174.5894,-36.1491],[174.5896,-36.1494]],[[174.6034,-36.1483],[174.6034,-36.1481],[174.6036,-36.1481],[174.6034,-36.1483]],[[174.6039,-36.1483],[174.6038,-36.1483],[174.6038,-36.148],[174.6039,-36.148],[174.6039,-36.1483]],[[174.606,-36.1487],[174.6053,-36.1486],[174.605,-36.148],[174.606,-36.1487]],[[174.6055,-36.1494],[174.6053,-36.1494],[174.6053,-36.1492],[174.6055,-36.1492],[174.6055,-36.1494]],[[174.605,-36.1497],[174.6022,-36.1495],[174.6026,-36.1483],[174.605,-36.1497]],[[174.6058,-36.1497],[174.6056,-36.1497],[174.6056,-36.1494],[174.6058,-36.1494],[174.6058,-36.1497]],[[174.6053,-36.1499],[174.6051,-36.1499],[174.6051,-36.1497],[174.6053,-36.1497],[174.6053,-36.1499]],[[174.6043,-36.1501],[174.6034,-36.1498],[174.6041,-36.1498],[174.6043,-36.1501]],[[174.5896,-36.1512],[174.5894,-36.1508],[174.5898,-36.1508],[174.5896,-36.1512]],[[174.606,-36.1508],[174.6058,-36.1508],[174.6058,-36.1506],[174.606,-36.1508]],[[174.5962,-36.1543],[174.5961,-36.1543],[174.5961,-36.1541],[174.5962,-36.1541],[174.5962,-36.1543]],[[174.5964,-36.1554],[174.5962,-36.155],[174.5964,-36.155],[174.5964,-36.1554]],[[174.5966,-36.1565],[174.5964,-36.1564],[174.5964,-36.1561],[174.5966,-36.1563],[174.5966,-36.1565]],[[174.594,-36.1582],[174.5939,-36.1581],[174.594,-36.1581],[174.594,-36.1582]],[[174.5947,-36.1582],[174.5944,-36.1581],[174.5947,-36.1579],[174.5947,-36.1582]],[[174.598,-36.1644],[174.5978,-36.1644],[174.5978,-36.164],[174.598,-36.164],[174.598,-36.1644]],[[174.5966,-36.1651],[174.5961,-36.165],[174.5973,-36.1644],[174.5966,-36.1651]],[[174.6073,-36.1517],[174.607,-36.1516],[174.6073,-36.1512],[174.6073,-36.1517]],[[174.6082,-36.1541],[174.6079,-36.1541],[174.6082,-36.1539],[174.6082,-36.1541]],[[174.6068,-36.1546],[174.6072,-36.1545],[174.6072,-36.1543],[174.6077,-36.1542],[174.6068,-36.1546]],[[174.6268,-36.1545],[174.6265,-36.1545],[174.6265,-36.1543],[174.6268,-36.1543],[174.6268,-36.1545]],[[174.606,-36.1655],[174.6058,-36.1654],[174.6061,-36.1654],[174.606,-36.1655]],[[174.6172,-36.1695],[174.6171,-36.1694],[174.6171,-36.1692],[174.6172,-36.1695]],[[174.5962,-36.1794],[174.5959,-36.1794],[174.5959,-36.1793],[174.5962,-36.1793],[174.5962,-36.1794]]]}},{"type":"Feature","properties":{},"geometry":{"type":"Polygon","coordinates":[[[174.8471,-36.3749],[174.8499,-36.3744],[174.8381,-36.3703],[174.8471,-36.3749]]]}},{"type":"Feature","properties":{},"geometry":{"type":"Polygon","coordinates":[[[174.7905,-37.1577],[174.7944,-37.1557],[174.791,-37.1562],[174.7905,-37.1577]]]}},{"type":"Feature","properties":{},"geometry":{"type":"Polygon","coordinates":[[[174.7869,-37.1599],[174.7884,-37.1593],[174.7872,-37.1569],[174.7869,-37.1599]]]}},{"type":"Feature","properties":{},"geometry":{"type":"Polygon","coordinates":[[[174.6555,-36.194],[174.6575,-36.1893],[174.6486,-36.1869],[174.6555,-36.194]],[[174.6556,-36.1906],[174.6555,-36.1906],[174.6555,-36.1904],[174.6556,-36.1904],[174.6556,-36.1906]],[[174.6546,-36.1907],[174.6545,-36.1907],[174.6546,-36.1906],[174.6546,-36.1907]]]}},{"type":"Feature","properties":{},"geometry":{"type":"Polygon","coordinates":[[[174.6645,-36.1969],[174.6633,-36.194],[174.6599,-36.1947],[174.6645,-36.1969]]]}},{"type":"Feature","properties":{},"geometry":{"type":"Polygon","coordinates":[[[174.6469,-36.1986],[174.6567,-36.1947],[174.65,-36.19],[174.6469,-36.1986]],[[174.6509,-36.191],[174.6505,-36.191],[174.6505,-36.1906],[174.6509,-36.191]]]}},{"type":"Feature","properties":{},"geometry":{"type":"Polygon","coordinates":[[[174.6715,-36.2048],[174.6734,-36.2041],[174.6705,-36.201],[174.6715,-36.2048]],[[174.669,-36.2022],[174.6688,-36.2022],[174.6688,-36.202],[174.669,-36.202],[174.669,-36.2022]],[[174.6722,-36.2044],[174.672,-36.2041],[174.6724,-36.2041],[174.6722,-36.2044]]]}},{"type":"Feature","properties":{},"geometry":{"type":"Polygon","coordinates":[[[174.6857,-36.2137],[174.6775,-36.2088],[174.6802,-36.2126],[174.6857,-36.2137]],[[174.6806,-36.2101],[174.6802,-36.21],[174.6804,-36.2099],[174.6806,-36.2101]],[[174.6828,-36.2121],[174.6823,-36.2115],[174.683,-36.2117],[174.6828,-36.2121]]]}},{"type":"Feature","properties":{},"geometry":{"type":"Polygon","coordinates":[[[174.641,-36.2169],[174.642,-36.2139],[174.6394,-36.2155],[174.641,-36.2169]]]}},{"type":"Feature","properties":{},"geometry":{"type":"Polygon","coordinates":[[[174.6574,-36.2209],[174.6601,-36.2196],[174.6548,-36.2165],[174.6574,-36.2209]]]}},{"type":"Feature","properties":{},"geometry":{"type":"Polygon","coordinates":[[[174.6476,-36.222],[174.6446,-36.2174],[174.6417,-36.2177],[174.6476,-36.222]],[[174.6442,-36.2181],[174.6432,-36.2176],[174.644,-36.2174],[174.6442,-36.2181]],[[174.6446,-36.2189],[174.644,-36.2189],[174.6442,-36.2184],[174.6446,-36.2189]]]}},{"type":"Feature","properties":{},"geometry":{"type":"Polygon","coordinates":[[[174.6954,-36.2217],[174.6876,-36.2155],[174.6838,-36.2159],[174.6954,-36.2217]],[[174.6857,-36.2152],[174.6855,-36.2152],[174.6857,-36.2151],[174.6857,-36.2152]],[[174.6889,-36.2177],[174.6884,-36.2177],[174.6884,-36.2176],[174.6889,-36.2177]],[[174.691,-36.2192],[174.6908,-36.2192],[174.6908,-36.2191],[174.691,-36.2191],[174.691,-36.2192]],[[174.692,-36.2194],[174.6911,-36.2191],[174.6922,-36.2192],[174.692,-36.2194]],[[174.6918,-36.2195],[174.6915,-36.2195],[174.6917,-36.2194],[174.6918,-36.2195]]]}},{"type":"Feature","properties":{},"geometry":{"type":"Polygon","coordinates":[[[174.6652,-36.2615],[174.6671,-36.2608],[174.6574,-36.2527],[174.6637,-36.2538],[174.6575,-36.2512],[174.657,-36.2468],[174.6659,-36.2472],[174.6705,-36.2554],[174.6724,-36.2487],[174.6775,-36.2524],[174.6628,-36.2441],[174.6693,-36.2403],[174.6865,-36.2509],[174.6812,-36.2418],[174.69,-36.2433],[174.6801,-36.2395],[174.6879,-36.2384],[174.6843,-36.236],[174.6893,-36.2304],[174.6852,-36.2304],[174.6797,-36.2359],[174.6824,-36.2276],[174.677,-36.2249],[174.6806,-36.2291],[174.6739,-36.2319],[174.6754,-36.2373],[174.6688,-36.2352],[174.6705,-36.2316],[174.6669,-36.2367],[174.6582,-36.2386],[174.658,-36.2351],[174.6661,-36.2298],[174.6594,-36.2344],[174.6596,-36.2302],[174.6543,-36.2326],[174.6529,-36.2289],[174.6403,-36.2243],[174.6401,-36.2174],[174.6372,-36.2221],[174.6404,-36.2251],[174.6329,-36.2272],[174.6399,-36.2311],[174.6394,-36.2362],[174.6432,-36.2313],[174.6403,-36.2278],[174.6439,-36.2298],[174.6418,-36.2327],[174.6495,-36.2385],[174.6451,-36.243],[174.6473,-36.2425],[174.6457,-36.2465],[174.6519,-36.2413],[174.6536,-36.245],[174.6502,-36.2496],[174.6543,-36.2496],[174.6483,-36.2547],[174.6558,-36.2521],[174.6515,-36.2568],[174.6596,-36.2546],[174.6589,-36.2585],[174.6621,-36.257],[174.6597,-36.2607],[174.6625,-36.2578],[174.6652,-36.2615]],[[174.6649,-36.2463],[174.6642,-36.2461],[174.6647,-36.2459],[174.6649,-36.2463]],[[174.6667,-36.2466],[174.6666,-36.2465],[174.6667,-36.2463],[174.6667,-36.2466]],[[174.6681,-36.2477],[174.6678,-36.2477],[174.6673,-36.247],[174.6679,-36.2473],[174.6681,-36.2477]],[[174.6707,-36.2485],[174.6696,-36.2484],[174.6707,-36.2483],[174.6707,-36.2485]],[[174.6705,-36.2503],[174.6703,-36.2503],[174.6702,-36.2496],[174.6703,-36.2496],[174.6705,-36.2503]],[[174.6801,-36.2424],[174.6773,-36.2407],[174.6794,-36.2407],[174.6801,-36.2424]],[[174.6806,-36.2424],[174.6802,-36.2422],[174.6806,-36.2421],[174.6806,-36.2424]],[[174.6754,-36.2425],[174.6753,-36.2419],[174.6758,-36.2421],[174.6754,-36.2425]],[[174.6773,-36.2432],[174.6768,-36.2432],[174.6765,-36.2425],[174.6773,-36.2432]],[[174.6823,-36.2447],[174.6818,-36.2443],[174.6819,-36.244],[174.6823,-36.2447]],[[174.6818,-36.247],[174.6807,-36.2465],[174.6814,-36.2461],[174.6818,-36.247]],[[174.6847,-36.2422],[174.684,-36.2421],[174.6845,-36.2419],[174.6847,-36.2422]],[[174.6852,-36.2428],[174.684,-36.2425],[174.685,-36.2424],[174.6852,-36.2428]],[[174.6852,-36.2377],[174.685,-36.2374],[174.6853,-36.2374],[174.6852,-36.2377]],[[174.6876,-36.2379],[174.6869,-36.2378],[174.6872,-36.2374],[174.6876,-36.2379]],[[174.6864,-36.2352],[174.686,-36.2351],[174.6869,-36.2349],[174.6864,-36.2352]],[[174.6867,-36.2307],[174.6865,-36.2307],[174.6865,-36.2305],[174.6867,-36.2305],[174.6867,-36.2307]],[[174.6869,-36.2312],[174.6864,-36.2312],[174.6864,-36.2309],[174.6869,-36.2312]],[[174.6858,-36.2338],[174.685,-36.2338],[174.6852,-36.2333],[174.6858,-36.2338]],[[174.6855,-36.2348],[174.6852,-36.2345],[174.6852,-36.2344],[174.6855,-36.2346],[174.6855,-36.2348]],[[174.6809,-36.2286],[174.6807,-36.2286],[174.6807,-36.2284],[174.6809,-36.2284],[174.6809,-36.2286]],[[174.6811,-36.2293],[174.6811,-36.2286],[174.6816,-36.2287],[174.6811,-36.2293]],[[174.6792,-36.2341],[174.6792,-36.232],[174.6804,-36.2305],[174.6792,-36.2341]],[[174.6783,-36.2342],[174.6777,-36.2334],[174.6787,-36.2326],[174.6783,-36.2342]],[[174.6792,-36.2367],[174.6785,-36.2355],[174.6797,-36.2363],[174.6792,-36.2367]],[[174.6845,-36.2363],[174.6843,-36.2363],[174.6843,-36.2362],[174.6845,-36.2362],[174.6845,-36.2363]],[[174.6799,-36.2367],[174.6799,-36.2363],[174.6802,-36.2364],[174.6799,-36.2367]],[[174.685,-36.2368],[174.6848,-36.2368],[174.6847,-36.2364],[174.685,-36.2368]],[[174.6727,-36.237],[174.6725,-36.237],[174.6729,-36.2368],[174.6727,-36.237]],[[174.6742,-36.2371],[174.6739,-36.2371],[174.6739,-36.237],[174.6742,-36.2371]],[[174.6678,-36.2373],[174.6679,-36.2364],[174.6683,-36.237],[174.6678,-36.2373]],[[174.6754,-36.2374],[174.6746,-36.2373],[174.6748,-36.2371],[174.6754,-36.2374]],[[174.6838,-36.2374],[174.6826,-36.2374],[174.6828,-36.2371],[174.6838,-36.2374]],[[174.6824,-36.2384],[174.6824,-36.2381],[174.6826,-36.2381],[174.6824,-36.2384]],[[174.6625,-36.2326],[174.6623,-36.2324],[174.6625,-36.2324],[174.6625,-36.2326]],[[174.6609,-36.2337],[174.6608,-36.2337],[174.6611,-36.2334],[174.6609,-36.2337]],[[174.6417,-36.2258],[174.6413,-36.2254],[174.6422,-36.2251],[174.6417,-36.2258]],[[174.6413,-36.2261],[174.641,-36.226],[174.6413,-36.2258],[174.6413,-36.2261]],[[174.6439,-36.2265],[174.6422,-36.2257],[174.643,-36.2256],[174.6439,-36.2265]],[[174.6442,-36.2269],[174.644,-36.2268],[174.6442,-36.2268],[174.6442,-36.2269]],[[174.6379,-36.2287],[174.6372,-36.2284],[174.6379,-36.228],[174.6379,-36.2287]],[[174.641,-36.2318],[174.6408,-36.2318],[174.6408,-36.2316],[174.641,-36.2316],[174.641,-36.2318]],[[174.6393,-36.2342],[174.6391,-36.234],[174.6396,-36.2333],[174.6393,-36.2342]],[[174.6468,-36.2276],[174.6466,-36.2276],[174.6466,-36.2275],[174.6468,-36.2276]],[[174.6488,-36.2297],[174.6486,-36.2297],[174.6486,-36.2296],[174.6488,-36.2296],[174.6488,-36.2297]],[[174.6492,-36.2302],[174.649,-36.2302],[174.6488,-36.2301],[174.649,-36.2301],[174.6492,-36.2302]],[[174.6493,-36.2305],[174.6492,-36.2305],[174.6492,-36.2304],[174.6493,-36.2304],[174.6493,-36.2305]],[[174.6519,-36.2312],[174.6515,-36.2311],[174.6517,-36.2311],[174.6519,-36.2312]],[[174.6442,-36.2327],[174.644,-36.2323],[174.6446,-36.2323],[174.6442,-36.2327]],[[174.6437,-36.233],[174.6435,-36.233],[174.6439,-36.2329],[174.6437,-36.233]],[[174.6579,-36.2331],[174.6574,-36.2331],[174.6574,-36.233],[174.6579,-36.233],[174.6579,-36.2331]],[[174.6556,-36.2337],[174.6539,-36.2335],[174.6562,-36.2331],[174.6556,-36.2337]],[[174.6572,-36.2338],[174.6562,-36.2338],[174.6577,-36.2333],[174.6572,-36.2338]],[[174.6475,-36.2342],[174.6468,-36.2334],[174.649,-36.233],[174.6475,-36.2342]],[[174.6616,-36.2344],[174.6614,-36.2341],[174.662,-36.234],[174.6616,-36.2344]],[[174.6457,-36.2358],[174.6452,-36.2353],[174.6464,-36.2345],[174.6457,-36.2358]],[[174.6517,-36.2403],[174.6512,-36.24],[174.6517,-36.2396],[174.6517,-36.2403]],[[174.6502,-36.2404],[174.6497,-36.2402],[174.6504,-36.24],[174.6502,-36.2404]],[[174.6527,-36.2404],[174.6524,-36.2393],[174.6529,-36.24],[174.6527,-36.2404]],[[174.649,-36.2418],[174.6486,-36.2417],[174.6493,-36.241],[174.649,-36.2418]],[[174.6533,-36.2413],[174.6531,-36.2407],[174.6539,-36.2406],[174.6533,-36.2413]],[[174.6568,-36.2447],[174.6563,-36.2429],[174.657,-36.2432],[174.6568,-36.2447]],[[174.6613,-36.2447],[174.6597,-36.243],[174.6608,-36.2425],[174.6613,-36.2447]],[[174.6555,-36.2465],[174.6553,-36.2461],[174.656,-36.2455],[174.6555,-36.2465]],[[174.6546,-36.2469],[174.6543,-36.2469],[174.6543,-36.2465],[174.6546,-36.2469]],[[174.6568,-36.2514],[174.6567,-36.2512],[174.657,-36.2509],[174.6568,-36.2514]],[[174.6565,-36.2532],[174.6563,-36.2532],[174.6565,-36.2531],[174.6565,-36.2532]],[[174.657,-36.2535],[174.6568,-36.2534],[174.6572,-36.2534],[174.657,-36.2535]],[[174.6524,-36.2568],[174.6522,-36.2567],[174.6526,-36.2567],[174.6524,-36.2568]]]}},{"type":"Feature","properties":{},"geometry":{"type":"Polygon","coordinates":[[[174.7024,-36.2803],[174.7009,-36.2719],[174.7021,-36.2703],[174.7063,-36.2747],[174.7026,-36.2702],[174.7058,-36.2645],[174.7074,-36.2675],[174.7086,-36.2659],[174.7072,-36.2583],[174.7137,-36.2572],[174.7138,-36.2651],[174.7169,-36.264],[174.7174,-36.268],[174.7191,-36.2641],[174.7208,-36.2673],[174.722,-36.2642],[174.7294,-36.2623],[174.7265,-36.2692],[174.7422,-36.2659],[174.7439,-36.2692],[174.7405,-36.2718],[174.7463,-36.2718],[174.7463,-36.2776],[174.7555,-36.275],[174.7485,-36.2736],[174.7464,-36.2652],[174.7224,-36.259],[174.7185,-36.2525],[174.7205,-36.2466],[174.7263,-36.2516],[174.7302,-36.2503],[174.7302,-36.2545],[174.7311,-36.2525],[174.7273,-36.2437],[174.7236,-36.2408],[174.7207,-36.2433],[174.6997,-36.2247],[174.6833,-36.2163],[174.6819,-36.2147],[174.6864,-36.2147],[174.6785,-36.2119],[174.6737,-36.2059],[174.6792,-36.201],[174.6705,-36.2052],[174.6623,-36.2019],[174.6655,-36.1979],[174.658,-36.1954],[174.6486,-36.2035],[174.6428,-36.2034],[174.6478,-36.2068],[174.6428,-36.2126],[174.6509,-36.2207],[174.648,-36.2156],[174.6585,-36.2167],[174.6451,-36.2125],[174.65,-36.2055],[174.6592,-36.2017],[174.6719,-36.2112],[174.6746,-36.2093],[174.6746,-36.2126],[174.6801,-36.2134],[174.6783,-36.2151],[174.6819,-36.2155],[174.6795,-36.2159],[174.6886,-36.2239],[174.6997,-36.228],[174.7053,-36.2356],[174.7005,-36.2386],[174.7089,-36.2386],[174.7094,-36.2362],[174.7167,-36.2382],[174.7101,-36.2454],[174.7132,-36.2501],[174.7065,-36.252],[174.7036,-36.249],[174.7036,-36.2531],[174.6971,-36.2506],[174.6964,-36.2525],[174.7024,-36.2536],[174.7017,-36.2575],[174.6956,-36.255],[174.7009,-36.2582],[174.692,-36.2619],[174.7017,-36.2593],[174.7026,-36.2637],[174.6999,-36.2633],[174.7014,-36.2664],[174.6976,-36.2689],[174.7024,-36.2803]],[[174.7323,-36.2615],[174.7321,-36.2615],[174.7323,-36.2612],[174.7323,-36.2615]],[[174.7188,-36.2637],[174.7186,-36.2637],[174.7186,-36.2633],[174.7188,-36.2637]],[[174.7181,-36.2669],[174.7179,-36.2667],[174.7181,-36.2666],[174.7181,-36.2669]],[[174.721,-36.2681],[174.7208,-36.2681],[174.7208,-36.2677],[174.721,-36.2677],[174.721,-36.2681]],[[174.7429,-36.2648],[174.7427,-36.2648],[174.7427,-36.2647],[174.7429,-36.2647],[174.7429,-36.2648]],[[174.7342,-36.2655],[174.7338,-36.2653],[174.7342,-36.2652],[174.7342,-36.2655]],[[174.7321,-36.2658],[174.7321,-36.2656],[174.7323,-36.2656],[174.7321,-36.2658]],[[174.7374,-36.266],[174.7372,-36.266],[174.7372,-36.2659],[174.7374,-36.2659],[174.7374,-36.266]],[[174.7236,-36.2483],[174.7234,-36.2481],[174.7236,-36.2481],[174.7236,-36.2483]],[[174.7239,-36.2483],[174.7237,-36.2483],[174.7237,-36.2481],[174.7239,-36.2481],[174.7239,-36.2483]],[[174.7246,-36.2485],[174.7246,-36.2484],[174.7248,-36.2484],[174.7246,-36.2485]],[[174.7261,-36.2485],[174.726,-36.2485],[174.7263,-36.2483],[174.7261,-36.2485]],[[174.7246,-36.2491],[174.7239,-36.249],[174.7244,-36.2485],[174.7246,-36.2491]],[[174.7261,-36.2495],[174.7256,-36.2494],[174.7261,-36.2494],[174.7261,-36.2495]],[[174.727,-36.2495],[174.7266,-36.2494],[174.727,-36.2494],[174.727,-36.2495]],[[174.7282,-36.2495],[174.7277,-36.2494],[174.7285,-36.249],[174.7282,-36.2495]],[[174.7243,-36.2428],[174.7239,-36.2425],[174.7243,-36.2422],[174.7243,-36.2428]],[[174.6582,-36.2019],[174.6579,-36.2019],[174.658,-36.2017],[174.6582,-36.2019]],[[174.6719,-36.21],[174.6717,-36.2099],[174.6719,-36.2099],[174.6719,-36.21]],[[174.6858,-36.2183],[174.6855,-36.2183],[174.6855,-36.2181],[174.6858,-36.2181],[174.6858,-36.2183]],[[174.6872,-36.2191],[174.6869,-36.2191],[174.6871,-36.2189],[174.6872,-36.2191]],[[174.6867,-36.2195],[174.6858,-36.2185],[174.6865,-36.2187],[174.6867,-36.2195]],[[174.686,-36.2205],[174.6858,-36.22],[174.6864,-36.2202],[174.686,-36.2205]],[[174.6874,-36.2212],[174.6864,-36.2206],[174.6876,-36.2209],[174.6874,-36.2212]],[[174.6881,-36.2214],[174.6877,-36.2213],[174.6879,-36.2212],[174.6881,-36.2214]],[[174.6975,-36.2273],[174.6973,-36.2273],[174.6973,-36.2271],[174.6975,-36.2271],[174.6975,-36.2273]],[[174.7053,-36.2312],[174.7051,-36.2312],[174.7051,-36.2307],[174.7053,-36.2307],[174.7051,-36.2311],[174.7053,-36.2312]],[[174.705,-36.2318],[174.7048,-36.2315],[174.7051,-36.2313],[174.705,-36.2318]],[[174.7031,-36.2338],[174.7033,-36.2313],[174.7046,-36.2315],[174.7031,-36.2338]],[[174.7072,-36.2353],[174.7068,-36.2352],[174.707,-36.2351],[174.7072,-36.2353]],[[174.7038,-36.2368],[174.7034,-36.2368],[174.7034,-36.2367],[174.7038,-36.2368]],[[174.7036,-36.2371],[174.7034,-36.2371],[174.7034,-36.237],[174.7036,-36.237],[174.7036,-36.2371]],[[174.7091,-36.2367],[174.7074,-36.2353],[174.7084,-36.2356],[174.7091,-36.2367]],[[174.7089,-36.2385],[174.7087,-36.2385],[174.7087,-36.2382],[174.7089,-36.2382],[174.7089,-36.2385]],[[174.7031,-36.2392],[174.7031,-36.2377],[174.7065,-36.2362],[174.7031,-36.2392]],[[174.7154,-36.2374],[174.7152,-36.2374],[174.7152,-36.2373],[174.7154,-36.2373],[174.7154,-36.2374]],[[174.7166,-36.2424],[174.7162,-36.2422],[174.7164,-36.2421],[174.7166,-36.2424]],[[174.7176,-36.2429],[174.7159,-36.2419],[174.7166,-36.241],[174.7176,-36.2429]],[[174.7183,-36.2429],[174.7181,-36.2429],[174.7183,-36.2426],[174.7183,-36.2429]],[[174.7179,-36.2436],[174.7171,-36.2436],[174.7173,-36.2435],[174.7179,-36.2436]],[[174.7208,-36.2454],[174.7207,-36.2451],[174.7208,-36.2452],[174.7208,-36.2454]],[[174.7249,-36.2448],[174.7243,-36.2447],[174.7246,-36.2444],[174.7249,-36.2448]],[[174.7241,-36.2455],[174.7215,-36.2447],[174.7234,-36.2446],[174.7241,-36.2455]],[[174.721,-36.2457],[174.7208,-36.2457],[174.7208,-36.2455],[174.721,-36.2455],[174.721,-36.2457]],[[174.6956,-36.2615],[174.6954,-36.2615],[174.6954,-36.2613],[174.6956,-36.2613],[174.6956,-36.2615]],[[174.6964,-36.2622],[174.6973,-36.2611],[174.6976,-36.2619],[174.6964,-36.2622]],[[174.7048,-36.2594],[174.7046,-36.2594],[174.7048,-36.2591],[174.7048,-36.2594]],[[174.7036,-36.264],[174.7029,-36.2638],[174.7031,-36.2629],[174.7036,-36.264]]]}},{"type":"Feature","properties":{},"geometry":{"type":"Polygon","coordinates":[[[174.7645,-36.7953],[174.7616,-36.7897],[174.763,-36.7912],[174.7567,-36.7906],[174.7645,-36.7953]],[[174.7632,-36.7905],[174.763,-36.7905],[174.763,-36.7904],[174.7632,-36.7904],[174.7632,-36.7905]],[[174.761,-36.7939],[174.7606,-36.7934],[174.7611,-36.7931],[174.761,-36.7939]]]}},{"type":"Feature","properties":{},"geometry":{"type":"Polygon","coordinates":[[[174.714,-36.788],[174.7106,-36.783],[174.7178,-36.7868],[174.7181,-36.7842],[174.7109,-36.7817],[174.7092,-36.7831],[174.714,-36.788]],[[174.7132,-36.7824],[174.7116,-36.7817],[174.712,-36.7813],[174.7132,-36.7824]]]}},{"type":"Feature","properties":{},"geometry":{"type":"Polygon","coordinates":[[[174.6787,-36.7899],[174.6867,-36.7857],[174.6905,-36.7874],[174.6954,-36.7826],[174.6968,-36.7871],[174.708,-36.7846],[174.7036,-36.7848],[174.6981,-36.7794],[174.7005,-36.7735],[174.7079,-36.7685],[174.6922,-36.7805],[174.6841,-36.7807],[174.6783,-36.7865],[174.6787,-36.7899]]]}},{"type":"Feature","properties":{},"geometry":{"type":"Polygon","coordinates":[[[174.7183,-36.7225],[174.7195,-36.7204],[174.7167,-36.7186],[174.7183,-36.7225]]]}},{"type":"Feature","properties":{},"geometry":{"type":"Polygon","coordinates":[[[174.7014,-36.7247],[174.7157,-36.7164],[174.6988,-36.7229],[174.6871,-36.7191],[174.6898,-36.7192],[174.6879,-36.7227],[174.6915,-36.7208],[174.7014,-36.7247]],[[174.7132,-36.7177],[174.7127,-36.7176],[174.7132,-36.7173],[174.7132,-36.7177]],[[174.714,-36.7175],[174.7138,-36.7175],[174.7138,-36.7172],[174.714,-36.7172],[174.714,-36.7175]],[[174.7135,-36.7177],[174.7133,-36.7175],[174.7137,-36.7175],[174.7135,-36.7177]],[[174.7125,-36.7184],[174.7116,-36.7177],[174.7123,-36.7176],[174.7125,-36.7184]],[[174.7147,-36.7171],[174.7144,-36.7169],[174.715,-36.7169],[174.7147,-36.7171]],[[174.7089,-36.7204],[174.7086,-36.7199],[174.7096,-36.7198],[174.7089,-36.7204]]]}},{"type":"Feature","properties":{},"geometry":{"type":"Polygon","coordinates":[[[175.0212,-36.9545],[175.0245,-36.9508],[175.0228,-36.9504],[175.0212,-36.9545]]]}},{"type":"Feature","properties":{},"geometry":{"type":"Polygon","coordinates":[[[175.0139,-36.9605],[175.0108,-36.9576],[175.0096,-36.9582],[175.0139,-36.9605]]]}},{"type":"Feature","properties":{},"geometry":{"type":"Polygon","coordinates":[[[174.918,-37.0183],[174.9205,-37.018],[174.9197,-37.0156],[174.918,-37.0183]]]}},{"type":"Feature","properties":{},"geometry":{"type":"Polygon","coordinates":[[[174.9683,-37.0213],[174.9721,-37.019],[174.968,-37.0188],[174.9683,-37.0213]],[[174.969,-37.0199],[174.9688,-37.0199],[174.969,-37.0196],[174.969,-37.0199]]]}},{"type":"Feature","properties":{},"geometry":{"type":"Polygon","coordinates":[[[174.9023,-37.0281],[174.9009,-37.0202],[174.9001,-37.026],[174.9023,-37.0281]]]}},{"type":"Feature","properties":{},"geometry":{"type":"Polygon","coordinates":[[[174.9258,-37.0348],[174.924,-37.0314],[174.9228,-37.0327],[174.9258,-37.0348]],[[174.9241,-37.0319],[174.924,-37.0319],[174.924,-37.0316],[174.9241,-37.0319]]]}},{"type":"Feature","properties":{},"geometry":{"type":"Polygon","coordinates":[[[174.9258,-37.0413],[174.9275,-37.0368],[174.9199,-37.0394],[174.9258,-37.0413]],[[174.9272,-37.0367],[174.9269,-37.0367],[174.9269,-37.0364],[174.9272,-37.0367]]]}},{"type":"Feature","properties":{},"geometry":{"type":"Polygon","coordinates":[[[174.9818,-37.0532],[174.9839,-37.0521],[174.9793,-37.0481],[174.9793,-37.044],[174.9837,-37.0438],[174.984,-37.048],[174.9832,-37.0363],[174.9782,-37.0375],[174.9767,-37.0333],[174.9661,-37.0391],[174.967,-37.0372],[174.9601,-37.0368],[174.9625,-37.0327],[174.9572,-37.0335],[174.956,-37.0292],[174.9644,-37.031],[174.9653,-37.0361],[174.9697,-37.0363],[174.9687,-37.0297],[174.9656,-37.0297],[174.9678,-37.0292],[174.975,-37.0323],[174.9777,-37.0293],[174.9823,-37.0344],[174.9803,-37.0349],[174.9897,-37.0363],[174.975,-37.0228],[174.9844,-37.0201],[174.982,-37.0145],[174.9656,-37.0232],[174.9673,-37.0195],[174.9579,-37.0231],[174.9552,-37.0202],[174.9697,-37.0165],[174.967,-37.0112],[174.9769,-37.0104],[174.975,-37.0057],[174.9856,-37.0062],[174.9798,-37.0056],[174.9781,-36.9993],[174.9881,-36.9984],[174.9922,-36.992],[174.9967,-36.9914],[174.9929,-36.9897],[174.9936,-36.9876],[174.9972,-36.9895],[174.9939,-36.9872],[174.9979,-36.986],[174.9985,-36.9823],[175.002,-36.9873],[175.0038,-36.985],[175.0014,-36.9803],[175.0098,-36.98],[175.0055,-36.9792],[175.0045,-36.9755],[175.013,-36.9771],[175.0069,-36.9744],[175.0103,-36.9715],[175.0224,-36.9728],[175.0124,-36.9711],[175.0177,-36.9684],[175.0136,-36.9687],[175.0188,-36.965],[175.0204,-36.9595],[175.016,-36.9658],[175.01,-36.9644],[175.013,-36.967],[175.0069,-36.9688],[175.0086,-36.9708],[175.0008,-36.9722],[175.0042,-36.9745],[175.0004,-36.9762],[175.0011,-36.9786],[174.9956,-36.9807],[174.9905,-36.9783],[174.9912,-36.9828],[174.9854,-36.9828],[174.9905,-36.986],[174.9835,-36.986],[174.984,-36.9883],[174.9777,-36.9906],[174.989,-36.9875],[174.9909,-36.9909],[174.9857,-36.9973],[174.9784,-36.9958],[174.9746,-37.0053],[174.9711,-37.0072],[174.9687,-37.004],[174.9717,-36.9996],[174.9687,-36.9996],[174.9682,-36.9903],[174.9661,-36.9957],[174.9608,-36.9929],[174.963,-36.9992],[174.9555,-36.9991],[174.9608,-37.0034],[174.9528,-36.9984],[174.9485,-36.9995],[174.9564,-37.0019],[174.949,-37.0041],[174.955,-37.0064],[174.9518,-37.0074],[174.9506,-37.0151],[174.9465,-37.0158],[174.9499,-37.0181],[174.9482,-37.0218],[174.939,-37.0209],[174.9371,-37.0121],[174.9366,-37.0188],[174.9287,-37.0209],[174.9304,-37.0102],[174.9267,-37.0177],[174.9282,-37.0123],[174.9257,-37.0156],[174.92,-37.0139],[174.9251,-37.0162],[174.9267,-37.0251],[174.9197,-37.0244],[174.9199,-37.0181],[174.9173,-37.0213],[174.9132,-37.0173],[174.9117,-37.0188],[174.9182,-37.0263],[174.9151,-37.0289],[174.9112,-37.0224],[174.9137,-37.0288],[174.9105,-37.0333],[174.9076,-37.0214],[174.9081,-37.0274],[174.9054,-37.0247],[174.9069,-37.0281],[174.9048,-37.0281],[174.9086,-37.033],[174.8999,-37.0277],[174.9023,-37.032],[174.9001,-37.0356],[174.9031,-37.0345],[174.8965,-37.0449],[174.9006,-37.0449],[174.9077,-37.036],[174.9103,-37.0394],[174.9123,-37.0361],[174.9193,-37.0391],[174.9183,-37.0331],[174.924,-37.0304],[174.9284,-37.0344],[174.947,-37.034],[174.9564,-37.0508],[174.9654,-37.0495],[174.9636,-37.0435],[174.9695,-37.0453],[174.9695,-37.0399],[174.9748,-37.0428],[174.9728,-37.0399],[174.9787,-37.0391],[174.9752,-37.0499],[174.9782,-37.047],[174.9818,-37.0532]],[[174.9827,-37.0429],[174.9823,-37.0427],[174.9825,-37.0425],[174.9827,-37.0429]],[[174.9823,-37.0431],[174.9822,-37.0431],[174.9822,-37.0429],[174.9823,-37.0429],[174.9823,-37.0431]],[[174.9828,-37.0434],[174.9825,-37.0434],[174.9825,-37.0431],[174.9828,-37.0434]],[[174.9845,-37.0434],[174.9844,-37.0434],[174.9844,-37.0431],[174.9845,-37.0431],[174.9845,-37.0434]],[[174.9755,-37.0361],[174.975,-37.0357],[174.976,-37.0355],[174.9755,-37.0361]],[[174.9639,-37.0288],[174.9636,-37.0288],[174.9641,-37.0285],[174.9639,-37.0288]],[[174.9644,-37.0293],[174.9641,-37.0293],[174.9634,-37.029],[174.9644,-37.0293]],[[174.9676,-37.0303],[174.9675,-37.0303],[174.9675,-37.0301],[174.9676,-37.0303]],[[174.9682,-37.0305],[174.9678,-37.0301],[174.9683,-37.03],[174.9682,-37.0305]],[[174.9682,-37.0312],[174.9678,-37.0308],[174.968,-37.0308],[174.9682,-37.0312]],[[174.9692,-37.033],[174.969,-37.033],[174.969,-37.0329],[174.9692,-37.0329],[174.9692,-37.033]],[[174.968,-37.0349],[174.9678,-37.0349],[174.9687,-37.0342],[174.968,-37.0349]],[[174.9661,-37.0355],[174.9646,-37.033],[174.9658,-37.0308],[174.9661,-37.0355]],[[174.974,-37.031],[174.9743,-37.0305],[174.9745,-37.0307],[174.974,-37.031]],[[174.9828,-37.0345],[174.9827,-37.0344],[174.983,-37.0342],[174.9828,-37.0345]],[[174.982,-37.0349],[174.982,-37.0348],[174.9825,-37.0345],[174.9825,-37.0346],[174.982,-37.0349]],[[174.983,-37.0346],[174.9828,-37.0346],[174.983,-37.0345],[174.983,-37.0346]],[[174.9825,-37.0349],[174.9823,-37.0349],[174.9827,-37.0346],[174.9825,-37.0349]],[[174.9786,-37.0169],[174.9781,-37.0168],[174.9786,-37.0166],[174.9786,-37.0169]],[[174.9775,-37.0171],[174.9774,-37.0171],[174.9777,-37.0169],[174.9775,-37.0171]],[[174.9799,-37.0171],[174.9794,-37.0168],[174.9796,-37.0166],[174.9799,-37.0171]],[[174.9804,-37.0175],[174.9803,-37.0173],[174.9804,-37.0173],[174.9804,-37.0175]],[[174.9762,-37.0177],[174.9762,-37.0173],[174.9774,-37.0173],[174.9762,-37.0177]],[[174.9818,-37.0187],[174.9816,-37.0187],[174.9816,-37.0186],[174.9818,-37.0187]],[[174.9803,-37.0188],[174.9804,-37.0186],[174.981,-37.0186],[174.9803,-37.0188]],[[174.9823,-37.0188],[174.982,-37.0188],[174.982,-37.0187],[174.9823,-37.0188]],[[174.9825,-37.0191],[174.9823,-37.019],[174.9825,-37.019],[174.9825,-37.0191]],[[174.9828,-37.0195],[174.9827,-37.0195],[174.9827,-37.0192],[174.9828,-37.0195]],[[174.9717,-37.0205],[174.9716,-37.0205],[174.9717,-37.0202],[174.9719,-37.0203],[174.9717,-37.0205]],[[174.9755,-37.0199],[174.9752,-37.0199],[174.9752,-37.0198],[174.9755,-37.0198],[174.9755,-37.0199]],[[174.9758,-37.0201],[174.9757,-37.0201],[174.9757,-37.0199],[174.9758,-37.0199],[174.9758,-37.0201]],[[174.9741,-37.0202],[174.9735,-37.0201],[174.975,-37.0198],[174.9741,-37.0202]],[[174.9748,-37.0205],[174.9746,-37.0205],[174.9748,-37.0202],[174.9748,-37.0205]],[[174.9757,-37.0206],[174.9752,-37.0203],[174.9764,-37.0202],[174.9757,-37.0206]],[[174.9741,-37.0209],[174.9738,-37.0207],[174.9738,-37.0205],[174.9741,-37.0209]],[[174.977,-37.0211],[174.9767,-37.0207],[174.9769,-37.0206],[174.977,-37.0211]],[[174.9707,-37.0213],[174.9729,-37.0202],[174.9731,-37.0206],[174.9707,-37.0213]],[[174.9702,-37.0216],[174.97,-37.0214],[174.9706,-37.0214],[174.9702,-37.0216]],[[174.9706,-37.0221],[174.9704,-37.0221],[174.9706,-37.022],[174.9706,-37.0221]],[[174.9688,-37.0226],[174.9685,-37.0226],[174.9685,-37.0225],[174.9688,-37.0225],[174.9688,-37.0226]],[[174.9641,-37.0224],[174.9639,-37.0211],[174.9646,-37.0213],[174.9641,-37.0224]],[[174.9629,-37.0225],[174.9627,-37.0225],[174.9627,-37.0224],[174.9629,-37.0224],[174.9629,-37.0225]],[[174.963,-37.0229],[174.9627,-37.0226],[174.9637,-37.0225],[174.963,-37.0229]],[[174.9629,-37.0235],[174.9627,-37.0235],[174.9627,-37.0233],[174.9629,-37.0233],[174.9629,-37.0235]],[[174.9632,-37.0186],[174.963,-37.0186],[174.963,-37.0184],[174.9632,-37.0186]],[[174.9659,-37.0154],[174.9656,-37.0151],[174.9665,-37.0147],[174.9659,-37.0154]],[[174.9665,-37.0158],[174.9659,-37.0157],[174.9661,-37.0156],[174.9665,-37.0158]],[[174.968,-37.0162],[174.9678,-37.0161],[174.9678,-37.016],[174.968,-37.0162]],[[174.9769,-37.0082],[174.9764,-37.0082],[174.9774,-37.0079],[174.9769,-37.0082]],[[174.9965,-36.9865],[174.9943,-36.9835],[174.9984,-36.9849],[174.9965,-36.9865]],[[175.0006,-36.9823],[174.9999,-36.982],[175.0001,-36.9819],[175.0006,-36.9823]],[[175.0016,-36.9828],[175.0013,-36.9828],[175.0014,-36.9827],[175.0016,-36.9828]],[[175.0023,-36.9725],[175.002,-36.9722],[175.0021,-36.9721],[175.0023,-36.9725]],[[175.0057,-36.9738],[175.0055,-36.9729],[175.0064,-36.9729],[175.0057,-36.9738]],[[175.0059,-36.974],[175.0057,-36.974],[175.006,-36.9738],[175.0059,-36.974]],[[174.9786,-37.0051],[174.9781,-37.0047],[174.9787,-37.0044],[174.9786,-37.0051]],[[174.9646,-36.9978],[174.9644,-36.9976],[174.9647,-36.9976],[174.9646,-36.9978]],[[174.9676,-36.9978],[174.9671,-36.9974],[174.9671,-36.9969],[174.9676,-36.9978]],[[174.9646,-36.9995],[174.9642,-36.9993],[174.9646,-36.9988],[174.9646,-36.9995]],[[174.9688,-36.9982],[174.9685,-36.9978],[174.969,-36.9978],[174.9688,-36.9982]],[[174.9653,-36.9995],[174.9649,-36.9985],[174.9654,-36.9982],[174.9653,-36.9995]],[[174.9584,-36.9996],[174.9583,-36.9996],[174.9583,-36.9993],[174.9584,-36.9993],[174.9584,-36.9996]],[[174.9627,-37.0007],[174.9625,-37.0007],[174.9629,-37.0006],[174.9627,-37.0007]],[[174.9623,-37.0008],[174.9622,-37.0008],[174.9623,-37.0007],[174.9623,-37.0008]],[[174.9647,-37.001],[174.9646,-36.9999],[174.9653,-36.9996],[174.9654,-37.0007],[174.9647,-37.001]],[[174.9697,-36.9996],[174.9694,-36.9996],[174.9697,-36.9992],[174.9697,-36.9996]],[[174.9675,-37.0008],[174.9666,-36.9997],[174.9671,-36.9992],[174.9675,-37.0008]],[[174.9668,-37.0017],[174.9663,-37.0008],[174.9671,-37.0007],[174.9668,-37.0017]],[[174.9658,-37.0023],[174.9654,-37.0021],[174.9661,-37.0021],[174.9658,-37.0023]],[[174.9562,-37.0032],[174.9557,-37.0029],[174.9562,-37.0029],[174.9562,-37.0032]],[[174.9499,-37.0047],[174.9495,-37.0045],[174.9495,-37.0042],[174.9499,-37.0047]],[[174.9641,-37.0049],[174.9634,-37.0049],[174.9637,-37.0042],[174.9641,-37.0049]],[[174.9523,-37.0053],[174.9514,-37.0051],[174.9518,-37.0048],[174.9523,-37.0053]],[[174.9654,-37.0053],[174.9649,-37.004],[174.9656,-37.0041],[174.9654,-37.0053]],[[174.9728,-37.0078],[174.9724,-37.0074],[174.9729,-37.0072],[174.9728,-37.0078]],[[174.9528,-37.0104],[174.9521,-37.0097],[174.9528,-37.0094],[174.9528,-37.0104]],[[174.967,-37.0108],[174.9666,-37.0108],[174.967,-37.0105],[174.967,-37.0108]],[[174.9615,-37.012],[174.9593,-37.0119],[174.9606,-37.0109],[174.9615,-37.012]],[[174.9623,-37.0153],[174.9617,-37.0153],[174.9618,-37.015],[174.9623,-37.0153]],[[174.9629,-37.0153],[174.9627,-37.0153],[174.9627,-37.0151],[174.9629,-37.0151],[174.9629,-37.0153]],[[174.9639,-37.0153],[174.9634,-37.0153],[174.9641,-37.015],[174.9639,-37.0153]],[[174.9659,-37.0131],[174.9653,-37.013],[174.9656,-37.0124],[174.9659,-37.0131]],[[174.9647,-37.0154],[174.9644,-37.013],[174.9666,-37.0142],[174.9647,-37.0154]],[[174.9615,-37.0156],[174.9612,-37.0156],[174.9613,-37.0153],[174.9615,-37.0156]],[[174.9502,-37.0169],[174.9487,-37.0166],[174.9501,-37.0165],[174.9502,-37.0169]],[[174.96,-37.0165],[174.9598,-37.0164],[174.96,-37.0164],[174.96,-37.0165]],[[174.9595,-37.0168],[174.9591,-37.0164],[174.9595,-37.0165],[174.9595,-37.0168]],[[174.9598,-37.0169],[174.9596,-37.0168],[174.9612,-37.0164],[174.9598,-37.0169]],[[174.9579,-37.0187],[174.9577,-37.0187],[174.9577,-37.0186],[174.9579,-37.0187]],[[174.9228,-37.0156],[174.9226,-37.0156],[174.9226,-37.0154],[174.9228,-37.0156]],[[174.9354,-37.0218],[174.9352,-37.0214],[174.9356,-37.0214],[174.9354,-37.0218]],[[174.9432,-37.0224],[174.9431,-37.0218],[174.9438,-37.022],[174.9432,-37.0224]],[[174.934,-37.0236],[174.9337,-37.0231],[174.9342,-37.0229],[174.934,-37.0236]],[[174.9511,-37.0235],[174.9506,-37.0231],[174.9506,-37.0228],[174.9511,-37.0235]],[[174.963,-37.0239],[174.9629,-37.0239],[174.9629,-37.0236],[174.963,-37.0239]],[[174.9654,-37.0237],[174.9651,-37.0237],[174.9651,-37.0236],[174.9654,-37.0236],[174.9654,-37.0237]],[[174.9637,-37.0239],[174.9632,-37.0232],[174.9636,-37.0229],[174.9637,-37.0239]],[[174.9639,-37.0241],[174.9634,-37.0241],[174.9634,-37.024],[174.9639,-37.024],[174.9639,-37.0241]],[[174.918,-37.0222],[174.9175,-37.0218],[174.9182,-37.0216],[174.918,-37.0222]],[[174.9175,-37.0226],[174.9171,-37.0226],[174.9176,-37.0224],[174.9175,-37.0226]],[[174.9258,-37.0262],[174.9257,-37.0259],[174.9262,-37.0258],[174.9258,-37.0262]],[[174.9253,-37.0271],[174.925,-37.0266],[174.9253,-37.0266],[174.9253,-37.0271]],[[174.9217,-37.0273],[174.9212,-37.0267],[174.9216,-37.0266],[174.9217,-37.0273]],[[174.9183,-37.0275],[174.9176,-37.0275],[174.9187,-37.0267],[174.9183,-37.0275]],[[174.9175,-37.0278],[174.9175,-37.0277],[174.9176,-37.0277],[174.9175,-37.0278]],[[174.9333,-37.0273],[174.9332,-37.0271],[174.933,-37.0269],[174.9332,-37.027],[174.9333,-37.0273]],[[174.9335,-37.0277],[174.9333,-37.0277],[174.9333,-37.0274],[174.9335,-37.0277]],[[174.9251,-37.028],[174.9246,-37.0277],[174.9251,-37.0275],[174.9251,-37.028]],[[174.9362,-37.0271],[174.9361,-37.0271],[174.9362,-37.027],[174.9362,-37.0271]],[[174.9357,-37.0273],[174.9357,-37.0271],[174.9359,-37.0271],[174.9357,-37.0273]],[[174.9352,-37.0274],[174.935,-37.0271],[174.9354,-37.027],[174.9352,-37.0274]],[[174.9345,-37.0277],[174.9347,-37.0273],[174.935,-37.0274],[174.9345,-37.0277]],[[174.934,-37.0278],[174.934,-37.0277],[174.9342,-37.0277],[174.934,-37.0278]],[[174.9197,-37.0284],[174.9193,-37.0275],[174.9199,-37.0277],[174.9197,-37.0284]],[[174.9332,-37.0281],[174.9332,-37.028],[174.9333,-37.028],[174.9332,-37.0281]],[[174.9328,-37.0282],[174.9327,-37.0281],[174.9323,-37.0282],[174.9323,-37.0281],[174.9328,-37.0281],[174.9328,-37.0282]],[[174.9233,-37.0288],[174.9229,-37.0286],[174.9233,-37.0284],[174.9233,-37.0288]],[[174.9238,-37.0288],[174.9236,-37.0288],[174.9236,-37.0285],[174.9238,-37.0285],[174.9238,-37.0288]],[[174.9236,-37.0292],[174.9231,-37.0292],[174.9231,-37.029],[174.9236,-37.029],[174.9236,-37.0292]],[[174.9236,-37.0297],[174.9233,-37.0295],[174.9236,-37.0295],[174.9236,-37.0297]],[[174.9231,-37.0299],[174.9228,-37.0299],[174.9229,-37.0296],[174.9231,-37.0299]],[[174.9161,-37.0312],[174.9158,-37.0312],[174.9158,-37.0305],[174.9161,-37.0312]],[[174.9139,-37.033],[174.913,-37.033],[174.9144,-37.0323],[174.9139,-37.033]],[[174.9081,-37.0296],[174.9079,-37.0296],[174.9079,-37.0288],[174.9081,-37.0288],[174.9081,-37.0296]],[[174.9089,-37.0307],[174.9079,-37.03],[174.9083,-37.0299],[174.9089,-37.0307]],[[174.9026,-37.0319],[174.9023,-37.0319],[174.9023,-37.0318],[174.9026,-37.0318],[174.9026,-37.0319]],[[174.9057,-37.0333],[174.9055,-37.0333],[174.9055,-37.033],[174.9057,-37.033],[174.9057,-37.0333]],[[174.9094,-37.0338],[174.9088,-37.0334],[174.9091,-37.0331],[174.9094,-37.0338]],[[174.9028,-37.034],[174.9026,-37.034],[174.9028,-37.0338],[174.9028,-37.034]],[[174.9093,-37.0344],[174.9094,-37.034],[174.9096,-37.0341],[174.9093,-37.0344]],[[174.9093,-37.0352],[174.9089,-37.0349],[174.9094,-37.0348],[174.9093,-37.0352]],[[174.9067,-37.0363],[174.9064,-37.0359],[174.9067,-37.0357],[174.9067,-37.0363]],[[174.9052,-37.0369],[174.9048,-37.0369],[174.9054,-37.0367],[174.9052,-37.0369]],[[174.9045,-37.038],[174.9038,-37.0378],[174.9052,-37.0371],[174.9045,-37.038]],[[174.9135,-37.0348],[174.913,-37.0331],[174.9139,-37.0342],[174.9135,-37.0348]],[[174.9168,-37.0341],[174.917,-37.0335],[174.9173,-37.034],[174.9168,-37.0341]],[[174.9158,-37.0352],[174.9151,-37.0352],[174.9156,-37.0341],[174.9158,-37.0352]],[[174.9175,-37.0359],[174.917,-37.0356],[174.9173,-37.0353],[174.9175,-37.0359]],[[174.9117,-37.0372],[174.9098,-37.036],[174.9098,-37.0344],[174.9117,-37.0372]],[[174.9137,-37.0379],[174.9137,-37.0378],[174.9139,-37.0376],[174.9137,-37.0379]],[[174.9125,-37.038],[174.9123,-37.0375],[174.9129,-37.0379],[174.9125,-37.038]],[[174.9251,-37.03],[174.925,-37.0296],[174.9253,-37.0299],[174.9251,-37.03]],[[174.9265,-37.0305],[174.9263,-37.0305],[174.9263,-37.0304],[174.9265,-37.0304],[174.9265,-37.0305]],[[174.9253,-37.0308],[174.9251,-37.0307],[174.9255,-37.0307],[174.9253,-37.0308]],[[174.9291,-37.0327],[174.9286,-37.0327],[174.9287,-37.0326],[174.9291,-37.0327]],[[174.9366,-37.028],[174.9364,-37.028],[174.9364,-37.0277],[174.9366,-37.0277],[174.9366,-37.028]],[[174.9704,-37.025],[174.9702,-37.025],[174.9702,-37.0248],[174.9704,-37.0248],[174.9704,-37.025]],[[174.9735,-37.0243],[174.9728,-37.0237],[174.9716,-37.0222],[174.9735,-37.0243]],[[174.9781,-37.025],[174.9779,-37.025],[174.9779,-37.0248],[174.9781,-37.0248],[174.9781,-37.025]],[[174.9789,-37.0252],[174.9787,-37.0252],[174.9786,-37.025],[174.9787,-37.025],[174.9789,-37.0252]],[[174.9784,-37.0254],[174.9781,-37.0252],[174.9782,-37.0251],[174.9784,-37.0254]],[[174.9781,-37.0256],[174.9779,-37.0256],[174.9779,-37.0255],[174.9781,-37.0255],[174.9781,-37.0256]],[[174.9772,-37.0258],[174.9772,-37.0256],[174.9775,-37.0256],[174.9772,-37.0258]],[[174.9697,-37.0274],[174.9665,-37.0254],[174.9738,-37.0262],[174.9697,-37.0274]],[[174.9726,-37.0275],[174.9724,-37.0274],[174.9726,-37.0274],[174.9726,-37.0275]],[[174.9649,-37.0277],[174.963,-37.0262],[174.9663,-37.0273],[174.9649,-37.0277]],[[174.9741,-37.0275],[174.9731,-37.0275],[174.9736,-37.0266],[174.9741,-37.0275]],[[174.9571,-37.0284],[174.9567,-37.0275],[174.9586,-37.0277],[174.9571,-37.0284]],[[174.9373,-37.0323],[174.9371,-37.0323],[174.9371,-37.032],[174.9373,-37.0323]],[[174.9409,-37.032],[174.9403,-37.0319],[174.9407,-37.0318],[174.9409,-37.032]],[[174.9398,-37.0322],[174.9397,-37.032],[174.9402,-37.0319],[174.9398,-37.0322]],[[174.9386,-37.0323],[174.938,-37.032],[174.9388,-37.0316],[174.9386,-37.0323]],[[174.9376,-37.0329],[174.9373,-37.0327],[174.9373,-37.0325],[174.9376,-37.0329]],[[174.933,-37.0331],[174.9296,-37.0293],[174.9415,-37.0308],[174.933,-37.0331]],[[174.9289,-37.0337],[174.9286,-37.0337],[174.9286,-37.0334],[174.9289,-37.0337]],[[174.9378,-37.0334],[174.9364,-37.0334],[174.9376,-37.033],[174.9378,-37.0334]],[[174.9362,-37.0337],[174.9359,-37.0337],[174.9362,-37.0334],[174.9362,-37.0337]],[[174.9381,-37.034],[174.9378,-37.0338],[174.9378,-37.0335],[174.9381,-37.034]],[[174.9455,-37.0315],[174.9453,-37.0311],[174.9456,-37.0312],[174.9455,-37.0315]],[[174.9434,-37.032],[174.9426,-37.0304],[174.9436,-37.0303],[174.9434,-37.032]],[[174.9422,-37.0323],[174.9419,-37.032],[174.942,-37.0319],[174.9422,-37.0323]],[[174.9402,-37.0337],[174.9398,-37.0337],[174.94,-37.0335],[174.9402,-37.0337]],[[174.9395,-37.034],[174.9388,-37.0323],[174.9402,-37.0329],[174.9395,-37.034]],[[174.9395,-37.0342],[174.9393,-37.0342],[174.9393,-37.0341],[174.9395,-37.0341],[174.9395,-37.0342]],[[174.9397,-37.0345],[174.9395,-37.0345],[174.9395,-37.0344],[174.9397,-37.0344],[174.9397,-37.0345]],[[174.9436,-37.0329],[174.9434,-37.0327],[174.9434,-37.0326],[174.9436,-37.0327],[174.9436,-37.0329]],[[174.9427,-37.033],[174.9424,-37.0326],[174.9434,-37.0323],[174.9427,-37.033]],[[174.9431,-37.0338],[174.9429,-37.0337],[174.9431,-37.0335],[174.9431,-37.0338]],[[174.9451,-37.0333],[174.9448,-37.0316],[174.9455,-37.0327],[174.9451,-37.0333]],[[174.9468,-37.0335],[174.946,-37.0335],[174.946,-37.0333],[174.9468,-37.0335]],[[174.9455,-37.0337],[174.9449,-37.0335],[174.9455,-37.0335],[174.9455,-37.0337]],[[174.9468,-37.0338],[174.9467,-37.0338],[174.9467,-37.0337],[174.9468,-37.0338]],[[174.9528,-37.0346],[174.9526,-37.0346],[174.9526,-37.0345],[174.9528,-37.0345],[174.9528,-37.0346]],[[174.9531,-37.035],[174.9528,-37.0349],[174.9543,-37.0344],[174.9531,-37.035]],[[174.9615,-37.0374],[174.9613,-37.0374],[174.9617,-37.0372],[174.9615,-37.0374]],[[174.9589,-37.0382],[174.9588,-37.038],[174.9606,-37.0376],[174.9589,-37.0382]],[[174.9584,-37.0383],[174.9583,-37.0382],[174.9586,-37.0382],[174.9584,-37.0383]],[[174.9649,-37.039],[174.9644,-37.0387],[174.9647,-37.0386],[174.9649,-37.039]],[[174.9603,-37.0402],[174.9596,-37.0402],[174.96,-37.0398],[174.9603,-37.0402]],[[174.9687,-37.0402],[174.9685,-37.0402],[174.9687,-37.0401],[174.9687,-37.0402]],[[174.9622,-37.0406],[174.962,-37.0404],[174.9627,-37.0404],[174.9622,-37.0406]],[[174.9574,-37.0455],[174.9574,-37.0454],[174.9576,-37.0454],[174.9574,-37.0455]],[[174.9589,-37.0421],[174.9586,-37.0421],[174.9586,-37.042],[174.9589,-37.042],[174.9589,-37.0421]],[[174.963,-37.0444],[174.9618,-37.0443],[174.9625,-37.0436],[174.963,-37.0444]],[[174.9632,-37.0449],[174.963,-37.0447],[174.9632,-37.0447],[174.9632,-37.0449]],[[174.9634,-37.0451],[174.9632,-37.045],[174.9634,-37.045],[174.9634,-37.0451]],[[174.9601,-37.0453],[174.9555,-37.0434],[174.9601,-37.0434],[174.9601,-37.0453]],[[174.9636,-37.0454],[174.9634,-37.0454],[174.9634,-37.0453],[174.9636,-37.0453],[174.9636,-37.0454]],[[174.9584,-37.0457],[174.9579,-37.0455],[174.9581,-37.0447],[174.9584,-37.0457]],[[174.9567,-37.0458],[174.9566,-37.0454],[174.9571,-37.0455],[174.9567,-37.0458]],[[174.9629,-37.0468],[174.9627,-37.0468],[174.963,-37.0466],[174.9629,-37.0468]],[[174.9625,-37.0469],[174.9623,-37.0469],[174.9625,-37.0468],[174.9625,-37.0469]],[[174.9622,-37.047],[174.962,-37.047],[174.962,-37.0469],[174.9622,-37.0469],[174.9622,-37.047]],[[174.9591,-37.048],[174.9589,-37.048],[174.9589,-37.0478],[174.9591,-37.0478],[174.9591,-37.048]],[[174.9651,-37.0478],[174.9647,-37.0472],[174.9649,-37.0472],[174.9651,-37.0478]],[[174.9651,-37.0485],[174.9632,-37.0459],[174.9637,-37.0457],[174.9651,-37.0485]],[[174.9651,-37.0417],[174.9647,-37.0416],[174.9649,-37.0414],[174.9651,-37.0417]],[[174.9687,-37.0409],[174.9683,-37.0406],[174.9688,-37.0408],[174.9687,-37.0409]],[[174.9682,-37.0416],[174.9668,-37.041],[174.9678,-37.041],[174.9682,-37.0416]],[[174.967,-37.042],[174.9668,-37.042],[174.9668,-37.0419],[174.967,-37.0419],[174.967,-37.042]],[[174.9675,-37.0428],[174.967,-37.0424],[174.9678,-37.0421],[174.9675,-37.0428]],[[174.9673,-37.0434],[174.9671,-37.0432],[174.9675,-37.0432],[174.9673,-37.0434]],[[174.9656,-37.0438],[174.9625,-37.0416],[174.9663,-37.042],[174.9656,-37.0438]],[[174.9724,-37.0394],[174.9719,-37.0393],[174.9726,-37.0391],[174.9724,-37.0394]],[[174.9775,-37.0389],[174.977,-37.0389],[174.977,-37.0387],[174.9775,-37.0387],[174.9775,-37.0389]],[[174.9822,-37.0393],[174.9818,-37.0393],[174.9818,-37.0386],[174.9822,-37.0393]],[[174.9806,-37.0399],[174.9804,-37.0399],[174.9806,-37.0398],[174.9806,-37.0399]],[[174.9781,-37.0468],[174.9772,-37.0463],[174.9786,-37.0457],[174.9781,-37.0468]],[[174.982,-37.0519],[174.981,-37.0515],[174.9815,-37.0513],[174.982,-37.0519]]]}},{"type":"Feature","properties":{},"geometry":{"type":"Polygon","coordinates":[[[174.6336,-36.7807],[174.6364,-36.7768],[174.635,-36.7767],[174.6336,-36.7807]]]}},{"type":"Feature","properties":{},"geometry":{"type":"Polygon","coordinates":[[[174.6009,-36.8862],[174.608,-36.8817],[174.6111,-36.8699],[174.6143,-36.8725],[174.6143,-36.8789],[174.6147,-36.8712],[174.6084,-36.8699],[174.6056,-36.883],[174.6009,-36.8862]],[[174.6142,-36.8722],[174.6142,-36.8721],[174.6143,-36.8721],[174.6142,-36.8722]],[[174.6091,-36.8763],[174.6091,-36.876],[174.6092,-36.876],[174.6091,-36.8763]]]}},{"type":"Feature","properties":{},"geometry":{"type":"Polygon","coordinates":[[[174.7331,-36.3202],[174.7359,-36.3154],[174.7338,-36.3158],[174.734,-36.3117],[174.7365,-36.3114],[174.7311,-36.3107],[174.7331,-36.3202]],[[174.7359,-36.315],[174.7355,-36.315],[174.736,-36.3146],[174.7359,-36.315]],[[174.7331,-36.3123],[174.7328,-36.3123],[174.733,-36.312],[174.7331,-36.3123]]]}},{"type":"Feature","properties":{},"geometry":{"type":"Polygon","coordinates":[[[174.948,-37.0628],[174.947,-37.0611],[174.9531,-37.0583],[174.9443,-37.0594],[174.948,-37.0628]],[[174.9468,-37.0616],[174.9465,-37.0615],[174.9465,-37.0612],[174.9468,-37.0616]]]}},{"type":"Feature","properties":{},"geometry":{"type":"Polygon","coordinates":[[[174.5338,-36.9691],[174.5355,-36.9651],[174.5439,-36.9635],[174.5391,-36.965],[174.5343,-36.9547],[174.536,-36.9625],[174.5338,-36.9659],[174.5295,-36.9653],[174.5338,-36.9691]]]}},{"type":"Feature","properties":{},"geometry":{"type":"Polygon","coordinates":[[[174.5722,-37.0006],[174.5706,-36.9943],[174.5729,-36.994],[174.5674,-36.9942],[174.5718,-36.9845],[174.5647,-36.9767],[174.5695,-36.9718],[174.5643,-36.9751],[174.5561,-36.9618],[174.5546,-36.9655],[174.549,-36.9632],[174.5604,-36.968],[174.5619,-36.9744],[174.5573,-36.9775],[174.5638,-36.9755],[174.5666,-36.9991],[174.5722,-37.0006]],[[174.549,-36.9638],[174.5488,-36.9638],[174.5488,-36.9636],[174.549,-36.9636],[174.549,-36.9638]],[[174.5633,-36.9736],[174.5628,-36.9733],[174.5633,-36.9733],[174.5633,-36.9736]],[[174.5667,-36.9918],[174.5664,-36.9917],[174.5669,-36.9916],[174.5667,-36.9918]],[[174.5674,-36.9931],[174.5672,-36.9931],[174.5672,-36.9929],[174.5674,-36.9929],[174.5674,-36.9931]]]}},{"type":"Feature","properties":{},"geometry":{"type":"Polygon","coordinates":[[[174.7982,-36.3793],[174.8021,-36.378],[174.8011,-36.3728],[174.7866,-36.3738],[174.7924,-36.3705],[174.7903,-36.3704],[174.784,-36.3723],[174.786,-36.3776],[174.7913,-36.3741],[174.7982,-36.3793]],[[174.7879,-36.3722],[174.7878,-36.3722],[174.7881,-36.3719],[174.7879,-36.3722]],[[174.7864,-36.3732],[174.7864,-36.3729],[174.7867,-36.3728],[174.7864,-36.3732]],[[174.7944,-36.3758],[174.7941,-36.3756],[174.7942,-36.3755],[174.7944,-36.3758]],[[174.7973,-36.3771],[174.7971,-36.3766],[174.7975,-36.3765],[174.7973,-36.3771]],[[174.7995,-36.3776],[174.7994,-36.3776],[174.7994,-36.3773],[174.7995,-36.3773],[174.7995,-36.3776]]]}},{"type":"Feature","properties":{},"geometry":{"type":"Polygon","coordinates":[[[174.6968,-36.7949],[174.6992,-36.793],[174.6976,-36.7899],[174.6968,-36.7949]]]}},{"type":"Feature","properties":{},"geometry":{"type":"Polygon","coordinates":[[[174.9618,-37.138],[174.9625,-37.1325],[174.9606,-37.1329],[174.9618,-37.138]]]}},{"type":"Feature","properties":{},"geometry":{"type":"Polygon","coordinates":[[[175.0175,-36.9275],[175.0187,-36.9258],[175.0142,-36.9262],[175.0175,-36.9275]]]}},{"type":"Feature","properties":{},"geometry":{"type":"Polygon","coordinates":[[[174.9975,-36.9288],[174.9968,-36.925],[175.0023,-36.9281],[175.0088,-36.9266],[175.0001,-36.9249],[174.9977,-36.9193],[174.9994,-36.9111],[174.9893,-36.9019],[174.9912,-36.9089],[174.9781,-36.9101],[174.9885,-36.9168],[174.9892,-36.9125],[174.9929,-36.9127],[174.9914,-36.9268],[174.9948,-36.9226],[174.9975,-36.9288]],[[174.9873,-36.9123],[174.9873,-36.912],[174.9876,-36.912],[174.9873,-36.9123]],[[174.9871,-36.9125],[174.9869,-36.9125],[174.9871,-36.9123],[174.9871,-36.9125]],[[174.9868,-36.9126],[174.9866,-36.9126],[174.9866,-36.9125],[174.9868,-36.9125],[174.9868,-36.9126]],[[174.9989,-36.9227],[174.998,-36.9221],[174.9985,-36.9219],[174.9989,-36.9227]],[[174.9968,-36.9249],[174.9963,-36.9247],[174.9967,-36.9243],[174.9968,-36.9249]]]}},{"type":"Feature","properties":{},"geometry":{"type":"Polygon","coordinates":[[[175.0066,-36.9331],[175.0084,-36.9313],[175.0054,-36.9311],[175.0066,-36.9331]]]}},{"type":"Feature","properties":{},"geometry":{"type":"Polygon","coordinates":[[[174.9943,-36.9357],[174.9933,-36.9269],[174.9926,-36.9332],[174.9943,-36.9357]]]}},{"type":"Feature","properties":{},"geometry":{"type":"Polygon","coordinates":[[[175.0004,-36.9438],[174.9992,-36.94],[174.997,-36.9432],[175.0004,-36.9438]]]}},{"type":"Feature","properties":{},"geometry":{"type":"Polygon","coordinates":[[[174.8091,-36.8903],[174.807,-36.8878],[174.8067,-36.8898],[174.8091,-36.8903]]]}},{"type":"Feature","properties":{},"geometry":{"type":"Polygon","coordinates":[[[174.7195,-37.1478],[174.7226,-37.1429],[174.7195,-37.1452],[174.7195,-37.1478]]]}},{"type":"Feature","properties":{},"geometry":{"type":"Polygon","coordinates":[[[174.8879,-37.194],[174.8886,-37.1918],[174.8871,-37.1901],[174.8879,-37.194]]]}},{"type":"Feature","properties":{},"geometry":{"type":"Polygon","coordinates":[[[175.484,-36.3257],[175.4822,-36.3235],[175.4797,-36.324],[175.484,-36.3257]],[[175.4809,-36.3233],[175.4807,-36.3233],[175.4807,-36.3231],[175.4809,-36.3231],[175.4809,-36.3233]]]}},{"type":"Feature","properties":{},"geometry":{"type":"Polygon","coordinates":[[[174.332,-36.6818],[174.3291,-36.6828],[174.3324,-36.6834],[174.332,-36.6818]]]}},{"type":"Feature","properties":{},"geometry":{"type":"Polygon","coordinates":[[[174.6647,-36.5823],[174.6574,-36.5779],[174.6614,-36.5803],[174.6623,-36.5822],[174.6647,-36.5823]]]}},{"type":"Feature","properties":{},"geometry":{"type":"Polygon","coordinates":[[[174.6681,-37.2765],[174.6778,-37.2702],[174.6732,-37.2712],[174.6681,-37.2765]],[[174.6753,-37.2717],[174.6753,-37.2716],[174.6756,-37.2715],[174.6753,-37.2717]]]}},{"type":"Feature","properties":{},"geometry":{"type":"Polygon","coordinates":[[[174.1687,-36.4796],[174.1619,-36.4774],[174.1637,-36.4793],[174.1687,-36.4796]]]}},{"type":"Feature","properties":{},"geometry":{"type":"Polygon","coordinates":[[[174.1743,-36.493],[174.1684,-36.4687],[174.1701,-36.4851],[174.1743,-36.493]],[[174.1694,-36.4716],[174.1692,-36.4716],[174.1692,-36.4715],[174.1694,-36.4715],[174.1694,-36.4716]],[[174.1695,-36.4729],[174.1694,-36.4729],[174.1694,-36.4727],[174.1695,-36.4727],[174.1695,-36.4729]],[[174.1712,-36.4858],[174.1706,-36.4852],[174.1714,-36.4851],[174.1712,-36.4858]]]}},{"type":"Feature","properties":{},"geometry":{"type":"Polygon","coordinates":[[[174.3558,-36.3268],[174.3607,-36.3237],[174.3582,-36.3202],[174.3558,-36.3268]]]}},{"type":"Feature","properties":{},"geometry":{"type":"Polygon","coordinates":[[[174.6357,-37.1113],[174.6553,-37.105],[174.6545,-37.1033],[174.6357,-37.1113]],[[174.6517,-37.1075],[174.6514,-37.1074],[174.6517,-37.1071],[174.6517,-37.1075]]]}},{"type":"Feature","properties":{},"geometry":{"type":"Polygon","coordinates":[[[174.9458,-37.0477],[174.9472,-37.0462],[174.9432,-37.0457],[174.9458,-37.0477]]]}},{"type":"Feature","properties":{},"geometry":{"type":"Polygon","coordinates":[[[174.6603,-37.2336],[174.6565,-37.2348],[174.6604,-37.2348],[174.6603,-37.2336]]]}},{"type":"Feature","properties":{},"geometry":{"type":"Polygon","coordinates":[[[174.2262,-36.4597],[174.2293,-36.4595],[174.2271,-36.4558],[174.2262,-36.4597]]]}},{"type":"Feature","properties":{},"geometry":{"type":"Polygon","coordinates":[[[174.7335,-36.915],[174.7328,-36.9116],[174.727,-36.9092],[174.7335,-36.915]],[[174.7309,-36.911],[174.7297,-36.9105],[174.7302,-36.9101],[174.7309,-36.911]],[[174.7314,-36.9114],[174.7311,-36.9112],[174.7314,-36.9111],[174.7314,-36.9114]]]}},{"type":"Feature","properties":{},"geometry":{"type":"Polygon","coordinates":[[[174.7277,-37.1483],[174.7422,-37.1392],[174.7321,-37.1427],[174.7379,-37.1366],[174.7342,-37.1385],[174.7277,-37.1483]],[[174.7403,-37.1399],[174.7401,-37.1399],[174.7401,-37.1396],[174.7403,-37.1396],[174.7403,-37.1399]],[[174.7359,-37.1381],[174.7355,-37.1381],[174.7357,-37.1377],[174.7359,-37.1381]],[[174.7352,-37.1392],[174.735,-37.1389],[174.7354,-37.1389],[174.7352,-37.1392]]]}},{"type":"Feature","properties":{},"geometry":{"type":"Polygon","coordinates":[[[174.3786,-36.7395],[174.3798,-36.7433],[174.3812,-36.7428],[174.3786,-36.7395]]]}},{"type":"Feature","properties":{},"geometry":{"type":"Polygon","coordinates":[[[175.2529,-36.9933],[175.2581,-36.9872],[175.2561,-36.9818],[175.2575,-36.9872],[175.2529,-36.9933]],[[175.2564,-36.9839],[175.2563,-36.9839],[175.2563,-36.9838],[175.2564,-36.9839]]]}},{"type":"Feature","properties":{},"geometry":{"type":"Polygon","coordinates":[[[175.2382,-37.0019],[175.2397,-36.9917],[175.251,-36.9826],[175.2515,-36.9768],[175.257,-36.979],[175.2599,-36.976],[175.2511,-36.9763],[175.2421,-36.9868],[175.2385,-36.9914],[175.2382,-37.0019]],[[175.2506,-36.982],[175.2505,-36.982],[175.2505,-36.9819],[175.2506,-36.9819],[175.2506,-36.982]],[[175.2568,-36.9796],[175.2566,-36.9796],[175.2566,-36.9794],[175.2568,-36.9794],[175.2568,-36.9796]],[[175.2508,-36.9794],[175.2505,-36.9794],[175.2505,-36.979],[175.2508,-36.9794]],[[175.2462,-36.986],[175.246,-36.986],[175.2464,-36.9857],[175.2462,-36.986]]]}},{"type":"Feature","properties":{},"geometry":{"type":"Polygon","coordinates":[[[175.2401,-37.0071],[175.2416,-37.0049],[175.2397,-37.0027],[175.2401,-37.0071]]]}},{"type":"Feature","properties":{},"geometry":{"type":"Polygon","coordinates":[[[175.2303,-37.0079],[175.236,-37.0026],[175.2325,-37.0027],[175.2303,-37.0079]]]}},{"type":"Feature","properties":{},"geometry":{"type":"Polygon","coordinates":[[[174.6857,-37.2652],[174.6836,-37.267],[174.685,-37.2681],[174.6857,-37.2652]]]}},{"type":"Feature","properties":{},"geometry":{"type":"Polygon","coordinates":[[[175.0858,-36.8356],[175.0849,-36.8327],[175.0835,-36.8335],[175.0858,-36.8356]],[[175.0856,-36.8352],[175.0854,-36.8352],[175.0854,-36.835],[175.0856,-36.835],[175.0856,-36.8352]]]}},{"type":"Feature","properties":{},"geometry":{"type":"Polygon","coordinates":[[[174.2974,-36.3162],[174.2989,-36.3149],[174.2948,-36.3151],[174.2974,-36.3162]]]}},{"type":"Feature","properties":{},"geometry":{"type":"Polygon","coordinates":[[[174.6374,-36.9494],[174.6387,-36.949],[174.6335,-36.9464],[174.6374,-36.9494]]]}},{"type":"Feature","properties":{},"geometry":{"type":"Polygon","coordinates":[[[174.6473,-36.9511],[174.6459,-36.9472],[174.6389,-36.9489],[174.6473,-36.9511]]]}},{"type":"Feature","properties":{},"geometry":{"type":"Polygon","coordinates":[[[175.0113,-36.9089],[175.0173,-36.9025],[175.0129,-36.9044],[175.0113,-36.9089]]]}},{"type":"Feature","properties":{},"geometry":{"type":"Polygon","coordinates":[[[175.0346,-36.9092],[175.0388,-36.9017],[175.038,-36.897],[175.0356,-36.9081],[175.0315,-36.9081],[175.0346,-36.9092]]]}},{"type":"Feature","properties":{},"geometry":{"type":"Polygon","coordinates":[[[175.027,-36.9159],[175.0228,-36.9044],[175.0311,-36.91],[175.0306,-36.9078],[175.019,-36.9],[175.0214,-36.8943],[175.019,-36.8888],[175.0221,-36.8835],[175.0148,-36.8817],[175.0137,-36.8854],[175.0183,-36.8865],[175.0183,-36.9003],[175.0221,-36.9048],[175.0228,-36.9135],[175.027,-36.9159]],[[175.0178,-36.8826],[175.0175,-36.8822],[175.018,-36.8822],[175.0178,-36.8826]],[[175.0185,-36.8886],[175.0183,-36.8886],[175.0185,-36.8882],[175.0185,-36.8886]]]}},{"type":"Feature","properties":{},"geometry":{"type":"Polygon","coordinates":[[[175.0325,-36.9206],[175.0282,-36.9176],[175.0276,-36.9187],[175.0325,-36.9206]]]}},{"type":"Feature","properties":{},"geometry":{"type":"Polygon","coordinates":[[[174.747,-37.1897],[174.7509,-37.1823],[174.7464,-37.1713],[174.7396,-37.1762],[174.7451,-37.1767],[174.7389,-37.1819],[174.7442,-37.1792],[174.748,-37.181],[174.747,-37.1897]]]}},{"type":"Feature","properties":{},"geometry":{"type":"Polygon","coordinates":[[[174.744,-37.1961],[174.7471,-37.1901],[174.7429,-37.1961],[174.744,-37.1961]]]}},{"type":"Feature","properties":{},"geometry":{"type":"Polygon","coordinates":[[[174.7434,-37.2022],[174.7473,-37.1995],[174.7446,-37.2003],[174.7451,-37.1988],[174.7434,-37.2022]]]}},{"type":"Feature","properties":{},"geometry":{"type":"Polygon","coordinates":[[[174.6432,-36.381],[174.6555,-36.3763],[174.6464,-36.3759],[174.6485,-36.3682],[174.6432,-36.381]]]}},{"type":"Feature","properties":{},"geometry":{"type":"Polygon","coordinates":[[[174.7761,-37.1738],[174.7761,-37.1648],[174.7746,-37.1644],[174.7761,-37.1738]]]}},{"type":"Feature","properties":{},"geometry":{"type":"Polygon","coordinates":[[[174.7442,-37.2336],[174.7425,-37.2321],[174.7403,-37.2328],[174.7442,-37.2336]]]}},{"type":"Feature","properties":{},"geometry":{"type":"Polygon","coordinates":[[[174.7401,-37.2409],[174.7418,-37.2395],[174.7364,-37.2368],[174.7342,-37.2315],[174.7347,-37.2374],[174.7401,-37.2409]]]}},{"type":"Feature","properties":{},"geometry":{"type":"Polygon","coordinates":[[[174.7526,-37.2423],[174.7529,-37.2386],[174.75,-37.2414],[174.7526,-37.2423]]]}},{"type":"Feature","properties":{},"geometry":{"type":"Polygon","coordinates":[[[174.7406,-37.2454],[174.7447,-37.2435],[174.741,-37.2423],[174.7406,-37.2454]],[[174.7423,-37.2434],[174.7417,-37.2432],[174.7422,-37.2421],[174.7423,-37.2434]]]}},{"type":"Feature","properties":{},"geometry":{"type":"Polygon","coordinates":[[[174.75,-37.2453],[174.7487,-37.2425],[174.7464,-37.242],[174.75,-37.2453]],[[174.7483,-37.244],[174.748,-37.2432],[174.7485,-37.2432],[174.7483,-37.244]]]}},{"type":"Feature","properties":{},"geometry":{"type":"Polygon","coordinates":[[[174.6475,-36.6389],[174.6626,-36.6194],[174.6486,-36.6314],[174.6451,-36.6363],[174.6475,-36.6389]],[[174.6493,-36.6331],[174.649,-36.6331],[174.649,-36.633],[174.6493,-36.633],[174.6493,-36.6331]],[[174.6492,-36.6349],[174.6488,-36.6349],[174.6493,-36.6346],[174.6492,-36.6349]]]}},{"type":"Feature","properties":{},"geometry":{"type":"Polygon","coordinates":[[[174.715,-36.8738],[174.7166,-36.8705],[174.7147,-36.8705],[174.715,-36.8738]]]}},{"type":"Feature","properties":{},"geometry":{"type":"Polygon","coordinates":[[[174.763,-36.8979],[174.7592,-36.8946],[174.7582,-36.8959],[174.763,-36.8979]]]}},{"type":"Feature","properties":{},"geometry":{"type":"Polygon","coordinates":[[[175.4123,-36.2203],[175.4114,-36.2158],[175.4097,-36.2139],[175.4123,-36.2203]]]}},{"type":"Feature","properties":{},"geometry":{"type":"Polygon","coordinates":[[[175.4575,-36.243],[175.4558,-36.2417],[175.4611,-36.2384],[175.4529,-36.2395],[175.4575,-36.243]],[[175.4558,-36.2388],[175.4556,-36.2388],[175.4556,-36.2386],[175.4558,-36.2386],[175.4558,-36.2388]]]}},{"type":"Feature","properties":{},"geometry":{"type":"Polygon","coordinates":[[[175.4365,-36.244],[175.4403,-36.2414],[175.4379,-36.2419],[175.4365,-36.244]],[[175.4399,-36.2418],[175.4397,-36.2417],[175.4401,-36.2417],[175.4399,-36.2418]],[[175.4389,-36.2424],[175.4382,-36.2422],[175.4389,-36.2421],[175.4389,-36.2424]]]}},{"type":"Feature","properties":{},"geometry":{"type":"Polygon","coordinates":[[[175.4734,-36.2666],[175.4744,-36.2593],[175.4795,-36.2611],[175.4877,-36.2561],[175.4799,-36.2473],[175.4761,-36.2315],[175.4609,-36.2296],[175.4652,-36.2256],[175.4613,-36.2247],[175.4654,-36.2238],[175.4611,-36.2239],[175.4614,-36.2196],[175.4568,-36.2256],[175.451,-36.2194],[175.4466,-36.22],[175.4473,-36.2177],[175.4432,-36.22],[175.4437,-36.218],[175.4413,-36.2199],[175.4375,-36.2174],[175.4339,-36.206],[175.436,-36.2024],[175.4288,-36.198],[175.4346,-36.2016],[175.4324,-36.2097],[175.4353,-36.2152],[175.4239,-36.2139],[175.424,-36.2161],[175.4329,-36.217],[175.4343,-36.2202],[175.4283,-36.2219],[175.435,-36.2231],[175.435,-36.2257],[175.4235,-36.2298],[175.4153,-36.2282],[175.4116,-36.221],[175.4124,-36.2247],[175.421,-36.2308],[175.4406,-36.2301],[175.4386,-36.2308],[175.4408,-36.2353],[175.4443,-36.2371],[175.4433,-36.2428],[175.4476,-36.2397],[175.4478,-36.2352],[175.4532,-36.2368],[175.45,-36.2326],[175.4541,-36.2291],[175.4548,-36.2329],[175.4659,-36.2358],[175.4621,-36.2373],[175.464,-36.2433],[175.4717,-36.243],[175.47,-36.2462],[175.4689,-36.2429],[175.4585,-36.2436],[175.4614,-36.2465],[175.4457,-36.2463],[175.4438,-36.2474],[175.4481,-36.2479],[175.4426,-36.2503],[175.4665,-36.2454],[175.4787,-36.2517],[175.4782,-36.2476],[175.4869,-36.2565],[175.4824,-36.2557],[175.4841,-36.2536],[175.4776,-36.2545],[175.4701,-36.247],[175.4689,-36.2499],[175.4761,-36.2574],[175.4722,-36.2585],[175.4654,-36.2494],[175.4558,-36.255],[175.4607,-36.2574],[175.4589,-36.2627],[175.4633,-36.2554],[175.4689,-36.256],[175.4686,-36.2624],[175.4734,-36.2666]],[[175.4718,-36.2304],[175.4715,-36.2301],[175.472,-36.2302],[175.4718,-36.2304]],[[175.4421,-36.22],[175.442,-36.22],[175.442,-36.2199],[175.4421,-36.2199],[175.4421,-36.22]],[[175.4418,-36.2202],[175.4416,-36.2202],[175.4416,-36.2199],[175.4418,-36.2202]],[[175.4283,-36.2165],[175.4281,-36.2158],[175.4295,-36.2156],[175.4283,-36.2165]],[[175.4292,-36.2173],[175.429,-36.2172],[175.4293,-36.2172],[175.4292,-36.2173]],[[175.4355,-36.2173],[175.4343,-36.2162],[175.4348,-36.2161],[175.4355,-36.2173]],[[175.4358,-36.2192],[175.4355,-36.2177],[175.4358,-36.2177],[175.4358,-36.2192]],[[175.4351,-36.2221],[175.4351,-36.222],[175.4353,-36.222],[175.4351,-36.2221]],[[175.4326,-36.2231],[175.4298,-36.2229],[175.4326,-36.2223],[175.4326,-36.2231]],[[175.4355,-36.2231],[175.4353,-36.2231],[175.4353,-36.2229],[175.4355,-36.2229],[175.4355,-36.2231]],[[175.443,-36.2245],[175.4428,-36.2245],[175.4428,-36.2243],[175.443,-36.2243],[175.443,-36.2245]],[[175.4396,-36.2267],[175.4394,-36.2267],[175.4394,-36.2265],[175.4396,-36.2265],[175.4396,-36.2267]],[[175.4392,-36.2268],[175.4391,-36.2268],[175.4391,-36.2267],[175.4392,-36.2267],[175.4392,-36.2268]],[[175.444,-36.2247],[175.4433,-36.2245],[175.4443,-36.2242],[175.444,-36.2247]],[[175.4443,-36.2256],[175.4442,-36.225],[175.4452,-36.2243],[175.4443,-36.2256]],[[175.445,-36.2265],[175.4449,-36.2265],[175.4449,-36.2262],[175.445,-36.2262],[175.445,-36.2265]],[[175.4486,-36.2253],[175.4485,-36.2253],[175.4485,-36.225],[175.4486,-36.225],[175.4486,-36.2253]],[[175.4481,-36.2258],[175.4479,-36.2258],[175.4479,-36.2257],[175.4481,-36.2257],[175.4481,-36.2258]],[[175.4471,-36.2265],[175.4462,-36.2243],[175.4457,-36.2257],[175.4485,-36.2247],[175.4471,-36.2265]],[[175.4425,-36.2268],[175.4408,-36.2261],[175.4437,-36.2251],[175.4425,-36.2268]],[[175.4496,-36.2267],[175.4493,-36.2267],[175.4495,-36.2265],[175.4496,-36.2267]],[[175.4457,-36.2276],[175.4454,-36.2276],[175.4454,-36.2273],[175.4457,-36.2273],[175.4457,-36.2276]],[[175.4459,-36.2279],[175.4457,-36.2278],[175.4462,-36.2275],[175.4459,-36.2279]],[[175.444,-36.2282],[175.4437,-36.2282],[175.4437,-36.2279],[175.444,-36.2282]],[[175.4246,-36.2304],[175.4244,-36.2304],[175.4244,-36.2302],[175.4246,-36.2302],[175.4246,-36.2304]],[[175.4368,-36.2307],[175.4363,-36.2301],[175.4368,-36.23],[175.4368,-36.2307]],[[175.4409,-36.2315],[175.4408,-36.2312],[175.4411,-36.2312],[175.4409,-36.2315]],[[175.4423,-36.2351],[175.4421,-36.2351],[175.4421,-36.2349],[175.4423,-36.2349],[175.4423,-36.2351]],[[175.4474,-36.2318],[175.4473,-36.2318],[175.4473,-36.2316],[175.4474,-36.2316],[175.4474,-36.2318]],[[175.4486,-36.2316],[175.4483,-36.2315],[175.4485,-36.2313],[175.4486,-36.2316]],[[175.4505,-36.2316],[175.4498,-36.2316],[175.4503,-36.2309],[175.4505,-36.2316]],[[175.4498,-36.232],[175.4496,-36.232],[175.4498,-36.2319],[175.4498,-36.232]],[[175.4493,-36.2323],[175.4488,-36.2322],[175.449,-36.232],[175.4493,-36.2323]],[[175.4498,-36.2323],[175.4496,-36.2323],[175.4496,-36.2322],[175.4498,-36.2322],[175.4498,-36.2323]],[[175.4491,-36.2327],[175.449,-36.2327],[175.449,-36.2324],[175.4491,-36.2327]],[[175.4481,-36.2329],[175.4474,-36.2323],[175.4491,-36.2315],[175.4481,-36.2329]],[[175.4493,-36.2334],[175.4491,-36.2331],[175.4495,-36.2333],[175.4493,-36.2334]],[[175.4488,-36.2349],[175.4454,-36.2344],[175.4471,-36.2318],[175.4488,-36.2349]],[[175.4428,-36.2351],[175.4425,-36.2349],[175.4428,-36.2344],[175.4428,-36.2351]],[[175.4426,-36.2366],[175.4425,-36.2364],[175.4426,-36.2363],[175.4426,-36.2366]],[[175.4502,-36.2349],[175.4493,-36.2344],[175.4496,-36.2341],[175.4502,-36.2349]],[[175.4512,-36.2352],[175.451,-36.2351],[175.4515,-36.2349],[175.4512,-36.2352]],[[175.4517,-36.2352],[175.4517,-36.2351],[175.4519,-36.2351],[175.4517,-36.2352]],[[175.4507,-36.2355],[175.4503,-36.2352],[175.4507,-36.2349],[175.4507,-36.2355]],[[175.4606,-36.2309],[175.4606,-36.2308],[175.4607,-36.2308],[175.4606,-36.2309]],[[175.4613,-36.2319],[175.4611,-36.2319],[175.4611,-36.2318],[175.4613,-36.2318],[175.4613,-36.2319]],[[175.4616,-36.2319],[175.4614,-36.2319],[175.4614,-36.2318],[175.4616,-36.2318],[175.4616,-36.2319]],[[175.4611,-36.2323],[175.4607,-36.2323],[175.4607,-36.2322],[175.4611,-36.2323]],[[175.4645,-36.2327],[175.4642,-36.2326],[175.4645,-36.2323],[175.4645,-36.2327]],[[175.4614,-36.2331],[175.4613,-36.2331],[175.4613,-36.233],[175.4614,-36.233],[175.4614,-36.2331]],[[175.4626,-36.2335],[175.4624,-36.2335],[175.4624,-36.2333],[175.4626,-36.2333],[175.4626,-36.2335]],[[175.4732,-36.2323],[175.4729,-36.2323],[175.4729,-36.2322],[175.4732,-36.2322],[175.4732,-36.2323]],[[175.4735,-36.233],[175.4734,-36.233],[175.4734,-36.2329],[175.4735,-36.2329],[175.4735,-36.233]],[[175.4722,-36.2331],[175.472,-36.233],[175.4722,-36.233],[175.4722,-36.2331]],[[175.4718,-36.2334],[175.4706,-36.2323],[175.4723,-36.2319],[175.4718,-36.2334]],[[175.472,-36.234],[175.471,-36.2335],[175.472,-36.2335],[175.472,-36.234]],[[175.4713,-36.2344],[175.4705,-36.2342],[175.4713,-36.2341],[175.4713,-36.2344]],[[175.4669,-36.2351],[175.4667,-36.2351],[175.4667,-36.2349],[175.4669,-36.2349],[175.4669,-36.2351]],[[175.4676,-36.2351],[175.4671,-36.2349],[175.4679,-36.2348],[175.4676,-36.2351]],[[175.4715,-36.2348],[175.4713,-36.2345],[175.4717,-36.2345],[175.4715,-36.2348]],[[175.4694,-36.2352],[175.4696,-36.2346],[175.4698,-36.2349],[175.4694,-36.2352]],[[175.4689,-36.2353],[175.4688,-36.2352],[175.4691,-36.2352],[175.4689,-36.2353]],[[175.4708,-36.2356],[175.4706,-36.2356],[175.4706,-36.2355],[175.4708,-36.2355],[175.4708,-36.2356]],[[175.4683,-36.2358],[175.4679,-36.2358],[175.4679,-36.2356],[175.4683,-36.2356],[175.4683,-36.2358]],[[175.4705,-36.236],[175.4705,-36.2359],[175.4706,-36.2359],[175.4705,-36.236]],[[175.4643,-36.2368],[175.4642,-36.2367],[175.4643,-36.2366],[175.4643,-36.2368]],[[175.4635,-36.2377],[175.4633,-36.2377],[175.4633,-36.2375],[175.4635,-36.2375],[175.4635,-36.2377]],[[175.4642,-36.2385],[175.4626,-36.2378],[175.4633,-36.2378],[175.4635,-36.2382],[175.4642,-36.2385]],[[175.4638,-36.2421],[175.4636,-36.2421],[175.4638,-36.2417],[175.4638,-36.2421]],[[175.4698,-36.2411],[175.4694,-36.2411],[175.4693,-36.241],[175.4696,-36.241],[175.4698,-36.2411]],[[175.4715,-36.241],[175.4712,-36.241],[175.4717,-36.2408],[175.4715,-36.241]],[[175.4705,-36.2411],[175.47,-36.2411],[175.4706,-36.241],[175.4705,-36.2411]],[[175.4655,-36.2421],[175.465,-36.2421],[175.465,-36.2419],[175.4655,-36.2419],[175.4655,-36.2421]],[[175.4647,-36.2422],[175.4643,-36.2406],[175.4669,-36.2413],[175.4647,-36.2422]],[[175.464,-36.2424],[175.4636,-36.2424],[175.4636,-36.2422],[175.464,-36.2422],[175.464,-36.2424]],[[175.464,-36.2426],[175.4638,-36.2425],[175.464,-36.2425],[175.464,-36.2426]],[[175.4723,-36.2417],[175.4717,-36.2417],[175.4718,-36.2415],[175.4723,-36.2417]],[[175.4715,-36.2419],[175.471,-36.2418],[175.4713,-36.2417],[175.4715,-36.2419]],[[175.4722,-36.2422],[175.4717,-36.2421],[175.4718,-36.2419],[175.4722,-36.2422]],[[175.4717,-36.2386],[175.4713,-36.2386],[175.4713,-36.2385],[175.4717,-36.2385],[175.4717,-36.2386]],[[175.4708,-36.2396],[175.4706,-36.2396],[175.4706,-36.2393],[175.4708,-36.2393],[175.4708,-36.2396]],[[175.4718,-36.2397],[175.4717,-36.2395],[175.472,-36.2393],[175.4718,-36.2397]],[[175.4672,-36.2371],[175.4671,-36.2371],[175.4671,-36.237],[175.4672,-36.237],[175.4672,-36.2371]],[[175.4729,-36.2367],[175.4741,-36.2335],[175.4758,-36.2351],[175.4729,-36.2367]],[[175.471,-36.2373],[175.4708,-36.2373],[175.4708,-36.2371],[175.471,-36.2371],[175.471,-36.2373]],[[175.4753,-36.2375],[175.4749,-36.2375],[175.4747,-36.2368],[175.4753,-36.2375]],[[175.4753,-36.2378],[175.4751,-36.2378],[175.4751,-36.2377],[175.4753,-36.2377],[175.4753,-36.2378]],[[175.4761,-36.239],[175.4756,-36.2367],[175.4766,-36.2385],[175.4761,-36.239]],[[175.4761,-36.2399],[175.4754,-36.2397],[175.4756,-36.2389],[175.4761,-36.2399]],[[175.4768,-36.24],[175.4764,-36.24],[175.4764,-36.2397],[175.4768,-36.24]],[[175.4766,-36.2419],[175.4764,-36.2419],[175.4764,-36.2418],[175.4766,-36.2419]],[[175.4759,-36.243],[175.4723,-36.2382],[175.4691,-36.2407],[175.4652,-36.2384],[175.4732,-36.2371],[175.4759,-36.243]],[[175.4741,-36.2443],[175.4737,-36.244],[175.4739,-36.2439],[175.4741,-36.2443]],[[175.4723,-36.2457],[175.4722,-36.2457],[175.4722,-36.2455],[175.4723,-36.2455],[175.4723,-36.2457]],[[175.4742,-36.2458],[175.4741,-36.2458],[175.4744,-36.2455],[175.4742,-36.2458]],[[175.4679,-36.2435],[175.4677,-36.2435],[175.4677,-36.2433],[175.4679,-36.2433],[175.4679,-36.2435]],[[175.4633,-36.2436],[175.4631,-36.2436],[175.4631,-36.2433],[175.4633,-36.2436]],[[175.4602,-36.244],[175.4601,-36.244],[175.4601,-36.2439],[175.4602,-36.2439],[175.4602,-36.244]],[[175.4604,-36.244],[175.4602,-36.2437],[175.4606,-36.2436],[175.4604,-36.244]],[[175.4642,-36.2441],[175.464,-36.2441],[175.464,-36.244],[175.4642,-36.244],[175.4642,-36.2441]],[[175.4635,-36.2444],[175.4633,-36.2444],[175.4633,-36.2443],[175.4635,-36.2443],[175.4635,-36.2444]],[[175.4647,-36.2452],[175.4645,-36.2452],[175.4645,-36.2448],[175.4647,-36.2448],[175.4647,-36.2452]],[[175.4619,-36.2465],[175.4607,-36.244],[175.4624,-36.2441],[175.4619,-36.2465]],[[175.449,-36.2468],[175.4488,-36.2468],[175.4488,-36.2466],[175.449,-36.2468]],[[175.45,-36.2469],[175.4498,-36.2469],[175.4498,-36.2468],[175.45,-36.2468],[175.45,-36.2469]],[[175.4461,-36.247],[175.4456,-36.247],[175.4457,-36.2468],[175.4461,-36.247]],[[175.4454,-36.2472],[175.4452,-36.2472],[175.4452,-36.247],[175.4454,-36.247],[175.4454,-36.2472]],[[175.4443,-36.2474],[175.4443,-36.2473],[175.4445,-36.2473],[175.4443,-36.2474]],[[175.4452,-36.2501],[175.4452,-36.2499],[175.4456,-36.2498],[175.4456,-36.2499],[175.4452,-36.2501]],[[175.4442,-36.2503],[175.4438,-36.2503],[175.4438,-36.2502],[175.4442,-36.2502],[175.4442,-36.2503]],[[175.4479,-36.2495],[175.4476,-36.2488],[175.4481,-36.2485],[175.4479,-36.2495]],[[175.4544,-36.2477],[175.4541,-36.2472],[175.4549,-36.247],[175.4544,-36.2477]],[[175.471,-36.2466],[175.4706,-36.2463],[175.4717,-36.2462],[175.471,-36.2466]],[[175.4746,-36.2469],[175.4741,-36.2462],[175.4746,-36.2462],[175.4746,-36.2469]],[[175.4769,-36.2435],[175.4769,-36.2426],[175.478,-36.2429],[175.4769,-36.2435]],[[175.4775,-36.2457],[175.4749,-36.244],[175.4773,-36.2437],[175.4775,-36.2457]],[[175.4766,-36.2472],[175.4749,-36.2462],[175.4771,-36.2458],[175.4766,-36.2472]],[[175.4766,-36.2474],[175.4763,-36.2474],[175.4763,-36.2473],[175.4766,-36.2473],[175.4766,-36.2474]],[[175.4754,-36.2477],[175.4753,-36.2476],[175.4753,-36.2474],[175.4754,-36.2476],[175.4754,-36.2477]],[[175.4771,-36.2476],[175.4769,-36.2463],[175.4775,-36.2462],[175.4771,-36.2476]],[[175.4778,-36.2491],[175.4769,-36.2487],[175.4769,-36.2476],[175.4778,-36.2491]],[[175.485,-36.2553],[175.4848,-36.2553],[175.4848,-36.2552],[175.485,-36.2552],[175.485,-36.2553]],[[175.4845,-36.2554],[175.4843,-36.2554],[175.4843,-36.2553],[175.4845,-36.2553],[175.4845,-36.2554]],[[175.4843,-36.2547],[175.4841,-36.2547],[175.484,-36.2545],[175.4841,-36.2545],[175.4843,-36.2547]],[[175.48,-36.2536],[175.4797,-36.2535],[175.4799,-36.2534],[175.48,-36.2536]],[[175.4713,-36.2481],[175.471,-36.248],[175.4713,-36.2477],[175.4713,-36.2481]],[[175.473,-36.2512],[175.4729,-36.2512],[175.4729,-36.251],[175.473,-36.251],[175.473,-36.2512]],[[175.4722,-36.2517],[175.472,-36.2517],[175.472,-36.2516],[175.4722,-36.2516],[175.4722,-36.2517]],[[175.473,-36.2523],[175.4727,-36.2517],[175.473,-36.252],[175.473,-36.2523]],[[175.4734,-36.2531],[175.473,-36.253],[175.4732,-36.2528],[175.4734,-36.2531]],[[175.4727,-36.2532],[175.4723,-36.2531],[175.4725,-36.253],[175.4727,-36.2532]],[[175.487,-36.257],[175.4867,-36.2567],[175.487,-36.2567],[175.487,-36.257]],[[175.4626,-36.2525],[175.4624,-36.2525],[175.4626,-36.2523],[175.4626,-36.2525]],[[175.4619,-36.2528],[175.4618,-36.2528],[175.4618,-36.2527],[175.4619,-36.2527],[175.4619,-36.2528]],[[175.4619,-36.2531],[175.4618,-36.2531],[175.4619,-36.253],[175.4619,-36.2531]],[[175.4655,-36.2532],[175.4654,-36.2532],[175.4654,-36.2531],[175.4655,-36.2531],[175.4655,-36.2532]],[[175.4602,-36.2571],[175.4602,-36.2567],[175.4606,-36.2565],[175.4602,-36.2571]],[[175.4613,-36.2594],[175.4613,-36.259],[175.4614,-36.2589],[175.4613,-36.2594]],[[175.4614,-36.2612],[175.4607,-36.2607],[175.4609,-36.2598],[175.4614,-36.2612]],[[175.4717,-36.2572],[175.4715,-36.2572],[175.4715,-36.2571],[175.4717,-36.2571],[175.4717,-36.2572]],[[175.4706,-36.2626],[175.4705,-36.2626],[175.4705,-36.2624],[175.4706,-36.2624],[175.4706,-36.2626]]]}},{"type":"Feature","properties":{},"geometry":{"type":"Polygon","coordinates":[[[174.8064,-36.8972],[174.8076,-36.8965],[174.8031,-36.8957],[174.8064,-36.8972]]]}},{"type":"Feature","properties":{},"geometry":{"type":"Polygon","coordinates":[[[174.8096,-36.9033],[174.8081,-36.8976],[174.807,-36.9011],[174.8096,-36.9033]],[[174.8089,-36.9015],[174.8087,-36.9013],[174.8091,-36.9013],[174.8089,-36.9015]]]}},{"type":"Feature","properties":{},"geometry":{"type":"Polygon","coordinates":[[[174.7888,-36.9039],[174.7881,-36.9026],[174.7849,-36.9034],[174.7888,-36.9039]]]}},{"type":"Feature","properties":{},"geometry":{"type":"Polygon","coordinates":[[[174.8123,-36.9041],[174.812,-36.9009],[174.8154,-36.8996],[174.8093,-36.8977],[174.8079,-36.8929],[174.8123,-36.9041]],[[174.8084,-36.8935],[174.8082,-36.8935],[174.8082,-36.8932],[174.8084,-36.8932],[174.8084,-36.8935]],[[174.811,-36.9007],[174.8106,-36.8988],[174.8125,-36.8999],[174.811,-36.9007]]]}},{"type":"Feature","properties":{},"geometry":{"type":"Polygon","coordinates":[[[174.7936,-36.9062],[174.7961,-36.9055],[174.7905,-36.9032],[174.7936,-36.9062]]]}},{"type":"Feature","properties":{},"geometry":{"type":"Polygon","coordinates":[[[174.7953,-36.9088],[174.793,-36.9055],[174.7893,-36.9047],[174.7953,-36.9088]],[[174.7925,-36.9063],[174.7908,-36.9055],[174.7927,-36.9058],[174.7925,-36.9063]]]}},{"type":"Feature","properties":{},"geometry":{"type":"Polygon","coordinates":[[[174.8058,-36.912],[174.8087,-36.9073],[174.8048,-36.9059],[174.8079,-36.9043],[174.804,-36.8979],[174.7949,-36.8948],[174.7871,-36.898],[174.7949,-36.8961],[174.7942,-36.898],[174.8045,-36.8999],[174.804,-36.9062],[174.7992,-36.9077],[174.8072,-36.9081],[174.8058,-36.912]],[[174.7954,-36.8957],[174.7947,-36.8957],[174.7954,-36.8954],[174.7954,-36.8957]],[[174.7965,-36.8964],[174.7958,-36.8957],[174.7963,-36.8957],[174.7965,-36.8964]],[[174.8022,-36.8988],[174.8009,-36.8985],[174.8026,-36.8983],[174.8022,-36.8988]],[[174.8041,-36.8994],[174.804,-36.8992],[174.8041,-36.8992],[174.8041,-36.8994]],[[174.8048,-36.9062],[174.8046,-36.9062],[174.8046,-36.906],[174.8048,-36.906],[174.8048,-36.9062]]]}},{"type":"Feature","properties":{},"geometry":{"type":"Polygon","coordinates":[[[174.6556,-36.1742],[174.6546,-36.1724],[174.6529,-36.1735],[174.6556,-36.1742]],[[174.6541,-36.1729],[174.6538,-36.1728],[174.6539,-36.1727],[174.6541,-36.1729]]]}},{"type":"Feature","properties":{},"geometry":{"type":"Polygon","coordinates":[[[174.6585,-36.1791],[174.6563,-36.1757],[174.655,-36.1772],[174.6585,-36.1791]],[[174.6563,-36.1754],[174.6562,-36.1754],[174.6562,-36.1753],[174.6563,-36.1753],[174.6563,-36.1754]],[[174.6568,-36.1761],[174.6567,-36.1761],[174.6567,-36.176],[174.6568,-36.1761]],[[174.6584,-36.1782],[174.6582,-36.1782],[174.658,-36.1779],[174.6582,-36.1779],[174.6584,-36.1782]]]}},{"type":"Feature","properties":{},"geometry":{"type":"Polygon","coordinates":[[[174.7773,-36.8891],[174.7775,-36.8811],[174.7717,-36.8812],[174.7773,-36.8891]],[[174.7785,-36.8867],[174.7784,-36.8867],[174.7784,-36.8865],[174.7785,-36.8865],[174.7785,-36.8867]],[[174.7732,-36.8827],[174.7731,-36.8824],[174.7734,-36.8823],[174.7732,-36.8827]],[[174.7751,-36.8831],[174.7744,-36.8826],[174.7753,-36.8826],[174.7751,-36.8831]]]}},{"type":"Feature","properties":{},"geometry":{"type":"Polygon","coordinates":[[[174.6942,-37.2136],[174.6975,-37.2109],[174.6946,-37.2113],[174.6942,-37.2136]]]}},{"type":"Feature","properties":{},"geometry":{"type":"Polygon","coordinates":[[[174.6766,-37.2266],[174.6992,-37.2133],[174.705,-37.2064],[174.6934,-37.2154],[174.6749,-37.2193],[174.6888,-37.2174],[174.6766,-37.2266]],[[174.6898,-37.2181],[174.6891,-37.2175],[174.6922,-37.2167],[174.6898,-37.2181]],[[174.6877,-37.2197],[174.6872,-37.2194],[174.6888,-37.2185],[174.6877,-37.2197]],[[174.6852,-37.2226],[174.685,-37.2226],[174.6852,-37.2224],[174.6852,-37.2226]]]}},{"type":"Feature","properties":{},"geometry":{"type":"Polygon","coordinates":[[[174.6638,-37.2279],[174.6652,-37.225],[174.6637,-37.2247],[174.6638,-37.2279]]]}},{"type":"Feature","properties":{},"geometry":{"type":"Polygon","coordinates":[[[174.6763,-37.2289],[174.6792,-37.226],[174.677,-37.2266],[174.6763,-37.2289]]]}},{"type":"Feature","properties":{},"geometry":{"type":"Polygon","coordinates":[[[174.6546,-37.2326],[174.6539,-37.2292],[174.6522,-37.2303],[174.6546,-37.2326]]]}},{"type":"Feature","properties":{},"geometry":{"type":"Polygon","coordinates":[[[174.6492,-37.2366],[174.6514,-37.2348],[174.6488,-37.2343],[174.6492,-37.2366]]]}},{"type":"Feature","properties":{},"geometry":{"type":"Polygon","coordinates":[[[174.6551,-36.392],[174.6567,-36.3888],[174.6562,-36.3872],[174.6551,-36.392]]]}},{"type":"Feature","properties":{},"geometry":{"type":"Polygon","coordinates":[[[174.6266,-36.4087],[174.6328,-36.4035],[174.6309,-36.3994],[174.6408,-36.3982],[174.6394,-36.3943],[174.6435,-36.3914],[174.6345,-36.3969],[174.6285,-36.3957],[174.6309,-36.3903],[174.6374,-36.3868],[174.6411,-36.388],[174.6452,-36.3836],[174.6404,-36.3831],[174.642,-36.3817],[174.6369,-36.3769],[174.6372,-36.3848],[174.634,-36.3813],[174.6318,-36.3868],[174.6278,-36.3822],[174.6277,-36.3945],[174.6249,-36.3964],[174.628,-36.3972],[174.6295,-36.4032],[174.6219,-36.407],[174.6266,-36.4087]],[[174.6362,-36.3971],[174.636,-36.3971],[174.636,-36.3968],[174.6362,-36.3968],[174.6362,-36.3971]],[[174.6374,-36.3799],[174.637,-36.3798],[174.6374,-36.3796],[174.6374,-36.3799]],[[174.6372,-36.3802],[174.6365,-36.3802],[174.637,-36.3799],[174.6372,-36.3802]],[[174.6401,-36.3809],[174.6398,-36.3809],[174.6398,-36.3807],[174.6401,-36.3807],[174.6401,-36.3809]],[[174.6381,-36.3815],[174.6379,-36.3815],[174.6379,-36.3813],[174.6381,-36.3813],[174.6381,-36.3815]],[[174.6404,-36.385],[174.6394,-36.385],[174.6399,-36.3841],[174.6404,-36.385]],[[174.6386,-36.3858],[174.6384,-36.3858],[174.6387,-36.3855],[174.6386,-36.3858]],[[174.6362,-36.3868],[174.6352,-36.3862],[174.6376,-36.3852],[174.6362,-36.3868]],[[174.6294,-36.3869],[174.6278,-36.385],[174.6302,-36.3859],[174.6294,-36.3869]],[[174.6288,-36.3891],[174.6287,-36.3891],[174.6287,-36.389],[174.6288,-36.389],[174.6288,-36.3891]],[[174.6324,-36.3885],[174.6321,-36.3883],[174.6326,-36.3881],[174.6324,-36.3885]],[[174.634,-36.3885],[174.6338,-36.3877],[174.6348,-36.3877],[174.634,-36.3885]],[[174.6326,-36.3892],[174.6324,-36.3892],[174.6324,-36.3891],[174.6326,-36.3891],[174.6326,-36.3892]],[[174.6304,-36.3903],[174.6297,-36.3898],[174.6312,-36.3887],[174.6304,-36.3903]],[[174.6288,-36.3907],[174.6283,-36.3902],[174.6287,-36.3899],[174.6288,-36.3907]],[[174.6282,-36.3912],[174.628,-36.3912],[174.628,-36.391],[174.6282,-36.391],[174.6282,-36.3912]],[[174.628,-36.3929],[174.628,-36.3913],[174.6287,-36.3917],[174.628,-36.3929]],[[174.6283,-36.3957],[174.6277,-36.3957],[174.6287,-36.3951],[174.6283,-36.3957]],[[174.6258,-36.3969],[174.6256,-36.3969],[174.6256,-36.3968],[174.6258,-36.3968],[174.6258,-36.3969]],[[174.629,-36.3999],[174.6288,-36.3999],[174.6288,-36.3997],[174.629,-36.3997],[174.629,-36.3999]],[[174.6299,-36.3999],[174.6295,-36.3999],[174.6295,-36.3998],[174.6299,-36.3998],[174.6299,-36.3999]],[[174.6288,-36.4005],[174.6287,-36.4001],[174.629,-36.4002],[174.6288,-36.4005]],[[174.6295,-36.4017],[174.6294,-36.4017],[174.6294,-36.4016],[174.6295,-36.4017]],[[174.6312,-36.4045],[174.6307,-36.4042],[174.6316,-36.4039],[174.6312,-36.4045]],[[174.6261,-36.405],[174.6259,-36.4049],[174.6261,-36.4049],[174.6261,-36.405]],[[174.6259,-36.4057],[174.6253,-36.4057],[174.6254,-36.4054],[174.6259,-36.4057]],[[174.6282,-36.4054],[174.6273,-36.4048],[174.6278,-36.4048],[174.6282,-36.4054]],[[174.6275,-36.4056],[174.6273,-36.4054],[174.6277,-36.4054],[174.6275,-36.4056]],[[174.627,-36.4057],[174.6268,-36.4057],[174.6268,-36.4056],[174.627,-36.4056],[174.627,-36.4057]],[[174.6263,-36.4059],[174.6261,-36.4057],[174.6265,-36.4057],[174.6263,-36.4059]],[[174.6258,-36.406],[174.6254,-36.406],[174.6259,-36.4059],[174.6258,-36.406]],[[174.6253,-36.4067],[174.6251,-36.4067],[174.6251,-36.4065],[174.6253,-36.4065],[174.6253,-36.4067]],[[174.6234,-36.4076],[174.6232,-36.4075],[174.6234,-36.4074],[174.6234,-36.4076]]]}},{"type":"Feature","properties":{},"geometry":{"type":"Polygon","coordinates":[[[174.651,-36.4105],[174.6515,-36.407],[174.6574,-36.4037],[174.6575,-36.4078],[174.6584,-36.4015],[174.6626,-36.3987],[174.6601,-36.3956],[174.6623,-36.399],[174.6545,-36.4049],[174.6473,-36.4021],[174.6509,-36.3971],[174.6486,-36.3943],[174.6539,-36.389],[174.6515,-36.3881],[174.65,-36.3924],[174.6486,-36.3895],[174.6476,-36.3916],[174.6461,-36.4038],[174.6401,-36.4057],[174.6471,-36.403],[174.651,-36.4105]],[[174.6604,-36.3962],[174.6601,-36.3962],[174.6601,-36.3961],[174.6604,-36.3961],[174.6604,-36.3962]],[[174.6534,-36.3891],[174.6531,-36.389],[174.6531,-36.3887],[174.6534,-36.3891]],[[174.6526,-36.3907],[174.6524,-36.3907],[174.6524,-36.3906],[174.6526,-36.3906],[174.6526,-36.3907]],[[174.6527,-36.3913],[174.6524,-36.3912],[174.6527,-36.3909],[174.6527,-36.3913]],[[174.6521,-36.3921],[174.6519,-36.3921],[174.6519,-36.392],[174.6521,-36.392],[174.6521,-36.3921]],[[174.6522,-36.4081],[174.6512,-36.4081],[174.6515,-36.4072],[174.6522,-36.4081]]]}},{"type":"Feature","properties":{},"geometry":{"type":"Polygon","coordinates":[[[174.7171,-36.9003],[174.7186,-36.8983],[174.7154,-36.8998],[174.7171,-36.9003]],[[174.7171,-36.8998],[174.7169,-36.8996],[174.7173,-36.8995],[174.7171,-36.8998]]]}},{"type":"Feature","properties":{},"geometry":{"type":"Polygon","coordinates":[[[174.6587,-37.1765],[174.6666,-37.1704],[174.6684,-37.1626],[174.6812,-37.1602],[174.6961,-37.1517],[174.6894,-37.1471],[174.686,-37.152],[174.6751,-37.1539],[174.6812,-37.1546],[174.6797,-37.1581],[174.6655,-37.1626],[174.6533,-37.1564],[174.6635,-37.163],[174.6536,-37.167],[174.6365,-37.1652],[174.6377,-37.168],[174.6248,-37.1725],[174.6439,-37.1656],[174.6522,-37.1674],[174.6379,-37.1717],[174.6391,-37.1733],[174.6531,-37.1682],[174.6514,-37.1725],[174.6548,-37.1674],[174.6666,-37.1633],[174.6618,-37.1744],[174.6562,-37.1754],[174.6587,-37.1765]]]}},{"type":"Feature","properties":{},"geometry":{"type":"Polygon","coordinates":[[[174.7879,-36.2894],[174.7871,-36.2853],[174.7857,-36.2864],[174.7879,-36.2894]]]}},{"type":"Feature","properties":{},"geometry":{"type":"Polygon","coordinates":[[[174.7837,-36.2919],[174.786,-36.2916],[174.776,-36.2898],[174.7837,-36.2919]]]}},{"type":"Feature","properties":{},"geometry":{"type":"Polygon","coordinates":[[[174.7966,-36.2974],[174.7893,-36.2907],[174.7936,-36.2971],[174.7966,-36.2974]]]}},{"type":"Feature","properties":{},"geometry":{"type":"Polygon","coordinates":[[[174.7968,-36.3015],[174.7985,-36.301],[174.7968,-36.2978],[174.7968,-36.3015]]]}},{"type":"Feature","properties":{},"geometry":{"type":"Polygon","coordinates":[[[174.726,-37.2147],[174.7304,-37.2136],[174.7263,-37.2122],[174.726,-37.2147]]]}},{"type":"Feature","properties":{},"geometry":{"type":"Polygon","coordinates":[[[174.3523,-36.7146],[174.3542,-36.7138],[174.3506,-36.7125],[174.3523,-36.7146]]]}},{"type":"Feature","properties":{},"geometry":{"type":"Polygon","coordinates":[[[174.7499,-36.7904],[174.7514,-36.7864],[174.748,-36.7811],[174.7622,-36.773],[174.7531,-36.7701],[174.7528,-36.761],[174.7509,-36.767],[174.7558,-36.7765],[174.75,-36.7802],[174.7456,-36.7786],[174.7471,-36.7637],[174.7427,-36.7707],[174.7394,-36.7652],[174.7478,-36.7545],[174.7403,-36.7571],[174.7451,-36.7515],[174.7413,-36.7508],[174.7374,-36.7539],[174.7388,-36.7577],[174.7333,-36.7548],[174.7386,-36.7581],[174.7377,-36.7663],[174.7222,-36.7663],[174.7384,-36.769],[174.741,-36.7723],[174.7326,-36.7742],[174.7261,-36.772],[174.7284,-36.7755],[174.7261,-36.7755],[174.7321,-36.7748],[174.7336,-36.7785],[174.7343,-36.7748],[174.7405,-36.774],[174.7442,-36.7801],[174.7365,-36.7838],[174.7244,-36.7828],[174.7313,-36.7842],[174.7273,-36.7889],[174.742,-36.7848],[174.7459,-36.786],[174.7449,-36.7879],[174.7487,-36.7865],[174.7499,-36.7904]],[[174.7594,-36.7742],[174.7589,-36.7738],[174.7596,-36.7737],[174.7594,-36.7742]],[[174.7388,-36.7551],[174.7386,-36.7551],[174.7386,-36.7549],[174.7388,-36.7549],[174.7388,-36.7551]],[[174.7393,-36.7582],[174.7391,-36.7582],[174.7391,-36.7581],[174.7393,-36.7581],[174.7393,-36.7582]],[[174.74,-36.7597],[174.7396,-36.7596],[174.74,-36.7595],[174.74,-36.7597]],[[174.7396,-36.764],[174.7393,-36.7637],[174.7394,-36.7636],[174.7396,-36.764]],[[174.7398,-36.7642],[174.7396,-36.7642],[174.7396,-36.7641],[174.7398,-36.7641],[174.7398,-36.7642]],[[174.7388,-36.7653],[174.7384,-36.7652],[174.7384,-36.7649],[174.7388,-36.7653]],[[174.736,-36.7742],[174.7354,-36.7742],[174.7359,-36.7737],[174.736,-36.7742]],[[174.7442,-36.7745],[174.7423,-36.7724],[174.7429,-36.772],[174.7442,-36.7745]],[[174.7314,-36.7835],[174.7313,-36.7835],[174.7311,-36.7834],[174.7313,-36.7834],[174.7314,-36.7835]],[[174.7439,-36.7848],[174.743,-36.7838],[174.7439,-36.7841],[174.7439,-36.7848]],[[174.7463,-36.7849],[174.7459,-36.7848],[174.7464,-36.7845],[174.7463,-36.7849]],[[174.7504,-36.7871],[174.75,-36.7869],[174.7504,-36.7868],[174.7504,-36.7871]],[[174.75,-36.788],[174.7499,-36.7878],[174.7502,-36.7878],[174.75,-36.788]]]}},{"type":"Feature","properties":{},"geometry":{"type":"Polygon","coordinates":[[[174.6376,-37.2098],[174.6374,-37.2049],[174.6398,-37.205],[174.6283,-37.1967],[174.634,-37.1947],[174.6415,-37.1984],[174.6381,-37.1951],[174.6464,-37.1935],[174.6425,-37.1925],[174.6437,-37.1909],[174.6326,-37.1903],[174.6442,-37.1849],[174.636,-37.1872],[174.6353,-37.1826],[174.6254,-37.1815],[174.6328,-37.188],[174.6287,-37.188],[174.6304,-37.1909],[174.6266,-37.1924],[174.6236,-37.1897],[174.6282,-37.1933],[174.6248,-37.2027],[174.6273,-37.1993],[174.6307,-37.203],[174.6306,-37.199],[174.6369,-37.2067],[174.6343,-37.2094],[174.6376,-37.2098]],[[174.6384,-37.1959],[174.6382,-37.1958],[174.6384,-37.1956],[174.6384,-37.1959]],[[174.6399,-37.186],[174.6399,-37.1859],[174.6401,-37.1859],[174.6399,-37.186]],[[174.6341,-37.2003],[174.634,-37.2003],[174.634,-37.2001],[174.6341,-37.2001],[174.6341,-37.2003]],[[174.6372,-37.2086],[174.637,-37.2086],[174.637,-37.2083],[174.6372,-37.2083],[174.6372,-37.2086]]]}},{"type":"Feature","properties":{},"geometry":{"type":"Polygon","coordinates":[[[174.7633,-36.4499],[174.7606,-36.4469],[174.7596,-36.4488],[174.7633,-36.4499]]]}},{"type":"Feature","properties":{},"geometry":{"type":"Polygon","coordinates":[[[174.2938,-36.3678],[174.2936,-36.3627],[174.2904,-36.3594],[174.2938,-36.3678]],[[174.2923,-36.3613],[174.2919,-36.3612],[174.2923,-36.3609],[174.2923,-36.3613]],[[174.2941,-36.367],[174.2938,-36.367],[174.2938,-36.3666],[174.2941,-36.367]]]}},{"type":"Feature","properties":{},"geometry":{"type":"Polygon","coordinates":[[[174.4215,-36.8001],[174.4213,-36.7956],[174.4194,-36.7984],[174.4215,-36.8001]]]}},{"type":"Feature","properties":{},"geometry":{"type":"Polygon","coordinates":[[[174.7017,-36.6937],[174.7033,-36.6935],[174.7016,-36.6872],[174.7017,-36.6937]]]}},{"type":"Feature","properties":{},"geometry":{"type":"Polygon","coordinates":[[[174.7087,-36.7038],[174.706,-36.6982],[174.7133,-36.7009],[174.7043,-36.6932],[174.7022,-36.6983],[174.7041,-36.6952],[174.7087,-36.7038]],[[174.7041,-36.6943],[174.7038,-36.6937],[174.7041,-36.6938],[174.7041,-36.6943]],[[174.7041,-36.6946],[174.7039,-36.6946],[174.7039,-36.6945],[174.7041,-36.6946]]]}},{"type":"Feature","properties":{},"geometry":{"type":"Polygon","coordinates":[[[174.8123,-36.9284],[174.8108,-36.9239],[174.807,-36.9257],[174.8123,-36.9284]]]}},{"type":"Feature","properties":{},"geometry":{"type":"Polygon","coordinates":[[[174.7606,-36.9118],[174.7647,-36.9099],[174.7613,-36.91],[174.7606,-36.9118]]]}},{"type":"Feature","properties":{},"geometry":{"type":"Polygon","coordinates":[[[174.9463,-37.0789],[174.9414,-37.0758],[174.942,-37.08],[174.9463,-37.0789]]]}},{"type":"Feature","properties":{},"geometry":{"type":"Polygon","coordinates":[[[174.7622,-36.7988],[174.7656,-36.7964],[174.7517,-36.7938],[174.7622,-36.7988]],[[174.7645,-36.7972],[174.7644,-36.7971],[174.7647,-36.7966],[174.7645,-36.7972]]]}},{"type":"Feature","properties":{},"geometry":{"type":"Polygon","coordinates":[[[174.6481,-36.1695],[174.6463,-36.1665],[174.6449,-36.1676],[174.6481,-36.1695]]]}},{"type":"Feature","properties":{},"geometry":{"type":"Polygon","coordinates":[[[174.7683,-37.1151],[174.769,-37.1118],[174.7671,-37.1121],[174.7683,-37.1151]]]}},{"type":"Feature","properties":{},"geometry":{"type":"Polygon","coordinates":[[[174.8241,-37.1148],[174.8299,-37.1136],[174.8265,-37.1133],[174.8241,-37.1148]]]}},{"type":"Feature","properties":{},"geometry":{"type":"Polygon","coordinates":[[[174.8376,-37.1147],[174.84,-37.1114],[174.8359,-37.1116],[174.8376,-37.1147]]]}},{"type":"Feature","properties":{},"geometry":{"type":"Polygon","coordinates":[[[174.8311,-37.117],[174.8349,-37.1155],[174.8354,-37.1139],[174.8311,-37.117]]]}},{"type":"Feature","properties":{},"geometry":{"type":"Polygon","coordinates":[[[174.7603,-37.1279],[174.7627,-37.1227],[174.7691,-37.1211],[174.7697,-37.1233],[174.7777,-37.118],[174.7678,-37.1207],[174.7652,-37.1154],[174.7674,-37.1211],[174.7613,-37.1222],[174.7591,-37.1189],[174.7603,-37.1279]],[[174.7666,-37.1162],[174.7661,-37.1161],[174.7666,-37.1158],[174.7666,-37.1162]],[[174.7676,-37.1207],[174.7671,-37.1204],[174.7674,-37.12],[174.7676,-37.1207]],[[174.768,-37.1212],[174.7678,-37.1212],[174.7678,-37.121],[174.768,-37.121],[174.768,-37.1212]]]}},{"type":"Feature","properties":{},"geometry":{"type":"Polygon","coordinates":[[[174.8338,-37.1276],[174.8402,-37.1268],[174.8268,-37.1263],[174.8338,-37.1276]],[[174.8383,-37.1268],[174.8381,-37.1268],[174.8384,-37.1265],[174.8383,-37.1268]]]}},{"type":"Feature","properties":{},"geometry":{"type":"Polygon","coordinates":[[[174.8011,-37.1286],[174.804,-37.1282],[174.799,-37.126],[174.8011,-37.1286]]]}},{"type":"Feature","properties":{},"geometry":{"type":"Polygon","coordinates":[[[174.8058,-37.1301],[174.8098,-37.1299],[174.8094,-37.1287],[174.8058,-37.1301]]]}},{"type":"Feature","properties":{},"geometry":{"type":"Polygon","coordinates":[[[174.7394,-37.1327],[174.7405,-37.1267],[174.7383,-37.1264],[174.7364,-37.1295],[174.7394,-37.1327]],[[174.7381,-37.1279],[174.7377,-37.1279],[174.7379,-37.1278],[174.7381,-37.1279]]]}},{"type":"Feature","properties":{},"geometry":{"type":"Polygon","coordinates":[[[174.834,-37.1329],[174.8362,-37.132],[174.8313,-37.1309],[174.834,-37.1329]]]}},{"type":"Feature","properties":{},"geometry":{"type":"Polygon","coordinates":[[[174.8436,-37.135],[174.841,-37.1312],[174.8372,-37.1314],[174.8436,-37.135]]]}},{"type":"Feature","properties":{},"geometry":{"type":"Polygon","coordinates":[[[174.7584,-37.1368],[174.7591,-37.1348],[174.7572,-37.1344],[174.7584,-37.1368]]]}},{"type":"Feature","properties":{},"geometry":{"type":"Polygon","coordinates":[[[174.7671,-37.1399],[174.7633,-37.1363],[174.7627,-37.1381],[174.7671,-37.1399]]]}},{"type":"Feature","properties":{},"geometry":{"type":"Polygon","coordinates":[[[174.7869,-37.1448],[174.791,-37.1433],[174.79,-37.1422],[174.7869,-37.1448]],[[174.79,-37.1434],[174.7898,-37.1434],[174.7898,-37.1433],[174.79,-37.1433],[174.79,-37.1434]]]}},{"type":"Feature","properties":{},"geometry":{"type":"Polygon","coordinates":[[[174.7603,-37.1486],[174.7618,-37.148],[174.7596,-37.146],[174.7603,-37.1486]]]}},{"type":"Feature","properties":{},"geometry":{"type":"Polygon","coordinates":[[[174.7777,-37.1489],[174.7826,-37.1451],[174.7763,-37.148],[174.7777,-37.1489]],[[174.7796,-37.1472],[174.7794,-37.147],[174.7797,-37.1468],[174.7796,-37.1472]]]}},{"type":"Feature","properties":{},"geometry":{"type":"Polygon","coordinates":[[[174.7896,-37.1504],[174.7913,-37.149],[174.7872,-37.1498],[174.7896,-37.1504]]]}},{"type":"Feature","properties":{},"geometry":{"type":"Polygon","coordinates":[[[174.8002,-37.1555],[174.7994,-37.1524],[174.7966,-37.1524],[174.8002,-37.1555]]]}},{"type":"Feature","properties":{},"geometry":{"type":"Polygon","coordinates":[[[174.8166,-37.1615],[174.8217,-37.1551],[174.8147,-37.1597],[174.8079,-37.1577],[174.8035,-37.1519],[174.8118,-37.1498],[174.806,-37.1474],[174.8016,-37.1506],[174.7982,-37.1457],[174.8077,-37.1397],[174.7982,-37.1434],[174.7975,-37.1382],[174.7949,-37.138],[174.8046,-37.1354],[174.8111,-37.1374],[174.8077,-37.1353],[174.8099,-37.1363],[174.811,-37.1323],[174.8185,-37.129],[174.8265,-37.1381],[174.8241,-37.148],[174.8265,-37.1384],[174.8325,-37.1441],[174.8181,-37.1221],[174.8185,-37.1176],[174.8309,-37.1206],[174.8268,-37.1196],[174.8303,-37.1173],[174.8195,-37.117],[174.8164,-37.1125],[174.8292,-37.1075],[174.8157,-37.1101],[174.8192,-37.1075],[174.8132,-37.1091],[174.8098,-37.1068],[174.8132,-37.1044],[174.8,-37.1035],[174.7997,-37.0962],[174.7949,-37.0962],[174.7915,-37.091],[174.7772,-37.0886],[174.7693,-37.0935],[174.756,-37.1129],[174.7401,-37.1259],[174.7526,-37.1248],[174.7505,-37.1242],[174.7645,-37.1018],[174.7767,-37.0916],[174.7828,-37.102],[174.7819,-37.104],[174.7819,-37.1],[174.7785,-37.1007],[174.7796,-37.1027],[174.7758,-37.1044],[174.7686,-37.1023],[174.7744,-37.1046],[174.7686,-37.1075],[174.7768,-37.105],[174.7702,-37.1132],[174.7779,-37.1065],[174.7784,-37.1093],[174.7809,-37.1041],[174.7849,-37.105],[174.7866,-37.1125],[174.7796,-37.117],[174.7859,-37.1147],[174.7862,-37.1259],[174.7821,-37.1351],[174.7753,-37.1329],[174.777,-37.1374],[174.7622,-37.1453],[174.7808,-37.1373],[174.783,-37.1431],[174.7802,-37.1501],[174.7845,-37.1508],[174.7828,-37.1369],[174.7881,-37.1306],[174.7917,-37.1378],[174.7857,-37.1416],[174.7927,-37.1382],[174.792,-37.1427],[174.7953,-37.1436],[174.7936,-37.1493],[174.7971,-37.1444],[174.799,-37.1512],[174.8057,-37.1577],[174.8166,-37.1615]],[[174.7983,-37.1376],[174.7978,-37.1369],[174.7992,-37.1365],[174.7983,-37.1376]],[[174.7987,-37.1377],[174.7985,-37.1377],[174.7988,-37.1374],[174.7987,-37.1377]],[[174.8057,-37.1365],[174.8055,-37.1365],[174.8058,-37.1363],[174.8057,-37.1365]],[[174.8074,-37.1365],[174.807,-37.1365],[174.807,-37.1361],[174.8074,-37.1361],[174.8074,-37.1365]],[[174.807,-37.137],[174.8069,-37.1369],[174.807,-37.1369],[174.807,-37.137]],[[174.8093,-37.1374],[174.8089,-37.1374],[174.8089,-37.1373],[174.8093,-37.1373],[174.8093,-37.1374]],[[174.8297,-37.1206],[174.8296,-37.1206],[174.8296,-37.1204],[174.8297,-37.1204],[174.8297,-37.1206]],[[174.8297,-37.121],[174.8289,-37.1204],[174.8292,-37.1203],[174.8297,-37.121]],[[174.7772,-37.0897],[174.7765,-37.0897],[174.7765,-37.0895],[174.7768,-37.0897],[174.7772,-37.0895],[174.7772,-37.0897]],[[174.7755,-37.0898],[174.7751,-37.0898],[174.7756,-37.0897],[174.7755,-37.0898]],[[174.7835,-37.0912],[174.783,-37.0912],[174.783,-37.0909],[174.7835,-37.0909],[174.7835,-37.0912]],[[174.7683,-37.0959],[174.7676,-37.0958],[174.768,-37.0956],[174.7683,-37.0959]],[[174.7664,-37.0985],[174.7671,-37.0973],[174.7697,-37.0958],[174.7664,-37.0985]],[[174.7666,-37.0999],[174.7659,-37.0995],[174.7662,-37.0995],[174.7666,-37.0999]],[[174.7644,-37.1031],[174.7642,-37.1031],[174.7642,-37.103],[174.7644,-37.103],[174.7644,-37.1031]],[[174.7495,-37.1208],[174.7493,-37.1207],[174.7499,-37.1206],[174.7495,-37.1208]],[[174.7473,-37.1219],[174.7466,-37.1218],[174.7492,-37.1207],[174.7473,-37.1219]],[[174.7463,-37.1223],[174.7461,-37.1222],[174.7464,-37.1221],[174.7463,-37.1223]],[[174.7476,-37.123],[174.7471,-37.1226],[174.7473,-37.1225],[174.7476,-37.123]],[[174.7447,-37.1236],[174.7444,-37.1234],[174.7461,-37.1229],[174.7447,-37.1236]],[[174.749,-37.1242],[174.7487,-37.1238],[174.7485,-37.1238],[174.7485,-37.1237],[174.749,-37.1241],[174.749,-37.1242]],[[174.7476,-37.1255],[174.7475,-37.1253],[174.7476,-37.1253],[174.7476,-37.1255]],[[174.7427,-37.1257],[174.7422,-37.1255],[174.7432,-37.1255],[174.7427,-37.1257]],[[174.7434,-37.1257],[174.7432,-37.1257],[174.7432,-37.1256],[174.7434,-37.1256],[174.7434,-37.1257]],[[174.7432,-37.1261],[174.7427,-37.1259],[174.7435,-37.1259],[174.7432,-37.1261]],[[174.7423,-37.1263],[174.742,-37.126],[174.7425,-37.1259],[174.7423,-37.1263]],[[174.7429,-37.1265],[174.7425,-37.1265],[174.743,-37.1264],[174.7429,-37.1265]],[[174.7422,-37.1268],[174.742,-37.1267],[174.7422,-37.1265],[174.7422,-37.1268]],[[174.7442,-37.1267],[174.744,-37.1267],[174.744,-37.1265],[174.7442,-37.1265],[174.7442,-37.1267]],[[174.7427,-37.1272],[174.7423,-37.1271],[174.7439,-37.1265],[174.7427,-37.1272]],[[174.7693,-37.0974],[174.7691,-37.0974],[174.7695,-37.0971],[174.7693,-37.0974]],[[174.7688,-37.0976],[174.7688,-37.0974],[174.769,-37.0974],[174.7688,-37.0976]],[[174.7799,-37.0932],[174.779,-37.0929],[174.7794,-37.0927],[174.7799,-37.0932]],[[174.7802,-37.0933],[174.7802,-37.0932],[174.7806,-37.0931],[174.7802,-37.0933]],[[174.7845,-37.0936],[174.7845,-37.0931],[174.7847,-37.0933],[174.7845,-37.0936]],[[174.785,-37.0947],[174.7847,-37.0944],[174.7849,-37.0943],[174.785,-37.0947]],[[174.7796,-37.095],[174.7796,-37.0948],[174.7797,-37.0948],[174.7796,-37.095]],[[174.783,-37.0966],[174.7828,-37.0966],[174.783,-37.0965],[174.783,-37.0966]],[[174.783,-37.1035],[174.7828,-37.1035],[174.7828,-37.1034],[174.783,-37.1035]],[[174.7831,-37.1035],[174.783,-37.1034],[174.7833,-37.1034],[174.7831,-37.1035]],[[174.7811,-37.1018],[174.7811,-37.1015],[174.7813,-37.1015],[174.7811,-37.1018]],[[174.7818,-37.103],[174.7813,-37.103],[174.7818,-37.1027],[174.7818,-37.103]],[[174.7886,-37.1274],[174.7883,-37.1271],[174.7886,-37.127],[174.7886,-37.1274]],[[174.7627,-37.1452],[174.7625,-37.1452],[174.7625,-37.1449],[174.7627,-37.1452]],[[174.8043,-37.1095],[174.8004,-37.1086],[174.8062,-37.1069],[174.8043,-37.1095]],[[174.8094,-37.1098],[174.8091,-37.109],[174.8094,-37.109],[174.8094,-37.1098]],[[174.8125,-37.1121],[174.8108,-37.1114],[174.8108,-37.1098],[174.8125,-37.1121]],[[174.8137,-37.1131],[174.8134,-37.1129],[174.8135,-37.1128],[174.8137,-37.1131]],[[174.8096,-37.1338],[174.8094,-37.1338],[174.8094,-37.1336],[174.8096,-37.1336],[174.8096,-37.1338]],[[174.8079,-37.134],[174.8077,-37.134],[174.8079,-37.1339],[174.8079,-37.134]],[[174.7977,-37.1361],[174.7936,-37.1361],[174.7953,-37.1324],[174.7883,-37.126],[174.7901,-37.1176],[174.7942,-37.1178],[174.7912,-37.1151],[174.7937,-37.1044],[174.8031,-37.1095],[174.8012,-37.1135],[174.8067,-37.1108],[174.8151,-37.1139],[174.8192,-37.1252],[174.8086,-37.1331],[174.7977,-37.1361]],[[174.7927,-37.138],[174.792,-37.138],[174.7929,-37.1377],[174.7927,-37.138]],[[174.7954,-37.1388],[174.7951,-37.1388],[174.7953,-37.1387],[174.7954,-37.1388]],[[174.7927,-37.141],[174.7927,-37.14],[174.7932,-37.14],[174.7927,-37.141]],[[174.7958,-37.1436],[174.7949,-37.1429],[174.7961,-37.1431],[174.7958,-37.1436]],[[174.7968,-37.144],[174.7965,-37.1434],[174.7973,-37.1438],[174.7968,-37.144]],[[174.7973,-37.1452],[174.7971,-37.1452],[174.7973,-37.1451],[174.7973,-37.1452]],[[174.8022,-37.1531],[174.8019,-37.1531],[174.8019,-37.1527],[174.8022,-37.1531]],[[174.804,-37.1316],[174.8038,-37.1316],[174.804,-37.1314],[174.804,-37.1316]],[[174.8002,-37.1159],[174.8,-37.1159],[174.8,-37.1157],[174.8002,-37.1157],[174.8002,-37.1159]],[[174.8,-37.1117],[174.7999,-37.1116],[174.8,-37.1114],[174.8,-37.1117]]]}},{"type":"Feature","properties":{},"geometry":{"type":"Polygon","coordinates":[[[174.828,-37.1623],[174.8292,-37.1616],[174.8255,-37.16],[174.828,-37.1623]]]}},{"type":"Feature","properties":{},"geometry":{"type":"Polygon","coordinates":[[[174.8161,-37.1656],[174.8185,-37.1636],[174.8171,-37.1626],[174.8161,-37.1656]],[[174.8161,-37.1655],[174.8159,-37.1655],[174.8159,-37.1653],[174.8161,-37.1653],[174.8161,-37.1655]]]}},{"type":"Feature","properties":{},"geometry":{"type":"Polygon","coordinates":[[[174.8048,-37.1661],[174.8091,-37.1623],[174.8052,-37.1629],[174.8048,-37.1661]],[[174.8074,-37.1631],[174.8072,-37.1631],[174.8072,-37.1629],[174.8074,-37.1631]],[[174.8065,-37.1648],[174.8058,-37.1636],[174.8067,-37.1636],[174.8058,-37.1637],[174.8065,-37.1648]],[[174.8058,-37.1653],[174.8055,-37.1653],[174.8055,-37.1648],[174.8058,-37.1653]]]}},{"type":"Feature","properties":{},"geometry":{"type":"Polygon","coordinates":[[[174.7326,-37.1686],[174.7367,-37.1622],[174.7343,-37.1591],[174.7292,-37.1645],[174.7326,-37.1686]]]}},{"type":"Feature","properties":{},"geometry":{"type":"Polygon","coordinates":[[[174.7227,-37.1709],[174.7284,-37.1659],[174.7231,-37.1689],[174.7193,-37.1672],[174.7227,-37.1709]],[[174.7253,-37.1674],[174.7251,-37.1674],[174.7251,-37.1672],[174.7253,-37.1672],[174.7253,-37.1674]],[[174.7234,-37.1693],[174.7231,-37.169],[174.7237,-37.1689],[174.7234,-37.1693]],[[174.7241,-37.1697],[174.7239,-37.1697],[174.7239,-37.1693],[174.7241,-37.1697]]]}},{"type":"Feature","properties":{},"geometry":{"type":"Polygon","coordinates":[[[174.7256,-37.1738],[174.7309,-37.1708],[174.7266,-37.1709],[174.7256,-37.1738]]]}},{"type":"Feature","properties":{},"geometry":{"type":"Polygon","coordinates":[[[174.5555,-36.5918],[174.5555,-36.5882],[174.5541,-36.5903],[174.5555,-36.5918]],[[174.5549,-36.5905],[174.5548,-36.5905],[174.5548,-36.5904],[174.5549,-36.5904],[174.5549,-36.5905]]]}},{"type":"Feature","properties":{},"geometry":{"type":"Polygon","coordinates":[[[174.6391,-36.6038],[174.6456,-36.5989],[174.6403,-36.6004],[174.6391,-36.6038]],[[174.643,-36.5997],[174.6428,-36.5993],[174.6437,-36.5988],[174.643,-36.5997]],[[174.643,-36.6001],[174.6423,-36.6],[174.643,-36.6],[174.643,-36.6001]],[[174.6432,-36.6009],[174.6427,-36.6009],[174.6432,-36.5997],[174.6432,-36.6009]],[[174.6422,-36.6011],[174.642,-36.6005],[174.6425,-36.6004],[174.6422,-36.6011]],[[174.6406,-36.6014],[174.6404,-36.6009],[174.6417,-36.6005],[174.6406,-36.6014]],[[174.6396,-36.6022],[174.6394,-36.6019],[174.6399,-36.6018],[174.6396,-36.6022]],[[174.6408,-36.6019],[174.6418,-36.6012],[174.642,-36.6016],[174.6408,-36.6019]],[[174.6404,-36.6022],[174.6401,-36.602],[174.6404,-36.6019],[174.6404,-36.6022]]]}},{"type":"Feature","properties":{},"geometry":{"type":"Polygon","coordinates":[[[174.6201,-36.6179],[174.6236,-36.6127],[174.6256,-36.6163],[174.6244,-36.6121],[174.6271,-36.6089],[174.6299,-36.6099],[174.6326,-36.6045],[174.6469,-36.5963],[174.6548,-36.5951],[174.6457,-36.5999],[174.656,-36.5963],[174.6614,-36.5989],[174.6507,-36.5935],[174.6389,-36.6],[174.635,-36.5986],[174.6376,-36.6016],[174.634,-36.6038],[174.6294,-36.5996],[174.6323,-36.6025],[174.6287,-36.6045],[174.6189,-36.6007],[174.6219,-36.6031],[174.6179,-36.6048],[174.6306,-36.6045],[174.6268,-36.6089],[174.6167,-36.6106],[174.6249,-36.6103],[174.6201,-36.6179]],[[174.6521,-36.5978],[174.6519,-36.5978],[174.6519,-36.5975],[174.6521,-36.5975],[174.6521,-36.5978]]]}},{"type":"Feature","properties":{},"geometry":{"type":"Polygon","coordinates":[[[174.286,-36.5552],[174.2885,-36.553],[174.2865,-36.552],[174.286,-36.5552]]]}},{"type":"Feature","properties":{},"geometry":{"type":"Polygon","coordinates":[[[174.2718,-36.5578],[174.2779,-36.5534],[174.2761,-36.5533],[174.2718,-36.5578]]]}},{"type":"Feature","properties":{},"geometry":{"type":"Polygon","coordinates":[[[174.2772,-36.56],[174.2808,-36.5563],[174.2819,-36.5465],[174.2848,-36.5512],[174.2887,-36.5457],[174.2972,-36.5482],[174.2938,-36.5463],[174.2959,-36.5421],[174.3027,-36.5416],[174.3035,-36.5378],[174.31,-36.5386],[174.3071,-36.5358],[174.3085,-36.532],[174.2986,-36.5283],[174.2885,-36.5298],[174.2904,-36.5327],[174.2836,-36.5378],[174.2761,-36.5384],[174.2781,-36.5415],[174.295,-36.5324],[174.2979,-36.535],[174.2779,-36.5482],[174.2685,-36.5465],[174.2679,-36.5485],[174.2786,-36.5493],[174.2772,-36.56]],[[174.288,-36.5305],[174.2878,-36.5305],[174.2883,-36.5302],[174.288,-36.5305]],[[174.2924,-36.5312],[174.2923,-36.5312],[174.2924,-36.531],[174.2924,-36.5312]],[[174.2875,-36.5343],[174.2873,-36.5343],[174.2877,-36.5341],[174.2875,-36.5343]],[[174.2858,-36.5368],[174.2858,-36.5365],[174.2861,-36.5364],[174.2858,-36.5368]],[[174.2793,-36.5478],[174.2791,-36.5476],[174.2796,-36.5474],[174.2793,-36.5478]],[[174.2692,-36.5471],[174.2691,-36.5471],[174.2692,-36.5469],[174.2692,-36.5471]],[[174.2691,-36.5475],[174.2687,-36.5475],[174.2689,-36.5472],[174.2691,-36.5475]],[[174.268,-36.5486],[174.2679,-36.5486],[174.2682,-36.5483],[174.268,-36.5486]],[[174.2721,-36.5471],[174.272,-36.5471],[174.2718,-36.5469],[174.272,-36.5469],[174.2721,-36.5471]],[[174.274,-36.5486],[174.2738,-36.5486],[174.274,-36.5485],[174.274,-36.5486]],[[174.2731,-36.5489],[174.2731,-36.5487],[174.2733,-36.5487],[174.2731,-36.5489]],[[174.2793,-36.549],[174.2791,-36.549],[174.2795,-36.5489],[174.2793,-36.549]],[[174.2805,-36.5494],[174.2802,-36.549],[174.2807,-36.549],[174.2805,-36.5494]],[[174.2791,-36.5513],[174.279,-36.5513],[174.2793,-36.5511],[174.2791,-36.5513]],[[174.2791,-36.5516],[174.2788,-36.5515],[174.2791,-36.5515],[174.2791,-36.5516]],[[174.28,-36.5541],[174.2796,-36.5541],[174.2798,-36.5539],[174.28,-36.5541]],[[174.2803,-36.5541],[174.28,-36.5539],[174.28,-36.5537],[174.2803,-36.5541]],[[174.2803,-36.5546],[174.28,-36.5543],[174.2803,-36.5543],[174.2803,-36.5546]],[[174.2796,-36.5561],[174.2791,-36.5557],[174.2798,-36.5554],[174.2796,-36.5561]],[[174.2784,-36.5563],[174.2784,-36.556],[174.2786,-36.5561],[174.2784,-36.5563]]]}},{"type":"Feature","properties":{},"geometry":{"type":"Polygon","coordinates":[[[174.2863,-36.5725],[174.2856,-36.5703],[174.2834,-36.5698],[174.2863,-36.5725]]]}},{"type":"Feature","properties":{},"geometry":{"type":"Polygon","coordinates":[[[174.793,-36.9246],[174.7987,-36.9191],[174.7961,-36.9175],[174.793,-36.9246]]]}},{"type":"Feature","properties":{},"geometry":{"type":"Polygon","coordinates":[[[174.7881,-36.9301],[174.7947,-36.9254],[174.7908,-36.9265],[174.7837,-36.9146],[174.7872,-36.9156],[174.7866,-36.9182],[174.7888,-36.9149],[174.7939,-36.9185],[174.7936,-36.9142],[174.7872,-36.9144],[174.784,-36.9097],[174.7802,-36.9118],[174.7835,-36.9069],[174.7775,-36.9123],[174.7843,-36.9168],[174.7881,-36.9301]],[[174.7936,-36.9273],[174.7934,-36.9273],[174.7934,-36.9272],[174.7936,-36.9272],[174.7936,-36.9273]],[[174.7855,-36.914],[174.7852,-36.914],[174.7852,-36.9137],[174.7855,-36.9137],[174.7855,-36.914]],[[174.7898,-36.9152],[174.7896,-36.9152],[174.7896,-36.915],[174.7898,-36.915],[174.7898,-36.9152]],[[174.7801,-36.9133],[174.7796,-36.913],[174.7799,-36.9127],[174.7801,-36.9133]],[[174.7847,-36.9133],[174.784,-36.9133],[174.784,-36.9125],[174.7847,-36.9133]],[[174.7835,-36.9135],[174.7828,-36.9134],[174.7833,-36.9131],[174.7835,-36.9135]],[[174.7816,-36.9138],[174.7802,-36.9134],[174.7811,-36.9131],[174.7816,-36.9138]],[[174.7854,-36.9183],[174.7852,-36.9183],[174.7852,-36.9182],[174.7854,-36.9182],[174.7854,-36.9183]],[[174.786,-36.9193],[174.7857,-36.9193],[174.7862,-36.919],[174.786,-36.9193]],[[174.7854,-36.9197],[174.785,-36.9196],[174.7854,-36.9187],[174.7854,-36.9197]],[[174.7874,-36.9196],[174.7872,-36.9189],[174.7878,-36.919],[174.7874,-36.9196]],[[174.7866,-36.9215],[174.7864,-36.9189],[174.7872,-36.9205],[174.7866,-36.9215]],[[174.7889,-36.9247],[174.7879,-36.9246],[174.7886,-36.9238],[174.7889,-36.9247]],[[174.7896,-36.9257],[174.7886,-36.9257],[174.7896,-36.925],[174.7896,-36.9257]]]}},{"type":"Feature","properties":{},"geometry":{"type":"Polygon","coordinates":[[[174.6674,-36.6238],[174.6705,-36.6236],[174.6678,-36.6211],[174.6674,-36.6238]]]}},{"type":"Feature","properties":{},"geometry":{"type":"Polygon","coordinates":[[[174.665,-36.6242],[174.6673,-36.6208],[174.6753,-36.6192],[174.6635,-36.6175],[174.6671,-36.6197],[174.6638,-36.6197],[174.665,-36.6242]]]}},{"type":"Feature","properties":{},"geometry":{"type":"Polygon","coordinates":[[[174.6628,-36.6507],[174.6579,-36.6386],[174.6614,-36.639],[174.6591,-36.636],[174.665,-36.6257],[174.6526,-36.6399],[174.6565,-36.6388],[174.6628,-36.6507]],[[174.6644,-36.6257],[174.6644,-36.6255],[174.6645,-36.6255],[174.6644,-36.6257]],[[174.663,-36.6279],[174.6628,-36.6275],[174.663,-36.6275],[174.663,-36.6279]],[[174.6579,-36.636],[174.6577,-36.636],[174.6577,-36.6357],[174.6579,-36.6357],[174.6579,-36.636]],[[174.6541,-36.6368],[174.6538,-36.6368],[174.6538,-36.6367],[174.6541,-36.6368]],[[174.6597,-36.6445],[174.6596,-36.6445],[174.6597,-36.6444],[174.6597,-36.6445]],[[174.6611,-36.6463],[174.6609,-36.6463],[174.6613,-36.6462],[174.6611,-36.6463]]]}},{"type":"Feature","properties":{},"geometry":{"type":"Polygon","coordinates":[[[174.4049,-36.3396],[174.4076,-36.3348],[174.4061,-36.3348],[174.4049,-36.3396]]]}},{"type":"Feature","properties":{},"geometry":{"type":"Polygon","coordinates":[[[174.7929,-36.8838],[174.7947,-36.8832],[174.7917,-36.8812],[174.7929,-36.8838]]]}},{"type":"Feature","properties":{},"geometry":{"type":"Polygon","coordinates":[[[174.7953,-36.8876],[174.7922,-36.8838],[174.7924,-36.8864],[174.7953,-36.8876]],[[174.7941,-36.8868],[174.7929,-36.8857],[174.7937,-36.8854],[174.7941,-36.8868]]]}},{"type":"Feature","properties":{},"geometry":{"type":"Polygon","coordinates":[[[174.7982,-36.8883],[174.7999,-36.8872],[174.7953,-36.8876],[174.7982,-36.8883]]]}},{"type":"Feature","properties":{},"geometry":{"type":"Polygon","coordinates":[[[174.805,-36.889],[174.8057,-36.8845],[174.8016,-36.8862],[174.805,-36.889]],[[174.806,-36.8862],[174.8058,-36.8862],[174.8058,-36.8861],[174.806,-36.8861],[174.806,-36.8862]],[[174.8019,-36.8869],[174.8014,-36.8869],[174.8014,-36.8864],[174.8019,-36.8869]]]}},{"type":"Feature","properties":{},"geometry":{"type":"Polygon","coordinates":[[[174.9146,-36.7868],[174.9176,-36.7816],[174.9147,-36.7848],[174.9106,-36.7834],[174.9146,-36.7868]],[[174.9173,-36.7816],[174.9171,-36.7816],[174.9171,-36.7813],[174.9173,-36.7813],[174.9173,-36.7816]]]}},{"type":"Feature","properties":{},"geometry":{"type":"Polygon","coordinates":[[[175.372,-36.2271],[175.3844,-36.226],[175.3906,-36.2214],[175.3938,-36.214],[175.3848,-36.2257],[175.3653,-36.2262],[175.3636,-36.2214],[175.3467,-36.2119],[175.3431,-36.213],[175.3382,-36.2044],[175.3341,-36.2045],[175.3368,-36.2158],[175.3368,-36.2137],[175.351,-36.2158],[175.3636,-36.2261],[175.372,-36.2271]],[[175.337,-36.2123],[175.3363,-36.2114],[175.3372,-36.2119],[175.337,-36.2123]],[[175.3616,-36.2212],[175.3614,-36.2212],[175.3614,-36.2209],[175.3616,-36.2209],[175.3616,-36.2212]],[[175.3718,-36.2268],[175.371,-36.2262],[175.3716,-36.2264],[175.3718,-36.2268]]]}},{"type":"Feature","properties":{},"geometry":{"type":"Polygon","coordinates":[[[174.6085,-36.1232],[174.6108,-36.1215],[174.6068,-36.1225],[174.6085,-36.1232]]]}},{"type":"Feature","properties":{},"geometry":{"type":"Polygon","coordinates":[[[174.3174,-36.6594],[174.3153,-36.6556],[174.3139,-36.6571],[174.3174,-36.6594]]]}},{"type":"Feature","properties":{},"geometry":{"type":"Polygon","coordinates":[[[174.8183,-36.8925],[174.8161,-36.8879],[174.8166,-36.8924],[174.8183,-36.8925]]]}},{"type":"Feature","properties":{},"geometry":{"type":"Polygon","coordinates":[[[174.4769,-36.2334],[174.4807,-36.229],[174.4744,-36.2278],[174.4769,-36.2334]]]}},{"type":"Feature","properties":{},"geometry":{"type":"Polygon","coordinates":[[[174.6794,-37.2016],[174.6785,-37.2003],[174.6736,-37.2008],[174.6794,-37.2016]],[[174.6782,-37.2004],[174.678,-37.2004],[174.678,-37.2003],[174.6782,-37.2003],[174.6782,-37.2004]],[[174.6778,-37.2005],[174.6777,-37.2005],[174.6778,-37.2004],[174.6778,-37.2005]]]}},{"type":"Feature","properties":{},"geometry":{"type":"Polygon","coordinates":[[[174.6696,-37.2149],[174.693,-37.1992],[174.7007,-37.198],[174.7024,-37.1891],[174.6932,-37.1932],[174.6968,-37.1933],[174.6696,-37.2149]],[[174.6976,-37.1922],[174.6973,-37.1922],[174.6976,-37.192],[174.6976,-37.1922]],[[174.6975,-37.1929],[174.6971,-37.1928],[174.6973,-37.1927],[174.6975,-37.1929]]]}},{"type":"Feature","properties":{},"geometry":{"type":"Polygon","coordinates":[[[174.6666,-37.2162],[174.6686,-37.2154],[174.6575,-37.2147],[174.6666,-37.2162]]]}},{"type":"Feature","properties":{},"geometry":{"type":"Polygon","coordinates":[[[174.6404,-37.2177],[174.6406,-37.216],[174.6358,-37.2158],[174.6404,-37.2177]]]}},{"type":"Feature","properties":{},"geometry":{"type":"Polygon","coordinates":[[[174.6459,-37.2208],[174.6492,-37.2185],[174.6481,-37.2177],[174.6459,-37.2208]]]}},{"type":"Feature","properties":{},"geometry":{"type":"Polygon","coordinates":[[[174.9502,-37.0507],[174.9543,-37.0493],[174.9504,-37.0458],[174.9502,-37.0507]]]}},{"type":"Feature","properties":{},"geometry":{"type":"Polygon","coordinates":[[[174.4727,-36.239],[174.4773,-36.2384],[174.4742,-36.2359],[174.4727,-36.239]]]}},{"type":"Feature","properties":{},"geometry":{"type":"Polygon","coordinates":[[[174.6321,-36.1465],[174.6345,-36.1436],[174.6318,-36.1404],[174.6321,-36.1465]],[[174.6328,-36.1422],[174.6324,-36.1422],[174.6324,-36.1419],[174.6328,-36.1422]],[[174.6335,-36.1432],[174.6331,-36.143],[174.6333,-36.1429],[174.6335,-36.1432]],[[174.634,-36.1437],[174.6338,-36.1437],[174.6338,-36.1435],[174.634,-36.1435],[174.634,-36.1437]]]}},{"type":"Feature","properties":{},"geometry":{"type":"Polygon","coordinates":[[[174.7464,-37.2117],[174.7495,-37.2098],[174.7466,-37.2099],[174.7464,-37.2117]]]}},{"type":"Feature","properties":{},"geometry":{"type":"Polygon","coordinates":[[[174.621,-36.1341],[174.6195,-36.1355],[174.6225,-36.1379],[174.621,-36.1341]],[[174.6196,-36.1356],[174.62,-36.1359],[174.6191,-36.1363],[174.6196,-36.1356]]]}},{"type":"Feature","properties":{},"geometry":{"type":"Polygon","coordinates":[[[174.6838,-36.5491],[174.6835,-36.5452],[174.6884,-36.5415],[174.7046,-36.542],[174.7075,-36.5474],[174.7067,-36.5445],[174.7109,-36.5405],[174.6929,-36.5364],[174.6867,-36.5394],[174.6828,-36.5378],[174.6838,-36.5491]],[[174.6923,-36.541],[174.6922,-36.5406],[174.6923,-36.5406],[174.6923,-36.541]],[[174.6915,-36.5415],[174.6913,-36.5415],[174.6913,-36.5413],[174.6915,-36.5413],[174.6915,-36.5415]],[[174.7016,-36.5423],[174.7012,-36.5423],[174.7016,-36.5417],[174.7016,-36.5423]],[[174.7019,-36.5424],[174.7019,-36.5417],[174.7022,-36.542],[174.7019,-36.5424]],[[174.7062,-36.5452],[174.7057,-36.545],[174.706,-36.5446],[174.7062,-36.5452]],[[174.7074,-36.5456],[174.7072,-36.5452],[174.7075,-36.5453],[174.7074,-36.5456]],[[174.7068,-36.5461],[174.7067,-36.5461],[174.7068,-36.5457],[174.7068,-36.5461]],[[174.683,-36.5398],[174.6824,-36.5394],[174.6836,-36.5391],[174.683,-36.5398]],[[174.6903,-36.5406],[174.6903,-36.5405],[174.6905,-36.5405],[174.6903,-36.5406]],[[174.6922,-36.5405],[174.6918,-36.5405],[174.692,-36.5404],[174.6922,-36.5405]],[[174.6913,-36.5406],[174.6911,-36.5405],[174.6913,-36.5405],[174.6913,-36.5406]]]}},{"type":"Feature","properties":{},"geometry":{"type":"Polygon","coordinates":[[[174.2554,-36.5454],[174.2592,-36.5447],[174.2559,-36.5432],[174.2554,-36.5454]],[[174.2568,-36.5439],[174.2563,-36.5438],[174.2566,-36.5437],[174.2568,-36.5439]]]}},{"type":"Feature","properties":{},"geometry":{"type":"Polygon","coordinates":[[[174.2875,-36.6104],[174.2883,-36.6085],[174.2848,-36.6057],[174.2875,-36.6104]],[[174.2844,-36.6059],[174.2842,-36.6057],[174.2844,-36.6057],[174.2844,-36.6059]]]}},{"type":"Feature","properties":{},"geometry":{"type":"Polygon","coordinates":[[[174.8837,-36.7793],[174.8857,-36.7763],[174.8825,-36.7778],[174.8837,-36.7793]],[[174.8845,-36.777],[174.8844,-36.777],[174.8844,-36.7768],[174.8845,-36.7768],[174.8845,-36.777]],[[174.8849,-36.7772],[174.8847,-36.7771],[174.8849,-36.777],[174.8849,-36.7772]],[[174.8847,-36.7776],[174.8842,-36.7774],[174.8845,-36.7771],[174.8847,-36.7776]],[[174.8844,-36.7778],[174.8842,-36.7778],[174.8842,-36.7776],[174.8844,-36.7776],[174.8844,-36.7778]]]}},{"type":"Feature","properties":{},"geometry":{"type":"Polygon","coordinates":[[[174.8692,-36.7832],[174.8748,-36.7819],[174.8724,-36.7817],[174.8692,-36.7832]]]}},{"type":"Feature","properties":{},"geometry":{"type":"Polygon","coordinates":[[[174.8209,-36.9095],[174.8222,-36.9077],[174.819,-36.9062],[174.8209,-36.9095]]]}},{"type":"Feature","properties":{},"geometry":{"type":"Polygon","coordinates":[[[174.6246,-36.7863],[174.62,-36.7827],[174.6259,-36.7854],[174.6232,-36.7824],[174.6189,-36.7824],[174.621,-36.7753],[174.6183,-36.7749],[174.616,-36.7811],[174.6181,-36.7804],[174.6193,-36.7861],[174.6246,-36.7863]]]}},{"type":"Feature","properties":{},"geometry":{"type":"Polygon","coordinates":[[[174.6152,-36.7864],[174.616,-36.7815],[174.6145,-36.7849],[174.6152,-36.7864]]]}},{"type":"Feature","properties":{},"geometry":{"type":"Polygon","coordinates":[[[174.6254,-36.793],[174.6266,-36.786],[174.6253,-36.7916],[174.622,-36.7919],[174.622,-36.7894],[174.6215,-36.7914],[174.6254,-36.793]],[[174.6219,-36.7916],[174.6219,-36.7914],[174.622,-36.7914],[174.6219,-36.7916]]]}},{"type":"Feature","properties":{},"geometry":{"type":"Polygon","coordinates":[[[174.5058,-36.6464],[174.5107,-36.6419],[174.509,-36.6412],[174.5058,-36.6464]]]}},{"type":"Feature","properties":{},"geometry":{"type":"Polygon","coordinates":[[[174.4094,-36.2997],[174.4078,-36.2952],[174.4068,-36.2959],[174.4094,-36.2997]]]}},{"type":"Feature","properties":{},"geometry":{"type":"Polygon","coordinates":[[[174.2185,-36.4624],[174.2225,-36.4579],[174.2185,-36.4557],[174.2185,-36.4624]],[[174.2184,-36.4574],[174.2182,-36.4574],[174.2182,-36.4572],[174.2184,-36.4572],[174.2184,-36.4574]],[[174.2182,-36.4615],[174.218,-36.4611],[174.2184,-36.4609],[174.2182,-36.4615]],[[174.2182,-36.462],[174.218,-36.462],[174.2184,-36.4616],[174.2182,-36.462]]]}},{"type":"Feature","properties":{},"geometry":{"type":"Polygon","coordinates":[[[174.9323,-37.0484],[174.931,-37.0469],[174.9456,-37.0449],[174.9458,-37.0397],[174.9499,-37.039],[174.9485,-37.035],[174.9405,-37.0361],[174.9321,-37.0425],[174.9228,-37.0425],[174.9304,-37.0443],[174.9323,-37.0484]],[[174.947,-37.0386],[174.9465,-37.0378],[174.9472,-37.0376],[174.947,-37.0386]],[[174.9448,-37.0399],[174.9434,-37.0378],[174.9448,-37.0376],[174.9448,-37.0399]],[[174.9426,-37.0408],[174.9422,-37.0408],[174.9422,-37.0406],[174.9426,-37.0406],[174.9426,-37.0408]],[[174.9402,-37.0424],[174.9395,-37.0424],[174.9397,-37.0419],[174.9402,-37.0424]],[[174.939,-37.0432],[174.9388,-37.0431],[174.939,-37.0431],[174.939,-37.0432]],[[174.9391,-37.044],[174.939,-37.044],[174.939,-37.0435],[174.9391,-37.044]],[[174.935,-37.0466],[174.9318,-37.0444],[174.9414,-37.0405],[174.935,-37.0466]],[[174.9362,-37.0472],[174.9357,-37.0469],[174.9362,-37.0465],[174.9362,-37.0472]],[[174.9403,-37.0442],[174.9397,-37.0434],[174.9403,-37.0432],[174.9403,-37.0442]],[[174.9472,-37.0348],[174.947,-37.0344],[174.9473,-37.0345],[174.9472,-37.0348]],[[174.9449,-37.0353],[174.9448,-37.0352],[174.9449,-37.0352],[174.9449,-37.0353]],[[174.942,-37.0368],[174.9419,-37.0368],[174.9419,-37.0367],[174.942,-37.0367],[174.942,-37.0368]],[[174.9455,-37.0364],[174.9449,-37.0356],[174.9455,-37.0353],[174.9455,-37.0364]],[[174.9436,-37.0371],[174.9424,-37.0356],[174.9436,-37.0355],[174.9436,-37.0371]],[[174.9439,-37.0374],[174.9434,-37.0374],[174.9438,-37.0371],[174.9439,-37.0374]],[[174.946,-37.0367],[174.9461,-37.0365],[174.9463,-37.0365],[174.946,-37.0367]],[[174.9458,-37.0368],[174.9456,-37.0368],[174.9456,-37.0365],[174.9458,-37.0368]],[[174.9449,-37.0369],[174.9448,-37.0369],[174.9448,-37.0368],[174.9449,-37.0368],[174.9449,-37.0369]],[[174.9473,-37.0372],[174.9465,-37.0359],[174.948,-37.0364],[174.9473,-37.0372]],[[174.9446,-37.0374],[174.9439,-37.0368],[174.9443,-37.0367],[174.9446,-37.0374]],[[174.9432,-37.0375],[174.9431,-37.0375],[174.9431,-37.0374],[174.9432,-37.0374],[174.9432,-37.0375]],[[174.9412,-37.0376],[174.9405,-37.0376],[174.9409,-37.0374],[174.9412,-37.0376]],[[174.9412,-37.0379],[174.941,-37.0379],[174.941,-37.0378],[174.9412,-37.0379]],[[174.9439,-37.0383],[174.9438,-37.0382],[174.9436,-37.0383],[174.9438,-37.0382],[174.9439,-37.0383]],[[174.941,-37.0386],[174.9409,-37.0378],[174.9415,-37.0382],[174.941,-37.0386]],[[174.9409,-37.0393],[174.9407,-37.0393],[174.9407,-37.0391],[174.9409,-37.0393]],[[174.9335,-37.0425],[174.9332,-37.0425],[174.9332,-37.0424],[174.9335,-37.0424],[174.9335,-37.0425]],[[174.9246,-37.0434],[174.9241,-37.0434],[174.9241,-37.0432],[174.9246,-37.0432],[174.9246,-37.0434]],[[174.9262,-37.0436],[174.9255,-37.0428],[174.926,-37.0424],[174.9262,-37.0436]],[[174.9253,-37.044],[174.925,-37.044],[174.9255,-37.0432],[174.9253,-37.044]],[[174.9248,-37.0442],[174.9246,-37.0442],[174.9246,-37.044],[174.9248,-37.044],[174.9248,-37.0442]],[[174.9251,-37.0443],[174.925,-37.0443],[174.925,-37.0442],[174.9251,-37.0442],[174.9251,-37.0443]],[[174.9298,-37.0443],[174.9294,-37.0438],[174.9299,-37.0435],[174.9298,-37.0443]],[[174.9279,-37.0451],[174.9274,-37.0438],[174.9298,-37.0431],[174.9279,-37.0451]],[[174.9327,-37.0434],[174.9325,-37.0434],[174.9325,-37.0431],[174.9327,-37.0431],[174.9327,-37.0434]],[[174.9325,-37.0439],[174.9327,-37.0436],[174.9328,-37.0438],[174.9325,-37.0439]],[[174.9315,-37.0461],[174.9303,-37.0434],[174.9318,-37.0428],[174.9315,-37.0461]],[[174.9318,-37.0468],[174.9315,-37.0462],[174.932,-37.0461],[174.9318,-37.0468]]]}},{"type":"Feature","properties":{},"geometry":{"type":"Polygon","coordinates":[[[174.5399,-36.2097],[174.5433,-36.2086],[174.5408,-36.2078],[174.5399,-36.2097]]]}},{"type":"Feature","properties":{},"geometry":{"type":"Polygon","coordinates":[[[174.6751,-36.2659],[174.6775,-36.2644],[174.6773,-36.2627],[174.6751,-36.2659]]]}},{"type":"Feature","properties":{},"geometry":{"type":"Polygon","coordinates":[[[174.6524,-36.2718],[174.6538,-36.2707],[174.6495,-36.2707],[174.6524,-36.2718]]]}},{"type":"Feature","properties":{},"geometry":{"type":"Polygon","coordinates":[[[174.5391,-36.2847],[174.5404,-36.2834],[174.5367,-36.2831],[174.5391,-36.2847]]]}},{"type":"Feature","properties":{},"geometry":{"type":"Polygon","coordinates":[[[174.6911,-36.2907],[174.6929,-36.2896],[174.6891,-36.2882],[174.6911,-36.2907]],[[174.6918,-36.2889],[174.6915,-36.2887],[174.6918,-36.2886],[174.6918,-36.2889]],[[174.6917,-36.2893],[174.6913,-36.2891],[174.6913,-36.289],[174.6917,-36.2891],[174.6917,-36.2893]]]}},{"type":"Feature","properties":{},"geometry":{"type":"Polygon","coordinates":[[[174.6795,-36.2949],[174.6804,-36.2933],[174.6773,-36.2922],[174.6795,-36.2949]]]}},{"type":"Feature","properties":{},"geometry":{"type":"Polygon","coordinates":[[[174.6294,-36.3102],[174.6295,-36.3079],[174.6268,-36.3047],[174.6294,-36.3102]]]}},{"type":"Feature","properties":{},"geometry":{"type":"Polygon","coordinates":[[[174.6621,-36.3178],[174.6635,-36.3153],[174.6577,-36.3167],[174.6621,-36.3178]]]}},{"type":"Feature","properties":{},"geometry":{"type":"Polygon","coordinates":[[[174.6427,-36.3198],[174.6381,-36.3162],[174.6376,-36.3172],[174.6427,-36.3198]]]}},{"type":"Feature","properties":{},"geometry":{"type":"Polygon","coordinates":[[[174.5761,-36.3299],[174.5783,-36.3292],[174.5753,-36.3268],[174.5761,-36.3299]]]}},{"type":"Feature","properties":{},"geometry":{"type":"Polygon","coordinates":[[[174.6306,-36.3303],[174.6324,-36.3294],[174.6219,-36.3249],[174.6306,-36.3303]]]}},{"type":"Feature","properties":{},"geometry":{"type":"Polygon","coordinates":[[[174.5664,-36.3312],[174.571,-36.3308],[174.5657,-36.3274],[174.5664,-36.3312]],[[174.5666,-36.329],[174.5662,-36.329],[174.5662,-36.3288],[174.5666,-36.3288],[174.5666,-36.329]]]}},{"type":"Feature","properties":{},"geometry":{"type":"Polygon","coordinates":[[[174.5824,-36.334],[174.5799,-36.3321],[174.5765,-36.3312],[174.5824,-36.334]]]}},{"type":"Feature","properties":{},"geometry":{"type":"Polygon","coordinates":[[[174.6527,-36.3367],[174.6522,-36.3326],[174.6514,-36.3347],[174.6527,-36.3367]]]}},{"type":"Feature","properties":{},"geometry":{"type":"Polygon","coordinates":[[[174.5012,-36.3799],[174.507,-36.3792],[174.5049,-36.3787],[174.5012,-36.3799]]]}},{"type":"Feature","properties":{},"geometry":{"type":"Polygon","coordinates":[[[174.5898,-36.385],[174.5918,-36.3844],[174.5867,-36.3847],[174.5816,-36.3798],[174.5898,-36.385]]]}},{"type":"Feature","properties":{},"geometry":{"type":"Polygon","coordinates":[[[174.48,-36.4068],[174.4831,-36.4054],[174.4845,-36.4034],[174.48,-36.4068]]]}},{"type":"Feature","properties":{},"geometry":{"type":"Polygon","coordinates":[[[174.5249,-36.4193],[174.5273,-36.4166],[174.528,-36.4111],[174.5249,-36.4193]]]}},{"type":"Feature","properties":{},"geometry":{"type":"Polygon","coordinates":[[[174.5106,-36.4276],[174.5147,-36.4269],[174.5083,-36.4265],[174.5106,-36.4276]]]}},{"type":"Feature","properties":{},"geometry":{"type":"Polygon","coordinates":[[[174.4979,-36.4379],[174.5014,-36.4354],[174.4993,-36.4355],[174.4979,-36.4379]]]}},{"type":"Feature","properties":{},"geometry":{"type":"Polygon","coordinates":[[[174.5464,-36.4468],[174.5486,-36.4438],[174.5457,-36.4445],[174.5464,-36.4468]]]}},{"type":"Feature","properties":{},"geometry":{"type":"Polygon","coordinates":[[[174.5942,-36.4582],[174.594,-36.4549],[174.5927,-36.4542],[174.5942,-36.4582]]]}},{"type":"Feature","properties":{},"geometry":{"type":"Polygon","coordinates":[[[174.5952,-36.4615],[174.5961,-36.4594],[174.594,-36.4582],[174.5952,-36.4615]]]}},{"type":"Feature","properties":{},"geometry":{"type":"Polygon","coordinates":[[[174.5676,-36.4634],[174.5727,-36.4626],[174.5626,-36.4615],[174.5681,-36.4512],[174.5609,-36.4392],[174.5718,-36.4506],[174.5689,-36.4469],[174.5759,-36.4514],[174.573,-36.4484],[174.5822,-36.444],[174.5758,-36.4482],[174.5666,-36.4438],[174.5613,-36.4326],[174.5544,-36.4278],[174.5526,-36.4138],[174.5553,-36.4168],[174.5589,-36.4138],[174.5587,-36.4222],[174.5611,-36.4188],[174.5626,-36.4208],[174.5596,-36.4255],[174.5631,-36.4166],[174.5648,-36.4178],[174.5611,-36.4273],[174.5753,-36.4362],[174.5853,-36.4298],[174.578,-36.4336],[174.5657,-36.43],[174.563,-36.4267],[174.5647,-36.4207],[174.5691,-36.4252],[174.5655,-36.4201],[174.5695,-36.4211],[174.5631,-36.4157],[174.5628,-36.4094],[174.5561,-36.4045],[174.557,-36.3999],[174.5638,-36.4006],[174.5647,-36.4063],[174.5686,-36.4038],[174.5683,-36.41],[174.5691,-36.406],[174.5706,-36.4146],[174.5739,-36.414],[174.5737,-36.4204],[174.5783,-36.4244],[174.5763,-36.4107],[174.5712,-36.402],[174.5754,-36.4023],[174.5843,-36.4111],[174.5863,-36.4195],[174.5911,-36.4131],[174.5858,-36.4101],[174.5915,-36.4068],[174.5993,-36.4098],[174.5927,-36.4182],[174.6053,-36.4086],[174.5986,-36.4232],[174.5887,-36.4236],[174.5981,-36.4245],[174.5933,-36.428],[174.5997,-36.4266],[174.5995,-36.4287],[174.5918,-36.4359],[174.5881,-36.4351],[174.5889,-36.4326],[174.5845,-36.4366],[174.591,-36.4373],[174.5904,-36.4416],[174.5928,-36.4369],[174.5962,-36.438],[174.5928,-36.4506],[174.595,-36.4424],[174.6002,-36.442],[174.5966,-36.4365],[174.5976,-36.4326],[174.5986,-36.4346],[174.6014,-36.4296],[174.6024,-36.4373],[174.6031,-36.431],[174.6094,-36.4328],[174.6048,-36.4292],[174.6089,-36.4293],[174.6067,-36.4263],[174.6102,-36.4282],[174.6077,-36.4173],[174.6149,-36.421],[174.6155,-36.427],[174.6196,-36.4307],[174.6162,-36.4237],[174.6183,-36.4233],[174.6092,-36.4145],[174.6186,-36.4181],[174.6114,-36.4116],[174.6157,-36.4097],[174.6188,-36.4122],[174.6205,-36.41],[174.6169,-36.4085],[174.6229,-36.4064],[174.6208,-36.4037],[174.6244,-36.4019],[174.6121,-36.3968],[174.6242,-36.3866],[174.6195,-36.3766],[174.6234,-36.3873],[174.6201,-36.3897],[174.6169,-36.3872],[174.6193,-36.3907],[174.6116,-36.3946],[174.6138,-36.3852],[174.6089,-36.3817],[174.6128,-36.3865],[174.6096,-36.3872],[174.6094,-36.3997],[174.6046,-36.3956],[174.605,-36.3888],[174.6022,-36.395],[174.6048,-36.3998],[174.5903,-36.4038],[174.5788,-36.4008],[174.5884,-36.4015],[174.5935,-36.3935],[174.5904,-36.3979],[174.5799,-36.3989],[174.58,-36.3917],[174.5761,-36.4009],[174.5689,-36.3973],[174.5677,-36.4009],[174.5541,-36.3989],[174.5529,-36.3972],[174.5607,-36.3958],[174.559,-36.3916],[174.5654,-36.3903],[174.5597,-36.3888],[174.5479,-36.4026],[174.5445,-36.4008],[174.5462,-36.3965],[174.534,-36.3975],[174.5396,-36.3946],[174.5312,-36.3932],[174.5288,-36.3879],[174.5205,-36.3857],[174.523,-36.3809],[174.5322,-36.3843],[174.5435,-36.3809],[174.5314,-36.3832],[174.521,-36.3788],[174.5184,-36.3846],[174.508,-36.3848],[174.5142,-36.3796],[174.5135,-36.373],[174.5281,-36.3745],[174.5316,-36.3723],[174.5299,-36.3678],[174.537,-36.366],[174.5353,-36.3627],[174.55,-36.3602],[174.5587,-36.3708],[174.5674,-36.3705],[174.5712,-36.3752],[174.5775,-36.3743],[174.5833,-36.3785],[174.5811,-36.3734],[174.5718,-36.3756],[174.5696,-36.3716],[174.5735,-36.3705],[174.5546,-36.3674],[174.5546,-36.3609],[174.551,-36.3591],[174.5394,-36.3617],[174.5322,-36.3587],[174.531,-36.3569],[174.5385,-36.3554],[174.535,-36.3509],[174.5437,-36.3531],[174.5476,-36.3469],[174.5461,-36.3435],[174.5539,-36.3407],[174.5471,-36.3341],[174.5573,-36.3384],[174.5609,-36.3437],[174.5654,-36.3435],[174.5659,-36.3469],[174.571,-36.3453],[174.5722,-36.3513],[174.5846,-36.3535],[174.5881,-36.3597],[174.5922,-36.36],[174.6005,-36.3678],[174.5937,-36.363],[174.5956,-36.3606],[174.5794,-36.3509],[174.5865,-36.3473],[174.6022,-36.3572],[174.5954,-36.3497],[174.585,-36.3466],[174.5732,-36.3502],[174.5735,-36.3447],[174.5602,-36.3421],[174.5626,-36.3387],[174.5536,-36.3354],[174.5553,-36.3314],[174.5672,-36.3344],[174.559,-36.3321],[174.5585,-36.3282],[174.5638,-36.3255],[174.5577,-36.3233],[174.5592,-36.3176],[174.571,-36.319],[174.5747,-36.326],[174.5732,-36.3226],[174.5768,-36.3226],[174.5587,-36.3143],[174.5619,-36.3041],[174.5664,-36.3021],[174.5669,-36.3112],[174.5676,-36.3039],[174.5724,-36.3073],[174.57,-36.304],[174.579,-36.2982],[174.5708,-36.2962],[174.5875,-36.293],[174.5852,-36.2986],[174.5968,-36.3135],[174.5898,-36.3149],[174.593,-36.32],[174.5968,-36.3186],[174.6005,-36.3231],[174.6005,-36.331],[174.6032,-36.3334],[174.6,-36.3406],[174.6039,-36.3402],[174.6039,-36.3525],[174.608,-36.3506],[174.6067,-36.3444],[174.6126,-36.3443],[174.6191,-36.3495],[174.6217,-36.3483],[174.6195,-36.3535],[174.6282,-36.3514],[174.6285,-36.3574],[174.6321,-36.3597],[174.6288,-36.3549],[174.634,-36.3483],[174.6418,-36.3535],[174.6434,-36.348],[174.6447,-36.3497],[174.6478,-36.345],[174.6673,-36.3344],[174.6384,-36.3487],[174.6432,-36.3403],[174.6306,-36.3512],[174.6227,-36.3503],[174.6236,-36.3421],[174.6195,-36.3469],[174.6116,-36.3439],[174.6131,-36.3422],[174.6034,-36.3436],[174.6031,-36.3398],[174.6009,-36.3407],[174.6036,-36.3327],[174.6017,-36.3241],[174.5904,-36.314],[174.5959,-36.3156],[174.598,-36.3101],[174.6014,-36.3171],[174.6186,-36.3238],[174.637,-36.3156],[174.6195,-36.3231],[174.6024,-36.3169],[174.6017,-36.3098],[174.5911,-36.3077],[174.5935,-36.3011],[174.586,-36.2952],[174.5922,-36.2946],[174.5872,-36.2911],[174.5771,-36.2934],[174.573,-36.289],[174.5804,-36.2865],[174.5787,-36.2838],[174.5862,-36.2777],[174.5887,-36.2795],[174.5872,-36.2853],[174.5887,-36.2817],[174.5928,-36.2813],[174.5993,-36.2913],[174.5935,-36.2806],[174.6038,-36.2819],[174.6065,-36.2853],[174.6104,-36.2834],[174.6149,-36.2905],[174.6145,-36.2988],[174.62,-36.3028],[174.6166,-36.2959],[174.6224,-36.2931],[174.6265,-36.2971],[174.6268,-36.2908],[174.6314,-36.2941],[174.6294,-36.2901],[174.6336,-36.2913],[174.6294,-36.2897],[174.6355,-36.2861],[174.6362,-36.2803],[174.6446,-36.2836],[174.6423,-36.2863],[174.6475,-36.2854],[174.6463,-36.29],[174.651,-36.2875],[174.6473,-36.2922],[174.6514,-36.2916],[174.6521,-36.3021],[174.6635,-36.3],[174.655,-36.2988],[174.6531,-36.289],[174.6597,-36.2919],[174.6676,-36.2869],[174.6707,-36.29],[174.6681,-36.2933],[174.6722,-36.2924],[174.6736,-36.2962],[174.6742,-36.294],[174.6789,-36.2978],[174.6763,-36.3011],[174.683,-36.3018],[174.6809,-36.2988],[174.6934,-36.3019],[174.6809,-36.2978],[174.6739,-36.2912],[174.6724,-36.2872],[174.6744,-36.2871],[174.6695,-36.283],[174.6725,-36.2779],[174.6812,-36.2788],[174.686,-36.2872],[174.6826,-36.2794],[174.6864,-36.278],[174.6739,-36.2758],[174.6782,-36.2696],[174.6739,-36.273],[174.6737,-36.267],[174.67,-36.2709],[174.6729,-36.2733],[174.6666,-36.2743],[174.6715,-36.2759],[174.6652,-36.2783],[174.6657,-36.2809],[174.6625,-36.2781],[174.6579,-36.2872],[174.6439,-36.279],[174.6439,-36.2726],[174.6475,-36.2714],[174.6432,-36.2673],[174.641,-36.2768],[174.6307,-36.2784],[174.629,-36.2796],[174.6329,-36.2809],[174.6306,-36.2846],[174.6179,-36.2924],[174.6142,-36.2819],[174.6207,-36.2808],[174.6164,-36.2805],[174.6179,-36.2763],[174.6154,-36.2803],[174.6126,-36.2787],[174.6068,-36.2827],[174.6,-36.278],[174.6046,-36.278],[174.6017,-36.2758],[174.6116,-36.2715],[174.5968,-36.2784],[174.5916,-36.2788],[174.5901,-36.2751],[174.5853,-36.2754],[174.5848,-36.2781],[174.5802,-36.2762],[174.5794,-36.2729],[174.5822,-36.2758],[174.5838,-36.2721],[174.5901,-36.2717],[174.5884,-36.2677],[174.5916,-36.2656],[174.5881,-36.2634],[174.5956,-36.2587],[174.6002,-36.2673],[174.5993,-36.2602],[174.6031,-36.2587],[174.6087,-36.2673],[174.6048,-36.2619],[174.6065,-36.2582],[174.6131,-36.2587],[174.6109,-36.2648],[174.6147,-36.2607],[174.6176,-36.2662],[174.6219,-36.2656],[174.6227,-36.2627],[174.6155,-36.2601],[174.6162,-36.2568],[174.6087,-36.2563],[174.6137,-36.2499],[174.6227,-36.2487],[174.6236,-36.2574],[174.6244,-36.2488],[174.6329,-36.2503],[174.6365,-36.2553],[174.6382,-36.2535],[174.6358,-36.2498],[174.6275,-36.2481],[174.6335,-36.2458],[174.6312,-36.2425],[174.627,-36.2469],[174.6205,-36.2457],[174.6065,-36.2503],[174.6072,-36.2426],[174.6203,-36.2425],[174.614,-36.2428],[174.6092,-36.239],[174.6145,-36.2341],[174.613,-36.2327],[174.6183,-36.2344],[174.6157,-36.2309],[174.6213,-36.2315],[174.6167,-36.2276],[174.6198,-36.2247],[174.6254,-36.2273],[174.6236,-36.228],[174.63,-36.2279],[174.6312,-36.2338],[174.6348,-36.2245],[174.6193,-36.2216],[174.621,-36.218],[174.6253,-36.2181],[174.6205,-36.2176],[174.6193,-36.2137],[174.6225,-36.209],[174.6266,-36.2099],[174.6229,-36.2077],[174.6271,-36.2037],[174.6237,-36.2019],[174.6285,-36.1965],[174.6229,-36.1998],[174.6195,-36.1975],[174.622,-36.2012],[174.6198,-36.2067],[174.6128,-36.1991],[174.6125,-36.2015],[174.6152,-36.2084],[174.6183,-36.2075],[174.6174,-36.214],[174.6089,-36.2158],[174.6176,-36.2163],[174.6143,-36.2188],[174.6169,-36.2188],[174.6155,-36.2247],[174.6137,-36.2286],[174.6092,-36.2284],[174.6113,-36.2318],[174.607,-36.2364],[174.6044,-36.2358],[174.6044,-36.244],[174.5986,-36.2454],[174.6017,-36.2476],[174.605,-36.2457],[174.6044,-36.2517],[174.6017,-36.2523],[174.6039,-36.2549],[174.5976,-36.2565],[174.594,-36.2543],[174.587,-36.2612],[174.5855,-36.2596],[174.5863,-36.2568],[174.5817,-36.253],[174.5867,-36.2503],[174.58,-36.251],[174.577,-36.243],[174.5838,-36.2451],[174.5799,-36.2403],[174.5807,-36.2359],[174.5881,-36.2418],[174.5845,-36.2334],[174.5887,-36.2337],[174.5891,-36.2381],[174.5894,-36.2342],[174.5973,-36.2366],[174.5949,-36.2334],[174.5981,-36.2333],[174.5899,-36.2331],[174.585,-36.2279],[174.5956,-36.2282],[174.6058,-36.224],[174.5945,-36.2276],[174.5886,-36.2261],[174.5872,-36.2123],[174.5985,-36.2198],[174.5956,-36.2166],[174.6015,-36.2151],[174.5959,-36.2162],[174.591,-36.2128],[174.6065,-36.2071],[174.5998,-36.2077],[174.5988,-36.2035],[174.6022,-36.2015],[174.6,-36.2015],[174.5971,-36.2085],[174.5872,-36.2086],[174.5911,-36.206],[174.5826,-36.1998],[174.5822,-36.1936],[174.5874,-36.1958],[174.5882,-36.1932],[174.5961,-36.1933],[174.5816,-36.1929],[174.579,-36.1822],[174.5853,-36.1827],[174.5816,-36.1811],[174.5816,-36.1728],[174.5732,-36.1749],[174.5684,-36.171],[174.5631,-36.1738],[174.5713,-36.174],[174.5676,-36.1783],[174.5729,-36.1753],[174.5814,-36.1763],[174.5765,-36.1844],[174.5788,-36.1931],[174.5688,-36.1937],[174.5625,-36.1852],[174.5577,-36.1848],[174.5686,-36.194],[174.5647,-36.1953],[174.5811,-36.1946],[174.5814,-36.1986],[174.5753,-36.1998],[174.5814,-36.2008],[174.5785,-36.2055],[174.5816,-36.2027],[174.585,-36.2048],[174.5821,-36.2132],[174.5852,-36.2152],[174.58,-36.2185],[174.571,-36.2134],[174.573,-36.214],[174.5706,-36.2172],[174.5659,-36.2172],[174.5633,-36.2114],[174.5693,-36.2085],[174.5611,-36.2077],[174.5618,-36.2034],[174.5532,-36.1965],[174.5517,-36.2004],[174.5478,-36.1998],[174.5449,-36.1962],[174.5461,-36.1881],[174.543,-36.1903],[174.5389,-36.1885],[174.5445,-36.1911],[174.5427,-36.1968],[174.5363,-36.196],[174.5447,-36.1975],[174.5454,-36.2004],[174.5299,-36.2034],[174.5428,-36.2049],[174.5479,-36.2005],[174.5481,-36.2053],[174.5544,-36.2004],[174.5584,-36.2019],[174.5527,-36.2032],[174.559,-36.2024],[174.5597,-36.2064],[174.5531,-36.2108],[174.559,-36.2084],[174.563,-36.2105],[174.563,-36.215],[174.5556,-36.2167],[174.5435,-36.2148],[174.5514,-36.2185],[174.5616,-36.2163],[174.5582,-36.2214],[174.5479,-36.2253],[174.5351,-36.2223],[174.5389,-36.2242],[174.5529,-36.2257],[174.5597,-36.222],[174.5614,-36.2261],[174.5602,-36.222],[174.5642,-36.2181],[174.5677,-36.2203],[174.5669,-36.2272],[174.5695,-36.2188],[174.5708,-36.2231],[174.5735,-36.2174],[174.5759,-36.2181],[174.5735,-36.2212],[174.5834,-36.2206],[174.58,-36.2231],[174.584,-36.2249],[174.5794,-36.2304],[174.5812,-36.2333],[174.5771,-36.2334],[174.5783,-36.2395],[174.5725,-36.2352],[174.563,-36.2395],[174.5616,-36.2345],[174.559,-36.2377],[174.5529,-36.2358],[174.5544,-36.2395],[174.5621,-36.2399],[174.5561,-36.2454],[174.5567,-36.2513],[174.5577,-36.2452],[174.5708,-36.2355],[174.5735,-36.239],[174.5701,-36.2408],[174.5744,-36.2417],[174.5679,-36.2446],[174.5741,-36.2437],[174.5712,-36.2495],[174.5761,-36.2462],[174.5739,-36.2517],[174.5759,-36.2512],[174.5717,-36.2553],[174.5636,-36.2523],[174.5631,-36.2598],[174.5572,-36.256],[174.5585,-36.2576],[174.5551,-36.2591],[174.5613,-36.2596],[174.5631,-36.2627],[174.5578,-36.2658],[174.5515,-36.2616],[174.5512,-36.2653],[174.556,-36.267],[174.5537,-36.2703],[174.5413,-36.2739],[174.5625,-36.2673],[174.5681,-36.2591],[174.5696,-36.2605],[174.5698,-36.2563],[174.5778,-36.2535],[174.5804,-36.2579],[174.5843,-36.2565],[174.5862,-36.2699],[174.5782,-36.271],[174.573,-36.2645],[174.5732,-36.2681],[174.5672,-36.2678],[174.5695,-36.271],[174.563,-36.273],[174.5715,-36.2746],[174.5725,-36.2806],[174.5695,-36.2783],[174.5725,-36.2831],[174.5561,-36.2813],[174.5531,-36.2784],[174.5534,-36.2827],[174.5498,-36.2846],[174.5411,-36.281],[174.5486,-36.2852],[174.5428,-36.2909],[174.5582,-36.2827],[174.5601,-36.2894],[174.5572,-36.2922],[174.5613,-36.2911],[174.5686,-36.2996],[174.5623,-36.3001],[174.5584,-36.2963],[174.5531,-36.2984],[174.5502,-36.2931],[174.5462,-36.2979],[174.5442,-36.2952],[174.5411,-36.2968],[174.5505,-36.3007],[174.5483,-36.3018],[174.5522,-36.3033],[174.5508,-36.3085],[174.5447,-36.3043],[174.537,-36.3052],[174.5387,-36.3041],[174.5276,-36.296],[174.5322,-36.3025],[174.5304,-36.3036],[174.5345,-36.304],[174.536,-36.308],[174.5319,-36.3084],[174.5398,-36.3099],[174.5418,-36.3164],[174.5439,-36.3109],[174.5486,-36.3109],[174.5502,-36.3187],[174.5418,-36.3238],[174.5461,-36.3231],[174.543,-36.326],[174.5515,-36.3303],[174.552,-36.3323],[174.5452,-36.3337],[174.551,-36.3388],[174.5447,-36.34],[174.5435,-36.3503],[174.5316,-36.3454],[174.5368,-36.3545],[174.5331,-36.3568],[174.5295,-36.3514],[174.5288,-36.341],[174.5302,-36.3371],[174.5355,-36.3402],[174.5317,-36.3382],[174.5328,-36.3325],[174.5379,-36.3352],[174.5398,-36.3332],[174.5357,-36.3322],[174.535,-36.3286],[174.5321,-36.3301],[174.531,-36.326],[174.534,-36.3227],[174.5312,-36.3198],[174.5375,-36.3195],[174.5309,-36.3204],[174.5275,-36.3156],[174.5302,-36.3138],[174.5235,-36.3083],[174.5246,-36.3061],[174.5222,-36.308],[174.5153,-36.3055],[174.5174,-36.3013],[174.5133,-36.3014],[174.5138,-36.3057],[174.5039,-36.3051],[174.5014,-36.3142],[174.5024,-36.3085],[174.516,-36.307],[174.5106,-36.3162],[174.5194,-36.308],[174.5259,-36.3128],[174.5165,-36.318],[174.5172,-36.3206],[174.5256,-36.3143],[174.5242,-36.3194],[174.5295,-36.3205],[174.5266,-36.3286],[174.5213,-36.326],[174.5218,-36.3281],[174.5082,-36.3271],[174.5066,-36.3238],[174.5065,-36.3277],[174.5019,-36.325],[174.4945,-36.3338],[174.4983,-36.3289],[174.5024,-36.3283],[174.5005,-36.3338],[174.5087,-36.3282],[174.5056,-36.3418],[174.5116,-36.3293],[174.5213,-36.3294],[174.5097,-36.3429],[174.5148,-36.3414],[174.5107,-36.3458],[174.5128,-36.3461],[174.5196,-36.3326],[174.5237,-36.3312],[174.5234,-36.336],[174.5247,-36.3321],[174.5285,-36.3322],[174.5222,-36.3435],[174.5237,-36.3448],[174.5271,-36.3351],[174.53,-36.3556],[174.5266,-36.3567],[174.5322,-36.3624],[174.5271,-36.363],[174.5302,-36.3659],[174.5268,-36.3688],[174.5287,-36.3728],[174.5126,-36.3705],[174.5121,-36.3754],[174.5048,-36.373],[174.4944,-36.363],[174.4911,-36.3554],[174.487,-36.3569],[174.4913,-36.3564],[174.4925,-36.36],[174.4776,-36.3595],[174.4928,-36.3617],[174.4816,-36.3725],[174.4862,-36.3681],[174.4892,-36.3733],[174.487,-36.3674],[174.4932,-36.363],[174.4983,-36.3694],[174.5123,-36.3766],[174.5017,-36.3841],[174.52,-36.3877],[174.5194,-36.3954],[174.5167,-36.3957],[174.5138,-36.3884],[174.4937,-36.391],[174.5046,-36.3905],[174.5085,-36.3957],[174.4908,-36.4072],[174.4923,-36.414],[174.486,-36.4135],[174.4889,-36.4082],[174.4826,-36.4096],[174.4763,-36.4208],[174.4727,-36.4186],[174.474,-36.4065],[174.4781,-36.4072],[174.4759,-36.3998],[174.4746,-36.4061],[174.4614,-36.3967],[174.4551,-36.3979],[174.456,-36.396],[174.453,-36.399],[174.4641,-36.3994],[174.4727,-36.4056],[174.4734,-36.4163],[174.4679,-36.4138],[174.4655,-36.4171],[174.4718,-36.4256],[174.4563,-36.4359],[174.4524,-36.4343],[174.4438,-36.4379],[174.4478,-36.4284],[174.4442,-36.4217],[174.4517,-36.4232],[174.4469,-36.4142],[174.4553,-36.4125],[174.4527,-36.4082],[174.4421,-36.4103],[174.4431,-36.4024],[174.4399,-36.4075],[174.4416,-36.4141],[174.4346,-36.4101],[174.4314,-36.4123],[174.4338,-36.4226],[174.4292,-36.4271],[174.4297,-36.4317],[174.4402,-36.431],[174.4362,-36.4355],[174.4411,-36.4343],[174.4418,-36.4384],[174.4457,-36.4401],[174.4575,-36.4369],[174.467,-36.4295],[174.4746,-36.4407],[174.4909,-36.4443],[174.4889,-36.4528],[174.4925,-36.4466],[174.5068,-36.4477],[174.5152,-36.4442],[174.521,-36.4462],[174.515,-36.444],[174.4993,-36.4476],[174.4909,-36.4464],[174.4899,-36.4429],[174.4937,-36.4416],[174.4769,-36.4402],[174.4696,-36.4311],[174.4809,-36.427],[174.4706,-36.4282],[174.4735,-36.423],[174.4667,-36.4164],[174.4699,-36.4145],[174.4764,-36.4217],[174.4766,-36.4178],[174.4824,-36.4155],[174.4867,-36.4087],[174.485,-36.4126],[174.4894,-36.4221],[174.5049,-36.426],[174.4891,-36.4204],[174.4872,-36.4164],[174.4952,-36.4138],[174.4925,-36.4081],[174.4954,-36.4052],[174.5068,-36.4171],[174.502,-36.4085],[174.5068,-36.4086],[174.5002,-36.4086],[174.4966,-36.4037],[174.5025,-36.4016],[174.5072,-36.4054],[174.5109,-36.4037],[174.5116,-36.3987],[174.5043,-36.399],[174.5097,-36.3953],[174.5077,-36.389],[174.5143,-36.3899],[174.5165,-36.4005],[174.523,-36.3978],[174.5201,-36.3913],[174.5241,-36.3876],[174.5278,-36.3901],[174.528,-36.396],[174.5316,-36.3957],[174.5237,-36.401],[174.5254,-36.4037],[174.5218,-36.4087],[174.5256,-36.4094],[174.5263,-36.4031],[174.5322,-36.3975],[174.5336,-36.4048],[174.5314,-36.406],[174.5324,-36.4079],[174.535,-36.4048],[174.5367,-36.4079],[174.5307,-36.4184],[174.5357,-36.4171],[174.5391,-36.4027],[174.5432,-36.3986],[174.545,-36.4094],[174.5423,-36.4126],[174.5469,-36.4061],[174.5483,-36.4122],[174.5398,-36.4233],[174.5409,-36.4276],[174.5447,-36.4195],[174.5473,-36.4233],[174.5387,-36.4351],[174.5505,-36.4223],[174.5481,-36.4291],[174.5495,-36.4276],[174.5503,-36.432],[174.5459,-36.4357],[174.5491,-36.4365],[174.5461,-36.4376],[174.549,-36.4423],[174.551,-36.4321],[174.5544,-36.438],[174.5561,-36.4462],[174.5522,-36.451],[174.5568,-36.4527],[174.558,-36.4435],[174.5631,-36.4447],[174.5654,-36.4504],[174.5621,-36.4615],[174.5676,-36.4634]],[[174.5676,-36.4509],[174.5674,-36.4508],[174.5676,-36.4508],[174.5676,-36.4509]],[[174.5722,-36.4505],[174.572,-36.4504],[174.5722,-36.4504],[174.5722,-36.4505]],[[174.5807,-36.446],[174.5805,-36.446],[174.5805,-36.4458],[174.5807,-36.4458],[174.5807,-36.446]],[[174.5638,-36.4383],[174.5636,-36.4381],[174.564,-36.4381],[174.5638,-36.4383]],[[174.5587,-36.4129],[174.5549,-36.4111],[174.5556,-36.4098],[174.5587,-36.4129]],[[174.5582,-36.4134],[174.558,-36.4134],[174.558,-36.4133],[174.5582,-36.4133],[174.5582,-36.4134]],[[174.5621,-36.4164],[174.5613,-36.4152],[174.5621,-36.4151],[174.5621,-36.4164]],[[174.5628,-36.417],[174.5625,-36.4168],[174.5626,-36.4166],[174.5628,-36.417]],[[174.5613,-36.4179],[174.5609,-36.4167],[174.5618,-36.4167],[174.5613,-36.4179]],[[174.5623,-36.4184],[174.5619,-36.4184],[174.5621,-36.4181],[174.5623,-36.4184]],[[174.5601,-36.4256],[174.5597,-36.4256],[174.5599,-36.4255],[174.5601,-36.4256]],[[174.563,-36.4243],[174.5628,-36.4243],[174.563,-36.4241],[174.563,-36.4243]],[[174.563,-36.4254],[174.5628,-36.4251],[174.5631,-36.4251],[174.563,-36.4254]],[[174.5631,-36.426],[174.563,-36.4259],[174.563,-36.4258],[174.5631,-36.426]],[[174.5667,-36.4222],[174.5667,-36.4219],[174.5664,-36.4219],[174.5666,-36.4218],[174.5669,-36.4221],[174.5667,-36.4222]],[[174.5756,-36.4134],[174.5756,-36.4133],[174.5758,-36.4133],[174.5756,-36.4134]],[[174.577,-36.4135],[174.5768,-36.4135],[174.5768,-36.4134],[174.577,-36.4134],[174.577,-36.4135]],[[174.5758,-36.4138],[174.5756,-36.4137],[174.5758,-36.4135],[174.5758,-36.4138]],[[174.5763,-36.4144],[174.5761,-36.4141],[174.5766,-36.4141],[174.5763,-36.4144]],[[174.5753,-36.4163],[174.5751,-36.4146],[174.5756,-36.4153],[174.5753,-36.4163]],[[174.5753,-36.4178],[174.5749,-36.4177],[174.5751,-36.4175],[174.5753,-36.4178]],[[174.5763,-36.4184],[174.5759,-36.4184],[174.5759,-36.4181],[174.5763,-36.4181],[174.5763,-36.4184]],[[174.5877,-36.4083],[174.5875,-36.4083],[174.5875,-36.4082],[174.5877,-36.4082],[174.5877,-36.4083]],[[174.5882,-36.4085],[174.5879,-36.4082],[174.5889,-36.4081],[174.5882,-36.4085]],[[174.5886,-36.4089],[174.5886,-36.4087],[174.5887,-36.4087],[174.5886,-36.4089]],[[174.5845,-36.4126],[174.5841,-36.4125],[174.5845,-36.4125],[174.5845,-36.4126]],[[174.5896,-36.4134],[174.5894,-36.4134],[174.5894,-36.4133],[174.5896,-36.4134]],[[174.5884,-36.4135],[174.5881,-36.4135],[174.5882,-36.4133],[174.5884,-36.4135]],[[174.5877,-36.4138],[174.5874,-36.4137],[174.5872,-36.4131],[174.5875,-36.4133],[174.5877,-36.4138]],[[174.5874,-36.4144],[174.5872,-36.4144],[174.5872,-36.4142],[174.5874,-36.4142],[174.5874,-36.4144]],[[174.5882,-36.4144],[174.5881,-36.4144],[174.5881,-36.4142],[174.5882,-36.4142],[174.5882,-36.4144]],[[174.5875,-36.4148],[174.5872,-36.4148],[174.5872,-36.4146],[174.5875,-36.4148]],[[174.5874,-36.4157],[174.5872,-36.4157],[174.5872,-36.4155],[174.5874,-36.4155],[174.5874,-36.4157]],[[174.5875,-36.4162],[174.5879,-36.4151],[174.5882,-36.4152],[174.5875,-36.4162]],[[174.5869,-36.4094],[174.5865,-36.4094],[174.5867,-36.4093],[174.5869,-36.4094]],[[174.6065,-36.4064],[174.6061,-36.4063],[174.6063,-36.4059],[174.6065,-36.4064]],[[174.601,-36.4086],[174.6003,-36.4081],[174.6005,-36.4072],[174.601,-36.4086]],[[174.6009,-36.4096],[174.6005,-36.4094],[174.6009,-36.4093],[174.6009,-36.4096]],[[174.6164,-36.4081],[174.6162,-36.4081],[174.6162,-36.4079],[174.6164,-36.4081]],[[174.608,-36.4086],[174.607,-36.4075],[174.6079,-36.4072],[174.608,-36.4086]],[[174.6159,-36.4089],[174.6157,-36.4089],[174.616,-36.4086],[174.6159,-36.4089]],[[174.6073,-36.4094],[174.607,-36.4093],[174.6073,-36.409],[174.6073,-36.4094]],[[174.5956,-36.424],[174.5952,-36.4239],[174.5954,-36.4237],[174.5956,-36.424]],[[174.6036,-36.4232],[174.6034,-36.4225],[174.6043,-36.4219],[174.6036,-36.4232]],[[174.6046,-36.4237],[174.6041,-36.4233],[174.605,-36.4221],[174.6046,-36.4237]],[[174.6041,-36.4244],[174.6039,-36.4243],[174.6043,-36.4243],[174.6041,-36.4244]],[[174.5997,-36.4262],[174.599,-36.4241],[174.6003,-36.4229],[174.5997,-36.4262]],[[174.5986,-36.4315],[174.5986,-36.4304],[174.5995,-36.43],[174.5986,-36.4315]],[[174.6046,-36.4252],[174.6044,-36.4252],[174.6044,-36.4251],[174.6046,-36.4251],[174.6046,-36.4252]],[[174.6077,-36.416],[174.6073,-36.4159],[174.6075,-36.4157],[174.6077,-36.416]],[[174.6091,-36.4241],[174.6087,-36.4241],[174.6087,-36.424],[174.6091,-36.4241]],[[174.6097,-36.4243],[174.6094,-36.4243],[174.6094,-36.4241],[174.6097,-36.4243]],[[174.607,-36.4254],[174.605,-36.4211],[174.6061,-36.4163],[174.607,-36.4254]],[[174.6063,-36.4274],[174.6061,-36.4274],[174.6061,-36.4273],[174.6063,-36.4274]],[[174.6056,-36.4277],[174.6055,-36.4277],[174.6058,-36.4273],[174.6056,-36.4277]],[[174.6055,-36.4285],[174.6053,-36.4284],[174.6056,-36.4284],[174.6055,-36.4285]],[[174.6044,-36.4293],[174.6031,-36.426],[174.6051,-36.4258],[174.6044,-36.4293]],[[174.6067,-36.4317],[174.6048,-36.4309],[174.6067,-36.4313],[174.6067,-36.4317]],[[174.608,-36.4291],[174.6077,-36.4291],[174.6077,-36.4289],[174.608,-36.4289],[174.608,-36.4291]],[[174.6085,-36.4267],[174.608,-36.4266],[174.6084,-36.4265],[174.6085,-36.4267]],[[174.6091,-36.4277],[174.6085,-36.4274],[174.6087,-36.4273],[174.6091,-36.4277]],[[174.6109,-36.4173],[174.6108,-36.4171],[174.6109,-36.4171],[174.6109,-36.4173]],[[174.6113,-36.4174],[174.6111,-36.417],[174.6116,-36.4173],[174.6113,-36.4174]],[[174.6109,-36.4178],[174.6104,-36.4173],[174.6111,-36.4175],[174.6109,-36.4178]],[[174.6114,-36.4178],[174.6113,-36.4178],[174.6113,-36.4177],[174.6114,-36.4177],[174.6114,-36.4178]],[[174.616,-36.4232],[174.6159,-36.4232],[174.6159,-36.423],[174.616,-36.4232]],[[174.6191,-36.4302],[174.6188,-36.4302],[174.6188,-36.4299],[174.6191,-36.4299],[174.6191,-36.4302]],[[174.6109,-36.4142],[174.6094,-36.4134],[174.6104,-36.413],[174.6109,-36.4142]],[[174.6155,-36.4166],[174.6154,-36.4166],[174.6154,-36.4164],[174.6155,-36.4166]],[[174.6164,-36.417],[174.6162,-36.417],[174.6162,-36.4168],[174.6164,-36.4168],[174.6164,-36.417]],[[174.6138,-36.4114],[174.6137,-36.4114],[174.6135,-36.4111],[174.6138,-36.4112],[174.6138,-36.4114]],[[174.6183,-36.4111],[174.6181,-36.4111],[174.6181,-36.4109],[174.6183,-36.4109],[174.6183,-36.4111]],[[174.6227,-36.3999],[174.6225,-36.3998],[174.6227,-36.3998],[174.6227,-36.3999]],[[174.623,-36.3999],[174.6229,-36.3999],[174.6229,-36.3998],[174.623,-36.3998],[174.623,-36.3999]],[[174.6198,-36.3928],[174.6196,-36.3928],[174.6196,-36.3927],[174.6198,-36.3927],[174.6198,-36.3928]],[[174.621,-36.3836],[174.6208,-36.3836],[174.6208,-36.3835],[174.621,-36.3835],[174.621,-36.3836]],[[174.6237,-36.3884],[174.6234,-36.3883],[174.6236,-36.3881],[174.6237,-36.3884]],[[174.6217,-36.389],[174.6215,-36.389],[174.6215,-36.3888],[174.6217,-36.3888],[174.6217,-36.389]],[[174.6215,-36.3894],[174.6213,-36.3894],[174.6213,-36.3892],[174.6215,-36.3892],[174.6215,-36.3894]],[[174.6142,-36.3947],[174.6142,-36.3946],[174.615,-36.3942],[174.6142,-36.3947]],[[174.6137,-36.3997],[174.6131,-36.3994],[174.6137,-36.3994],[174.6137,-36.3997]],[[174.6138,-36.4001],[174.6137,-36.3998],[174.614,-36.3998],[174.6138,-36.4001]],[[174.6138,-36.4005],[174.6137,-36.4004],[174.6142,-36.4002],[174.6138,-36.4005]],[[174.6046,-36.4015],[174.6044,-36.4015],[174.6044,-36.4013],[174.6046,-36.4013],[174.6046,-36.4015]],[[174.5985,-36.4016],[174.5981,-36.4015],[174.5981,-36.401],[174.5985,-36.4016]],[[174.6022,-36.4019],[174.6021,-36.4016],[174.6026,-36.4016],[174.6022,-36.4019]],[[174.6089,-36.4012],[174.6087,-36.4012],[174.6087,-36.401],[174.6089,-36.401],[174.6089,-36.4012]],[[174.608,-36.4017],[174.6072,-36.4013],[174.6091,-36.4015],[174.608,-36.4017]],[[174.6031,-36.402],[174.6029,-36.4019],[174.6031,-36.4017],[174.6031,-36.402]],[[174.6099,-36.4019],[174.6097,-36.4017],[174.6102,-36.4017],[174.6099,-36.4019]],[[174.6154,-36.4017],[174.6142,-36.3998],[174.6147,-36.3998],[174.6154,-36.4017]],[[174.6149,-36.4019],[174.6143,-36.4019],[174.614,-36.4006],[174.6149,-36.4019]],[[174.6038,-36.4023],[174.6036,-36.4023],[174.6036,-36.4021],[174.6038,-36.4021],[174.6038,-36.4023]],[[174.6043,-36.4023],[174.6041,-36.4023],[174.6041,-36.4021],[174.6043,-36.4021],[174.6043,-36.4023]],[[174.6046,-36.4023],[174.6044,-36.4023],[174.6044,-36.4021],[174.6046,-36.4021],[174.6046,-36.4023]],[[174.6089,-36.4023],[174.6085,-36.4023],[174.6089,-36.402],[174.6089,-36.4023]],[[174.6029,-36.4026],[174.6032,-36.4019],[174.6034,-36.4023],[174.6029,-36.4026]],[[174.6109,-36.403],[174.6108,-36.4028],[174.6111,-36.4027],[174.6109,-36.403]],[[174.5852,-36.3994],[174.585,-36.3993],[174.5852,-36.3991],[174.5852,-36.3994]],[[174.5913,-36.3491],[174.591,-36.349],[174.5911,-36.349],[174.5913,-36.3491]],[[174.5918,-36.3494],[174.5915,-36.3492],[174.5915,-36.3491],[174.5918,-36.3494]],[[174.5623,-36.3334],[174.5618,-36.3334],[174.5619,-36.3332],[174.5623,-36.3334]],[[174.5662,-36.3344],[174.566,-36.3344],[174.5662,-36.3343],[174.5662,-36.3344]],[[174.5609,-36.3172],[174.5607,-36.3172],[174.5607,-36.3171],[174.5609,-36.3171],[174.5609,-36.3172]],[[174.5621,-36.3114],[174.5619,-36.3114],[174.5619,-36.3113],[174.5621,-36.3113],[174.5621,-36.3114]],[[174.5706,-36.3029],[174.5619,-36.2836],[174.5676,-36.2916],[174.573,-36.2905],[174.5759,-36.2934],[174.5696,-36.2957],[174.5746,-36.2995],[174.5706,-36.3029]],[[174.6541,-36.3415],[174.6539,-36.3414],[174.6541,-36.3413],[174.6541,-36.3415]],[[174.6509,-36.3431],[174.6507,-36.3431],[174.6509,-36.3428],[174.6509,-36.3431]],[[174.6454,-36.3459],[174.6452,-36.3458],[174.6454,-36.3458],[174.6454,-36.3459]],[[174.6067,-36.3436],[174.6065,-36.3432],[174.6068,-36.3432],[174.6067,-36.3436]],[[174.6212,-36.3226],[174.6208,-36.322],[174.6212,-36.3219],[174.6212,-36.3226]],[[174.5939,-36.2803],[174.5925,-36.2796],[174.5925,-36.2791],[174.5939,-36.2803]],[[174.5952,-36.2806],[174.595,-36.2805],[174.5956,-36.2803],[174.5952,-36.2806]],[[174.6162,-36.2953],[174.616,-36.2951],[174.6166,-36.2951],[174.6162,-36.2953]],[[174.6251,-36.2944],[174.6246,-36.2938],[174.6253,-36.2937],[174.6251,-36.2944]],[[174.6413,-36.2809],[174.6406,-36.2808],[174.6413,-36.2805],[174.6413,-36.2809]],[[174.6398,-36.281],[174.6396,-36.2809],[174.6401,-36.2803],[174.6403,-36.2805],[174.6398,-36.281]],[[174.6468,-36.2836],[174.6464,-36.2835],[174.6466,-36.2835],[174.6468,-36.2836]],[[174.6466,-36.2838],[174.6454,-36.2832],[174.6457,-36.283],[174.6466,-36.2838]],[[174.648,-36.2839],[174.6469,-36.2835],[174.6473,-36.2832],[174.648,-36.2839]],[[174.648,-36.2845],[174.6476,-36.2845],[174.6476,-36.2843],[174.648,-36.2845]],[[174.649,-36.2859],[174.6486,-36.2857],[174.6488,-36.2856],[174.649,-36.2859]],[[174.658,-36.2915],[174.6579,-36.2915],[174.6579,-36.2913],[174.658,-36.2913],[174.658,-36.2915]],[[174.6606,-36.2911],[174.6603,-36.2909],[174.6606,-36.2908],[174.6606,-36.2911]],[[174.6604,-36.2915],[174.6603,-36.2915],[174.6603,-36.2912],[174.6604,-36.2912],[174.6604,-36.2915]],[[174.6696,-36.2869],[174.6693,-36.2868],[174.6693,-36.2865],[174.6696,-36.2869]],[[174.676,-36.2933],[174.6756,-36.2931],[174.6758,-36.293],[174.676,-36.2933]],[[174.6758,-36.2936],[174.6739,-36.2923],[174.6751,-36.2916],[174.6758,-36.2936]],[[174.676,-36.2937],[174.676,-36.2936],[174.6761,-36.2934],[174.6761,-36.2936],[174.676,-36.2937]],[[174.6778,-36.2951],[174.6765,-36.2942],[174.677,-36.294],[174.6778,-36.2951]],[[174.6792,-36.2995],[174.6789,-36.2995],[174.6794,-36.2989],[174.6792,-36.2995]],[[174.685,-36.2777],[174.6845,-36.2777],[174.6847,-36.2776],[174.685,-36.2777]],[[174.6746,-36.278],[174.6744,-36.278],[174.6746,-36.2779],[174.6746,-36.278]],[[174.684,-36.2805],[174.6835,-36.2801],[174.6843,-36.2802],[174.684,-36.2805]],[[174.6657,-36.2792],[174.6655,-36.2792],[174.6655,-36.279],[174.6657,-36.279],[174.6657,-36.2792]],[[174.6683,-36.2819],[174.6681,-36.2819],[174.6681,-36.2817],[174.6683,-36.2817],[174.6683,-36.2819]],[[174.6678,-36.2821],[174.6676,-36.282],[174.6679,-36.2819],[174.6678,-36.2821]],[[174.6667,-36.2825],[174.6666,-36.2824],[174.6673,-36.2821],[174.6667,-36.2825]],[[174.6684,-36.2857],[174.6676,-36.2853],[174.6683,-36.2854],[174.6684,-36.2857]],[[174.6632,-36.2859],[174.663,-36.2859],[174.663,-36.2856],[174.6632,-36.2856],[174.6632,-36.2859]],[[174.6331,-36.2852],[174.6331,-36.2849],[174.6335,-36.2847],[174.6331,-36.2852]],[[174.6259,-36.2885],[174.6254,-36.2876],[174.6263,-36.288],[174.6259,-36.2885]],[[174.599,-36.2593],[174.5988,-36.2593],[174.5988,-36.2591],[174.599,-36.2591],[174.599,-36.2593]],[[174.6044,-36.259],[174.6038,-36.2582],[174.6044,-36.2582],[174.6044,-36.259]],[[174.6046,-36.26],[174.6044,-36.26],[174.6044,-36.2591],[174.6046,-36.2591],[174.6046,-36.26]],[[174.6171,-36.2626],[174.6167,-36.2623],[174.6172,-36.2624],[174.6171,-36.2626]],[[174.6184,-36.2641],[174.6183,-36.2637],[174.6184,-36.2637],[174.6184,-36.2641]],[[174.6203,-36.2636],[174.62,-36.2634],[174.6201,-36.2633],[174.6203,-36.2636]],[[174.6162,-36.2494],[174.6154,-36.2488],[174.616,-36.2488],[174.6162,-36.2494]],[[174.6271,-36.2474],[174.627,-36.2473],[174.6273,-36.2472],[174.6271,-36.2474]],[[174.6254,-36.2249],[174.6253,-36.2247],[174.6254,-36.2247],[174.6254,-36.2249]],[[174.6328,-36.2247],[174.6323,-36.2246],[174.6326,-36.2245],[174.6328,-36.2247]],[[174.6319,-36.225],[174.6318,-36.225],[174.6321,-36.2247],[174.6319,-36.225]],[[174.6329,-36.2251],[174.6328,-36.2251],[174.6329,-36.2249],[174.6329,-36.2251]],[[174.6261,-36.2253],[174.6261,-36.225],[174.6266,-36.225],[174.6261,-36.2253]],[[174.6236,-36.2287],[174.6237,-36.2282],[174.6239,-36.2284],[174.6236,-36.2287]],[[174.6304,-36.2276],[174.6302,-36.2276],[174.6302,-36.2273],[174.6304,-36.2273],[174.6304,-36.2276]],[[174.6307,-36.229],[174.6306,-36.229],[174.6306,-36.2286],[174.6307,-36.2286],[174.6307,-36.229]],[[174.6302,-36.2302],[174.63,-36.2302],[174.63,-36.2301],[174.6302,-36.2301],[174.6302,-36.2302]],[[174.6227,-36.2008],[174.6225,-36.2008],[174.6227,-36.2006],[174.6227,-36.2008]],[[174.6236,-36.2038],[174.6232,-36.2038],[174.6236,-36.2034],[174.6236,-36.2038]],[[174.6213,-36.2078],[174.6213,-36.2077],[174.6217,-36.2077],[174.6213,-36.2078]],[[174.6227,-36.2085],[174.622,-36.2084],[174.6225,-36.2081],[174.6227,-36.2085]],[[174.6236,-36.2086],[174.6229,-36.2085],[174.623,-36.2082],[174.6236,-36.2086]],[[174.6217,-36.2092],[174.6215,-36.209],[174.6219,-36.2088],[174.6217,-36.2092]],[[174.62,-36.2121],[174.62,-36.2118],[174.6201,-36.2118],[174.62,-36.2121]],[[174.6104,-36.2163],[174.6101,-36.2159],[174.6104,-36.2161],[174.6104,-36.2163]],[[174.6225,-36.2231],[174.6225,-36.2227],[174.6229,-36.2227],[174.6225,-36.2231]],[[174.622,-36.2234],[174.6219,-36.2232],[174.6224,-36.2231],[174.622,-36.2234]],[[174.6236,-36.2242],[174.6234,-36.2242],[174.6234,-36.224],[174.6236,-36.2242]],[[174.6077,-36.2517],[174.6075,-36.2517],[174.6079,-36.2514],[174.6077,-36.2517]],[[174.6063,-36.2572],[174.606,-36.2572],[174.6061,-36.257],[174.6063,-36.2572]],[[174.5826,-36.1831],[174.5822,-36.1826],[174.5822,-36.182],[174.5824,-36.182],[174.5826,-36.1831]],[[174.5744,-36.1753],[174.5744,-36.1751],[174.5747,-36.175],[174.5744,-36.1753]],[[174.5828,-36.1782],[174.5829,-36.1774],[174.5834,-36.1775],[174.5828,-36.1782]],[[174.5804,-36.1918],[174.5802,-36.1917],[174.5804,-36.1915],[174.5804,-36.1918]],[[174.5811,-36.1925],[174.5809,-36.1924],[174.5812,-36.1924],[174.5811,-36.1925]],[[174.559,-36.2219],[174.5587,-36.2219],[174.5587,-36.2216],[174.559,-36.2219]],[[174.5611,-36.2207],[174.5609,-36.2207],[174.5613,-36.2206],[174.5611,-36.2207]],[[174.5717,-36.2191],[174.571,-36.2189],[174.5715,-36.2184],[174.5717,-36.2191]],[[174.5729,-36.2368],[174.5727,-36.2368],[174.5727,-36.2367],[174.5729,-36.2367],[174.5729,-36.2368]],[[174.5766,-36.2408],[174.5763,-36.2408],[174.5765,-36.2407],[174.5766,-36.2408]],[[174.5645,-36.2543],[174.5643,-36.2543],[174.5643,-36.2542],[174.5645,-36.2542],[174.5645,-36.2543]],[[174.5667,-36.2561],[174.5666,-36.2561],[174.5666,-36.256],[174.5667,-36.256],[174.5667,-36.2561]],[[174.5619,-36.2637],[174.5618,-36.2636],[174.5621,-36.2633],[174.5619,-36.2637]],[[174.5546,-36.2636],[174.5544,-36.2631],[174.5548,-36.2633],[174.5546,-36.2636]],[[174.5508,-36.2717],[174.5505,-36.2717],[174.5505,-36.2715],[174.5508,-36.2717]],[[174.55,-36.2719],[174.5498,-36.2719],[174.5498,-36.2718],[174.55,-36.2718],[174.55,-36.2719]],[[174.5865,-36.2671],[174.5865,-36.2669],[174.5872,-36.2669],[174.5865,-36.2671]],[[174.5875,-36.2709],[174.5872,-36.2707],[174.5874,-36.2706],[174.5875,-36.2709]],[[174.5732,-36.2669],[174.5729,-36.2669],[174.573,-36.2666],[174.5732,-36.2669]],[[174.5671,-36.2729],[174.5669,-36.2729],[174.5669,-36.2726],[174.5671,-36.2726],[174.5671,-36.2729]],[[174.5822,-36.2728],[174.5819,-36.2719],[174.5824,-36.2717],[174.5822,-36.2728]],[[174.5659,-36.2747],[174.5659,-36.2744],[174.566,-36.2744],[174.5659,-36.2747]],[[174.5568,-36.2823],[174.5555,-36.282],[174.5565,-36.2817],[174.5568,-36.2823]],[[174.5444,-36.2898],[174.5442,-36.2898],[174.5444,-36.2897],[174.5444,-36.2898]],[[174.5444,-36.2901],[174.5442,-36.2901],[174.5442,-36.29],[174.5444,-36.29],[174.5444,-36.2901]],[[174.5437,-36.2904],[174.5432,-36.2904],[174.5433,-36.2902],[174.5437,-36.2904]],[[174.5439,-36.2905],[174.5439,-36.2904],[174.544,-36.2904],[174.5439,-36.2905]],[[174.551,-36.285],[174.5526,-36.2834],[174.5526,-36.2845],[174.551,-36.285]],[[174.5589,-36.2871],[174.5584,-36.2871],[174.5584,-36.2869],[174.5589,-36.2869],[174.5589,-36.2871]],[[174.5421,-36.2975],[174.542,-36.2975],[174.542,-36.2974],[174.5421,-36.2974],[174.5421,-36.2975]],[[174.5589,-36.2995],[174.5585,-36.2995],[174.558,-36.299],[174.5589,-36.2995]],[[174.5582,-36.3007],[174.5585,-36.3003],[174.5587,-36.3003],[174.5582,-36.3007]],[[174.5607,-36.303],[174.5606,-36.3029],[174.5607,-36.3029],[174.5607,-36.303]],[[174.5288,-36.3003],[174.5287,-36.3003],[174.5287,-36.3001],[174.5288,-36.3001],[174.5288,-36.3003]],[[174.5283,-36.3006],[174.528,-36.3003],[174.5285,-36.3001],[174.5283,-36.3006]],[[174.5295,-36.3004],[174.53,-36.2993],[174.5302,-36.3001],[174.5295,-36.3004]],[[174.5314,-36.3036],[174.5312,-36.3034],[174.5316,-36.3033],[174.5314,-36.3036]],[[174.5367,-36.3074],[174.5363,-36.3074],[174.5363,-36.3072],[174.5367,-36.3072],[174.5367,-36.3074]],[[174.5365,-36.3085],[174.5363,-36.3085],[174.5363,-36.3084],[174.5365,-36.3084],[174.5365,-36.3085]],[[174.5348,-36.3094],[174.5345,-36.3092],[174.5345,-36.309],[174.5348,-36.3094]],[[174.5353,-36.3094],[174.5351,-36.309],[174.5355,-36.3091],[174.5353,-36.3094]],[[174.5348,-36.3098],[174.5346,-36.3098],[174.535,-36.3096],[174.5348,-36.3098]],[[174.5416,-36.3112],[174.5413,-36.311],[174.5415,-36.3109],[174.5416,-36.3112]],[[174.5456,-36.3289],[174.5454,-36.3289],[174.5454,-36.3288],[174.5456,-36.3288],[174.5456,-36.3289]],[[174.5541,-36.3308],[174.5536,-36.3303],[174.5543,-36.3303],[174.5541,-36.3308]],[[174.5348,-36.3301],[174.5346,-36.3301],[174.5348,-36.3299],[174.5348,-36.3301]],[[174.5288,-36.3124],[174.5287,-36.3124],[174.5288,-36.3123],[174.5288,-36.3124]],[[174.5138,-36.3041],[174.5136,-36.3041],[174.5136,-36.3039],[174.5138,-36.3041]],[[174.5309,-36.3222],[174.5307,-36.322],[174.5309,-36.322],[174.5309,-36.3222]],[[174.5169,-36.3274],[174.5169,-36.3271],[174.5171,-36.3271],[174.5169,-36.3274]],[[174.5174,-36.3279],[174.5172,-36.3279],[174.5172,-36.3274],[174.5174,-36.3274],[174.5174,-36.3279]],[[174.5065,-36.3244],[174.5063,-36.3244],[174.5063,-36.3242],[174.5065,-36.3242],[174.5065,-36.3244]],[[174.5054,-36.3409],[174.5053,-36.3399],[174.5056,-36.3407],[174.5054,-36.3409]],[[174.5152,-36.3305],[174.5148,-36.3305],[174.5148,-36.3304],[174.5152,-36.3304],[174.5152,-36.3305]],[[174.5223,-36.33],[174.522,-36.3296],[174.523,-36.3296],[174.5223,-36.33]],[[174.5288,-36.3382],[174.5287,-36.3381],[174.5288,-36.3381],[174.5288,-36.3382]],[[174.4689,-36.4293],[174.4696,-36.4284],[174.4701,-36.4291],[174.4689,-36.4293]],[[174.4507,-36.4232],[174.4503,-36.4229],[174.4505,-36.4228],[174.4507,-36.4232]],[[174.4515,-36.4232],[174.4513,-36.4232],[174.4513,-36.423],[174.4515,-36.423],[174.4515,-36.4232]],[[174.4532,-36.412],[174.453,-36.412],[174.453,-36.4119],[174.4532,-36.4119],[174.4532,-36.412]],[[174.4515,-36.4109],[174.451,-36.4108],[174.452,-36.4107],[174.4515,-36.4109]],[[174.4484,-36.4126],[174.4483,-36.4123],[174.4486,-36.4122],[174.4484,-36.4126]],[[174.4418,-36.4162],[174.4414,-36.416],[174.4418,-36.4157],[174.4418,-36.4162]],[[174.437,-36.4178],[174.4368,-36.4178],[174.4368,-36.4175],[174.437,-36.4175],[174.4368,-36.4177],[174.437,-36.4178]],[[174.4373,-36.4181],[174.4372,-36.4181],[174.4372,-36.4179],[174.4373,-36.4179],[174.4373,-36.4181]],[[174.4315,-36.4232],[174.4319,-36.4226],[174.4321,-36.4228],[174.4315,-36.4232]],[[174.4344,-36.4229],[174.4343,-36.4228],[174.4346,-36.4228],[174.4344,-36.4229]],[[174.4382,-36.4229],[174.438,-36.4229],[174.438,-36.4228],[174.4382,-36.4228],[174.4382,-36.4229]],[[174.4363,-36.4243],[174.4362,-36.4243],[174.436,-36.4241],[174.4362,-36.4241],[174.4363,-36.4243]],[[174.4461,-36.4266],[174.4454,-36.4266],[174.4462,-36.4262],[174.4461,-36.4266]],[[174.5073,-36.4046],[174.5043,-36.4016],[174.5102,-36.3999],[174.5073,-36.4046]],[[174.5372,-36.394],[174.5372,-36.3939],[174.5374,-36.3938],[174.5374,-36.3939],[174.5372,-36.394]],[[174.5314,-36.395],[174.5312,-36.3946],[174.5316,-36.3947],[174.5314,-36.395]],[[174.5316,-36.3953],[174.5312,-36.3951],[174.5312,-36.395],[174.5316,-36.3953]],[[174.5374,-36.4083],[174.5372,-36.4083],[174.5374,-36.4079],[174.5374,-36.4083]],[[174.5556,-36.4028],[174.5527,-36.4012],[174.5544,-36.4009],[174.5556,-36.4028]],[[174.5466,-36.4059],[174.5462,-36.4057],[174.5466,-36.4054],[174.5466,-36.4059]],[[174.5607,-36.4079],[174.5606,-36.4078],[174.5607,-36.4078],[174.5607,-36.4079]],[[174.5468,-36.4173],[174.5466,-36.4168],[174.5471,-36.4168],[174.5468,-36.4173]],[[174.5502,-36.4203],[174.5498,-36.419],[174.5502,-36.4195],[174.5502,-36.4203]],[[174.5488,-36.4212],[174.5486,-36.4212],[174.5486,-36.4211],[174.5488,-36.4211],[174.5488,-36.4212]],[[174.5503,-36.4212],[174.5502,-36.4211],[174.5502,-36.4206],[174.5503,-36.4212]],[[174.549,-36.4225],[174.5483,-36.4221],[174.5488,-36.4214],[174.549,-36.4225]],[[174.5514,-36.4233],[174.5508,-36.4218],[174.5517,-36.4226],[174.5514,-36.4233]],[[174.5517,-36.4281],[174.5512,-36.4274],[174.5515,-36.4276],[174.5517,-36.4281]],[[174.5517,-36.4282],[174.5515,-36.4282],[174.5515,-36.4281],[174.5517,-36.4282]],[[174.5527,-36.431],[174.5524,-36.431],[174.5526,-36.4307],[174.5527,-36.431]],[[174.552,-36.4331],[174.5519,-36.4328],[174.5522,-36.4328],[174.552,-36.4331]],[[174.5529,-36.4344],[174.5526,-36.4344],[174.5527,-36.4341],[174.5529,-36.4344]],[[174.5526,-36.435],[174.552,-36.4346],[174.5524,-36.4346],[174.5526,-36.435]],[[174.5553,-36.4391],[174.5551,-36.4391],[174.5553,-36.4388],[174.5553,-36.4391]],[[174.5561,-36.4405],[174.556,-36.4402],[174.5563,-36.4399],[174.5561,-36.4405]],[[174.5556,-36.4344],[174.5531,-36.4335],[174.5531,-36.4321],[174.5556,-36.4344]],[[174.5578,-36.4369],[174.5573,-36.4369],[174.5575,-36.4357],[174.5578,-36.4369]],[[174.5585,-36.4372],[174.558,-36.4369],[174.558,-36.4365],[174.5585,-36.4372]],[[174.5584,-36.4377],[174.5578,-36.4374],[174.558,-36.4373],[174.5584,-36.4377]],[[174.5621,-36.4363],[174.5619,-36.4363],[174.5619,-36.4362],[174.5621,-36.4362],[174.5621,-36.4363]],[[174.5607,-36.437],[174.5604,-36.437],[174.5601,-36.4363],[174.5604,-36.4363],[174.5607,-36.437]],[[174.5602,-36.438],[174.5526,-36.43],[174.5532,-36.4292],[174.5602,-36.438]],[[174.5602,-36.4384],[174.5601,-36.4384],[174.5599,-36.4381],[174.5601,-36.4381],[174.5602,-36.4384]],[[174.559,-36.4416],[174.5546,-36.4354],[174.5592,-36.4387],[174.559,-36.4416]],[[174.5563,-36.4436],[174.5546,-36.4427],[174.5578,-36.442],[174.5563,-36.4436]]]}},{"type":"Feature","properties":{},"geometry":{"type":"Polygon","coordinates":[[[174.4882,-36.4657],[174.4845,-36.4635],[174.4841,-36.465],[174.4882,-36.4657]]]}},{"type":"Feature","properties":{},"geometry":{"type":"Polygon","coordinates":[[[174.4786,-36.47],[174.4792,-36.4659],[174.4833,-36.4653],[174.4752,-36.463],[174.4795,-36.4438],[174.479,-36.4499],[174.4751,-36.451],[174.4773,-36.4534],[174.4723,-36.4574],[174.4757,-36.4585],[174.473,-36.4624],[174.4786,-36.4656],[174.4786,-36.47]]]}},{"type":"Feature","properties":{},"geometry":{"type":"Polygon","coordinates":[[[174.6971,-37.2033],[174.6986,-37.2009],[174.6969,-37.2008],[174.6971,-37.2033]],[[174.6985,-37.2014],[174.6981,-37.2014],[174.6983,-37.2011],[174.6985,-37.2014]]]}},{"type":"Feature","properties":{},"geometry":{"type":"Polygon","coordinates":[[[175.1301,-36.9759],[175.1272,-36.9663],[175.1371,-36.9683],[175.1267,-36.9655],[175.1189,-36.9486],[175.1262,-36.9523],[175.131,-36.9612],[175.1284,-36.9534],[175.1327,-36.9535],[175.1382,-36.9595],[175.1342,-36.9547],[175.1419,-36.9569],[175.1359,-36.9534],[175.1417,-36.9513],[175.1277,-36.9509],[175.1301,-36.9475],[175.1452,-36.949],[175.1303,-36.9471],[175.1376,-36.9372],[175.1279,-36.9477],[175.1255,-36.9467],[175.126,-36.9493],[175.1184,-36.9479],[175.1167,-36.9441],[175.1108,-36.946],[175.0975,-36.9429],[175.096,-36.9464],[175.0989,-36.9493],[175.095,-36.9477],[175.0907,-36.9519],[175.0992,-36.9528],[175.1004,-36.9504],[175.1052,-36.9561],[175.1023,-36.9531],[175.1085,-36.9526],[175.112,-36.9577],[175.1052,-36.9493],[175.1114,-36.9489],[175.1117,-36.9519],[175.1177,-36.9501],[175.1211,-36.9547],[175.1158,-36.9606],[175.1167,-36.9646],[175.1196,-36.9571],[175.1255,-36.9624],[175.1301,-36.9759]],[[175.1284,-36.9526],[175.1281,-36.9524],[175.1283,-36.9523],[175.1284,-36.9526]],[[175.138,-36.9482],[175.1375,-36.9479],[175.138,-36.9478],[175.138,-36.9482]],[[175.0969,-36.9445],[175.0967,-36.9444],[175.0967,-36.9442],[175.0969,-36.9445]],[[175.097,-36.9452],[175.0969,-36.9449],[175.097,-36.9448],[175.097,-36.9452]],[[175.0974,-36.946],[175.0972,-36.946],[175.097,-36.9453],[175.0972,-36.9453],[175.0974,-36.946]],[[175.0972,-36.9474],[175.0965,-36.9471],[175.0967,-36.947],[175.0972,-36.9474]],[[175.1004,-36.9496],[175.0989,-36.9489],[175.1013,-36.9493],[175.1004,-36.9496]],[[175.1006,-36.95],[175.0991,-36.9496],[175.1003,-36.9497],[175.1006,-36.95]],[[175.1033,-36.9513],[175.1027,-36.9508],[175.1033,-36.9504],[175.1033,-36.9513]]]}},{"type":"Feature","properties":{},"geometry":{"type":"Polygon","coordinates":[[[175.0301,-37.0665],[175.0299,-37.065],[175.0272,-37.0651],[175.0301,-37.0665]]]}},{"type":"Feature","properties":{},"geometry":{"type":"Polygon","coordinates":[[[175.027,-37.0766],[175.0298,-37.0725],[175.0236,-37.0722],[175.027,-37.0766]]]}},{"type":"Feature","properties":{},"geometry":{"type":"Polygon","coordinates":[[[174.9921,-37.0793],[175.0016,-37.0763],[174.9934,-37.0763],[174.9921,-37.0793]],[[174.9907,-37.0785],[174.9907,-37.0784],[174.9909,-37.0782],[174.9907,-37.0785]]]}},{"type":"Feature","properties":{},"geometry":{"type":"Polygon","coordinates":[[[175.0037,-37.0797],[175.003,-37.0771],[174.997,-37.0778],[175.0037,-37.0797]]]}},{"type":"Feature","properties":{},"geometry":{"type":"Polygon","coordinates":[[[175.0129,-37.0807],[175.0119,-37.0763],[175.0209,-37.0714],[175.0238,-37.0618],[175.0288,-37.0578],[175.0352,-37.0589],[175.0308,-37.0577],[175.0315,-37.0538],[175.0397,-37.0549],[175.0301,-37.0517],[175.0294,-37.0571],[175.0257,-37.0593],[175.02,-37.0574],[175.0229,-37.0603],[175.0205,-37.0694],[175.0163,-37.0694],[175.0161,-37.0756],[175.0084,-37.0773],[175.0129,-37.0807]],[[175.0107,-37.0777],[175.0103,-37.0777],[175.0105,-37.0775],[175.0107,-37.0777]]]}},{"type":"Feature","properties":{},"geometry":{"type":"Polygon","coordinates":[[[174.9951,-37.083],[174.9953,-37.0792],[174.9927,-37.082],[174.9951,-37.083]],[[174.9955,-37.0805],[174.9953,-37.0805],[174.9953,-37.0804],[174.9955,-37.0804],[174.9955,-37.0805]],[[174.9951,-37.0808],[174.995,-37.0808],[174.995,-37.0805],[174.9951,-37.0805],[174.9951,-37.0808]],[[174.9956,-37.0808],[174.9953,-37.0807],[174.9956,-37.0807],[174.9956,-37.0808]],[[174.9941,-37.0827],[174.9939,-37.0827],[174.9938,-37.0826],[174.9939,-37.0826],[174.9941,-37.0827]]]}},{"type":"Feature","properties":{},"geometry":{"type":"Polygon","coordinates":[[[175.0281,-37.0872],[175.0294,-37.0837],[175.0349,-37.0841],[175.0235,-37.0796],[175.0281,-37.0872]],[[175.0231,-37.0804],[175.0228,-37.0803],[175.0231,-37.0801],[175.0231,-37.0804]],[[175.0236,-37.0805],[175.0235,-37.0805],[175.0235,-37.0804],[175.0236,-37.0804],[175.0236,-37.0805]],[[175.0281,-37.0831],[175.0276,-37.0831],[175.027,-37.0828],[175.0276,-37.0828],[175.0281,-37.0831]]]}},{"type":"Feature","properties":{},"geometry":{"type":"Polygon","coordinates":[[[174.9987,-37.0883],[174.9963,-37.0863],[174.995,-37.0873],[174.9987,-37.0883]]]}},{"type":"Feature","properties":{},"geometry":{"type":"Polygon","coordinates":[[[175.0074,-37.0912],[175.0055,-37.0892],[175.0045,-37.0903],[175.0074,-37.0912]]]}},{"type":"Feature","properties":{},"geometry":{"type":"Polygon","coordinates":[[[175.0188,-37.0921],[175.0125,-37.0898],[175.0105,-37.0901],[175.0188,-37.0921]]]}},{"type":"Feature","properties":{},"geometry":{"type":"Polygon","coordinates":[[[174.9552,-37.1031],[174.9569,-37.1019],[174.9537,-37.1003],[174.9552,-37.1031]],[[174.9548,-37.1014],[174.9545,-37.1014],[174.9545,-37.1011],[174.9548,-37.1014]]]}},{"type":"Feature","properties":{},"geometry":{"type":"Polygon","coordinates":[[[174.9738,-37.109],[174.9731,-37.1069],[174.9709,-37.1067],[174.9738,-37.109]]]}},{"type":"Feature","properties":{},"geometry":{"type":"Polygon","coordinates":[[[174.9798,-37.1091],[174.9837,-37.1084],[174.9765,-37.1059],[174.9789,-37.1071],[174.9786,-37.1027],[174.9813,-37.1022],[174.9697,-37.0977],[174.9784,-37.0959],[174.977,-37.0943],[174.9656,-37.0969],[174.9746,-37.0928],[174.9726,-37.0922],[174.9748,-37.089],[174.983,-37.0897],[174.975,-37.0883],[174.976,-37.0864],[174.9933,-37.0878],[174.9752,-37.083],[174.9775,-37.0826],[174.9745,-37.0801],[174.9823,-37.0715],[174.9893,-37.0759],[174.9842,-37.0706],[174.9912,-37.069],[174.9868,-37.0651],[174.9786,-37.073],[174.9803,-37.0741],[174.9683,-37.0777],[174.9598,-37.0765],[174.9588,-37.0804],[174.9687,-37.0879],[174.9709,-37.085],[174.9627,-37.0828],[174.9613,-37.0784],[174.9767,-37.0838],[174.96,-37.0933],[174.9566,-37.091],[174.9618,-37.0875],[174.9548,-37.092],[174.9513,-37.0872],[174.9579,-37.0848],[174.9547,-37.0824],[174.9583,-37.077],[174.9516,-37.0812],[174.9455,-37.0793],[174.9446,-37.0854],[174.9489,-37.0892],[174.947,-37.0965],[174.9612,-37.0991],[174.969,-37.108],[174.9712,-37.1082],[174.9673,-37.1041],[174.9798,-37.1091]],[[174.9914,-37.0875],[174.9912,-37.0875],[174.9912,-37.0872],[174.9914,-37.0875]],[[174.9663,-37.0779],[174.9659,-37.0778],[174.9663,-37.0775],[174.9663,-37.0779]],[[174.9707,-37.0781],[174.9706,-37.0781],[174.9706,-37.0779],[174.9707,-37.0779],[174.9707,-37.0781]],[[174.9721,-37.0778],[174.9721,-37.0771],[174.9728,-37.0774],[174.9721,-37.0778]],[[174.9712,-37.0781],[174.9709,-37.0781],[174.9714,-37.0778],[174.9712,-37.0781]],[[174.97,-37.0804],[174.9637,-37.0789],[174.9714,-37.0794],[174.97,-37.0804]],[[174.9736,-37.0803],[174.9724,-37.0796],[174.9726,-37.0792],[174.9736,-37.0803]],[[174.9716,-37.0808],[174.9707,-37.0807],[174.9723,-37.0803],[174.9716,-37.0808]],[[174.9753,-37.0818],[174.9745,-37.0809],[174.9752,-37.0811],[174.9753,-37.0818]],[[174.9772,-37.0823],[174.9769,-37.0823],[174.977,-37.0822],[174.9772,-37.0823]],[[174.9671,-37.091],[174.967,-37.0905],[174.9676,-37.0906],[174.9671,-37.091]],[[174.9637,-37.0929],[174.9637,-37.0925],[174.9641,-37.0925],[174.9637,-37.0929]],[[174.963,-37.0935],[174.9629,-37.0933],[174.9632,-37.0933],[174.963,-37.0935]],[[174.9663,-37.0918],[174.9659,-37.0916],[174.9663,-37.0916],[174.9663,-37.0918]],[[174.9673,-37.0914],[174.9671,-37.0912],[174.9675,-37.0913],[174.9673,-37.0914]],[[174.9687,-37.0916],[174.9685,-37.0914],[174.969,-37.0912],[174.9687,-37.0916]],[[174.9676,-37.0917],[174.9675,-37.0917],[174.9678,-37.0914],[174.9676,-37.0917]],[[174.9661,-37.0927],[174.9656,-37.0914],[174.9673,-37.0916],[174.9661,-37.0927]],[[174.9642,-37.0939],[174.9642,-37.0931],[174.9647,-37.0928],[174.9642,-37.0939]],[[174.9566,-37.0852],[174.9564,-37.0852],[174.9566,-37.0848],[174.9566,-37.0852]],[[174.9572,-37.0837],[174.9571,-37.0837],[174.9574,-37.0834],[174.9572,-37.0837]],[[174.9521,-37.0815],[174.9519,-37.0815],[174.9519,-37.0814],[174.9521,-37.0815]],[[174.9528,-37.0819],[174.9526,-37.0818],[174.9526,-37.0816],[174.9528,-37.0819]],[[174.9504,-37.0854],[174.9494,-37.0841],[174.9506,-37.0841],[174.9504,-37.0854]],[[174.9545,-37.0952],[174.9538,-37.0947],[174.9545,-37.0927],[174.9545,-37.0952]],[[174.9586,-37.0962],[174.9583,-37.0961],[174.9583,-37.0955],[174.9586,-37.0962]],[[174.977,-37.0995],[174.9764,-37.0995],[174.977,-37.0992],[174.977,-37.0995]],[[174.9724,-37.1003],[174.9721,-37.1],[174.9724,-37.1],[174.9724,-37.1003]],[[174.9721,-37.101],[174.9682,-37.0996],[174.9721,-37.0982],[174.9721,-37.101]],[[174.9647,-37.1042],[174.9644,-37.1042],[174.9646,-37.104],[174.9647,-37.1042]],[[174.9721,-37.1014],[174.9716,-37.1012],[174.9719,-37.1011],[174.9721,-37.1014]],[[174.9765,-37.1014],[174.976,-37.1011],[174.9764,-37.1011],[174.9765,-37.1014]],[[174.9755,-37.1023],[174.9723,-37.1023],[174.9707,-37.1011],[174.9755,-37.1023]],[[174.9661,-37.1035],[174.9666,-37.1026],[174.9678,-37.1025],[174.9661,-37.1035]],[[174.9683,-37.1038],[174.9676,-37.1037],[174.9678,-37.1034],[174.9683,-37.1038]],[[174.9694,-37.1042],[174.969,-37.1041],[174.9694,-37.104],[174.9694,-37.1042]],[[174.9769,-37.1038],[174.9755,-37.1037],[174.9781,-37.1029],[174.9769,-37.1038]],[[174.9711,-37.1048],[174.9699,-37.1046],[174.9695,-37.1038],[174.9711,-37.1048]],[[174.9712,-37.1052],[174.9707,-37.1052],[174.9707,-37.105],[174.9712,-37.105],[174.9712,-37.1052]]]}},{"type":"Feature","properties":{},"geometry":{"type":"Polygon","coordinates":[[[174.694,-37.2364],[174.7046,-37.2332],[174.7017,-37.2329],[174.694,-37.2364]]]}},{"type":"Feature","properties":{},"geometry":{"type":"Polygon","coordinates":[[[174.6872,-37.2391],[174.6932,-37.2366],[174.6889,-37.2374],[174.6872,-37.2391]]]}},{"type":"Feature","properties":{},"geometry":{"type":"Polygon","coordinates":[[[174.6894,-37.2408],[174.7038,-37.2341],[174.6881,-37.2405],[174.6894,-37.2408]]]}},{"type":"Feature","properties":{},"geometry":{"type":"Polygon","coordinates":[[[174.6821,-37.2446],[174.685,-37.2423],[174.6818,-37.2434],[174.6821,-37.2446]]]}},{"type":"Feature","properties":{},"geometry":{"type":"Polygon","coordinates":[[[174.6729,-37.2501],[174.6763,-37.248],[174.671,-37.2493],[174.6729,-37.2501]]]}},{"type":"Feature","properties":{},"geometry":{"type":"Polygon","coordinates":[[[174.6082,-36.6583],[174.6102,-36.6546],[174.6073,-36.6579],[174.6082,-36.6583]],[[174.6087,-36.6568],[174.6085,-36.6568],[174.6085,-36.6567],[174.6087,-36.6567],[174.6087,-36.6568]]]}},{"type":"Feature","properties":{},"geometry":{"type":"Polygon","coordinates":[[[174.6007,-36.6594],[174.5988,-36.6566],[174.6044,-36.654],[174.6167,-36.6563],[174.6055,-36.6516],[174.5933,-36.6581],[174.598,-36.6568],[174.6007,-36.6594]],[[174.6138,-36.6556],[174.6137,-36.6556],[174.6137,-36.6555],[174.6138,-36.6555],[174.6138,-36.6556]],[[174.5985,-36.6564],[174.5981,-36.656],[174.5986,-36.656],[174.5985,-36.6564]],[[174.598,-36.6567],[174.5978,-36.6567],[174.5978,-36.6566],[174.598,-36.6566],[174.598,-36.6567]]]}},{"type":"Feature","properties":{},"geometry":{"type":"Polygon","coordinates":[[[174.6116,-36.6709],[174.6056,-36.6674],[174.6058,-36.6687],[174.6027,-36.6678],[174.6116,-36.6709]]]}},{"type":"Feature","properties":{},"geometry":{"type":"Polygon","coordinates":[[[174.6324,-36.6709],[174.634,-36.6696],[174.6304,-36.6687],[174.6324,-36.6709]]]}},{"type":"Feature","properties":{},"geometry":{"type":"Polygon","coordinates":[[[174.5956,-36.6761],[174.593,-36.6729],[174.5935,-36.6752],[174.5956,-36.6761]]]}},{"type":"Feature","properties":{},"geometry":{"type":"Polygon","coordinates":[[[174.5968,-36.6761],[174.6014,-36.676],[174.5981,-36.6749],[174.5968,-36.6761]]]}},{"type":"Feature","properties":{},"geometry":{"type":"Polygon","coordinates":[[[174.5901,-36.6786],[174.5945,-36.6774],[174.5915,-36.6767],[174.5901,-36.6786]],[[174.5915,-36.6781],[174.5908,-36.6781],[174.5908,-36.6779],[174.5915,-36.6779],[174.5915,-36.6781]]]}},{"type":"Feature","properties":{},"geometry":{"type":"Polygon","coordinates":[[[174.6451,-36.687],[174.6454,-36.6853],[174.6425,-36.6868],[174.6451,-36.687]]]}},{"type":"Feature","properties":{},"geometry":{"type":"Polygon","coordinates":[[[174.6232,-36.6912],[174.628,-36.6904],[174.6219,-36.6904],[174.6232,-36.6912]],[[174.6251,-36.6906],[174.6242,-36.6905],[174.6249,-36.6898],[174.6251,-36.6906]]]}},{"type":"Feature","properties":{},"geometry":{"type":"Polygon","coordinates":[[[174.594,-36.7004],[174.5954,-36.6967],[174.5896,-36.6972],[174.5937,-36.6971],[174.594,-36.7004]]]}},{"type":"Feature","properties":{},"geometry":{"type":"Polygon","coordinates":[[[174.6434,-36.706],[174.6466,-36.7024],[174.6444,-36.7034],[174.6434,-36.706]]]}},{"type":"Feature","properties":{},"geometry":{"type":"Polygon","coordinates":[[[174.6524,-36.7072],[174.656,-36.7067],[174.6548,-36.7058],[174.6608,-36.702],[174.6524,-36.7072]]]}},{"type":"Feature","properties":{},"geometry":{"type":"Polygon","coordinates":[[[174.6089,-36.7317],[174.6096,-36.7298],[174.6072,-36.7305],[174.6089,-36.7317]]]}},{"type":"Feature","properties":{},"geometry":{"type":"Polygon","coordinates":[[[174.5824,-36.7376],[174.5857,-36.7316],[174.5811,-36.7376],[174.5824,-36.7376]]]}},{"type":"Feature","properties":{},"geometry":{"type":"Polygon","coordinates":[[[174.5899,-36.7667],[174.5952,-36.7648],[174.5933,-36.7645],[174.5899,-36.7667]]]}},{"type":"Feature","properties":{},"geometry":{"type":"Polygon","coordinates":[[[174.5846,-36.7675],[174.5828,-36.763],[174.5867,-36.7632],[174.5822,-36.7626],[174.5826,-36.7582],[174.5845,-36.7595],[174.5944,-36.7507],[174.5976,-36.7526],[174.5959,-36.7567],[174.5993,-36.7558],[174.5964,-36.7606],[174.6021,-36.7657],[174.6043,-36.7626],[174.5973,-36.7541],[174.5983,-36.7478],[174.6091,-36.7476],[174.6094,-36.7518],[174.6135,-36.7511],[174.6137,-36.7534],[174.6121,-36.7447],[174.6222,-36.7429],[174.6201,-36.7391],[174.6232,-36.7384],[174.6193,-36.7318],[174.6427,-36.7388],[174.627,-36.7346],[174.6227,-36.7284],[174.6241,-36.7183],[174.6314,-36.7197],[174.6244,-36.7127],[174.627,-36.7072],[174.636,-36.7124],[174.6372,-36.7168],[174.6376,-36.7125],[174.6468,-36.7175],[174.6456,-36.7291],[174.6471,-36.7171],[174.6563,-36.7208],[174.6592,-36.7238],[174.658,-36.7279],[174.6608,-36.7249],[174.6464,-36.7153],[174.6512,-36.7095],[174.6442,-36.7136],[174.6399,-36.7098],[174.6338,-36.7113],[174.6266,-36.7026],[174.6306,-36.7032],[174.6299,-36.6956],[174.6338,-36.6968],[174.6316,-36.6937],[174.6352,-36.6935],[174.6372,-36.688],[174.6457,-36.6917],[174.6379,-36.6853],[174.6461,-36.6792],[174.6483,-36.6867],[174.6476,-36.6787],[174.6517,-36.68],[174.6562,-36.6953],[174.657,-36.6889],[174.6529,-36.6811],[174.6732,-36.6863],[174.6678,-36.6964],[174.6724,-36.6998],[174.6707,-36.6945],[174.6744,-36.6868],[174.6782,-36.6887],[174.6787,-36.6867],[174.6715,-36.6834],[174.6818,-36.6822],[174.6818,-36.6787],[174.6664,-36.6822],[174.6599,-36.6809],[174.6608,-36.6789],[174.6572,-36.6804],[174.6504,-36.6744],[174.6575,-36.67],[174.6613,-36.6745],[174.6756,-36.6768],[174.6599,-36.6703],[174.6731,-36.6649],[174.6816,-36.6708],[174.6773,-36.6664],[174.6818,-36.6703],[174.6795,-36.6666],[174.6838,-36.6649],[174.6818,-36.6624],[174.6785,-36.6655],[174.6737,-36.662],[174.684,-36.6566],[174.678,-36.6566],[174.6753,-36.6527],[174.6756,-36.6586],[174.6708,-36.6623],[174.6625,-36.6553],[174.6678,-36.6649],[174.6531,-36.6693],[174.6555,-36.6635],[174.6596,-36.6635],[174.656,-36.6589],[174.6505,-36.6679],[174.6519,-36.672],[174.6439,-36.673],[174.6481,-36.6757],[174.6343,-36.6845],[174.6335,-36.6891],[174.6285,-36.6871],[174.6234,-36.6785],[174.6355,-36.6765],[174.63,-36.6749],[174.6425,-36.6683],[174.6374,-36.6716],[174.6389,-36.6649],[174.6454,-36.6633],[174.6439,-36.6593],[174.6398,-36.6612],[174.6418,-36.6644],[174.6377,-36.6637],[174.6411,-36.6537],[174.6486,-36.6581],[174.6563,-36.6546],[174.6524,-36.6544],[174.6555,-36.649],[174.6471,-36.6551],[174.6456,-36.6501],[174.6502,-36.647],[174.6478,-36.6441],[174.6444,-36.646],[174.6444,-36.6529],[174.6417,-36.6531],[174.6384,-36.6423],[174.6364,-36.6419],[174.6376,-36.6471],[174.6311,-36.6486],[174.6188,-36.6414],[174.6311,-36.649],[174.6254,-36.6548],[174.6172,-36.6553],[174.6253,-36.6551],[174.6249,-36.6594],[174.6316,-36.6507],[174.6386,-36.6489],[174.6376,-36.6609],[174.6294,-36.664],[174.6352,-36.666],[174.6357,-36.6638],[174.6333,-36.6649],[174.636,-36.6631],[174.6357,-36.6694],[174.6318,-36.6719],[174.6222,-36.669],[174.6225,-36.6667],[174.6131,-36.6705],[174.6261,-36.6692],[174.6295,-36.6715],[174.6205,-36.6822],[174.6147,-36.6811],[174.6155,-36.6776],[174.6044,-36.6768],[174.6014,-36.6738],[174.6026,-36.6775],[174.6099,-36.6765],[174.6155,-36.6824],[174.6084,-36.6861],[174.5957,-36.6842],[174.6075,-36.6863],[174.5962,-36.6943],[174.6021,-36.6946],[174.6058,-36.688],[174.6143,-36.6853],[174.6099,-36.6941],[174.6155,-36.6853],[174.6242,-36.6835],[174.6261,-36.6844],[174.6198,-36.6865],[174.6256,-36.6848],[174.6319,-36.6902],[174.6244,-36.6963],[174.6282,-36.6949],[174.6251,-36.7022],[174.6157,-36.7064],[174.6254,-36.706],[174.6203,-36.7188],[174.6224,-36.7206],[174.6075,-36.7268],[174.6003,-36.7171],[174.6012,-36.7247],[174.6046,-36.7261],[174.6205,-36.7246],[174.608,-36.7353],[174.5952,-36.738],[174.6017,-36.7396],[174.6189,-36.7264],[174.621,-36.7292],[174.615,-36.7383],[174.6154,-36.741],[174.6186,-36.738],[174.6188,-36.74],[174.6111,-36.7466],[174.5988,-36.7465],[174.5978,-36.7506],[174.5768,-36.7571],[174.5756,-36.7506],[174.5768,-36.7465],[174.5804,-36.7462],[174.5804,-36.7388],[174.5753,-36.7565],[174.5708,-36.756],[174.5778,-36.7597],[174.5718,-36.7619],[174.5809,-36.7589],[174.579,-36.7641],[174.5846,-36.7675]],[[174.5862,-36.7577],[174.5858,-36.7577],[174.5858,-36.7575],[174.5862,-36.7577]],[[174.5853,-36.7584],[174.5855,-36.7577],[174.5857,-36.7582],[174.5853,-36.7584]],[[174.5962,-36.754],[174.5961,-36.754],[174.5961,-36.7539],[174.5962,-36.754]],[[174.6123,-36.7473],[174.612,-36.7467],[174.6125,-36.7465],[174.6123,-36.7473]],[[174.6133,-36.748],[174.6126,-36.7478],[174.613,-36.7473],[174.6133,-36.748]],[[174.6106,-36.7502],[174.6102,-36.7491],[174.6123,-36.7482],[174.6106,-36.7502]],[[174.6265,-36.7353],[174.6265,-36.7348],[174.6268,-36.7348],[174.6265,-36.7353]],[[174.6294,-36.7361],[174.6292,-36.7359],[174.6294,-36.7359],[174.6294,-36.7361]],[[174.637,-36.7132],[174.6369,-36.7132],[174.6369,-36.7131],[174.637,-36.7131],[174.637,-36.7132]],[[174.6369,-36.7139],[174.6365,-36.7136],[174.6369,-36.7135],[174.6369,-36.7139]],[[174.6393,-36.7132],[174.6391,-36.7131],[174.6393,-36.7131],[174.6393,-36.7132]],[[174.6449,-36.7145],[174.6447,-36.7145],[174.6447,-36.7143],[174.6449,-36.7143],[174.6449,-36.7145]],[[174.6437,-36.715],[174.6437,-36.7149],[174.6444,-36.7145],[174.6444,-36.7146],[174.6439,-36.7147],[174.6437,-36.715]],[[174.6481,-36.7172],[174.6464,-36.7169],[174.6457,-36.7161],[174.6481,-36.7172]],[[174.6504,-36.7184],[174.6502,-36.7184],[174.6502,-36.7183],[174.6504,-36.7183],[174.6504,-36.7184]],[[174.6522,-36.7109],[174.6519,-36.7106],[174.6524,-36.7108],[174.6522,-36.7109]],[[174.6442,-36.6896],[174.644,-36.6896],[174.644,-36.6894],[174.6442,-36.6896]],[[174.6444,-36.6901],[174.644,-36.6898],[174.6442,-36.6898],[174.6444,-36.6901]],[[174.6545,-36.6792],[174.6541,-36.679],[174.6545,-36.6789],[174.6545,-36.6792]],[[174.6546,-36.6846],[174.6545,-36.6842],[174.6546,-36.6842],[174.6545,-36.6844],[174.6546,-36.6846]],[[174.6548,-36.685],[174.6546,-36.6848],[174.6548,-36.6849],[174.6548,-36.685]],[[174.6538,-36.6856],[174.6536,-36.6856],[174.6536,-36.6855],[174.6538,-36.6855],[174.6538,-36.6856]],[[174.6565,-36.6919],[174.6563,-36.6919],[174.6565,-36.6917],[174.6565,-36.6919]],[[174.6587,-36.682],[174.6585,-36.682],[174.6585,-36.6819],[174.6587,-36.6819],[174.6587,-36.682]],[[174.6601,-36.6824],[174.6597,-36.6824],[174.6603,-36.6822],[174.6601,-36.6824]],[[174.6616,-36.6828],[174.6606,-36.6826],[174.6616,-36.6824],[174.6616,-36.6828]],[[174.6737,-36.6878],[174.6736,-36.6878],[174.6736,-36.6876],[174.6737,-36.6876],[174.6737,-36.6878]],[[174.6729,-36.6889],[174.6734,-36.688],[174.6736,-36.6882],[174.6729,-36.6889]],[[174.6722,-36.6911],[174.6717,-36.6906],[174.6724,-36.69],[174.6722,-36.6911]],[[174.6703,-36.6961],[174.67,-36.6961],[174.6705,-36.6958],[174.6703,-36.6961]],[[174.6739,-36.6893],[174.6736,-36.6893],[174.6741,-36.689],[174.6739,-36.6893]],[[174.6707,-36.6761],[174.6703,-36.676],[174.6703,-36.6759],[174.6707,-36.6761]],[[174.6725,-36.6764],[174.6724,-36.6764],[174.6725,-36.6763],[174.6724,-36.676],[174.6725,-36.6764]],[[174.6731,-36.6648],[174.6725,-36.6646],[174.6729,-36.6644],[174.6731,-36.6648]],[[174.6765,-36.6661],[174.6732,-36.6642],[174.6765,-36.6657],[174.6765,-36.6661]],[[174.6809,-36.6642],[174.6807,-36.6642],[174.6809,-36.6638],[174.6809,-36.6642]],[[174.6783,-36.6655],[174.6782,-36.6653],[174.6783,-36.6653],[174.6783,-36.6655]],[[174.6778,-36.6589],[174.6773,-36.6588],[174.6777,-36.6586],[174.6778,-36.6589]],[[174.6772,-36.6592],[174.6765,-36.659],[174.6772,-36.6588],[174.6772,-36.6592]],[[174.6768,-36.6596],[174.6763,-36.6596],[174.6766,-36.6592],[174.6768,-36.6596]],[[174.6763,-36.66],[174.676,-36.66],[174.6761,-36.6596],[174.6763,-36.66]],[[174.6746,-36.6601],[174.6744,-36.6601],[174.6744,-36.6598],[174.6746,-36.6598],[174.6746,-36.6601]],[[174.6731,-36.6604],[174.6729,-36.6604],[174.6729,-36.6603],[174.6731,-36.6603],[174.6731,-36.6604]],[[174.6739,-36.6608],[174.6739,-36.6605],[174.6741,-36.6607],[174.6739,-36.6608]],[[174.6655,-36.657],[174.6654,-36.6568],[174.6655,-36.6568],[174.6655,-36.657]],[[174.6654,-36.6596],[174.6652,-36.6593],[174.6655,-36.6593],[174.6654,-36.6596]],[[174.6683,-36.6603],[174.6671,-36.6592],[174.6674,-36.6592],[174.6683,-36.6603]],[[174.6667,-36.6607],[174.6655,-36.6596],[174.6659,-36.6577],[174.6667,-36.6607]],[[174.6673,-36.6608],[174.6669,-36.6607],[174.6673,-36.6607],[174.6673,-36.6608]],[[174.6676,-36.6609],[174.6674,-36.6609],[174.6674,-36.6608],[174.6676,-36.6608],[174.6676,-36.6609]],[[174.6695,-36.6652],[174.6686,-36.6611],[174.6712,-36.664],[174.6695,-36.6652]],[[174.6551,-36.662],[174.655,-36.662],[174.655,-36.6619],[174.6551,-36.662]],[[174.656,-36.6623],[174.6556,-36.6618],[174.6562,-36.6615],[174.656,-36.6623]],[[174.6551,-36.6626],[174.6548,-36.6624],[174.6551,-36.6622],[174.6551,-36.6626]],[[174.6582,-36.6633],[174.658,-36.6631],[174.6582,-36.663],[174.6582,-36.6633]],[[174.6527,-36.6715],[174.6529,-36.6696],[174.6538,-36.6709],[174.6527,-36.6715]],[[174.643,-36.6739],[174.6428,-36.6739],[174.6434,-36.6737],[174.643,-36.6739]],[[174.6504,-36.6767],[174.6497,-36.6765],[174.6502,-36.6763],[174.6504,-36.6767]],[[174.6341,-36.6782],[174.634,-36.6782],[174.634,-36.6779],[174.6341,-36.6779],[174.6341,-36.6782]],[[174.6401,-36.67],[174.6401,-36.6696],[174.6404,-36.6697],[174.6401,-36.67]],[[174.6386,-36.6711],[174.6384,-36.6711],[174.6384,-36.6709],[174.6386,-36.6709],[174.6386,-36.6711]],[[174.6442,-36.6601],[174.644,-36.6601],[174.6442,-36.66],[174.6442,-36.6601]],[[174.6446,-36.6623],[174.6444,-36.6623],[174.6444,-36.662],[174.6446,-36.662],[174.6446,-36.6623]],[[174.6434,-36.663],[174.6428,-36.6626],[174.6435,-36.6622],[174.6434,-36.663]],[[174.6437,-36.663],[174.6437,-36.6626],[174.6439,-36.6626],[174.6437,-36.663]],[[174.643,-36.6634],[174.6423,-36.663],[174.6428,-36.6629],[174.643,-36.6634]],[[174.6449,-36.6582],[174.6447,-36.6582],[174.6451,-36.6578],[174.6449,-36.6582]],[[174.655,-36.6497],[174.6548,-36.6497],[174.655,-36.6496],[174.655,-36.6497]],[[174.6507,-36.6534],[174.6505,-36.6533],[174.6507,-36.6533],[174.6507,-36.6534]],[[174.6384,-36.6483],[174.6382,-36.6483],[174.6382,-36.6482],[174.6384,-36.6482],[174.6384,-36.6483]],[[174.6387,-36.6485],[174.6386,-36.6485],[174.6386,-36.6482],[174.6387,-36.6482],[174.6387,-36.6485]],[[174.6367,-36.6499],[174.6367,-36.6497],[174.6369,-36.6497],[174.6367,-36.6499]],[[174.6372,-36.6623],[174.6365,-36.6623],[174.6367,-36.662],[174.6372,-36.6623]],[[174.6343,-36.663],[174.634,-36.663],[174.6345,-36.6629],[174.6343,-36.663]],[[174.6319,-36.6645],[174.6318,-36.6645],[174.6319,-36.6644],[174.6319,-36.6645]],[[174.6154,-36.6852],[174.6152,-36.6849],[174.6155,-36.6848],[174.6154,-36.6852]],[[174.614,-36.6876],[174.6138,-36.6875],[174.614,-36.6874],[174.614,-36.6876]],[[174.623,-36.6861],[174.6227,-36.6856],[174.6232,-36.6855],[174.623,-36.6861]],[[174.6271,-36.6855],[174.627,-36.6855],[174.627,-36.6853],[174.6271,-36.6853],[174.6271,-36.6855]],[[174.6227,-36.7131],[174.6224,-36.713],[174.6227,-36.7128],[174.6227,-36.7131]],[[174.6128,-36.7302],[174.6126,-36.7302],[174.6126,-36.7301],[174.6128,-36.7301],[174.6128,-36.7302]],[[174.6135,-36.7303],[174.6133,-36.7303],[174.6135,-36.7302],[174.6135,-36.7303]],[[174.6075,-36.7361],[174.6073,-36.7361],[174.6073,-36.7359],[174.6075,-36.7359],[174.6075,-36.7361]],[[174.6044,-36.7362],[174.6041,-36.7362],[174.6041,-36.7359],[174.6044,-36.7362]],[[174.6157,-36.7387],[174.6169,-36.7359],[174.6183,-36.7363],[174.6157,-36.7387]],[[174.5891,-36.7537],[174.5891,-36.7536],[174.5893,-36.7534],[174.5891,-36.7537]],[[174.5829,-36.7567],[174.5828,-36.7566],[174.5833,-36.7565],[174.5829,-36.7567]]]}},{"type":"Feature","properties":{},"geometry":{"type":"Polygon","coordinates":[[[174.5872,-36.7678],[174.5887,-36.7667],[174.5865,-36.7656],[174.5872,-36.7678]]]}},{"type":"Feature","properties":{},"geometry":{"type":"Polygon","coordinates":[[[174.7854,-36.3497],[174.7866,-36.3483],[174.7831,-36.3473],[174.7854,-36.3497]],[[174.7845,-36.3479],[174.7843,-36.3479],[174.7843,-36.3477],[174.7845,-36.3477],[174.7845,-36.3479]],[[174.7854,-36.3479],[174.7849,-36.3479],[174.785,-36.3476],[174.7854,-36.3479]]]}},{"type":"Feature","properties":{},"geometry":{"type":"Polygon","coordinates":[[[174.5956,-36.7798],[174.5973,-36.7767],[174.5957,-36.7768],[174.5956,-36.7798]]]}},{"type":"Feature","properties":{},"geometry":{"type":"Polygon","coordinates":[[[174.5898,-36.7848],[174.5956,-36.7837],[174.5896,-36.7813],[174.5898,-36.7848]]]}},{"type":"Feature","properties":{},"geometry":{"type":"Polygon","coordinates":[[[174.5799,-36.7869],[174.5894,-36.7852],[174.5805,-36.7828],[174.5799,-36.7869]],[[174.5834,-36.7849],[174.5834,-36.7846],[174.5836,-36.7846],[174.5834,-36.7849]],[[174.579,-36.7849],[174.5787,-36.7849],[174.5787,-36.7848],[174.579,-36.7848],[174.579,-36.7849]]]}},{"type":"Feature","properties":{},"geometry":{"type":"Polygon","coordinates":[[[174.6002,-36.8326],[174.5998,-36.8281],[174.5985,-36.827],[174.6002,-36.8326]]]}},{"type":"Feature","properties":{},"geometry":{"type":"Polygon","coordinates":[[[174.5819,-36.8335],[174.5843,-36.8259],[174.5882,-36.8252],[174.5904,-36.8283],[174.5899,-36.8195],[174.598,-36.826],[174.5877,-36.8122],[174.5865,-36.8006],[174.5927,-36.796],[174.6014,-36.7808],[174.6097,-36.7745],[174.6079,-36.7735],[174.5846,-36.7976],[174.5872,-36.7983],[174.5838,-36.8118],[174.5869,-36.8111],[174.5893,-36.8196],[174.5802,-36.8296],[174.5821,-36.8288],[174.5819,-36.8335]],[[174.592,-36.792],[174.5918,-36.792],[174.592,-36.7919],[174.592,-36.792]],[[174.592,-36.7924],[174.5918,-36.7924],[174.5918,-36.7923],[174.592,-36.7923],[174.592,-36.7924]],[[174.5916,-36.793],[174.5915,-36.793],[174.5918,-36.7925],[174.5916,-36.793]],[[174.5901,-36.8188],[174.5889,-36.8176],[174.5894,-36.8162],[174.5901,-36.8188]],[[174.5896,-36.8191],[174.5893,-36.8191],[174.5893,-36.8188],[174.5896,-36.8191]],[[174.5867,-36.8242],[174.5865,-36.824],[174.5872,-36.8238],[174.5867,-36.8242]]]}},{"type":"Feature","properties":{},"geometry":{"type":"Polygon","coordinates":[[[175.0736,-36.9135],[175.0738,-36.912],[175.0702,-36.9111],[175.0736,-36.9135]],[[175.0714,-36.9129],[175.0707,-36.9123],[175.0709,-36.912],[175.0714,-36.9129]]]}},{"type":"Feature","properties":{},"geometry":{"type":"Polygon","coordinates":[[[175.0791,-36.9279],[175.0772,-36.9247],[175.0829,-36.9105],[175.0738,-36.9134],[175.0738,-36.9159],[175.0632,-36.911],[175.0627,-36.9131],[175.0654,-36.9116],[175.073,-36.9171],[175.0672,-36.9196],[175.0733,-36.9206],[175.0695,-36.9234],[175.0642,-36.9202],[175.059,-36.9242],[175.0641,-36.9208],[175.0791,-36.9279]],[[175.0743,-36.9187],[175.0738,-36.9182],[175.0743,-36.9182],[175.0743,-36.9187]],[[175.0738,-36.9189],[175.0735,-36.9186],[175.0738,-36.9186],[175.0738,-36.9189]],[[175.0743,-36.9191],[175.0742,-36.9191],[175.0742,-36.9189],[175.0743,-36.9189],[175.0743,-36.9191]],[[175.074,-36.9201],[175.074,-36.9196],[175.0743,-36.92],[175.074,-36.9201]],[[175.0745,-36.9202],[175.0742,-36.9202],[175.0742,-36.9201],[175.0745,-36.9201],[175.0745,-36.9202]],[[175.0748,-36.9204],[175.0747,-36.9202],[175.0748,-36.9202],[175.0748,-36.9204]],[[175.0774,-36.9243],[175.0759,-36.9234],[175.0759,-36.9223],[175.0774,-36.9243]]]}},{"type":"Feature","properties":{},"geometry":{"type":"Polygon","coordinates":[[[174.6007,-37.0691],[174.6048,-37.0645],[174.6046,-37.0581],[174.6089,-37.0567],[174.6106,-37.0519],[174.6137,-37.054],[174.6131,-37.0473],[174.6077,-37.0523],[174.601,-37.0523],[174.6063,-37.0551],[174.5904,-37.0612],[174.5869,-37.0687],[174.5906,-37.0619],[174.6032,-37.0583],[174.6043,-37.0639],[174.5952,-37.0671],[174.6012,-37.0654],[174.6007,-37.0691]]]}},{"type":"Feature","properties":{},"geometry":{"type":"Polygon","coordinates":[[[175.0252,-36.7951],[175.0296,-36.7912],[175.0238,-36.7932],[175.0252,-36.7951]],[[175.0245,-36.7942],[175.0241,-36.7942],[175.0241,-36.794],[175.0245,-36.794],[175.0245,-36.7942]]]}},{"type":"Feature","properties":{},"geometry":{"type":"Polygon","coordinates":[[[174.839,-36.9571],[174.8408,-36.9562],[174.8369,-36.9543],[174.839,-36.9571]],[[174.8393,-36.9565],[174.8391,-36.9565],[174.8391,-36.9561],[174.8393,-36.9561],[174.8393,-36.9565]]]}},{"type":"Feature","properties":{},"geometry":{"type":"Polygon","coordinates":[[[174.8454,-36.9683],[174.8471,-36.9638],[174.8514,-36.964],[174.848,-36.9631],[174.8504,-36.9608],[174.849,-36.9549],[174.8454,-36.9568],[174.8478,-36.9567],[174.8465,-36.9639],[174.8425,-36.9643],[174.8454,-36.9683]]]}},{"type":"Feature","properties":{},"geometry":{"type":"Polygon","coordinates":[[[174.8589,-36.9717],[174.8582,-36.9695],[174.8557,-36.9676],[174.8589,-36.9717]]]}},{"type":"Feature","properties":{},"geometry":{"type":"Polygon","coordinates":[[[174.8559,-36.974],[174.8541,-36.9711],[174.8499,-36.9696],[174.8559,-36.974]]]}},{"type":"Feature","properties":{},"geometry":{"type":"Polygon","coordinates":[[[174.7524,-36.7328],[174.7485,-36.729],[174.7463,-36.7299],[174.7524,-36.7328]],[[174.75,-36.7309],[174.7488,-36.7305],[174.7493,-36.7302],[174.75,-36.7309]]]}},{"type":"Feature","properties":{},"geometry":{"type":"Polygon","coordinates":[[[174.2982,-36.3796],[174.2989,-36.3811],[174.3034,-36.3836],[174.2982,-36.3796]]]}},{"type":"Feature","properties":{},"geometry":{"type":"Polygon","coordinates":[[[174.8086,-37.0886],[174.8082,-37.0867],[174.8053,-37.0884],[174.8086,-37.0886]]]}},{"type":"Feature","properties":{},"geometry":{"type":"Polygon","coordinates":[[[174.4539,-36.2642],[174.4524,-36.259],[174.4508,-36.26],[174.4539,-36.2642]]]}},{"type":"Feature","properties":{},"geometry":{"type":"Polygon","coordinates":[[[174.4561,-36.2703],[174.457,-36.2682],[174.4548,-36.2669],[174.4561,-36.2703]]]}},{"type":"Feature","properties":{},"geometry":{"type":"Polygon","coordinates":[[[175.4937,-36.311],[175.499,-36.3076],[175.4925,-36.3098],[175.4937,-36.311]]]}},{"type":"Feature","properties":{},"geometry":{"type":"Polygon","coordinates":[[[175.0221,-36.7931],[175.0233,-36.7901],[175.0219,-36.7901],[175.0221,-36.7931]]]}},{"type":"Feature","properties":{},"geometry":{"type":"Polygon","coordinates":[[[174.6227,-36.1306],[174.6215,-36.128],[174.6155,-36.1283],[174.6227,-36.1306]],[[174.6208,-36.1279],[174.6203,-36.1276],[174.621,-36.1276],[174.6208,-36.1279]],[[174.6213,-36.128],[174.6212,-36.128],[174.6212,-36.1279],[174.6213,-36.1279],[174.6213,-36.128]],[[174.6189,-36.1291],[174.6184,-36.1288],[174.6189,-36.1286],[174.6189,-36.1291]]]}},{"type":"Feature","properties":{},"geometry":{"type":"Polygon","coordinates":[[[174.6248,-36.1317],[174.6251,-36.1304],[174.6224,-36.1273],[174.6248,-36.1317]],[[174.6234,-36.1287],[174.6232,-36.1287],[174.6236,-36.1286],[174.6234,-36.1287]],[[174.6241,-36.1294],[174.6236,-36.1291],[174.6236,-36.1288],[174.6241,-36.1294]],[[174.6242,-36.1297],[174.6241,-36.1297],[174.6241,-36.1295],[174.6242,-36.1295],[174.6242,-36.1297]],[[174.6248,-36.1305],[174.6244,-36.1304],[174.6248,-36.1302],[174.6248,-36.1305]]]}},{"type":"Feature","properties":{},"geometry":{"type":"Polygon","coordinates":[[[174.2711,-36.349],[174.2716,-36.3549],[174.2723,-36.3545],[174.2711,-36.349]]]}},{"type":"Feature","properties":{},"geometry":{"type":"Polygon","coordinates":[[[175.0544,-36.7968],[175.0549,-36.7868],[175.0511,-36.7936],[175.0544,-36.7968]],[[175.0526,-36.7943],[175.0525,-36.7943],[175.0525,-36.7942],[175.0526,-36.7942],[175.0526,-36.7943]]]}},{"type":"Feature","properties":{},"geometry":{"type":"Polygon","coordinates":[[[174.2703,-36.5183],[174.2916,-36.5091],[174.2911,-36.507],[174.2776,-36.5074],[174.2853,-36.5091],[174.2755,-36.514],[174.2629,-36.5136],[174.2733,-36.514],[174.2703,-36.5183]],[[174.2887,-36.5081],[174.2885,-36.5079],[174.2889,-36.5077],[174.2887,-36.5081]]]}},{"type":"Feature","properties":{},"geometry":{"type":"Polygon","coordinates":[[[174.2534,-36.4782],[174.2527,-36.4737],[174.2568,-36.4679],[174.2624,-36.4675],[174.2665,-36.4719],[174.2655,-36.4675],[174.2578,-36.4663],[174.2586,-36.4637],[174.2518,-36.473],[174.2534,-36.4782]],[[174.2581,-36.4682],[174.258,-36.4682],[174.258,-36.4681],[174.2581,-36.4681],[174.2581,-36.4682]],[[174.2585,-36.4682],[174.2583,-36.4682],[174.2583,-36.4681],[174.2585,-36.4681],[174.2585,-36.4682]],[[174.265,-36.4672],[174.2648,-36.4672],[174.2648,-36.4671],[174.265,-36.4671],[174.265,-36.4672]],[[174.2643,-36.4681],[174.2641,-36.4679],[174.2643,-36.4679],[174.2643,-36.4681]],[[174.2619,-36.4668],[174.2614,-36.4668],[174.2615,-36.4667],[174.2619,-36.4668]],[[174.2609,-36.467],[174.2605,-36.467],[174.261,-36.4668],[174.2609,-36.467]],[[174.2578,-36.4672],[174.2574,-36.4671],[174.2585,-36.467],[174.2578,-36.4672]]]}},{"type":"Feature","properties":{},"geometry":{"type":"Polygon","coordinates":[[[174.2668,-36.4785],[174.2696,-36.4756],[174.2655,-36.4764],[174.2668,-36.4785]]]}},{"type":"Feature","properties":{},"geometry":{"type":"Polygon","coordinates":[[[174.9794,-37.1699],[174.9796,-37.1672],[174.9733,-37.1653],[174.9794,-37.1699]]]}},{"type":"Feature","properties":{},"geometry":{"type":"Polygon","coordinates":[[[174.8642,-36.9756],[174.8658,-36.9752],[174.8635,-36.9728],[174.8642,-36.9756]]]}},{"type":"Feature","properties":{},"geometry":{"type":"Polygon","coordinates":[[[174.4,-36.7682],[174.3976,-36.7634],[174.3967,-36.7674],[174.4,-36.7682]]]}},{"type":"Feature","properties":{},"geometry":{"type":"Polygon","coordinates":[[[174.7442,-36.6859],[174.7473,-36.6831],[174.7458,-36.6797],[174.7406,-36.6835],[174.7442,-36.6859]]]}},{"type":"Feature","properties":{},"geometry":{"type":"Polygon","coordinates":[[[174.6541,-37.0781],[174.6522,-37.0763],[174.65,-37.077],[174.6541,-37.0781]]]}},{"type":"Feature","properties":{},"geometry":{"type":"Polygon","coordinates":[[[174.8285,-36.9209],[174.8309,-36.923],[174.8316,-36.9216],[174.8285,-36.9209]]]}},{"type":"Feature","properties":{},"geometry":{"type":"Polygon","coordinates":[[[174.8403,-36.7771],[174.8395,-36.7759],[174.8386,-36.7767],[174.8364,-36.7759],[174.8366,-36.7768],[174.8403,-36.7771]]]}},{"type":"Feature","properties":{},"geometry":{"type":"Polygon","coordinates":[[[174.6492,-36.8438],[174.6515,-36.842],[174.65,-36.8398],[174.6492,-36.8438]]]}},{"type":"Feature","properties":{},"geometry":{"type":"Polygon","coordinates":[[[174.4094,-36.7767],[174.4076,-36.7714],[174.4017,-36.7692],[174.4094,-36.7767]],[[174.4044,-36.7697],[174.4039,-36.7697],[174.4044,-36.7694],[174.4044,-36.7697]],[[174.4059,-36.7715],[174.4058,-36.7715],[174.4061,-36.7712],[174.4059,-36.7715]]]}},{"type":"Feature","properties":{},"geometry":{"type":"Polygon","coordinates":[[[174.9456,-37.1045],[174.9489,-37.0999],[174.9366,-37.0883],[174.9289,-37.0921],[174.9187,-37.0849],[174.9076,-37.0868],[174.9115,-37.0927],[174.9103,-37.0986],[174.9149,-37.1027],[174.9195,-37.1016],[174.9164,-37.1042],[174.9212,-37.1038],[174.9233,-37.0981],[174.9279,-37.0958],[174.9335,-37.1011],[174.9381,-37.0973],[174.9391,-37.1014],[174.9409,-37.0999],[174.9456,-37.1045]],[[174.9366,-37.0897],[174.9361,-37.0895],[174.9361,-37.0887],[174.9366,-37.0897]],[[174.9123,-37.0872],[174.9125,-37.0865],[174.9129,-37.0868],[174.9123,-37.0872]],[[174.9205,-37.0928],[174.9187,-37.0928],[174.9209,-37.0917],[174.9205,-37.0928]],[[174.9122,-37.0978],[174.9118,-37.0977],[174.9123,-37.0976],[174.9122,-37.0978]],[[174.933,-37.0943],[174.9321,-37.0937],[174.934,-37.0928],[174.933,-37.0943]],[[174.924,-37.0951],[174.9229,-37.095],[174.9243,-37.0936],[174.924,-37.0951]],[[174.9188,-37.1005],[174.9166,-37.095],[174.9199,-37.0991],[174.9188,-37.1005]],[[174.9236,-37.1003],[174.9229,-37.1001],[174.9233,-37.0997],[174.9236,-37.1003]],[[174.9205,-37.1005],[174.9199,-37.1001],[174.9205,-37.0997],[174.9205,-37.1005]],[[174.9342,-37.0969],[174.9339,-37.0958],[174.9357,-37.0961],[174.9342,-37.0969]]]}},{"type":"Feature","properties":{},"geometry":{"type":"Polygon","coordinates":[[[175.4118,-36.1716],[175.4073,-36.1674],[175.4116,-36.1586],[175.4102,-36.1516],[175.4068,-36.1494],[175.4128,-36.1528],[175.416,-36.1506],[175.4143,-36.1608],[175.4179,-36.1541],[175.4215,-36.1582],[175.42,-36.1548],[175.4312,-36.159],[175.4213,-36.1521],[175.4269,-36.1532],[175.4237,-36.1495],[175.4321,-36.1436],[175.4141,-36.1254],[175.4147,-36.1188],[175.4198,-36.1219],[175.423,-36.1196],[175.4167,-36.1188],[175.4208,-36.112],[175.4172,-36.1173],[175.4126,-36.1133],[175.4131,-36.1199],[175.4087,-36.1195],[175.4095,-36.1174],[175.4065,-36.12],[175.407,-36.1145],[175.4056,-36.1196],[175.4027,-36.1152],[175.4003,-36.1185],[175.3938,-36.1182],[175.4078,-36.1225],[175.4053,-36.125],[175.3932,-36.1239],[175.4087,-36.1269],[175.401,-36.1315],[175.4051,-36.1353],[175.3947,-36.1346],[175.4013,-36.1366],[175.3959,-36.1377],[175.3981,-36.1381],[175.4044,-36.1364],[175.4017,-36.1435],[175.3971,-36.1411],[175.3998,-36.1442],[175.3933,-36.1439],[175.4008,-36.1461],[175.4008,-36.1499],[175.3932,-36.1491],[175.4029,-36.1494],[175.3984,-36.1531],[175.3824,-36.1517],[175.3887,-36.1534],[175.3882,-36.157],[175.3911,-36.1539],[175.3938,-36.1571],[175.3971,-36.1538],[175.3964,-36.1559],[175.4078,-36.153],[175.4101,-36.1607],[175.4031,-36.1651],[175.4118,-36.1716]],[[175.4112,-36.1488],[175.4111,-36.1488],[175.4111,-36.1486],[175.4112,-36.1486],[175.4112,-36.1488]],[[175.4111,-36.149],[175.4106,-36.1487],[175.4107,-36.1486],[175.4111,-36.149]],[[175.4121,-36.1495],[175.4118,-36.1494],[175.4119,-36.1492],[175.4121,-36.1495]],[[175.4143,-36.148],[175.4141,-36.1479],[175.4141,-36.1477],[175.4143,-36.1479],[175.4143,-36.148]],[[175.4148,-36.149],[175.4143,-36.1484],[175.4145,-36.1483],[175.4148,-36.149]],[[175.4152,-36.1498],[175.4148,-36.1491],[175.415,-36.1495],[175.4152,-36.1495],[175.4152,-36.1498]],[[175.4179,-36.1483],[175.4177,-36.1483],[175.4177,-36.1481],[175.4179,-36.1481],[175.4179,-36.1483]],[[175.4218,-36.1433],[175.4215,-36.143],[175.4217,-36.1429],[175.4218,-36.1433]],[[175.422,-36.1436],[175.4218,-36.1436],[175.4218,-36.1435],[175.422,-36.1435],[175.422,-36.1436]],[[175.4227,-36.1454],[175.4225,-36.1454],[175.4225,-36.1452],[175.4227,-36.1452],[175.4227,-36.1454]],[[175.4229,-36.1458],[175.4227,-36.1457],[175.4229,-36.1455],[175.4229,-36.1458]],[[175.4235,-36.1473],[175.4229,-36.1459],[175.4232,-36.1458],[175.4235,-36.1473]],[[175.4223,-36.1488],[175.4186,-36.1418],[175.4222,-36.1439],[175.4223,-36.1488]],[[175.4177,-36.1491],[175.4172,-36.149],[175.4176,-36.1483],[175.4177,-36.1491]],[[175.4159,-36.1502],[175.415,-36.149],[175.4157,-36.1494],[175.4159,-36.1502]],[[175.4136,-36.1525],[175.413,-36.149],[175.4153,-36.1508],[175.4136,-36.1525]],[[175.4198,-36.151],[175.42,-36.1501],[175.421,-36.1498],[175.4198,-36.151]],[[175.4194,-36.1516],[175.4193,-36.1516],[175.4193,-36.1514],[175.4194,-36.1514],[175.4194,-36.1516]],[[175.416,-36.1542],[175.4164,-36.1531],[175.4165,-36.1535],[175.416,-36.1542]],[[175.4218,-36.1539],[175.4206,-36.1528],[175.4208,-36.1514],[175.4218,-36.1539]],[[175.4229,-36.1554],[175.4223,-36.1548],[175.4227,-36.1546],[175.4229,-36.1554]],[[175.421,-36.133],[175.4208,-36.133],[175.4208,-36.1328],[175.421,-36.1328],[175.421,-36.133]],[[175.4027,-36.1202],[175.4024,-36.1202],[175.4024,-36.12],[175.4027,-36.12],[175.4027,-36.1202]],[[175.414,-36.1232],[175.4138,-36.1231],[175.4141,-36.1231],[175.414,-36.1232]],[[175.3996,-36.1248],[175.3993,-36.1247],[175.3996,-36.1244],[175.3996,-36.1248]],[[175.4147,-36.1269],[175.4145,-36.1269],[175.4147,-36.1265],[175.4147,-36.1269]],[[175.4148,-36.1272],[175.4147,-36.1272],[175.4147,-36.127],[175.4148,-36.127],[175.4148,-36.1272]],[[175.4198,-36.1317],[175.4188,-36.1312],[175.4201,-36.1313],[175.4198,-36.1317]],[[175.4196,-36.1326],[175.4191,-36.1323],[175.4196,-36.1319],[175.4196,-36.1326]],[[175.4203,-36.1338],[175.4196,-36.1335],[175.4205,-36.1334],[175.4203,-36.1338]],[[175.4213,-36.1345],[175.4211,-36.1345],[175.4213,-36.1344],[175.4213,-36.1345]],[[175.4227,-36.1381],[175.422,-36.1378],[175.4225,-36.1379],[175.4227,-36.1381]],[[175.4182,-36.1418],[175.4181,-36.1418],[175.4181,-36.1417],[175.4182,-36.1417],[175.4182,-36.1418]],[[175.4179,-36.1425],[175.4176,-36.1422],[175.4181,-36.1421],[175.4179,-36.1425]],[[175.3885,-36.1554],[175.3884,-36.1554],[175.3885,-36.1552],[175.3885,-36.1554]],[[175.394,-36.1539],[175.3935,-36.1537],[175.3947,-36.1532],[175.394,-36.1539]],[[175.3928,-36.1557],[175.3928,-36.1552],[175.3932,-36.1553],[175.3928,-36.1557]],[[175.3933,-36.1567],[175.393,-36.1564],[175.3937,-36.1552],[175.394,-36.1554],[175.3933,-36.1567]],[[175.3932,-36.1568],[175.3928,-36.1568],[175.3928,-36.1567],[175.3932,-36.1568]],[[175.4066,-36.1636],[175.4063,-36.1636],[175.4063,-36.1634],[175.4066,-36.1634],[175.4066,-36.1636]],[[175.4066,-36.1654],[175.406,-36.1652],[175.4066,-36.1648],[175.4066,-36.1654]]]}},{"type":"Feature","properties":{},"geometry":{"type":"Polygon","coordinates":[[[174.7671,-37.2035],[174.763,-37.2014],[174.7601,-37.2028],[174.7671,-37.2035]]]}},{"type":"Feature","properties":{},"geometry":{"type":"Polygon","coordinates":[[[174.7528,-37.2046],[174.7601,-37.2037],[174.7579,-37.2027],[174.7528,-37.2046]]]}},{"type":"Feature","properties":{},"geometry":{"type":"Polygon","coordinates":[[[175.4447,-36.163],[175.4485,-36.1534],[175.4466,-36.1527],[175.4447,-36.163]]]}},{"type":"Feature","properties":{},"geometry":{"type":"Polygon","coordinates":[[[174.3327,-36.3876],[174.3455,-36.3858],[174.3382,-36.3846],[174.3395,-36.3773],[174.3395,-36.3814],[174.3327,-36.3876]]]}},{"type":"Feature","properties":{},"geometry":{"type":"Polygon","coordinates":[[[174.5848,-36.8942],[174.5937,-36.8936],[174.5829,-36.8933],[174.5848,-36.8942]]]}},{"type":"Feature","properties":{},"geometry":{"type":"Polygon","coordinates":[[[174.5604,-36.9134],[174.5654,-36.9096],[174.5635,-36.9097],[174.5636,-36.9108],[174.5597,-36.9129],[174.5604,-36.9134]]]}},{"type":"Feature","properties":{},"geometry":{"type":"Polygon","coordinates":[[[174.5821,-36.9181],[174.584,-36.9097],[174.5887,-36.9065],[174.5889,-36.8983],[174.6068,-36.8962],[174.5998,-36.9066],[174.605,-36.9045],[174.6053,-36.8992],[174.6159,-36.8902],[174.62,-36.8905],[174.6224,-36.8826],[174.6306,-36.8781],[174.6229,-36.8771],[174.6195,-36.8868],[174.6118,-36.8931],[174.5957,-36.8942],[174.5834,-36.8988],[174.563,-36.897],[174.558,-36.9009],[174.563,-36.8973],[174.577,-36.9],[174.5672,-36.9077],[174.5788,-36.8996],[174.5814,-36.9029],[174.5874,-36.8979],[174.5821,-36.9181]],[[174.5776,-36.8996],[174.5771,-36.8992],[174.5775,-36.8992],[174.5776,-36.8996]],[[174.5831,-36.9],[174.5828,-36.8999],[174.5831,-36.8999],[174.5831,-36.9]]]}},{"type":"Feature","properties":{},"geometry":{"type":"Polygon","coordinates":[[[174.3851,-36.353],[174.3901,-36.3502],[174.3902,-36.3481],[174.3851,-36.353]]]}},{"type":"Feature","properties":{},"geometry":{"type":"Polygon","coordinates":[[[174.6772,-36.5922],[174.6725,-36.5896],[174.6717,-36.5914],[174.6772,-36.5922]]]}},{"type":"Feature","properties":{},"geometry":{"type":"Polygon","coordinates":[[[174.6408,-36.4115],[174.641,-36.4076],[174.6374,-36.4079],[174.6408,-36.4115]],[[174.6401,-36.4086],[174.6399,-36.4082],[174.6403,-36.4083],[174.6401,-36.4086]],[[174.6399,-36.4089],[174.6396,-36.4089],[174.6396,-36.4087],[174.6399,-36.4087],[174.6399,-36.4089]],[[174.6403,-36.4104],[174.6398,-36.4098],[174.6404,-36.4096],[174.6403,-36.4104]]]}},{"type":"Feature","properties":{},"geometry":{"type":"Polygon","coordinates":[[[174.7676,-36.8886],[174.7644,-36.8893],[174.7673,-36.8901],[174.7676,-36.8886]],[[174.7644,-36.8895],[174.7649,-36.8895],[174.7642,-36.8898],[174.7644,-36.8895]]]}},{"type":"Feature","properties":{},"geometry":{"type":"Polygon","coordinates":[[[174.8574,-36.9577],[174.8531,-36.9535],[174.8574,-36.95],[174.8535,-36.9456],[174.8494,-36.9547],[174.8574,-36.9577]]]}},{"type":"Feature","properties":{},"geometry":{"type":"Polygon","coordinates":[[[174.8608,-36.9663],[174.8574,-36.958],[174.856,-36.9613],[174.8608,-36.9663]]]}},{"type":"Feature","properties":{},"geometry":{"type":"Polygon","coordinates":[[[174.6381,-36.8394],[174.6381,-36.8374],[174.6338,-36.8383],[174.6381,-36.8394]]]}},{"type":"Feature","properties":{},"geometry":{"type":"Polygon","coordinates":[[[174.6497,-36.8557],[174.644,-36.8529],[174.6476,-36.8509],[174.6442,-36.8445],[174.6347,-36.8432],[174.6328,-36.8397],[174.6348,-36.8483],[174.6374,-36.8464],[174.6418,-36.8531],[174.6497,-36.8557]],[[174.6434,-36.8509],[174.6428,-36.8507],[174.6439,-36.8503],[174.6434,-36.8509]],[[174.6435,-36.8527],[174.6434,-36.8527],[174.6432,-36.8524],[174.6434,-36.8524],[174.6435,-36.8527]],[[174.6459,-36.8546],[174.6457,-36.8546],[174.6457,-36.8544],[174.6459,-36.8544],[174.6459,-36.8546]]]}},{"type":"Feature","properties":{},"geometry":{"type":"Polygon","coordinates":[[[174.2209,-36.4928],[174.2225,-36.4915],[174.2194,-36.4899],[174.2209,-36.4928]]]}},{"type":"Feature","properties":{},"geometry":{"type":"Polygon","coordinates":[[[174.6556,-37.0515],[174.6628,-37.051],[174.6601,-37.0496],[174.6556,-37.0515]]]}},{"type":"Feature","properties":{},"geometry":{"type":"Polygon","coordinates":[[[174.3527,-36.6381],[174.3669,-36.629],[174.3628,-36.6279],[174.3611,-36.6342],[174.3527,-36.6381]]]}},{"type":"Feature","properties":{},"geometry":{"type":"Polygon","coordinates":[[[174.4493,-36.4594],[174.4507,-36.4527],[174.4476,-36.459],[174.4493,-36.4594]]]}},{"type":"Feature","properties":{},"geometry":{"type":"Polygon","coordinates":[[[174.4355,-36.4602],[174.4391,-36.4576],[174.4346,-36.4567],[174.4355,-36.4602]]]}},{"type":"Feature","properties":{},"geometry":{"type":"Polygon","coordinates":[[[174.4652,-36.4676],[174.4657,-36.4638],[174.4611,-36.4652],[174.4652,-36.4676]]]}},{"type":"Feature","properties":{},"geometry":{"type":"Polygon","coordinates":[[[174.4252,-36.4871],[174.4264,-36.4744],[174.4349,-36.4746],[174.4269,-36.4646],[174.4292,-36.459],[174.4367,-36.4545],[174.4454,-36.4591],[174.4404,-36.4633],[174.4452,-36.4659],[174.4425,-36.4718],[174.4464,-36.4708],[174.4454,-36.4644],[174.4479,-36.4648],[174.4505,-36.4693],[174.4566,-36.4694],[174.4626,-36.4753],[174.4549,-36.4683],[174.451,-36.4694],[174.4484,-36.4638],[174.4566,-36.4641],[174.4507,-36.4631],[174.4365,-36.4521],[174.4334,-36.4537],[174.4314,-36.4407],[174.4334,-36.4403],[174.4297,-36.4353],[174.4135,-36.4465],[174.4095,-36.4542],[174.4123,-36.4578],[174.4111,-36.4627],[174.4223,-36.4671],[174.422,-36.4737],[174.4146,-36.4773],[174.4245,-36.4771],[174.4252,-36.4871]],[[174.4481,-36.4634],[174.4455,-36.4626],[174.4462,-36.4613],[174.4481,-36.4634]],[[174.4476,-36.4639],[174.4471,-36.4639],[174.4467,-36.4631],[174.4476,-36.4639]],[[174.428,-36.4626],[174.428,-36.4623],[174.4283,-36.462],[174.428,-36.4626]],[[174.4315,-36.4725],[174.431,-36.4725],[174.4307,-36.4712],[174.4315,-36.4725]],[[174.4256,-36.4781],[174.4252,-36.4777],[174.4257,-36.4775],[174.4256,-36.4781]],[[174.4261,-36.4781],[174.4259,-36.4781],[174.4259,-36.477],[174.4261,-36.477],[174.4259,-36.4775],[174.4261,-36.4781]],[[174.4259,-36.4785],[174.4256,-36.4785],[174.4256,-36.4782],[174.4259,-36.4785]],[[174.4268,-36.4808],[174.4263,-36.4807],[174.4263,-36.4803],[174.4268,-36.4808]]]}},{"type":"Feature","properties":{},"geometry":{"type":"Polygon","coordinates":[[[174.9694,-37.1581],[174.9687,-37.1493],[174.9613,-37.146],[174.9675,-37.1506],[174.967,-37.1576],[174.9694,-37.1581]]]}},{"type":"Feature","properties":{},"geometry":{"type":"Polygon","coordinates":[[[174.4759,-36.9369],[174.4792,-36.9351],[174.4786,-36.9342],[174.4759,-36.9369]]]}},{"type":"Feature","properties":{},"geometry":{"type":"Polygon","coordinates":[[[174.4785,-36.9451],[174.4824,-36.9417],[174.4773,-36.9447],[174.4785,-36.9451]]]}},{"type":"Feature","properties":{},"geometry":{"type":"Polygon","coordinates":[[[174.467,-36.9478],[174.4759,-36.9427],[174.4682,-36.9459],[174.4681,-36.9397],[174.4655,-36.943],[174.467,-36.9478]]]}},{"type":"Feature","properties":{},"geometry":{"type":"Polygon","coordinates":[[[174.8951,-37.1943],[174.891,-37.1959],[174.8939,-37.1963],[174.8951,-37.1943]]]}},{"type":"Feature","properties":{},"geometry":{"type":"Polygon","coordinates":[[[174.2982,-36.5787],[174.3044,-36.5704],[174.3104,-36.5681],[174.3145,-36.559],[174.3136,-36.5485],[174.3199,-36.5481],[174.3191,-36.5461],[174.315,-36.5469],[174.3124,-36.5432],[174.3092,-36.546],[174.3102,-36.5512],[174.3051,-36.555],[174.3112,-36.5533],[174.311,-36.5615],[174.3049,-36.5628],[174.3018,-36.5603],[174.289,-36.5664],[174.3097,-36.5633],[174.3003,-36.5725],[174.2982,-36.5787]],[[174.3185,-36.5476],[174.3184,-36.5474],[174.3187,-36.5472],[174.3185,-36.5476]],[[174.3197,-36.5476],[174.3197,-36.5475],[174.3199,-36.5475],[174.3197,-36.5476]],[[174.3107,-36.563],[174.3105,-36.563],[174.3107,-36.5628],[174.3107,-36.563]],[[174.311,-36.5638],[174.3109,-36.5635],[174.3112,-36.5637],[174.311,-36.5638]]]}},{"type":"Feature","properties":{},"geometry":{"type":"Polygon","coordinates":[[[174.6116,-36.8603],[174.6166,-36.857],[174.6106,-36.8587],[174.6116,-36.8603]]]}},{"type":"Feature","properties":{},"geometry":{"type":"Polygon","coordinates":[[[175.1877,-36.8598],[175.1877,-36.8588],[175.1834,-36.8594],[175.1877,-36.8598]]]}},{"type":"Feature","properties":{},"geometry":{"type":"Polygon","coordinates":[[[175.1836,-36.8614],[175.181,-36.8592],[175.1778,-36.8602],[175.1836,-36.8614]]]}},{"type":"Feature","properties":{},"geometry":{"type":"Polygon","coordinates":[[[174.467,-36.7735],[174.4701,-36.7712],[174.4684,-36.7701],[174.467,-36.7735]]]}},{"type":"Feature","properties":{},"geometry":{"type":"Polygon","coordinates":[[[174.9798,-37.1184],[174.9806,-37.1148],[174.9746,-37.1121],[174.9803,-37.1112],[174.9786,-37.1098],[174.9511,-37.1057],[174.9629,-37.1109],[174.9731,-37.1113],[174.9798,-37.1184]],[[174.974,-37.1106],[174.9728,-37.1106],[174.9731,-37.1103],[174.974,-37.1106]],[[174.963,-37.1093],[174.962,-37.109],[174.9625,-37.1084],[174.963,-37.1093]],[[174.9646,-37.1094],[174.9641,-37.1094],[174.9641,-37.1093],[174.9646,-37.1093],[174.9646,-37.1094]],[[174.9724,-37.111],[174.9721,-37.1109],[174.9724,-37.1109],[174.9724,-37.111]],[[174.9731,-37.1112],[174.9728,-37.111],[174.9731,-37.1108],[174.9731,-37.1112]],[[174.9786,-37.1143],[174.9781,-37.114],[174.9781,-37.1138],[174.9786,-37.1143]]]}},{"type":"Feature","properties":{},"geometry":{"type":"Polygon","coordinates":[[[175.0173,-37.1222],[175.0204,-37.1192],[175.0175,-37.1139],[175.0205,-37.1033],[175.0161,-37.1133],[175.0141,-37.1128],[175.0177,-37.115],[175.0173,-37.1222]]]}},{"type":"Feature","properties":{},"geometry":{"type":"Polygon","coordinates":[[[175.0072,-37.1291],[175.01,-37.1272],[175.0072,-37.1252],[175.0072,-37.1291]]]}},{"type":"Feature","properties":{},"geometry":{"type":"Polygon","coordinates":[[[175.0199,-37.1294],[175.0272,-37.1265],[175.0212,-37.1271],[175.0199,-37.1294]]]}},{"type":"Feature","properties":{},"geometry":{"type":"Polygon","coordinates":[[[174.9926,-37.1329],[174.9962,-37.131],[174.9958,-37.1297],[174.9926,-37.1329]]]}},{"type":"Feature","properties":{},"geometry":{"type":"Polygon","coordinates":[[[175.0043,-37.1354],[175.0076,-37.1294],[175.0049,-37.132],[175.0043,-37.1354]]]}},{"type":"Feature","properties":{},"geometry":{"type":"Polygon","coordinates":[[[175.0212,-37.14],[175.0224,-37.1368],[175.0127,-37.1354],[175.0148,-37.1317],[175.0095,-37.135],[175.0212,-37.14]]]}},{"type":"Feature","properties":{},"geometry":{"type":"Polygon","coordinates":[[[174.9675,-37.1425],[174.9673,-37.1399],[174.9649,-37.14],[174.9675,-37.1425]]]}},{"type":"Feature","properties":{},"geometry":{"type":"Polygon","coordinates":[[[175.0083,-37.1581],[175.0154,-37.1572],[175.0011,-37.1555],[175.0083,-37.1581]]]}},{"type":"Feature","properties":{},"geometry":{"type":"Polygon","coordinates":[[[174.9757,-37.1593],[174.9758,-37.1547],[174.9784,-37.158],[174.969,-37.1419],[174.9717,-37.1474],[174.9656,-37.146],[174.9729,-37.1499],[174.9757,-37.1593]]]}},{"type":"Feature","properties":{},"geometry":{"type":"Polygon","coordinates":[[[175.0409,-37.1621],[175.045,-37.1602],[175.0441,-37.1596],[175.0409,-37.1621]]]}},{"type":"Feature","properties":{},"geometry":{"type":"Polygon","coordinates":[[[174.9825,-37.1641],[174.9798,-37.16],[174.9791,-37.1614],[174.9825,-37.1641]]]}},{"type":"Feature","properties":{},"geometry":{"type":"Polygon","coordinates":[[[175.046,-37.1671],[175.0445,-37.1657],[175.0414,-37.1663],[175.046,-37.1671]]]}},{"type":"Feature","properties":{},"geometry":{"type":"Polygon","coordinates":[[[175.0443,-37.177],[175.0562,-37.1725],[175.0596,-37.175],[175.0576,-37.171],[175.0443,-37.177]],[[175.0492,-37.1752],[175.0486,-37.1748],[175.0486,-37.1746],[175.0492,-37.1752]],[[175.0518,-37.174],[175.0515,-37.174],[175.0516,-37.1738],[175.0518,-37.174]],[[175.06,-37.1747],[175.0598,-37.1747],[175.0598,-37.1746],[175.06,-37.1746],[175.06,-37.1747]],[[175.0574,-37.1714],[175.0573,-37.1714],[175.0573,-37.1713],[175.0574,-37.1713],[175.0574,-37.1714]]]}},{"type":"Feature","properties":{},"geometry":{"type":"Polygon","coordinates":[[[175.0033,-37.1807],[175.0054,-37.1761],[175.0037,-37.1758],[175.0033,-37.1807]]]}},{"type":"Feature","properties":{},"geometry":{"type":"Polygon","coordinates":[[[175.0161,-37.1871],[175.0204,-37.1827],[175.0253,-37.186],[175.0231,-37.1823],[175.0363,-37.1827],[175.0284,-37.1796],[175.0356,-37.1761],[175.0419,-37.1772],[175.038,-37.1761],[175.0387,-37.1732],[175.0236,-37.1816],[175.0199,-37.1773],[175.0233,-37.1701],[175.0332,-37.1714],[175.031,-37.1674],[175.0342,-37.1649],[175.0378,-37.167],[175.0344,-37.1645],[175.0404,-37.1621],[175.034,-37.1637],[175.0364,-37.1578],[175.0342,-37.1582],[175.0334,-37.1645],[175.0185,-37.175],[175.0105,-37.1661],[174.9914,-37.1691],[174.9856,-37.1554],[174.9917,-37.1504],[174.9871,-37.1513],[174.975,-37.1382],[174.9878,-37.1442],[174.9806,-37.1419],[175.0042,-37.1368],[174.9873,-37.1412],[174.9837,-37.1391],[174.9861,-37.1347],[174.9839,-37.1343],[174.9798,-37.1387],[174.9723,-37.1319],[174.9757,-37.1343],[174.9757,-37.1309],[174.9818,-37.1325],[174.9731,-37.1283],[174.9794,-37.1299],[174.9816,-37.1291],[174.976,-37.1289],[174.9799,-37.1272],[174.976,-37.1253],[174.9827,-37.1249],[174.9687,-37.1225],[174.9682,-37.1185],[174.9726,-37.1195],[174.9721,-37.1174],[174.9658,-37.1187],[174.9629,-37.1158],[174.9661,-37.1143],[174.9535,-37.1165],[174.9569,-37.114],[174.9531,-37.1155],[174.9502,-37.1124],[174.9506,-37.1011],[174.9463,-37.101],[174.9467,-37.1072],[174.9432,-37.1095],[174.9468,-37.1076],[174.9514,-37.1177],[174.9559,-37.1178],[174.9613,-37.1287],[174.9618,-37.1246],[174.9632,-37.1261],[174.9692,-37.141],[174.9688,-37.1346],[174.9746,-37.1421],[174.9745,-37.1482],[174.982,-37.1513],[174.9813,-37.1612],[174.9828,-37.1516],[174.9745,-37.1457],[174.9828,-37.1489],[174.9895,-37.168],[174.9859,-37.1706],[175.0129,-37.1672],[175.0134,-37.174],[175.0194,-37.1777],[175.0154,-37.1777],[175.017,-37.183],[175.0195,-37.1822],[175.0161,-37.1871]],[[175.0327,-37.1769],[175.0323,-37.1767],[175.0327,-37.1766],[175.0327,-37.1769]],[[175.0313,-37.1776],[175.0313,-37.1772],[175.0317,-37.1772],[175.0313,-37.1776]],[[175.0349,-37.1603],[175.0347,-37.1603],[175.0349,-37.16],[175.0349,-37.1603]],[[174.9897,-37.1509],[174.9895,-37.1509],[174.9897,-37.1506],[174.9898,-37.1508],[174.9897,-37.1509]],[[174.9803,-37.14],[174.9801,-37.14],[174.9801,-37.1399],[174.9803,-37.1399],[174.9803,-37.14]],[[174.9793,-37.1408],[174.9784,-37.1404],[174.9793,-37.1403],[174.9793,-37.1408]],[[174.9847,-37.143],[174.9845,-37.143],[174.9845,-37.1429],[174.9847,-37.1429],[174.9847,-37.143]],[[174.984,-37.1433],[174.9839,-37.1433],[174.9839,-37.1431],[174.984,-37.1431],[174.984,-37.1433]],[[174.9864,-37.1431],[174.9863,-37.1431],[174.9861,-37.143],[174.9863,-37.143],[174.9864,-37.1431]],[[174.9851,-37.1346],[174.9847,-37.1344],[174.9851,-37.1343],[174.9851,-37.1346]],[[174.9825,-37.1378],[174.9822,-37.1378],[174.9823,-37.1377],[174.9825,-37.1378]],[[174.9798,-37.1289],[174.9793,-37.1289],[174.9794,-37.1287],[174.9798,-37.1289]],[[174.9791,-37.1272],[174.9787,-37.1272],[174.9787,-37.1271],[174.9791,-37.1271],[174.9791,-37.1272]],[[174.9828,-37.1255],[174.9827,-37.1255],[174.9828,-37.1252],[174.9828,-37.1255]],[[174.9806,-37.1244],[174.9804,-37.1242],[174.9808,-37.1242],[174.9806,-37.1244]],[[174.9676,-37.1204],[174.9675,-37.1204],[174.9675,-37.1203],[174.9676,-37.1203],[174.9676,-37.1204]],[[174.9494,-37.1127],[174.9494,-37.1123],[174.9495,-37.1123],[174.9494,-37.1127]],[[174.9526,-37.1159],[174.9523,-37.1159],[174.9523,-37.1157],[174.9526,-37.1159]],[[174.967,-37.1193],[174.9666,-37.1193],[174.9666,-37.1192],[174.967,-37.1192],[174.967,-37.1193]],[[174.9665,-37.1204],[174.9663,-37.1204],[174.9663,-37.1201],[174.9665,-37.1201],[174.9665,-37.1204]],[[174.9668,-37.121],[174.9666,-37.1207],[174.967,-37.1206],[174.9668,-37.121]],[[174.9646,-37.1211],[174.961,-37.1196],[174.9641,-37.1189],[174.9646,-37.1211]],[[174.9671,-37.1214],[174.967,-37.1214],[174.967,-37.1212],[174.9671,-37.1212],[174.9671,-37.1214]],[[174.9629,-37.1241],[174.961,-37.124],[174.961,-37.1226],[174.9629,-37.1241]],[[174.9639,-37.1289],[174.9637,-37.1286],[174.9641,-37.1286],[174.9639,-37.1289]],[[174.9642,-37.131],[174.9641,-37.1295],[174.9649,-37.1297],[174.9642,-37.131]],[[174.9738,-37.1257],[174.9735,-37.1257],[174.9745,-37.1253],[174.9738,-37.1257]],[[174.9724,-37.126],[174.9721,-37.126],[174.9721,-37.1259],[174.9724,-37.1259],[174.9724,-37.126]],[[174.9724,-37.1263],[174.9724,-37.1261],[174.9726,-37.1261],[174.9724,-37.1263]],[[174.9753,-37.1265],[174.9752,-37.1265],[174.9752,-37.1264],[174.9753,-37.1264],[174.9753,-37.1265]],[[174.9712,-37.1275],[174.9709,-37.1267],[174.9714,-37.1271],[174.9712,-37.1275]],[[174.9717,-37.129],[174.9719,-37.1282],[174.9724,-37.1283],[174.9717,-37.129]],[[174.9695,-37.1325],[174.9659,-37.1256],[174.9707,-37.1264],[174.9695,-37.1325]],[[174.9668,-37.134],[174.9665,-37.1332],[174.9671,-37.1333],[174.9668,-37.134]],[[174.9745,-37.1378],[174.974,-37.1377],[174.9743,-37.1376],[174.9745,-37.1378]],[[175.0093,-37.1664],[175.009,-37.1664],[175.009,-37.1663],[175.0093,-37.1663],[175.0093,-37.1664]],[[175.0199,-37.1761],[175.0195,-37.1758],[175.0197,-37.1757],[175.0199,-37.1761]]]}},{"type":"Feature","properties":{},"geometry":{"type":"Polygon","coordinates":[[[175.0093,-37.1927],[175.0137,-37.1887],[175.0079,-37.1903],[175.0093,-37.1927]]]}},{"type":"Feature","properties":{},"geometry":{"type":"Polygon","coordinates":[[[174.6176,-36.8633],[174.6213,-36.8576],[174.6248,-36.8566],[174.6241,-36.8607],[174.6278,-36.8569],[174.6256,-36.8566],[174.6278,-36.8456],[174.6181,-36.8518],[174.6207,-36.8523],[174.6176,-36.855],[174.6248,-36.8513],[174.6143,-36.8598],[174.6137,-36.8618],[174.6184,-36.8599],[174.6176,-36.8633]],[[174.6273,-36.8479],[174.627,-36.8475],[174.6271,-36.8472],[174.6275,-36.8476],[174.6273,-36.8479]],[[174.6222,-36.8528],[174.6222,-36.8524],[174.6225,-36.8523],[174.6222,-36.8528]],[[174.6261,-36.8524],[174.6256,-36.8523],[174.6268,-36.8509],[174.6261,-36.8524]],[[174.6261,-36.8538],[174.6259,-36.8527],[174.6266,-36.8525],[174.6261,-36.8538]],[[174.6246,-36.8558],[174.6253,-36.8543],[174.6259,-36.8553],[174.6246,-36.8558]],[[174.6239,-36.8563],[174.6232,-36.8562],[174.6237,-36.8557],[174.6239,-36.8563]],[[174.6193,-36.8573],[174.6191,-36.8573],[174.6193,-36.8572],[174.6193,-36.8573]],[[174.6155,-36.8594],[174.6152,-36.8592],[174.6155,-36.8591],[174.6155,-36.8594]]]}},{"type":"Feature","properties":{},"geometry":{"type":"Polygon","coordinates":[[[174.6217,-36.8658],[174.6189,-36.8626],[174.6195,-36.865],[174.6217,-36.8658]]]}},{"type":"Feature","properties":{},"geometry":{"type":"Polygon","coordinates":[[[174.6114,-36.8689],[174.613,-36.863],[174.6108,-36.8669],[174.6114,-36.8689]]]}},{"type":"Feature","properties":{},"geometry":{"type":"Polygon","coordinates":[[[174.6258,-36.8718],[174.6254,-36.865],[174.6208,-36.87],[174.6258,-36.8718]],[[174.6249,-36.8686],[174.6248,-36.8686],[174.6248,-36.8685],[174.6249,-36.8685],[174.6249,-36.8686]],[[174.6237,-36.8693],[174.6227,-36.8688],[174.6239,-36.8674],[174.6237,-36.8693]],[[174.6249,-36.871],[174.6244,-36.87],[174.6253,-36.8701],[174.6249,-36.871]]]}},{"type":"Feature","properties":{},"geometry":{"type":"Polygon","coordinates":[[[174.7782,-36.3311],[174.7801,-36.3245],[174.776,-36.3296],[174.7782,-36.3311]],[[174.7789,-36.3274],[174.7785,-36.3274],[174.7787,-36.3267],[174.779,-36.3267],[174.7789,-36.3274]],[[174.7787,-36.3283],[174.7785,-36.3283],[174.7785,-36.3282],[174.7787,-36.3282],[174.7787,-36.3283]]]}},{"type":"Feature","properties":{},"geometry":{"type":"Polygon","coordinates":[[[174.8663,-36.8595],[174.8634,-36.8622],[174.8669,-36.864],[174.8663,-36.8595]]]}},{"type":"Feature","properties":{},"geometry":{"type":"Polygon","coordinates":[[[174.3187,-36.3326],[174.3291,-36.3217],[174.3249,-36.3204],[174.3249,-36.3249],[174.3187,-36.3326]]]}},{"type":"Feature","properties":{},"geometry":{"type":"Polygon","coordinates":[[[174.318,-36.3403],[174.3179,-36.3362],[174.3167,-36.3351],[174.318,-36.3403]]]}},{"type":"Feature","properties":{},"geometry":{"type":"Polygon","coordinates":[[[174.3464,-36.6129],[174.3448,-36.6082],[174.3406,-36.6079],[174.3464,-36.6129]]]}},{"type":"Feature","properties":{},"geometry":{"type":"Polygon","coordinates":[[[174.7545,-36.8823],[174.7447,-36.8787],[174.7447,-36.8807],[174.7545,-36.8823]],[[174.7446,-36.8798],[174.7447,-36.8792],[174.7464,-36.8796],[174.7446,-36.8798]],[[174.7473,-36.8798],[174.7466,-36.8797],[174.747,-36.8796],[174.7473,-36.8798]]]}},{"type":"Feature","properties":{},"geometry":{"type":"Polygon","coordinates":[[[174.7439,-36.8834],[174.7418,-36.8797],[174.7364,-36.8808],[174.7439,-36.8834]],[[174.7415,-36.8808],[174.7413,-36.8808],[174.7413,-36.8805],[174.7415,-36.8805],[174.7415,-36.8808]],[[174.7423,-36.8811],[174.7422,-36.8811],[174.7422,-36.8809],[174.7423,-36.8809],[174.7423,-36.8811]]]}},{"type":"Feature","properties":{},"geometry":{"type":"Polygon","coordinates":[[[174.5075,-36.2455],[174.5073,-36.2437],[174.5048,-36.2436],[174.5075,-36.2455]]]}},{"type":"Feature","properties":{},"geometry":{"type":"Polygon","coordinates":[[[174.5046,-36.2459],[174.5048,-36.2446],[174.4993,-36.2426],[174.5046,-36.2459]]]}},{"type":"Feature","properties":{},"geometry":{"type":"Polygon","coordinates":[[[174.5824,-36.8782],[174.5884,-36.8695],[174.5906,-36.876],[174.5898,-36.8675],[174.5985,-36.8577],[174.5992,-36.8621],[174.6007,-36.8607],[174.6043,-36.8518],[174.5945,-36.8512],[174.6015,-36.8539],[174.5916,-36.8617],[174.5739,-36.8603],[174.5688,-36.8641],[174.5945,-36.861],[174.5896,-36.864],[174.5916,-36.8645],[174.5824,-36.8782]],[[174.6019,-36.8587],[174.6015,-36.8587],[174.6015,-36.8584],[174.6019,-36.8587]],[[174.6027,-36.8546],[174.6026,-36.8543],[174.6029,-36.8542],[174.6027,-36.8546]],[[174.5954,-36.86],[174.5962,-36.8577],[174.5973,-36.8588],[174.5954,-36.86]],[[174.5742,-36.8609],[174.5741,-36.8609],[174.5741,-36.8606],[174.5742,-36.8606],[174.5742,-36.8609]],[[174.5712,-36.8641],[174.571,-36.8641],[174.5713,-36.8639],[174.5712,-36.8641]],[[174.5706,-36.8643],[174.5705,-36.8643],[174.5705,-36.8641],[174.5706,-36.8641],[174.5706,-36.8643]]]}},{"type":"Feature","properties":{},"geometry":{"type":"Polygon","coordinates":[[[174.3418,-36.3945],[174.3401,-36.3917],[174.3375,-36.3918],[174.3418,-36.3945]],[[174.3413,-36.3942],[174.3409,-36.394],[174.3411,-36.3939],[174.3413,-36.3942]]]}},{"type":"Feature","properties":{},"geometry":{"type":"Polygon","coordinates":[[[174.7057,-37.2261],[174.7156,-37.2235],[174.7154,-37.2213],[174.7057,-37.2261]]]}},{"type":"Feature","properties":{},"geometry":{"type":"Polygon","coordinates":[[[174.7046,-37.2292],[174.7103,-37.2279],[174.7103,-37.2254],[174.7046,-37.2292]],[[174.7092,-37.2273],[174.7079,-37.2272],[174.7091,-37.2266],[174.7092,-37.2273]]]}},{"type":"Feature","properties":{},"geometry":{"type":"Polygon","coordinates":[[[174.669,-37.2348],[174.6695,-37.2332],[174.6666,-37.233],[174.669,-37.2348]]]}},{"type":"Feature","properties":{},"geometry":{"type":"Polygon","coordinates":[[[174.6789,-37.2387],[174.7019,-37.2275],[174.6855,-37.2356],[174.6787,-37.2356],[174.6812,-37.2361],[174.6789,-37.2387]]]}},{"type":"Feature","properties":{},"geometry":{"type":"Polygon","coordinates":[[[174.6661,-37.2398],[174.6664,-37.2361],[174.663,-37.2343],[174.6661,-37.2398]]]}},{"type":"Feature","properties":{},"geometry":{"type":"Polygon","coordinates":[[[174.6715,-37.242],[174.6742,-37.2387],[174.6708,-37.2397],[174.6715,-37.242]]]}},{"type":"Feature","properties":{},"geometry":{"type":"Polygon","coordinates":[[[174.6637,-37.2443],[174.6671,-37.2416],[174.6582,-37.2397],[174.6637,-37.2443]],[[174.6591,-37.2421],[174.6592,-37.2419],[174.6594,-37.242],[174.6591,-37.2421]],[[174.6604,-37.242],[174.6603,-37.2416],[174.6604,-37.2416],[174.6604,-37.242]],[[174.6604,-37.2424],[174.6603,-37.2424],[174.6603,-37.2423],[174.6604,-37.2423],[174.6604,-37.2424]]]}},{"type":"Feature","properties":{},"geometry":{"type":"Polygon","coordinates":[[[174.6574,-37.2473],[174.6599,-37.2454],[174.6585,-37.2448],[174.6574,-37.2473]]]}},{"type":"Feature","properties":{},"geometry":{"type":"Polygon","coordinates":[[[174.4245,-36.7521],[174.4201,-36.7543],[174.4239,-36.7545],[174.4245,-36.7521]]]}},{"type":"Feature","properties":{},"geometry":{"type":"Polygon","coordinates":[[[174.4153,-36.348],[174.4174,-36.3396],[174.4138,-36.3473],[174.4153,-36.348]]]}},{"type":"Feature","properties":{},"geometry":{"type":"Polygon","coordinates":[[[174.7319,-37.1803],[174.7367,-37.1746],[174.7313,-37.1767],[174.7319,-37.1803]],[[174.7331,-37.1767],[174.7326,-37.1765],[174.7331,-37.1762],[174.7331,-37.1767]]]}},{"type":"Feature","properties":{},"geometry":{"type":"Polygon","coordinates":[[[174.6917,-37.2222],[174.6983,-37.2189],[174.6958,-37.2192],[174.6917,-37.2222]]]}},{"type":"Feature","properties":{},"geometry":{"type":"Polygon","coordinates":[[[174.6125,-37.1752],[174.6126,-37.1733],[174.6099,-37.175],[174.6125,-37.1752]]]}},{"type":"Feature","properties":{},"geometry":{"type":"Polygon","coordinates":[[[174.6901,-36.5703],[174.6893,-36.5663],[174.6937,-36.5656],[174.6927,-36.5674],[174.6966,-36.5591],[174.7065,-36.5554],[174.7055,-36.5537],[174.7009,-36.5565],[174.6997,-36.5516],[174.6999,-36.5567],[174.694,-36.559],[174.6918,-36.5524],[174.6927,-36.5565],[174.6888,-36.5552],[174.6951,-36.5616],[174.6845,-36.5655],[174.6816,-36.5601],[174.6785,-36.5639],[174.6871,-36.5661],[174.6901,-36.5703]],[[174.6999,-36.5572],[174.6997,-36.557],[174.7002,-36.557],[174.6999,-36.5572]],[[174.692,-36.5653],[174.6896,-36.5639],[174.6906,-36.5637],[174.692,-36.5653]],[[174.6942,-36.5653],[174.6939,-36.565],[174.6942,-36.565],[174.6942,-36.5653]],[[174.6906,-36.5656],[174.6901,-36.5652],[174.6905,-36.565],[174.6906,-36.5656]],[[174.6886,-36.5657],[174.6893,-36.5652],[174.6894,-36.5656],[174.6886,-36.5657]]]}},{"type":"Feature","properties":{},"geometry":{"type":"Polygon","coordinates":[[[174.5387,-36.995],[174.5399,-36.9909],[174.5384,-36.9922],[174.5387,-36.995]]]}},{"type":"Feature","properties":{},"geometry":{"type":"Polygon","coordinates":[[[174.5631,-37.0053],[174.565,-37.0044],[174.549,-36.9997],[174.5631,-37.0053]]]}},{"type":"Feature","properties":{},"geometry":{"type":"Polygon","coordinates":[[[174.7884,-36.8249],[174.7883,-36.8234],[174.7842,-36.824],[174.7884,-36.8249]]]}},{"type":"Feature","properties":{},"geometry":{"type":"Polygon","coordinates":[[[175.0066,-36.8841],[175.0122,-36.8798],[175.0033,-36.8827],[175.0066,-36.8841]]]}},{"type":"Feature","properties":{},"geometry":{"type":"Polygon","coordinates":[[[174.3298,-36.3403],[174.3281,-36.333],[174.3346,-36.3307],[174.3358,-36.3354],[174.3355,-36.3301],[174.3394,-36.3283],[174.3491,-36.3336],[174.3477,-36.3391],[174.3486,-36.3349],[174.3549,-36.3367],[174.343,-36.3286],[174.3421,-36.3238],[174.3382,-36.3234],[174.3264,-36.3341],[174.3298,-36.3403]],[[174.3477,-36.3373],[174.3476,-36.3373],[174.3476,-36.337],[174.3477,-36.337],[174.3477,-36.3373]]]}},{"type":"Feature","properties":{},"geometry":{"type":"Polygon","coordinates":[[[174.8234,-36.9273],[174.8256,-36.9269],[174.8234,-36.9253],[174.8234,-36.9273]],[[174.8244,-36.9266],[174.8243,-36.9266],[174.8243,-36.9265],[174.8244,-36.9265],[174.8244,-36.9266]]]}},{"type":"Feature","properties":{},"geometry":{"type":"Polygon","coordinates":[[[174.8074,-36.8782],[174.8062,-36.8742],[174.8094,-36.8721],[174.8048,-36.8659],[174.8074,-36.8782]]]}},{"type":"Feature","properties":{},"geometry":{"type":"Polygon","coordinates":[[[174.594,-36.8499],[174.594,-36.8416],[174.5933,-36.8439],[174.5884,-36.841],[174.5834,-36.8442],[174.594,-36.8441],[174.594,-36.8499]]]}},{"type":"Feature","properties":{},"geometry":{"type":"Polygon","coordinates":[[[174.8589,-37.0774],[174.8637,-37.0641],[174.8579,-37.0707],[174.8589,-37.0774]]]}},{"type":"Feature","properties":{},"geometry":{"type":"Polygon","coordinates":[[[175.4746,-36.1786],[175.4792,-36.1745],[175.4857,-36.1778],[175.4807,-36.1716],[175.4877,-36.1757],[175.4831,-36.1713],[175.4892,-36.1728],[175.4822,-36.1691],[175.4753,-36.1735],[175.4624,-36.175],[175.4768,-36.174],[175.4799,-36.171],[175.4746,-36.1786]],[[175.4841,-36.1765],[175.484,-36.1765],[175.484,-36.1764],[175.4841,-36.1764],[175.4841,-36.1765]],[[175.4834,-36.1696],[175.4833,-36.1694],[175.4836,-36.1695],[175.4834,-36.1696]]]}},{"type":"Feature","properties":{},"geometry":{"type":"Polygon","coordinates":[[[174.4041,-36.3074],[174.4013,-36.2982],[174.3993,-36.3021],[174.4041,-36.3074]],[[174.4007,-36.3006],[174.4001,-36.3004],[174.401,-36.3001],[174.4007,-36.3006]]]}},{"type":"Feature","properties":{},"geometry":{"type":"Polygon","coordinates":[[[174.8145,-36.926],[174.813,-36.9234],[174.812,-36.9246],[174.8145,-36.926]],[[174.8128,-36.9236],[174.8127,-36.9236],[174.8127,-36.9235],[174.8128,-36.9235],[174.8128,-36.9236]],[[174.8125,-36.9251],[174.8123,-36.9251],[174.8123,-36.9249],[174.8125,-36.9249],[174.8125,-36.9251]]]}},{"type":"Feature","properties":{},"geometry":{"type":"Polygon","coordinates":[[[175.1235,-37.1844],[175.1242,-37.1803],[175.1213,-37.1804],[175.1235,-37.1844]]]}},{"type":"Feature","properties":{},"geometry":{"type":"Polygon","coordinates":[[[174.7635,-36.6357],[174.7657,-36.632],[174.7633,-36.6334],[174.7635,-36.6357]]]}},{"type":"Feature","properties":{},"geometry":{"type":"Polygon","coordinates":[[[175.2283,-36.9658],[175.2312,-36.9629],[175.2308,-36.9543],[175.2235,-36.9603],[175.2307,-36.9598],[175.2283,-36.9658]],[[175.2308,-36.9575],[175.2298,-36.9572],[175.2298,-36.9556],[175.2308,-36.9575]],[[175.2308,-36.9579],[175.2307,-36.9577],[175.2308,-36.9576],[175.2308,-36.9579]]]}},{"type":"Feature","properties":{},"geometry":{"type":"Polygon","coordinates":[[[174.7779,-36.3428],[174.7813,-36.3414],[174.7777,-36.3403],[174.7779,-36.3428]]]}},{"type":"Feature","properties":{},"geometry":{"type":"Polygon","coordinates":[[[174.7796,-36.3454],[174.783,-36.344],[174.7792,-36.3439],[174.7796,-36.3454]],[[174.7823,-36.3442],[174.7823,-36.344],[174.7825,-36.344],[174.7823,-36.3442]],[[174.7794,-36.3448],[174.7792,-36.3448],[174.7792,-36.3447],[174.7794,-36.3447],[174.7794,-36.3448]]]}},{"type":"Feature","properties":{},"geometry":{"type":"Polygon","coordinates":[[[174.828,-36.9258],[174.8248,-36.9178],[174.8243,-36.9215],[174.828,-36.9258]]]}},{"type":"Feature","properties":{},"geometry":{"type":"Polygon","coordinates":[[[174.8695,-36.4302],[174.8668,-36.4252],[174.8733,-36.4203],[174.8741,-36.4244],[174.875,-36.4186],[174.8663,-36.42],[174.8663,-36.4241],[174.8523,-36.4255],[174.8577,-36.4276],[174.8623,-36.4245],[174.8695,-36.4302]],[[174.8646,-36.4254],[174.8644,-36.4254],[174.8646,-36.4251],[174.8646,-36.4254]]]}},{"type":"Feature","properties":{},"geometry":{"type":"Polygon","coordinates":[[[174.6502,-37.0809],[174.6558,-37.0805],[174.6551,-37.0782],[174.6502,-37.0809]]]}},{"type":"Feature","properties":{},"geometry":{"type":"Polygon","coordinates":[[[175.1522,-36.7738],[175.1554,-36.7723],[175.1527,-36.7719],[175.1522,-36.7738]]]}},{"type":"Feature","properties":{},"geometry":{"type":"Polygon","coordinates":[[[175.1484,-36.7908],[175.1544,-36.7886],[175.1556,-36.7827],[175.1528,-36.7794],[175.1533,-36.7879],[175.1472,-36.789],[175.1484,-36.7908]],[[175.1551,-36.7832],[175.1549,-36.7832],[175.1549,-36.7831],[175.1551,-36.7831],[175.1551,-36.7832]]]}},{"type":"Feature","properties":{},"geometry":{"type":"Polygon","coordinates":[[[175.4478,-36.2796],[175.4493,-36.277],[175.4403,-36.2719],[175.4478,-36.2796]]]}},{"type":"Feature","properties":{},"geometry":{"type":"Polygon","coordinates":[[[174.6176,-36.8693],[174.6149,-36.8707],[174.6174,-36.8711],[174.6176,-36.8693]]]}},{"type":"Feature","properties":{},"geometry":{"type":"Polygon","coordinates":[[[174.6198,-36.1236],[174.6174,-36.12],[174.6164,-36.1211],[174.6198,-36.1236]],[[174.6172,-36.1207],[174.6171,-36.1207],[174.6171,-36.1206],[174.6172,-36.1206],[174.6172,-36.1207]]]}},{"type":"Feature","properties":{},"geometry":{"type":"Polygon","coordinates":[[[175.0398,-36.8867],[175.0448,-36.885],[175.0397,-36.8797],[175.0398,-36.8867]]]}},{"type":"Feature","properties":{},"geometry":{"type":"Polygon","coordinates":[[[174.8523,-36.925],[174.8533,-36.9288],[174.854,-36.9262],[174.8523,-36.925]]]}},{"type":"Feature","properties":{},"geometry":{"type":"Polygon","coordinates":[[[174.7289,-37.1898],[174.7272,-37.1878],[174.7236,-37.1879],[174.7289,-37.1898]],[[174.7265,-37.1886],[174.7263,-37.1884],[174.7266,-37.1883],[174.7265,-37.1886]]]}},{"type":"Feature","properties":{},"geometry":{"type":"Polygon","coordinates":[[[174.7231,-36.9228],[174.7219,-36.9196],[174.7212,-36.9223],[174.7231,-36.9228]]]}},{"type":"Feature","properties":{},"geometry":{"type":"Polygon","coordinates":[[[174.7292,-36.9236],[174.7224,-36.9171],[174.7246,-36.9137],[174.7193,-36.9142],[174.7202,-36.9111],[174.7094,-36.913],[174.7034,-36.9108],[174.7053,-36.9074],[174.6963,-36.9099],[174.6956,-36.9119],[174.7012,-36.9114],[174.706,-36.9149],[174.7193,-36.9148],[174.7292,-36.9236]],[[174.7016,-36.9101],[174.7012,-36.9101],[174.7014,-36.9099],[174.7016,-36.9101]],[[174.7012,-36.9105],[174.701,-36.9103],[174.7017,-36.9103],[174.7012,-36.9105]],[[174.7012,-36.911],[174.7009,-36.911],[174.7014,-36.9107],[174.7012,-36.911]],[[174.7045,-36.9123],[174.7043,-36.9122],[174.7045,-36.912],[174.7045,-36.9123]]]}},{"type":"Feature","properties":{},"geometry":{"type":"Polygon","coordinates":[[[174.7309,-36.9281],[174.7294,-36.9238],[174.7289,-36.9251],[174.7309,-36.9281]]]}},{"type":"Feature","properties":{},"geometry":{"type":"Polygon","coordinates":[[[174.3694,-36.3333],[174.3701,-36.3204],[174.3641,-36.3191],[174.3686,-36.3231],[174.3694,-36.3333]]]}},{"type":"Feature","properties":{},"geometry":{"type":"Polygon","coordinates":[[[174.8903,-36.7835],[174.8903,-36.7813],[174.8857,-36.7812],[174.8903,-36.7835]]]}},{"type":"Feature","properties":{},"geometry":{"type":"Polygon","coordinates":[[[174.875,-36.7889],[174.8774,-36.7856],[174.8733,-36.7849],[174.875,-36.7889]],[[174.877,-36.7864],[174.8768,-36.7864],[174.8768,-36.7861],[174.877,-36.7861],[174.877,-36.7864]]]}},{"type":"Feature","properties":{},"geometry":{"type":"Polygon","coordinates":[[[174.6585,-36.6123],[174.6591,-36.6042],[174.6577,-36.6064],[174.6585,-36.6123]]]}},{"type":"Feature","properties":{},"geometry":{"type":"Polygon","coordinates":[[[174.643,-36.6197],[174.6497,-36.6181],[174.6538,-36.6133],[174.6527,-36.6046],[174.6591,-36.5996],[174.6396,-36.6099],[174.6393,-36.6141],[174.6459,-36.6064],[174.6522,-36.6066],[174.6475,-36.6103],[174.6524,-36.6068],[174.6492,-36.6141],[174.6514,-36.6137],[174.6417,-36.6178],[174.6457,-36.6178],[174.643,-36.6197]],[[174.6422,-36.6088],[174.6417,-36.6088],[174.6423,-36.6083],[174.6422,-36.6088]],[[174.6396,-36.6131],[174.6393,-36.613],[174.6396,-36.6129],[174.6396,-36.6131]],[[174.6536,-36.609],[174.6533,-36.609],[174.6533,-36.6083],[174.6536,-36.6083],[174.6536,-36.609]],[[174.6536,-36.6096],[174.6534,-36.6092],[174.6538,-36.6093],[174.6536,-36.6096]],[[174.6527,-36.6099],[174.6524,-36.6077],[174.6531,-36.6081],[174.6527,-36.6099]],[[174.6531,-36.6104],[174.6529,-36.6104],[174.6529,-36.6099],[174.6531,-36.6099],[174.6531,-36.6104]],[[174.6533,-36.613],[174.6531,-36.6127],[174.6534,-36.6126],[174.6533,-36.613]],[[174.651,-36.6136],[174.6505,-36.6134],[174.6509,-36.6131],[174.651,-36.6136]],[[174.65,-36.6137],[174.6497,-36.6136],[174.6504,-36.6134],[174.65,-36.6137]],[[174.6526,-36.6145],[174.6524,-36.6145],[174.6526,-36.6144],[174.6524,-36.6142],[174.6526,-36.6142],[174.6526,-36.6145]],[[174.6512,-36.6149],[174.651,-36.6149],[174.651,-36.6148],[174.6512,-36.6148],[174.6512,-36.6149]],[[174.6509,-36.6151],[174.6507,-36.6151],[174.6507,-36.6149],[174.6509,-36.6149],[174.6509,-36.6151]],[[174.6469,-36.6178],[174.6468,-36.6178],[174.6468,-36.6177],[174.6469,-36.6177],[174.6469,-36.6178]],[[174.6483,-36.6179],[174.6461,-36.6175],[174.65,-36.6159],[174.6483,-36.6179]],[[174.6476,-36.6183],[174.6469,-36.6181],[174.6473,-36.6179],[174.6476,-36.6183]]]}},{"type":"Feature","properties":{},"geometry":{"type":"Polygon","coordinates":[[[174.2231,-36.5505],[174.2226,-36.5468],[174.2214,-36.5493],[174.2231,-36.5505]],[[174.2228,-36.5486],[174.2225,-36.5486],[174.2225,-36.5485],[174.2228,-36.5485],[174.2228,-36.5486]],[[174.2228,-36.5489],[174.2226,-36.5489],[174.2226,-36.5487],[174.2228,-36.5487],[174.2228,-36.5489]],[[174.2221,-36.549],[174.2218,-36.549],[174.2218,-36.5489],[174.2221,-36.5489],[174.2221,-36.549]]]}},{"type":"Feature","properties":{},"geometry":{"type":"Polygon","coordinates":[[[174.8943,-37.2058],[174.8903,-37.2072],[174.8925,-37.2082],[174.8943,-37.2058]]]}},{"type":"Feature","properties":{},"geometry":{"type":"Polygon","coordinates":[[[174.366,-36.3569],[174.3662,-36.3547],[174.3636,-36.3531],[174.366,-36.3569]]]}},{"type":"Feature","properties":{},"geometry":{"type":"Polygon","coordinates":[[[174.3877,-36.3776],[174.3756,-36.3659],[174.3795,-36.3604],[174.374,-36.3628],[174.367,-36.3576],[174.3877,-36.3776]],[[174.3715,-36.3624],[174.3713,-36.3624],[174.3713,-36.3623],[174.3715,-36.3623],[174.3715,-36.3624]]]}},{"type":"Feature","properties":{},"geometry":{"type":"Polygon","coordinates":[[[174.7287,-37.2241],[174.7299,-37.2215],[174.7278,-37.2213],[174.7287,-37.2241]]]}},{"type":"Feature","properties":{},"geometry":{"type":"Polygon","coordinates":[[[174.3431,-36.6025],[174.3443,-36.6008],[174.338,-36.5999],[174.3431,-36.6025]]]}},{"type":"Feature","properties":{},"geometry":{"type":"Polygon","coordinates":[[[174.2185,-36.4985],[174.2166,-36.4989],[174.2208,-36.5006],[174.2185,-36.4985]]]}},{"type":"Feature","properties":{},"geometry":{"type":"Polygon","coordinates":[[[174.7606,-37.2122],[174.7649,-37.2117],[174.7676,-37.2091],[174.7606,-37.2122]]]}},{"type":"Feature","properties":{},"geometry":{"type":"Polygon","coordinates":[[[174.7574,-37.2128],[174.7557,-37.2094],[174.756,-37.2124],[174.7574,-37.2128]]]}},{"type":"Feature","properties":{},"geometry":{"type":"Polygon","coordinates":[[[174.7565,-37.2179],[174.7606,-37.2166],[174.7575,-37.2163],[174.7565,-37.2179]]]}},{"type":"Feature","properties":{},"geometry":{"type":"Polygon","coordinates":[[[174.7831,-37.2181],[174.7845,-37.2166],[174.7789,-37.2151],[174.7831,-37.2181]]]}},{"type":"Feature","properties":{},"geometry":{"type":"Polygon","coordinates":[[[174.7683,-37.2291],[174.778,-37.2269],[174.7661,-37.2254],[174.7683,-37.2291]]]}},{"type":"Feature","properties":{},"geometry":{"type":"Polygon","coordinates":[[[174.7405,-37.2321],[174.7651,-37.2249],[174.7787,-37.2112],[174.7695,-37.2192],[174.7698,-37.2122],[174.7671,-37.2202],[174.7572,-37.2246],[174.7546,-37.2226],[174.7555,-37.2166],[174.7603,-37.2125],[174.7538,-37.2178],[174.7511,-37.2284],[174.7377,-37.227],[174.7374,-37.2295],[174.7415,-37.2287],[174.7405,-37.2321]],[[174.7475,-37.2288],[174.7471,-37.2288],[174.7471,-37.2285],[174.7475,-37.2288]],[[174.7466,-37.2294],[174.7464,-37.2294],[174.7466,-37.2292],[174.7466,-37.2294]],[[174.7592,-37.2258],[174.7596,-37.2251],[174.7599,-37.2255],[174.7592,-37.2258]],[[174.7628,-37.2247],[174.7627,-37.2245],[174.763,-37.2245],[174.7628,-37.2247]],[[174.7558,-37.2232],[174.7557,-37.2232],[174.7557,-37.223],[174.7558,-37.223],[174.7558,-37.2232]],[[174.7553,-37.2234],[174.7551,-37.2232],[174.7555,-37.2231],[174.7553,-37.2234]],[[174.754,-37.2251],[174.7541,-37.2249],[174.7538,-37.2249],[174.7541,-37.2243],[174.7543,-37.2246],[174.754,-37.2251]],[[174.7601,-37.225],[174.7599,-37.225],[174.7599,-37.2249],[174.7601,-37.2249],[174.7601,-37.225]],[[174.7594,-37.2251],[174.7594,-37.225],[174.7596,-37.225],[174.7594,-37.2251]],[[174.7543,-37.2268],[174.754,-37.2265],[174.7543,-37.2262],[174.7543,-37.2268]],[[174.7393,-37.2275],[174.7389,-37.2275],[174.7389,-37.2273],[174.7393,-37.2273],[174.7393,-37.2275]]]}},{"type":"Feature","properties":{},"geometry":{"type":"Polygon","coordinates":[[[174.769,-37.2383],[174.7584,-37.2284],[174.7541,-37.23],[174.7553,-37.2336],[174.7608,-37.2319],[174.769,-37.2383]],[[174.7577,-37.2315],[174.7574,-37.2314],[174.7577,-37.2313],[174.7577,-37.2315]],[[174.7628,-37.2336],[174.7627,-37.2336],[174.7627,-37.2333],[174.7628,-37.2333],[174.7628,-37.2336]]]}},{"type":"Feature","properties":{},"geometry":{"type":"Polygon","coordinates":[[[174.9381,-36.949],[174.9402,-36.9485],[174.9357,-36.9459],[174.9344,-36.926],[174.9356,-36.9243],[174.9397,-36.929],[174.9362,-36.9236],[174.9393,-36.9183],[174.9422,-36.9204],[174.9436,-36.9165],[174.948,-36.9155],[174.9482,-36.9202],[174.9528,-36.9129],[174.9571,-36.9144],[174.9547,-36.9085],[174.9409,-36.9148],[174.9342,-36.9253],[174.9352,-36.9478],[174.9381,-36.949]]]}},{"type":"Feature","properties":{},"geometry":{"type":"Polygon","coordinates":[[[174.6763,-36.318],[174.6806,-36.3176],[174.6754,-36.3171],[174.6763,-36.318]],[[174.6763,-36.3179],[174.6761,-36.3176],[174.6765,-36.3176],[174.6763,-36.3179]]]}},{"type":"Feature","properties":{},"geometry":{"type":"Polygon","coordinates":[[[174.7034,-36.3282],[174.7016,-36.3238],[174.7014,-36.3256],[174.7034,-36.3282]]]}},{"type":"Feature","properties":{},"geometry":{"type":"Polygon","coordinates":[[[174.6915,-36.3296],[174.6884,-36.3245],[174.6889,-36.3272],[174.6915,-36.3296]],[[174.6896,-36.3268],[174.6894,-36.3268],[174.6894,-36.3267],[174.6896,-36.3267],[174.6896,-36.3268]]]}},{"type":"Feature","properties":{},"geometry":{"type":"Polygon","coordinates":[[[174.6645,-36.3672],[174.6659,-36.3657],[174.6618,-36.367],[174.6645,-36.3672]]]}},{"type":"Feature","properties":{},"geometry":{"type":"Polygon","coordinates":[[[174.6958,-36.3782],[174.701,-36.3733],[174.7051,-36.3715],[174.708,-36.3745],[174.7074,-36.3726],[174.6976,-36.3721],[174.6958,-36.3782]],[[174.7067,-36.3723],[174.7062,-36.3721],[174.7063,-36.3719],[174.7067,-36.3723]]]}},{"type":"Feature","properties":{},"geometry":{"type":"Polygon","coordinates":[[[174.714,-36.4008],[174.7176,-36.3932],[174.7234,-36.392],[174.7266,-36.3936],[174.7253,-36.3972],[174.7304,-36.3942],[174.7345,-36.3987],[174.7405,-36.3972],[174.7369,-36.3899],[174.7434,-36.389],[174.7306,-36.3872],[174.7307,-36.3851],[174.735,-36.3787],[174.7415,-36.381],[174.7391,-36.3778],[174.7427,-36.3743],[174.7388,-36.3679],[174.7357,-36.3728],[174.733,-36.3703],[174.7367,-36.3583],[174.7294,-36.3521],[174.7325,-36.3575],[174.7292,-36.36],[174.7272,-36.3561],[174.7243,-36.3572],[174.7316,-36.3666],[174.7289,-36.3782],[174.7285,-36.3652],[174.7272,-36.3637],[174.7266,-36.3671],[174.7237,-36.3639],[174.722,-36.3575],[174.7239,-36.3536],[174.7219,-36.3514],[174.7215,-36.3553],[174.7195,-36.3545],[174.7125,-36.3431],[174.7128,-36.3378],[174.7082,-36.3411],[174.7132,-36.3448],[174.7074,-36.3431],[174.7062,-36.3348],[174.714,-36.3305],[174.7062,-36.3332],[174.7132,-36.3211],[174.7091,-36.3213],[174.7132,-36.3138],[174.7089,-36.3182],[174.7058,-36.33],[174.7058,-36.3215],[174.7104,-36.3142],[174.7089,-36.3107],[174.7067,-36.3197],[174.701,-36.3147],[174.7004,-36.3172],[174.7053,-36.3201],[174.7036,-36.3377],[174.698,-36.3279],[174.7002,-36.3314],[174.6947,-36.3278],[174.699,-36.3321],[174.6833,-36.3277],[174.6833,-36.3297],[174.699,-36.3334],[174.7021,-36.3363],[174.6959,-36.3363],[174.7,-36.3365],[174.7034,-36.3461],[174.7113,-36.3491],[174.7115,-36.3546],[174.7065,-36.3508],[174.7111,-36.3552],[174.7137,-36.3494],[174.7046,-36.3448],[174.7019,-36.3391],[174.715,-36.3477],[174.7133,-36.3506],[174.7188,-36.352],[174.7222,-36.3634],[174.7138,-36.3549],[174.7135,-36.3569],[174.7277,-36.3689],[174.7212,-36.3681],[174.727,-36.3745],[174.7234,-36.3763],[174.7255,-36.3795],[174.721,-36.3884],[174.7144,-36.3843],[174.7128,-36.3755],[174.7149,-36.3763],[174.7098,-36.3681],[174.7121,-36.3642],[174.7096,-36.3612],[174.7098,-36.3655],[174.7079,-36.3597],[174.6975,-36.3517],[174.6963,-36.3413],[174.6939,-36.3443],[174.6934,-36.3409],[174.6898,-36.342],[174.7012,-36.3558],[174.7004,-36.3591],[174.7074,-36.3594],[174.7068,-36.3653],[174.7019,-36.3656],[174.7086,-36.367],[174.7075,-36.37],[174.7012,-36.3701],[174.6954,-36.366],[174.6935,-36.3591],[174.6918,-36.3646],[174.6973,-36.3675],[174.6852,-36.3645],[174.6891,-36.355],[174.6841,-36.3585],[174.6843,-36.3659],[174.6765,-36.3634],[174.676,-36.3575],[174.6884,-36.3479],[174.6867,-36.3421],[174.6821,-36.3525],[174.6724,-36.3344],[174.6807,-36.3517],[174.6739,-36.3554],[174.6715,-36.3497],[174.6746,-36.3571],[174.671,-36.3598],[174.6746,-36.362],[174.6732,-36.3638],[174.6671,-36.3642],[174.6632,-36.3595],[174.6664,-36.3649],[174.6749,-36.3639],[174.6702,-36.3697],[174.6753,-36.3664],[174.6773,-36.3668],[174.6744,-36.3697],[174.6778,-36.3675],[174.6812,-36.3696],[174.677,-36.3738],[174.6649,-36.3744],[174.6669,-36.3754],[174.6754,-36.3741],[174.6783,-36.3766],[174.684,-36.3694],[174.6852,-36.3734],[174.6869,-36.3681],[174.6993,-36.3696],[174.6884,-36.3703],[174.6898,-36.3736],[174.7096,-36.3704],[174.7121,-36.3795],[174.7074,-36.378],[174.7135,-36.3854],[174.7098,-36.3811],[174.7017,-36.3846],[174.7127,-36.3855],[174.7092,-36.3946],[174.7096,-36.3967],[174.7121,-36.3916],[174.7157,-36.3929],[174.714,-36.4008]],[[174.7265,-36.3964],[174.7263,-36.3964],[174.7263,-36.3962],[174.7265,-36.3962],[174.7265,-36.3964]],[[174.7335,-36.3704],[174.7333,-36.3704],[174.7333,-36.3703],[174.7335,-36.3703],[174.7335,-36.3704]],[[174.7313,-36.3546],[174.7311,-36.3546],[174.7309,-36.3543],[174.7313,-36.3545],[174.7313,-36.3546]],[[174.7323,-36.3549],[174.7319,-36.3547],[174.7323,-36.3547],[174.7323,-36.3549]],[[174.7325,-36.3553],[174.7321,-36.3552],[174.7323,-36.355],[174.7325,-36.3553]],[[174.7325,-36.356],[174.7319,-36.3556],[174.7326,-36.3554],[174.7325,-36.356]],[[174.7338,-36.3568],[174.7336,-36.3568],[174.7336,-36.3567],[174.7338,-36.3567],[174.7338,-36.3568]],[[174.7212,-36.3513],[174.721,-36.3513],[174.721,-36.3503],[174.7212,-36.3503],[174.7212,-36.3513]],[[174.7214,-36.352],[174.7212,-36.352],[174.7212,-36.3516],[174.7214,-36.3516],[174.7212,-36.3517],[174.7214,-36.352]],[[174.7215,-36.3545],[174.7214,-36.3545],[174.7214,-36.3543],[174.7215,-36.3543],[174.7215,-36.3545]],[[174.7103,-36.3403],[174.7099,-36.3403],[174.7104,-36.3402],[174.7103,-36.3403]],[[174.7079,-36.3326],[174.7075,-36.3326],[174.708,-36.3323],[174.7079,-36.3326]],[[174.7113,-36.322],[174.7111,-36.322],[174.7111,-36.3217],[174.7113,-36.3217],[174.7113,-36.322]],[[174.7098,-36.3228],[174.7098,-36.3223],[174.7101,-36.3223],[174.7098,-36.3228]],[[174.7055,-36.3329],[174.7053,-36.3317],[174.706,-36.3319],[174.7055,-36.3329]],[[174.7055,-36.3343],[174.7048,-36.3333],[174.7055,-36.333],[174.7055,-36.3343]],[[174.6997,-36.3296],[174.6993,-36.3294],[174.6995,-36.3293],[174.6997,-36.3296]],[[174.7,-36.3333],[174.6997,-36.3333],[174.6997,-36.3332],[174.7,-36.3332],[174.7,-36.3333]],[[174.7021,-36.3373],[174.7017,-36.3373],[174.7017,-36.337],[174.7021,-36.337],[174.7021,-36.3373]],[[174.7026,-36.3447],[174.7022,-36.3447],[174.7024,-36.3444],[174.7026,-36.3447]],[[174.7109,-36.3483],[174.7104,-36.3477],[174.7108,-36.3476],[174.7109,-36.3483]],[[174.712,-36.3497],[174.7116,-36.3495],[174.7118,-36.3494],[174.712,-36.3497]],[[174.7123,-36.3547],[174.712,-36.3546],[174.712,-36.3543],[174.7123,-36.3547]],[[174.7106,-36.3473],[174.7103,-36.3469],[174.7104,-36.3468],[174.7106,-36.3473]],[[174.7062,-36.3432],[174.7058,-36.3432],[174.706,-36.3431],[174.7062,-36.3432]],[[174.7096,-36.3436],[174.7094,-36.3436],[174.7096,-36.3432],[174.7096,-36.3436]],[[174.7156,-36.3469],[174.7142,-36.3458],[174.7145,-36.3454],[174.7156,-36.3469]],[[174.7167,-36.348],[174.7166,-36.348],[174.7166,-36.3479],[174.7167,-36.3479],[174.7167,-36.348]],[[174.7144,-36.3509],[174.714,-36.3509],[174.7144,-36.3505],[174.7144,-36.3509]],[[174.7212,-36.3582],[174.7208,-36.3582],[174.7208,-36.358],[174.7212,-36.358],[174.7212,-36.3582]],[[174.7222,-36.3645],[174.7219,-36.3645],[174.7219,-36.3642],[174.7222,-36.3645]],[[174.7103,-36.3628],[174.7099,-36.3627],[174.7101,-36.3626],[174.7103,-36.3628]],[[174.6951,-36.3453],[174.6947,-36.3453],[174.6947,-36.3451],[174.6951,-36.3451],[174.6951,-36.3453]],[[174.6947,-36.3464],[174.6944,-36.3461],[174.6946,-36.3459],[174.6947,-36.3464]],[[174.6949,-36.3468],[174.6947,-36.3468],[174.6947,-36.3466],[174.6949,-36.3466],[174.6949,-36.3468]],[[174.6966,-36.3512],[174.6963,-36.3506],[174.6968,-36.351],[174.6966,-36.3512]],[[174.6971,-36.3531],[174.6968,-36.3531],[174.6968,-36.353],[174.6971,-36.353],[174.6971,-36.3531]],[[174.7028,-36.3597],[174.7021,-36.3595],[174.7028,-36.359],[174.7028,-36.3597]],[[174.7082,-36.3656],[174.708,-36.3656],[174.708,-36.3655],[174.7082,-36.3655],[174.7082,-36.3656]],[[174.707,-36.366],[174.7068,-36.366],[174.7068,-36.3659],[174.707,-36.3659],[174.707,-36.366]],[[174.6942,-36.363],[174.6942,-36.3628],[174.6944,-36.3628],[174.6942,-36.363]],[[174.686,-36.3608],[174.6858,-36.3608],[174.6858,-36.3606],[174.686,-36.3606],[174.686,-36.3608]],[[174.6855,-36.3664],[174.685,-36.366],[174.6855,-36.3657],[174.6855,-36.3664]],[[174.6799,-36.3552],[174.6797,-36.3547],[174.6809,-36.3541],[174.6799,-36.3552]],[[174.6862,-36.344],[174.686,-36.344],[174.686,-36.3439],[174.6862,-36.3439],[174.6862,-36.344]],[[174.6865,-36.3447],[174.6862,-36.3446],[174.6862,-36.3443],[174.6865,-36.3444],[174.6865,-36.3447]],[[174.686,-36.3453],[174.6858,-36.3453],[174.6858,-36.345],[174.686,-36.345],[174.686,-36.3453]],[[174.6874,-36.349],[174.6871,-36.3468],[174.6877,-36.3476],[174.6874,-36.349]],[[174.6835,-36.3517],[174.6833,-36.3514],[174.6836,-36.3513],[174.6835,-36.3517]],[[174.6795,-36.3545],[174.6787,-36.3538],[174.6809,-36.3531],[174.6795,-36.3545]],[[174.6739,-36.3611],[174.6736,-36.3609],[174.6737,-36.3608],[174.6739,-36.3611]],[[174.6742,-36.3611],[174.6732,-36.3601],[174.6739,-36.36],[174.6742,-36.3611]],[[174.6736,-36.3622],[174.6734,-36.3622],[174.6734,-36.362],[174.6736,-36.362],[174.6736,-36.3622]],[[174.6753,-36.362],[174.6749,-36.3609],[174.6754,-36.3612],[174.6753,-36.362]],[[174.6703,-36.3648],[174.6698,-36.3648],[174.6698,-36.3645],[174.6703,-36.3648]],[[174.676,-36.3653],[174.6758,-36.3652],[174.676,-36.365],[174.676,-36.3653]],[[174.6765,-36.3653],[174.6761,-36.3638],[174.6768,-36.3648],[174.6765,-36.3653]],[[174.6819,-36.3671],[174.6775,-36.3661],[174.6802,-36.3655],[174.6819,-36.3671]],[[174.6809,-36.3677],[174.6792,-36.3671],[174.6799,-36.3666],[174.6809,-36.3677]],[[174.6872,-36.3663],[174.6871,-36.3663],[174.6872,-36.366],[174.6872,-36.3663]],[[174.6876,-36.3664],[174.6874,-36.3661],[174.6877,-36.3659],[174.6876,-36.3664]],[[174.6881,-36.3667],[174.6874,-36.3666],[174.6881,-36.3664],[174.6881,-36.3667]],[[174.6864,-36.367],[174.6864,-36.366],[174.6869,-36.366],[174.6864,-36.367]],[[174.6848,-36.3672],[174.6847,-36.3672],[174.6847,-36.367],[174.6848,-36.367],[174.6848,-36.3672]],[[174.6855,-36.3677],[174.685,-36.3677],[174.6857,-36.3674],[174.6855,-36.3677]],[[174.6858,-36.3681],[174.6857,-36.3681],[174.6857,-36.3678],[174.6858,-36.3678],[174.6858,-36.3681]],[[174.691,-36.3678],[174.6905,-36.3678],[174.6905,-36.3675],[174.691,-36.3678]],[[174.6862,-36.3682],[174.6865,-36.3677],[174.6867,-36.3678],[174.6862,-36.3682]],[[174.683,-36.3685],[174.6831,-36.3674],[174.6838,-36.3683],[174.683,-36.3685]],[[174.6828,-36.3692],[174.6828,-36.3689],[174.6835,-36.3688],[174.6828,-36.3692]],[[174.685,-36.3692],[174.685,-36.369],[174.6852,-36.369],[174.685,-36.3692]],[[174.6799,-36.3725],[174.6797,-36.3723],[174.6801,-36.3723],[174.6799,-36.3725]],[[174.6807,-36.3726],[174.6804,-36.3726],[174.6806,-36.3725],[174.6807,-36.3726]],[[174.678,-36.3736],[174.6785,-36.3732],[174.6787,-36.3733],[174.678,-36.3736]],[[174.678,-36.376],[174.6778,-36.376],[174.6778,-36.3759],[174.678,-36.3759],[174.678,-36.376]],[[174.6847,-36.3707],[174.6845,-36.3707],[174.6847,-36.3703],[174.6847,-36.3707]],[[174.7086,-36.3813],[174.7084,-36.3813],[174.7087,-36.3811],[174.7086,-36.3813]],[[174.7094,-36.3837],[174.7079,-36.3837],[174.7099,-36.3833],[174.7094,-36.3837]],[[174.7101,-36.3839],[174.7099,-36.3839],[174.7099,-36.3837],[174.7101,-36.3837],[174.7101,-36.3839]],[[174.7108,-36.3843],[174.7104,-36.3843],[174.7104,-36.3841],[174.7108,-36.3843]],[[174.715,-36.3885],[174.7132,-36.3873],[174.7135,-36.3868],[174.715,-36.3885]],[[174.7118,-36.3913],[174.7116,-36.3912],[174.7118,-36.3912],[174.7118,-36.3913]]]}},{"type":"Feature","properties":{},"geometry":{"type":"Polygon","coordinates":[[[174.572,-36.1703],[174.5732,-36.1663],[174.5759,-36.1695],[174.5741,-36.164],[174.58,-36.164],[174.5763,-36.1623],[174.5817,-36.1588],[174.5802,-36.1572],[174.5696,-36.1612],[174.572,-36.1703]],[[174.572,-36.168],[174.572,-36.1676],[174.5722,-36.1676],[174.5722,-36.168],[174.572,-36.168]]]}},{"type":"Feature","properties":{},"geometry":{"type":"Polygon","coordinates":[[[174.7787,-36.8076],[174.7808,-36.8035],[174.7755,-36.8068],[174.7787,-36.8076]]]}},{"type":"Feature","properties":{},"geometry":{"type":"Polygon","coordinates":[[[174.7662,-36.786],[174.7719,-36.7826],[174.7732,-36.7763],[174.7598,-36.777],[174.7586,-36.7831],[174.7662,-36.786]],[[174.7604,-36.7822],[174.7603,-36.7822],[174.7603,-36.782],[174.7604,-36.782],[174.7604,-36.7822]]]}},{"type":"Feature","properties":{},"geometry":{"type":"Polygon","coordinates":[[[174.513,-36.8121],[174.5184,-36.8063],[174.5119,-36.7849],[174.5142,-36.7668],[174.5109,-36.7662],[174.513,-36.7686],[174.508,-36.7798],[174.492,-36.7863],[174.4904,-36.7902],[174.4983,-36.7848],[174.4973,-36.7964],[174.4995,-36.7857],[174.5107,-36.777],[174.5111,-36.7859],[174.5068,-36.7925],[174.5106,-36.7876],[174.5128,-36.7951],[174.5029,-36.8028],[174.4986,-36.8027],[174.5027,-36.8038],[174.5138,-36.7945],[174.5174,-36.8048],[174.5097,-36.809],[174.5138,-36.8084],[174.513,-36.8121]],[[174.5172,-36.8068],[174.5171,-36.8065],[174.5176,-36.8061],[174.5177,-36.8063],[174.5172,-36.8068]],[[174.5184,-36.8084],[174.5181,-36.8083],[174.5182,-36.8081],[174.5184,-36.8084]],[[174.5114,-36.7675],[174.5109,-36.7675],[174.5113,-36.7666],[174.5114,-36.7675]],[[174.4993,-36.7863],[174.4991,-36.7863],[174.4991,-36.7861],[174.4993,-36.7861],[174.4993,-36.7863]],[[174.4991,-36.7869],[174.499,-36.7869],[174.499,-36.7868],[174.4991,-36.7868],[174.4991,-36.7869]],[[174.5138,-36.7904],[174.5133,-36.7901],[174.5131,-36.7895],[174.5138,-36.7904]],[[174.514,-36.7924],[174.5136,-36.7917],[174.5142,-36.7919],[174.514,-36.7924]],[[174.5148,-36.7927],[174.5147,-36.7923],[174.5148,-36.7923],[174.5148,-36.7927]],[[174.5046,-36.7999],[174.5043,-36.7999],[174.5043,-36.7998],[174.5046,-36.7998],[174.5046,-36.7999]]]}},{"type":"Feature","properties":{},"geometry":{"type":"Polygon","coordinates":[[[174.5053,-36.8136],[174.5089,-36.8095],[174.5031,-36.8121],[174.5053,-36.8136]]]}},{"type":"Feature","properties":{},"geometry":{"type":"Polygon","coordinates":[[[174.3017,-36.3806],[174.3023,-36.3754],[174.2981,-36.3696],[174.3017,-36.3806]]]}},{"type":"Feature","properties":{},"geometry":{"type":"Polygon","coordinates":[[[174.7504,-36.811],[174.7526,-36.8062],[174.7488,-36.807],[174.7504,-36.811]],[[174.7521,-36.8087],[174.7519,-36.8087],[174.7519,-36.8085],[174.7521,-36.8085],[174.7521,-36.8087]],[[174.7523,-36.8088],[174.7521,-36.8088],[174.7523,-36.8084],[174.7523,-36.8088]]]}},{"type":"Feature","properties":{},"geometry":{"type":"Polygon","coordinates":[[[174.2619,-36.59],[174.2602,-36.586],[174.2592,-36.59],[174.2619,-36.59]],[[174.26,-36.5879],[174.2598,-36.5879],[174.2598,-36.5878],[174.26,-36.5878],[174.26,-36.5879]],[[174.2602,-36.5889],[174.2598,-36.5889],[174.2598,-36.5888],[174.2602,-36.5888],[174.2602,-36.5889]],[[174.261,-36.5892],[174.2605,-36.5886],[174.261,-36.5888],[174.261,-36.5892]],[[174.2602,-36.5894],[174.26,-36.5894],[174.26,-36.5893],[174.2602,-36.5893],[174.2602,-36.5894]]]}},{"type":"Feature","properties":{},"geometry":{"type":"Polygon","coordinates":[[[174.2633,-36.5948],[174.2631,-36.5923],[174.2592,-36.5933],[174.2633,-36.5948]],[[174.2626,-36.593],[174.2624,-36.5927],[174.2627,-36.5927],[174.2626,-36.593]],[[174.262,-36.5933],[174.2619,-36.5933],[174.2619,-36.5931],[174.262,-36.5931],[174.262,-36.5933]],[[174.2629,-36.5938],[174.2627,-36.5938],[174.2627,-36.5937],[174.2629,-36.5937],[174.2629,-36.5938]],[[174.2631,-36.5941],[174.2629,-36.5941],[174.2629,-36.594],[174.2631,-36.594],[174.2631,-36.5941]]]}},{"type":"Feature","properties":{},"geometry":{"type":"Polygon","coordinates":[[[175.0868,-36.8167],[175.0863,-36.8122],[175.0854,-36.8141],[175.0868,-36.8167]]]}},{"type":"Feature","properties":{},"geometry":{"type":"Polygon","coordinates":[[[175.0707,-36.8305],[175.0794,-36.8277],[175.0851,-36.8301],[175.0798,-36.8268],[175.0849,-36.8226],[175.0762,-36.8245],[175.0707,-36.8305]],[[175.0747,-36.8282],[175.0743,-36.8282],[175.0743,-36.8281],[175.0747,-36.8281],[175.0747,-36.8282]],[[175.0788,-36.8263],[175.0784,-36.8263],[175.0786,-36.8262],[175.0788,-36.8263]],[[175.0789,-36.8266],[175.0789,-36.8262],[175.0794,-36.8262],[175.0789,-36.8266]],[[175.0736,-36.8268],[175.0735,-36.8268],[175.0735,-36.8267],[175.0736,-36.8267],[175.0736,-36.8268]],[[175.0709,-36.8279],[175.0707,-36.8278],[175.0711,-36.8277],[175.0709,-36.8279]]]}},{"type":"Feature","properties":{},"geometry":{"type":"Polygon","coordinates":[[[174.4838,-36.2297],[174.4862,-36.2289],[174.4826,-36.2283],[174.4838,-36.2297]]]}},{"type":"Feature","properties":{},"geometry":{"type":"Polygon","coordinates":[[[174.6509,-36.8939],[174.6527,-36.8887],[174.6498,-36.8905],[174.6509,-36.8939]]]}},{"type":"Feature","properties":{},"geometry":{"type":"Polygon","coordinates":[[[174.6579,-36.8961],[174.6592,-36.8951],[174.6563,-36.8928],[174.6579,-36.8961]]]}},{"type":"Feature","properties":{},"geometry":{"type":"Polygon","coordinates":[[[174.6783,-36.9059],[174.6814,-36.8979],[174.6756,-36.8957],[174.6766,-36.8921],[174.6731,-36.8897],[174.6761,-36.8847],[174.665,-36.8794],[174.6681,-36.8744],[174.6647,-36.8716],[174.665,-36.8648],[174.6551,-36.86],[174.6558,-36.8639],[174.6527,-36.8652],[174.6575,-36.8756],[174.6541,-36.8839],[174.6597,-36.8811],[174.6667,-36.8846],[174.6584,-36.8961],[174.6679,-36.8897],[174.6722,-36.8964],[174.6702,-36.9],[174.6768,-36.8987],[174.6783,-36.9059]]]}},{"type":"Feature","properties":{},"geometry":{"type":"Polygon","coordinates":[[[174.6587,-36.9086],[174.6584,-36.8987],[174.6495,-36.9009],[174.6517,-36.9041],[174.6575,-36.8988],[174.6587,-36.9086]]]}},{"type":"Feature","properties":{},"geometry":{"type":"Polygon","coordinates":[[[174.8837,-37.0355],[174.882,-37.0329],[174.8808,-37.0338],[174.8837,-37.0355]]]}},{"type":"Feature","properties":{},"geometry":{"type":"Polygon","coordinates":[[[174.578,-37.0722],[174.58,-37.0603],[174.5865,-37.0578],[174.5812,-37.0547],[174.5889,-37.054],[174.5848,-37.0545],[174.5841,-37.0511],[174.593,-37.0507],[174.5857,-37.05],[174.5853,-37.0461],[174.5804,-37.0478],[174.584,-37.0472],[174.5811,-37.0528],[174.5609,-37.056],[174.5596,-37.0594],[174.5655,-37.0571],[174.5643,-37.0607],[174.5691,-37.057],[174.5693,-37.059],[174.5807,-37.0553],[174.5778,-37.0628],[174.5693,-37.0671],[174.5717,-37.0673],[174.5698,-37.0711],[174.5758,-37.0656],[174.578,-37.0722]],[[174.5619,-37.0583],[174.5614,-37.0581],[174.5619,-37.0579],[174.5619,-37.0583]]]}},{"type":"Feature","properties":{},"geometry":{"type":"Polygon","coordinates":[[[174.7934,-37.1782],[174.7922,-37.1754],[174.7891,-37.1759],[174.7934,-37.1782]]]}},{"type":"Feature","properties":{},"geometry":{"type":"Polygon","coordinates":[[[174.827,-37.1868],[174.8273,-37.185],[174.825,-37.1823],[174.827,-37.1868]]]}},{"type":"Feature","properties":{},"geometry":{"type":"Polygon","coordinates":[[[174.826,-37.1925],[174.8332,-37.1913],[174.8258,-37.1907],[174.826,-37.1925]],[[174.8256,-37.1918],[174.8255,-37.1917],[174.8256,-37.1917],[174.8256,-37.1918]]]}},{"type":"Feature","properties":{},"geometry":{"type":"Polygon","coordinates":[[[174.8154,-37.1955],[174.8163,-37.1941],[174.8116,-37.1933],[174.8154,-37.1955]],[[174.8135,-37.1933],[174.8134,-37.1933],[174.8134,-37.1932],[174.8135,-37.1933]]]}},{"type":"Feature","properties":{},"geometry":{"type":"Polygon","coordinates":[[[174.8308,-37.1959],[174.8349,-37.1927],[174.8241,-37.1931],[174.8308,-37.1959]],[[174.8313,-37.1933],[174.8309,-37.1932],[174.8314,-37.1931],[174.8313,-37.1933]]]}},{"type":"Feature","properties":{},"geometry":{"type":"Polygon","coordinates":[[[174.8116,-37.2024],[174.8108,-37.2003],[174.818,-37.1981],[174.8147,-37.1962],[174.8127,-37.1996],[174.8127,-37.1956],[174.8052,-37.1886],[174.8053,-37.1838],[174.7997,-37.1822],[174.8074,-37.1834],[174.8057,-37.1823],[174.8103,-37.1807],[174.8041,-37.182],[174.7958,-37.1759],[174.8103,-37.1728],[174.8204,-37.1801],[174.8175,-37.1746],[174.826,-37.1777],[174.8236,-37.1743],[174.8108,-37.1724],[174.8137,-37.1695],[174.7954,-37.1744],[174.7947,-37.1724],[174.7925,-37.184],[174.7968,-37.1781],[174.8038,-37.1876],[174.7947,-37.195],[174.7987,-37.1971],[174.7958,-37.194],[174.8046,-37.1887],[174.8108,-37.1944],[174.811,-37.1993],[174.8089,-37.199],[174.8116,-37.2024]],[[174.8127,-37.1999],[174.8125,-37.1999],[174.8125,-37.1997],[174.8127,-37.1997],[174.8127,-37.1999]],[[174.8135,-37.1974],[174.8132,-37.1973],[174.8135,-37.1973],[174.8135,-37.1974]],[[174.8142,-37.1975],[174.8139,-37.1974],[174.8142,-37.1974],[174.8142,-37.1975]],[[174.7963,-37.1752],[174.7961,-37.1748],[174.7966,-37.1747],[174.7963,-37.1752]],[[174.7956,-37.175],[174.7953,-37.1747],[174.7956,-37.1748],[174.7956,-37.175]]]}},{"type":"Feature","properties":{},"geometry":{"type":"Polygon","coordinates":[[[174.7975,-37.2048],[174.8011,-37.2024],[174.7994,-37.1988],[174.7975,-37.2048]]]}},{"type":"Feature","properties":{},"geometry":{"type":"Polygon","coordinates":[[[174.7929,-37.2053],[174.7965,-37.1984],[174.793,-37.2007],[174.7929,-37.2053]]]}},{"type":"Feature","properties":{},"geometry":{"type":"Polygon","coordinates":[[[174.7046,-36.4056],[174.7079,-36.4052],[174.7051,-36.4041],[174.7046,-36.4056]]]}},{"type":"Feature","properties":{},"geometry":{"type":"Polygon","coordinates":[[[174.6748,-36.4229],[174.6792,-36.4192],[174.6761,-36.4204],[174.6748,-36.4229]]]}},{"type":"Feature","properties":{},"geometry":{"type":"Polygon","coordinates":[[[174.7038,-36.4241],[174.7051,-36.4207],[174.7031,-36.4225],[174.7038,-36.4241]]]}},{"type":"Feature","properties":{},"geometry":{"type":"Polygon","coordinates":[[[174.7468,-36.449],[174.7408,-36.4483],[174.7391,-36.449],[174.7468,-36.449]]]}},{"type":"Feature","properties":{},"geometry":{"type":"Polygon","coordinates":[[[174.7355,-36.4513],[174.7374,-36.4509],[174.735,-36.4479],[174.7355,-36.4513]]]}},{"type":"Feature","properties":{},"geometry":{"type":"Polygon","coordinates":[[[174.6748,-36.4788],[174.6744,-36.4748],[174.6722,-36.4752],[174.6748,-36.4788]]]}},{"type":"Feature","properties":{},"geometry":{"type":"Polygon","coordinates":[[[174.6645,-36.4922],[174.6654,-36.4895],[174.6637,-36.49],[174.6645,-36.4922]]]}},{"type":"Feature","properties":{},"geometry":{"type":"Polygon","coordinates":[[[174.6848,-36.4941],[174.6915,-36.4914],[174.6862,-36.4925],[174.6848,-36.4941]]]}},{"type":"Feature","properties":{},"geometry":{"type":"Polygon","coordinates":[[[174.692,-36.4974],[174.6939,-36.4921],[174.6918,-36.4945],[174.692,-36.4974]]]}},{"type":"Feature","properties":{},"geometry":{"type":"Polygon","coordinates":[[[174.7299,-36.5168],[174.7377,-36.5042],[174.7359,-36.4961],[174.7398,-36.4919],[174.7355,-36.4881],[174.7464,-36.4871],[174.7449,-36.4793],[174.7492,-36.4836],[174.7483,-36.474],[174.7447,-36.4698],[174.7514,-36.4655],[174.755,-36.4674],[174.7521,-36.4646],[174.7574,-36.462],[174.7567,-36.458],[174.7526,-36.4644],[174.7466,-36.4657],[174.7393,-36.4587],[174.7384,-36.4493],[174.7389,-36.4539],[174.7357,-36.4564],[174.7381,-36.4716],[174.7278,-36.4863],[174.7241,-36.4856],[174.7302,-36.477],[174.7294,-36.4715],[174.7347,-36.4668],[174.7307,-36.4595],[174.7319,-36.4512],[174.7251,-36.442],[174.7354,-36.4409],[174.7263,-36.4395],[174.7249,-36.4355],[174.7345,-36.4336],[174.728,-36.43],[174.7214,-36.4344],[174.7176,-36.4326],[174.719,-36.426],[174.7231,-36.4243],[174.7179,-36.4146],[174.7193,-36.4181],[174.7154,-36.4189],[174.7185,-36.4214],[174.7123,-36.4252],[174.7109,-36.4302],[174.6952,-36.4225],[174.6923,-36.4133],[174.7062,-36.4081],[174.701,-36.4083],[174.7034,-36.4052],[174.7012,-36.4006],[174.7046,-36.3995],[174.6964,-36.3903],[174.6971,-36.3869],[174.6888,-36.387],[174.6864,-36.3789],[174.6843,-36.3789],[174.6874,-36.384],[174.6833,-36.3854],[174.6864,-36.3888],[174.6946,-36.3881],[174.7002,-36.3972],[174.6906,-36.3995],[174.6879,-36.3924],[174.6905,-36.4004],[174.6841,-36.3989],[174.6944,-36.4021],[174.6985,-36.4002],[174.7014,-36.4032],[174.692,-36.4157],[174.6736,-36.3991],[174.6638,-36.3945],[174.6635,-36.3965],[174.6633,-36.3923],[174.6756,-36.3861],[174.6761,-36.3814],[174.6732,-36.3802],[174.6696,-36.3821],[174.6739,-36.3866],[174.6681,-36.3858],[174.67,-36.3869],[174.6616,-36.3953],[174.6719,-36.3999],[174.6751,-36.4071],[174.6833,-36.4093],[174.6816,-36.4104],[174.6898,-36.4196],[174.6739,-36.4164],[174.6806,-36.4175],[174.679,-36.4189],[174.686,-36.4244],[174.6934,-36.4266],[174.6927,-36.4314],[174.6836,-36.4332],[174.6855,-36.4358],[174.6756,-36.4383],[174.6763,-36.4412],[174.6865,-36.4343],[174.6918,-36.4366],[174.701,-36.4322],[174.7087,-36.4458],[174.7005,-36.4471],[174.6997,-36.4433],[174.6923,-36.4457],[174.7101,-36.4514],[174.7045,-36.4579],[174.6976,-36.4564],[174.7,-36.4612],[174.6927,-36.4649],[174.6876,-36.4634],[174.6876,-36.4597],[174.6753,-36.4571],[174.6739,-36.4608],[174.6662,-36.4593],[174.6657,-36.4613],[174.6847,-36.4589],[174.6855,-36.4646],[174.6934,-36.4659],[174.6865,-36.4729],[174.6952,-36.4663],[174.6993,-36.4707],[174.7079,-36.4645],[174.7159,-36.4637],[174.7186,-36.4721],[174.7086,-36.4704],[174.706,-36.4727],[174.7133,-36.4756],[174.7144,-36.4865],[174.7084,-36.4762],[174.6942,-36.4737],[174.6903,-36.4757],[174.691,-36.4799],[174.6806,-36.4815],[174.6816,-36.4845],[174.6756,-36.4855],[174.6746,-36.4807],[174.6734,-36.4847],[174.6659,-36.4886],[174.6717,-36.4851],[174.6787,-36.4852],[174.6741,-36.4893],[174.6836,-36.4859],[174.686,-36.488],[174.6869,-36.4841],[174.6911,-36.484],[174.6937,-36.4914],[174.6975,-36.4822],[174.7019,-36.4866],[174.708,-36.4873],[174.7082,-36.4914],[174.7005,-36.4945],[174.7058,-36.4973],[174.7109,-36.4936],[174.7173,-36.4956],[174.7145,-36.5004],[174.7186,-36.5003],[174.7174,-36.5042],[174.7215,-36.5052],[174.7227,-36.5124],[174.7299,-36.5168]],[[174.7499,-36.4837],[174.7497,-36.4836],[174.75,-36.4834],[174.7499,-36.4837]],[[174.7169,-36.4223],[174.7167,-36.4223],[174.7167,-36.4222],[174.7169,-36.4222],[174.7169,-36.4223]],[[174.7179,-36.4228],[174.7178,-36.4228],[174.7174,-36.4222],[174.7179,-36.4228]],[[174.7183,-36.4228],[174.7181,-36.4228],[174.7188,-36.4223],[174.7183,-36.4228]],[[174.6678,-36.3984],[174.6674,-36.3984],[174.6671,-36.398],[174.6678,-36.3984]],[[174.6698,-36.4001],[174.6696,-36.4001],[174.6698,-36.3997],[174.6698,-36.4001]],[[174.6746,-36.4034],[174.6744,-36.4034],[174.6744,-36.4032],[174.6746,-36.4032],[174.6746,-36.4034]],[[174.6811,-36.4079],[174.6807,-36.4078],[174.6811,-36.4075],[174.6811,-36.4079]],[[174.6845,-36.4109],[174.6845,-36.4107],[174.6847,-36.4107],[174.6845,-36.4109]],[[174.6852,-36.4114],[174.685,-36.4114],[174.685,-36.4111],[174.6852,-36.4111],[174.6852,-36.4114]],[[174.6882,-36.417],[174.6877,-36.4167],[174.6879,-36.4164],[174.6882,-36.417]],[[174.686,-36.46],[174.6855,-36.46],[174.6857,-36.4597],[174.686,-36.46]],[[174.7265,-36.4634],[174.7261,-36.463],[174.7266,-36.463],[174.7265,-36.4634]],[[174.7167,-36.48],[174.7173,-36.4795],[174.7173,-36.4799],[174.7167,-36.48]],[[174.7272,-36.4921],[174.7251,-36.4896],[174.7266,-36.4889],[174.7272,-36.4921]],[[174.7157,-36.4989],[174.7156,-36.4989],[174.7156,-36.4988],[174.7157,-36.4989]],[[174.7178,-36.5044],[174.7174,-36.5044],[174.7174,-36.5043],[174.7178,-36.5043],[174.7178,-36.5044]]]}},{"type":"Feature","properties":{},"geometry":{"type":"Polygon","coordinates":[[[174.1658,-36.4579],[174.1689,-36.4519],[174.1743,-36.4549],[174.1687,-36.4482],[174.1835,-36.4447],[174.1887,-36.449],[174.1883,-36.4416],[174.1656,-36.4449],[174.1624,-36.4534],[174.166,-36.4535],[174.1637,-36.4547],[174.1658,-36.4579]],[[174.1651,-36.4553],[174.1649,-36.4553],[174.1649,-36.4552],[174.1651,-36.4552],[174.1651,-36.4553]],[[174.1685,-36.4534],[174.1684,-36.4534],[174.1684,-36.4532],[174.1685,-36.4532],[174.1685,-36.4534]],[[174.1684,-36.4508],[174.1682,-36.4508],[174.1682,-36.4505],[174.1684,-36.4505],[174.1684,-36.4508]],[[174.1716,-36.4521],[174.1712,-36.452],[174.1714,-36.4519],[174.1716,-36.4521]],[[174.1716,-36.4527],[174.1714,-36.4527],[174.1714,-36.4525],[174.1716,-36.4525],[174.1716,-36.4527]],[[174.1725,-36.4532],[174.1725,-36.4531],[174.1726,-36.4531],[174.1725,-36.4532]],[[174.1725,-36.4535],[174.1723,-36.4534],[174.1725,-36.4534],[174.1725,-36.4535]],[[174.1714,-36.4483],[174.1701,-36.4476],[174.1711,-36.4476],[174.1714,-36.4483]],[[174.1699,-36.4486],[174.1695,-36.448],[174.1706,-36.4482],[174.1699,-36.4486]],[[174.1718,-36.4488],[174.1716,-36.4488],[174.1716,-36.4486],[174.1718,-36.4486],[174.1718,-36.4488]],[[174.1731,-36.4468],[174.1725,-36.4464],[174.1728,-36.4462],[174.1731,-36.4468]],[[174.1803,-36.4466],[174.1801,-36.4465],[174.181,-36.446],[174.1803,-36.4466]],[[174.1871,-36.4445],[174.1868,-36.4445],[174.1868,-36.4443],[174.1871,-36.4443],[174.1871,-36.4445]],[[174.1861,-36.445],[174.1859,-36.445],[174.1859,-36.4449],[174.1861,-36.4449],[174.1861,-36.445]],[[174.1868,-36.445],[174.1866,-36.4447],[174.187,-36.4447],[174.1868,-36.445]],[[174.1871,-36.445],[174.187,-36.445],[174.187,-36.4449],[174.1871,-36.4449],[174.1871,-36.445]],[[174.1864,-36.4451],[174.1861,-36.4451],[174.1863,-36.445],[174.1864,-36.4451]],[[174.1858,-36.4453],[174.1854,-36.4451],[174.1859,-36.4451],[174.1858,-36.4453]],[[174.1873,-36.4457],[174.1871,-36.4457],[174.1871,-36.4455],[174.1873,-36.4455],[174.1873,-36.4457]],[[174.1864,-36.4464],[174.1856,-36.4458],[174.1866,-36.4454],[174.1864,-36.4464]],[[174.1882,-36.4447],[174.1878,-36.4446],[174.1883,-36.4445],[174.1882,-36.4447]],[[174.1885,-36.4462],[174.1883,-36.4462],[174.1883,-36.446],[174.1885,-36.446],[174.1885,-36.4462]],[[174.1907,-36.4464],[174.1905,-36.4464],[174.1905,-36.4462],[174.1907,-36.4462],[174.1907,-36.4464]],[[174.1899,-36.4466],[174.1895,-36.4465],[174.1902,-36.4465],[174.1899,-36.4466]],[[174.1878,-36.4469],[174.1871,-36.4447],[174.1888,-36.4451],[174.1878,-36.4469]],[[174.1882,-36.4486],[174.1882,-36.4483],[174.1883,-36.4484],[174.1882,-36.4486]],[[174.1893,-36.4491],[174.189,-36.449],[174.1893,-36.4488],[174.1893,-36.4491]],[[174.19,-36.4491],[174.1899,-36.4491],[174.19,-36.449],[174.19,-36.4491]],[[174.1882,-36.4436],[174.1878,-36.4433],[174.188,-36.4432],[174.1882,-36.4436]],[[174.1892,-36.4442],[174.189,-36.4442],[174.1892,-36.444],[174.1892,-36.4442]],[[174.169,-36.4458],[174.1687,-36.4458],[174.1689,-36.4457],[174.169,-36.4458]],[[174.1665,-36.4468],[174.1658,-36.4466],[174.166,-36.4465],[174.1665,-36.4468]],[[174.1672,-36.4469],[174.1668,-36.4468],[174.1672,-36.4466],[174.1672,-36.4469]],[[174.1649,-36.4471],[174.1646,-36.4469],[174.1649,-36.4469],[174.1649,-36.4471]],[[174.1653,-36.4477],[174.1649,-36.4477],[174.1651,-36.4475],[174.1653,-36.4477]],[[174.1649,-36.4482],[174.1648,-36.4482],[174.1648,-36.4479],[174.1649,-36.4479],[174.1649,-36.4482]],[[174.1643,-36.4487],[174.1641,-36.4486],[174.1644,-36.4484],[174.1643,-36.4487]],[[174.1646,-36.4491],[174.1643,-36.4491],[174.1643,-36.449],[174.1646,-36.449],[174.1646,-36.4491]],[[174.1653,-36.4493],[174.1649,-36.4493],[174.1649,-36.449],[174.1653,-36.4493]],[[174.1636,-36.4494],[174.1634,-36.4493],[174.1639,-36.4491],[174.1636,-36.4494]],[[174.1641,-36.4499],[174.1637,-36.4498],[174.1639,-36.4497],[174.1641,-36.4499]],[[174.1636,-36.4502],[174.1631,-36.4502],[174.1631,-36.4501],[174.1636,-36.4501],[174.1636,-36.4502]],[[174.1648,-36.4501],[174.1643,-36.4498],[174.1649,-36.4495],[174.1648,-36.4501]],[[174.1649,-36.4506],[174.1641,-36.4504],[174.1644,-36.4501],[174.1649,-36.4506]],[[174.1651,-36.4525],[174.1648,-36.4524],[174.1649,-36.4523],[174.1651,-36.4525]],[[174.1665,-36.4532],[174.1661,-36.4531],[174.1665,-36.4531],[174.1665,-36.4532]],[[174.1668,-36.4532],[174.1666,-36.4532],[174.1666,-36.4531],[174.1668,-36.4532]],[[174.1673,-36.4472],[174.1672,-36.4472],[174.1672,-36.4471],[174.1673,-36.4471],[174.1673,-36.4472]],[[174.1668,-36.4476],[174.1666,-36.4476],[174.1666,-36.4473],[174.1668,-36.4473],[174.1668,-36.4476]],[[174.1665,-36.4484],[174.1658,-36.4473],[174.1665,-36.4472],[174.1665,-36.4484]],[[174.1666,-36.4491],[174.1649,-36.4487],[174.1655,-36.4484],[174.1666,-36.4491]],[[174.1712,-36.446],[174.1702,-36.446],[174.1704,-36.4454],[174.1712,-36.446]],[[174.1752,-36.4457],[174.1748,-36.4455],[174.1752,-36.4455],[174.1752,-36.4457]],[[174.1723,-36.446],[174.1721,-36.4455],[174.1725,-36.4457],[174.1723,-36.446]],[[174.1701,-36.4462],[174.1695,-36.4461],[174.1697,-36.446],[174.1701,-36.4462]],[[174.1714,-36.4462],[174.1712,-36.4462],[174.1712,-36.4461],[174.1714,-36.4462]],[[174.1721,-36.4464],[174.1718,-36.4462],[174.1719,-36.4461],[174.1721,-36.4464]],[[174.1694,-36.4466],[174.1687,-36.4461],[174.1692,-36.446],[174.1694,-36.4466]],[[174.1687,-36.4468],[174.1682,-36.4466],[174.1685,-36.446],[174.1687,-36.4468]],[[174.1687,-36.4475],[174.1677,-36.4469],[174.1675,-36.4462],[174.1687,-36.4475]],[[174.1709,-36.4466],[174.1707,-36.4466],[174.1707,-36.4465],[174.1709,-36.4465],[174.1709,-36.4466]],[[174.1718,-36.4466],[174.1716,-36.4466],[174.1716,-36.4465],[174.1718,-36.4465],[174.1718,-36.4466]],[[174.1714,-36.4468],[174.1712,-36.4468],[174.1712,-36.4465],[174.1714,-36.4468]],[[174.1701,-36.4472],[174.1695,-36.4471],[174.1695,-36.4465],[174.1701,-36.4472]],[[174.1699,-36.4477],[174.1689,-36.4472],[174.1699,-36.4475],[174.1699,-36.4477]],[[174.1687,-36.448],[174.168,-36.4477],[174.1687,-36.4476],[174.1687,-36.448]],[[174.168,-36.4488],[174.1678,-36.4488],[174.1678,-36.4487],[174.168,-36.4487],[174.168,-36.4488]],[[174.1673,-36.4494],[174.1666,-36.449],[174.1672,-36.4475],[174.1673,-36.4494]],[[174.1678,-36.4513],[174.1675,-36.4513],[174.1675,-36.4512],[174.1678,-36.4513]],[[174.1685,-36.4517],[174.168,-36.4516],[174.1685,-36.4514],[174.1685,-36.4517]],[[174.1687,-36.452],[174.1685,-36.452],[174.1685,-36.4519],[174.1687,-36.452]],[[174.1677,-36.4528],[174.1675,-36.4528],[174.1675,-36.4527],[174.1677,-36.4527],[174.1677,-36.4528]],[[174.1673,-36.4532],[174.1637,-36.4512],[174.1655,-36.4493],[174.1673,-36.4532]],[[174.1648,-36.4538],[174.1646,-36.4538],[174.1648,-36.4534],[174.1648,-36.4538]],[[174.1639,-36.4552],[174.1637,-36.4552],[174.1637,-36.455],[174.1639,-36.455],[174.1639,-36.4552]],[[174.1644,-36.4567],[174.1643,-36.4567],[174.1643,-36.4565],[174.1644,-36.4565],[174.1644,-36.4567]],[[174.1661,-36.4571],[174.166,-36.4571],[174.166,-36.4569],[174.1661,-36.4571]]]}},{"type":"Feature","properties":{},"geometry":{"type":"Polygon","coordinates":[[[174.1791,-36.4664],[174.1825,-36.4616],[174.1772,-36.4626],[174.1786,-36.4641],[174.1759,-36.4617],[174.189,-36.4531],[174.183,-36.4534],[174.1839,-36.4514],[174.1779,-36.4497],[174.1774,-36.4552],[174.1712,-36.4574],[174.1743,-36.4609],[174.1718,-36.4619],[174.1721,-36.4582],[174.1702,-36.4622],[174.1791,-36.4664]],[[174.1812,-36.4646],[174.181,-36.4646],[174.181,-36.4645],[174.1812,-36.4645],[174.1812,-36.4646]],[[174.1817,-36.4622],[174.1815,-36.4619],[174.1818,-36.4619],[174.1817,-36.4622]],[[174.18,-36.4645],[174.1798,-36.4639],[174.1801,-36.4641],[174.18,-36.4645]],[[174.1796,-36.4649],[174.1789,-36.4645],[174.1794,-36.4644],[174.1796,-36.4649]],[[174.18,-36.4649],[174.1798,-36.4649],[174.1798,-36.4648],[174.18,-36.4648],[174.18,-36.4649]],[[174.1822,-36.4569],[174.1822,-36.4567],[174.1824,-36.4565],[174.1824,-36.4568],[174.1822,-36.4569]],[[174.1829,-36.4572],[174.1825,-36.4572],[174.1825,-36.4569],[174.1829,-36.4569],[174.1829,-36.4572]],[[174.1882,-36.4532],[174.1876,-36.4532],[174.1876,-36.453],[174.1882,-36.4532]],[[174.187,-36.4534],[174.1866,-36.4534],[174.1866,-36.4532],[174.187,-36.4532],[174.187,-36.4534]],[[174.1864,-36.4535],[174.1861,-36.4535],[174.1863,-36.4534],[174.1864,-36.4535]],[[174.1784,-36.4498],[174.1783,-36.4498],[174.1783,-36.4497],[174.1784,-36.4497],[174.1784,-36.4498]],[[174.1789,-36.4502],[174.1788,-36.4502],[174.1788,-36.4501],[174.1789,-36.4501],[174.1789,-36.4502]],[[174.1793,-36.4519],[174.1789,-36.4519],[174.1789,-36.4517],[174.1793,-36.4517],[174.1793,-36.4519]],[[174.1812,-36.4519],[174.18,-36.451],[174.1806,-36.4508],[174.1812,-36.4519]],[[174.1784,-36.452],[174.1783,-36.452],[174.1783,-36.4519],[174.1784,-36.4519],[174.1784,-36.452]],[[174.1774,-36.4525],[174.1769,-36.4521],[174.1779,-36.4514],[174.1774,-36.4525]],[[174.1789,-36.4528],[174.1784,-36.4525],[174.1796,-36.4527],[174.1789,-36.4528]],[[174.1784,-36.4531],[174.1783,-36.4531],[174.1783,-36.4528],[174.1784,-36.4528],[174.1784,-36.4531]],[[174.1779,-36.4534],[174.1777,-36.4527],[174.1781,-36.4525],[174.1779,-36.4534]],[[174.1784,-36.4537],[174.1783,-36.4537],[174.1781,-36.4535],[174.1783,-36.4535],[174.1784,-36.4537]],[[174.1781,-36.4543],[174.1779,-36.4543],[174.1779,-36.4541],[174.1781,-36.4541],[174.1781,-36.4543]],[[174.1798,-36.4543],[174.1786,-36.4539],[174.181,-36.4541],[174.1798,-36.4543]],[[174.1765,-36.455],[174.1762,-36.455],[174.1762,-36.4547],[174.1765,-36.455]],[[174.1794,-36.4549],[174.1794,-36.4545],[174.1805,-36.4547],[174.1794,-36.4549]],[[174.1808,-36.4549],[174.1806,-36.4549],[174.1806,-36.4547],[174.1808,-36.4547],[174.1808,-36.4549]],[[174.1791,-36.455],[174.1781,-36.4549],[174.1791,-36.4545],[174.1791,-36.455]],[[174.1827,-36.4552],[174.1827,-36.4539],[174.1837,-36.4546],[174.1827,-36.4552]],[[174.1815,-36.4556],[174.1812,-36.4556],[174.1815,-36.4553],[174.1815,-36.4556]],[[174.1827,-36.4556],[174.1825,-36.4556],[174.1825,-36.4554],[174.1827,-36.4554],[174.1827,-36.4556]],[[174.183,-36.4556],[174.1829,-36.4552],[174.1832,-36.4552],[174.183,-36.4556]],[[174.1801,-36.4558],[174.1788,-36.4558],[174.1784,-36.4553],[174.1801,-36.4558]],[[174.1808,-36.4561],[174.1806,-36.4561],[174.1806,-36.4558],[174.1808,-36.4558],[174.1808,-36.4561]],[[174.1822,-36.4561],[174.182,-36.4561],[174.182,-36.456],[174.1822,-36.456],[174.1822,-36.4561]],[[174.1796,-36.4564],[174.1794,-36.4564],[174.1794,-36.4563],[174.1796,-36.4563],[174.1796,-36.4564]],[[174.1803,-36.4565],[174.1801,-36.4564],[174.1803,-36.4564],[174.1803,-36.4565]],[[174.1726,-36.4569],[174.1725,-36.4569],[174.1726,-36.4563],[174.1728,-36.4565],[174.1726,-36.4569]],[[174.1728,-36.4572],[174.1725,-36.4572],[174.1725,-36.4571],[174.1728,-36.4572]],[[174.1794,-36.4572],[174.1793,-36.4572],[174.1793,-36.4571],[174.1794,-36.4571],[174.1794,-36.4572]],[[174.1801,-36.4572],[174.18,-36.4571],[174.1803,-36.4569],[174.1801,-36.4572]],[[174.1745,-36.4574],[174.1743,-36.4574],[174.1743,-36.4572],[174.1745,-36.4572],[174.1745,-36.4574]],[[174.182,-36.4567],[174.1818,-36.4564],[174.1824,-36.4563],[174.182,-36.4567]],[[174.1808,-36.4578],[174.1803,-36.4575],[174.1808,-36.4564],[174.1808,-36.4578]],[[174.1791,-36.4579],[174.1791,-36.4578],[174.1794,-36.4576],[174.1791,-36.4579]],[[174.1752,-36.4587],[174.175,-36.4586],[174.1754,-36.4585],[174.1752,-36.4587]],[[174.1765,-36.4606],[174.1765,-36.4604],[174.1767,-36.4605],[174.1765,-36.4606]],[[174.1796,-36.458],[174.1794,-36.4579],[174.1798,-36.4579],[174.1796,-36.458]],[[174.1783,-36.4586],[174.1777,-36.4585],[174.1786,-36.4585],[174.1783,-36.4586]],[[174.1786,-36.4594],[174.1783,-36.4593],[174.1786,-36.459],[174.1786,-36.4594]],[[174.1777,-36.4598],[174.1776,-36.4593],[174.1781,-36.4593],[174.1777,-36.4598]],[[174.1776,-36.4608],[174.1765,-36.4601],[174.1762,-36.4583],[174.1776,-36.4608]],[[174.1783,-36.4609],[174.1781,-36.4609],[174.1781,-36.4608],[174.1783,-36.4608],[174.1783,-36.4609]],[[174.1716,-36.4631],[174.1712,-36.463],[174.1735,-36.4623],[174.1716,-36.4631]],[[174.1793,-36.4656],[174.1793,-36.4655],[174.1794,-36.4655],[174.1793,-36.4656]]]}},{"type":"Feature","properties":{},"geometry":{"type":"Polygon","coordinates":[[[174.1624,-36.469],[174.1622,-36.4593],[174.1655,-36.459],[174.1619,-36.4568],[174.1624,-36.469]],[[174.1637,-36.4678],[174.1636,-36.4678],[174.1637,-36.4676],[174.1637,-36.4678]],[[174.1632,-36.4608],[174.1631,-36.4608],[174.1631,-36.4606],[174.1632,-36.4606],[174.1632,-36.4608]],[[174.1639,-36.4579],[174.1637,-36.4578],[174.1639,-36.4578],[174.1639,-36.4579]],[[174.1643,-36.4597],[174.1624,-36.4587],[174.1644,-36.458],[174.1643,-36.4597]],[[174.1644,-36.4604],[174.1636,-36.4602],[174.1643,-36.4598],[174.1644,-36.4604]],[[174.1627,-36.4591],[174.1624,-36.4591],[174.1626,-36.459],[174.1627,-36.4591]],[[174.1614,-36.46],[174.1612,-36.46],[174.1612,-36.4598],[174.1614,-36.4598],[174.1614,-36.46]],[[174.1615,-36.4602],[174.1614,-36.4602],[174.1614,-36.4601],[174.1615,-36.4602]],[[174.1614,-36.4608],[174.1614,-36.4606],[174.1615,-36.4606],[174.1614,-36.4608]],[[174.1619,-36.4609],[174.1615,-36.4608],[174.1627,-36.4604],[174.1619,-36.4609]],[[174.1612,-36.4623],[174.161,-36.4623],[174.161,-36.4622],[174.1612,-36.4622],[174.1612,-36.4623]],[[174.1627,-36.4646],[174.1626,-36.4646],[174.1626,-36.4645],[174.1627,-36.4645],[174.1627,-36.4646]],[[174.162,-36.4652],[174.1619,-36.465],[174.1622,-36.465],[174.162,-36.4652]],[[174.1619,-36.4659],[174.1617,-36.4653],[174.1622,-36.4655],[174.1619,-36.4659]],[[174.1619,-36.4667],[174.1619,-36.4663],[174.1627,-36.466],[174.1619,-36.4667]],[[174.1624,-36.4672],[174.162,-36.4672],[174.1626,-36.467],[174.1624,-36.4672]]]}},{"type":"Feature","properties":{},"geometry":{"type":"Polygon","coordinates":[[[174.1851,-36.4767],[174.1829,-36.4742],[174.1796,-36.4763],[174.1851,-36.4767]],[[174.1841,-36.4759],[174.1835,-36.4757],[174.1837,-36.4756],[174.1841,-36.4759]],[[174.1853,-36.4757],[174.1851,-36.4757],[174.1854,-36.4753],[174.1853,-36.4757]],[[174.1846,-36.476],[174.1842,-36.476],[174.1847,-36.4756],[174.1846,-36.476]]]}},{"type":"Feature","properties":{},"geometry":{"type":"Polygon","coordinates":[[[174.1851,-36.4821],[174.1858,-36.4785],[174.1832,-36.481],[174.1851,-36.4821]]]}},{"type":"Feature","properties":{},"geometry":{"type":"Polygon","coordinates":[[[174.2042,-36.4837],[174.2107,-36.4836],[174.2064,-36.483],[174.2042,-36.4837]]]}},{"type":"Feature","properties":{},"geometry":{"type":"Polygon","coordinates":[[[174.1841,-36.4845],[174.1955,-36.4793],[174.1916,-36.4807],[174.19,-36.4749],[174.1882,-36.4757],[174.1885,-36.4811],[174.1907,-36.481],[174.1841,-36.4845]],[[174.1936,-36.4808],[174.1934,-36.4807],[174.1938,-36.4804],[174.1936,-36.4808]],[[174.1929,-36.481],[174.1926,-36.4807],[174.1931,-36.4805],[174.1929,-36.481]],[[174.1893,-36.4755],[174.1892,-36.4755],[174.1895,-36.4752],[174.1893,-36.4755]],[[174.189,-36.4771],[174.1888,-36.4771],[174.1888,-36.477],[174.189,-36.477],[174.189,-36.4771]],[[174.1883,-36.4773],[174.1882,-36.4773],[174.1882,-36.4771],[174.1883,-36.4771],[174.1883,-36.4773]],[[174.189,-36.4774],[174.1888,-36.4774],[174.189,-36.4773],[174.189,-36.4774]],[[174.1892,-36.4779],[174.1888,-36.4778],[174.1888,-36.4775],[174.1892,-36.4779]],[[174.1895,-36.479],[174.1893,-36.479],[174.1893,-36.4789],[174.1895,-36.4789],[174.1895,-36.479]],[[174.19,-36.4804],[174.1899,-36.4804],[174.1899,-36.4803],[174.19,-36.4803],[174.19,-36.4804]],[[174.1907,-36.4803],[174.1905,-36.4803],[174.1905,-36.4801],[174.1907,-36.4803]],[[174.1905,-36.4804],[174.1904,-36.4804],[174.1902,-36.48],[174.1905,-36.4804]],[[174.1895,-36.4807],[174.1893,-36.4807],[174.1895,-36.4805],[174.1895,-36.4807]],[[174.1899,-36.4807],[174.1897,-36.4807],[174.1897,-36.4805],[174.1899,-36.4805],[174.1899,-36.4807]],[[174.1905,-36.4807],[174.1904,-36.4807],[174.1904,-36.4805],[174.1905,-36.4805],[174.1905,-36.4807]],[[174.1907,-36.4816],[174.1905,-36.4816],[174.1905,-36.4815],[174.1907,-36.4816]],[[174.1921,-36.4816],[174.1917,-36.4812],[174.1921,-36.4811],[174.1921,-36.4816]],[[174.1912,-36.4821],[174.1905,-36.4821],[174.1914,-36.4815],[174.1912,-36.4821]],[[174.1909,-36.4829],[174.1905,-36.4829],[174.1905,-36.4827],[174.1909,-36.4829]]]}},{"type":"Feature","properties":{},"geometry":{"type":"Polygon","coordinates":[[[174.2032,-36.4886],[174.2032,-36.4845],[174.1986,-36.4858],[174.2028,-36.4859],[174.2032,-36.4886]]]}},{"type":"Feature","properties":{},"geometry":{"type":"Polygon","coordinates":[[[174.2037,-36.5017],[174.2028,-36.4907],[174.1996,-36.4885],[174.1967,-36.4903],[174.2008,-36.4941],[174.1989,-36.4952],[174.1921,-36.4933],[174.1904,-36.4896],[174.1933,-36.4869],[174.1871,-36.4878],[174.189,-36.4845],[174.1788,-36.4885],[174.1829,-36.4884],[174.1791,-36.4865],[174.1822,-36.4815],[174.1791,-36.4751],[174.1943,-36.4675],[174.1863,-36.4634],[174.1808,-36.4655],[174.1747,-36.4731],[174.1788,-36.4708],[174.1759,-36.4795],[174.18,-36.4808],[174.1771,-36.4885],[174.1837,-36.4969],[174.1987,-36.4958],[174.2037,-36.5017]],[[174.1987,-36.49],[174.1989,-36.4896],[174.1991,-36.4897],[174.1987,-36.49]],[[174.1989,-36.4911],[174.1986,-36.4911],[174.1986,-36.4907],[174.1989,-36.4907],[174.1989,-36.4911]],[[174.2023,-36.4922],[174.2004,-36.4919],[174.2021,-36.4913],[174.2023,-36.4922]],[[174.2018,-36.4933],[174.2011,-36.4932],[174.2023,-36.4929],[174.2018,-36.4933]],[[174.1905,-36.4869],[174.1902,-36.4869],[174.1902,-36.4867],[174.1905,-36.4867],[174.1905,-36.4869]],[[174.1916,-36.4877],[174.1929,-36.4866],[174.1929,-36.4873],[174.1916,-36.4877]],[[174.1854,-36.487],[174.1849,-36.4866],[174.1858,-36.4855],[174.1854,-36.487]],[[174.187,-36.4888],[174.187,-36.4886],[174.1871,-36.4886],[174.187,-36.4888]],[[174.1871,-36.4891],[174.187,-36.4891],[174.187,-36.4889],[174.1871,-36.4889],[174.1871,-36.4891]],[[174.1824,-36.4893],[174.182,-36.4893],[174.182,-36.4892],[174.1824,-36.4892],[174.1824,-36.4893]],[[174.1875,-36.4893],[174.1871,-36.4893],[174.1871,-36.4892],[174.1875,-36.4892],[174.1875,-36.4893]],[[174.1806,-36.4891],[174.1805,-36.4889],[174.1808,-36.4889],[174.1806,-36.4891]],[[174.1888,-36.4707],[174.1887,-36.4707],[174.1887,-36.4705],[174.1888,-36.4707]],[[174.1899,-36.4707],[174.1895,-36.4704],[174.1902,-36.47],[174.1899,-36.4707]],[[174.187,-36.4638],[174.1868,-36.4638],[174.1871,-36.4637],[174.187,-36.4638]],[[174.1856,-36.4652],[174.1854,-36.4652],[174.1854,-36.465],[174.1856,-36.465],[174.1856,-36.4652]],[[174.1871,-36.4659],[174.1859,-36.4653],[174.1871,-36.4652],[174.1871,-36.4659]],[[174.1813,-36.4667],[174.1812,-36.4667],[174.1812,-36.4666],[174.1813,-36.4666],[174.1813,-36.4667]],[[174.1825,-36.467],[174.1824,-36.467],[174.1824,-36.4668],[174.1825,-36.4668],[174.1825,-36.467]],[[174.1813,-36.4671],[174.1812,-36.4671],[174.1812,-36.467],[174.1813,-36.467],[174.1813,-36.4671]],[[174.181,-36.4676],[174.1813,-36.4672],[174.1813,-36.4675],[174.181,-36.4676]],[[174.1801,-36.4679],[174.18,-36.4678],[174.1803,-36.4678],[174.1801,-36.4679]],[[174.1825,-36.4682],[174.1824,-36.4675],[174.183,-36.4676],[174.1825,-36.4682]],[[174.1873,-36.4661],[174.1871,-36.4661],[174.1871,-36.466],[174.1873,-36.4661]],[[174.1871,-36.467],[174.1871,-36.4666],[174.1873,-36.4667],[174.1871,-36.467]],[[174.1854,-36.4675],[174.1849,-36.4661],[174.1858,-36.4663],[174.1854,-36.4675]],[[174.183,-36.4683],[174.1849,-36.4668],[174.1853,-36.4681],[174.183,-36.4683]],[[174.1818,-36.4685],[174.1801,-36.4683],[174.1813,-36.4682],[174.1818,-36.4685]],[[174.1858,-36.4687],[174.1856,-36.4686],[174.1858,-36.4686],[174.1858,-36.4687]],[[174.1893,-36.4675],[174.1892,-36.4675],[174.1892,-36.4674],[174.1893,-36.4674],[174.1893,-36.4675]],[[174.1883,-36.4676],[174.188,-36.4675],[174.189,-36.4668],[174.1883,-36.4676]],[[174.19,-36.4679],[174.1899,-36.4676],[174.1909,-36.4675],[174.19,-36.4679]],[[174.1878,-36.4683],[174.1878,-36.4682],[174.188,-36.4681],[174.188,-36.4682],[174.1878,-36.4683]],[[174.1873,-36.4686],[174.1868,-36.4686],[174.1868,-36.4685],[174.1873,-36.4685],[174.1873,-36.4686]],[[174.1864,-36.4696],[174.187,-36.4674],[174.1859,-36.4683],[174.1864,-36.4696]],[[174.1864,-36.47],[174.1861,-36.47],[174.1861,-36.4698],[174.1864,-36.47]],[[174.1904,-36.4693],[174.1902,-36.4692],[174.1905,-36.469],[174.1904,-36.4693]],[[174.1883,-36.47],[174.1897,-36.4693],[174.1899,-36.4698],[174.1883,-36.47]],[[174.1873,-36.4704],[174.1871,-36.4694],[174.1882,-36.4698],[174.1873,-36.4704]],[[174.1866,-36.4709],[174.1864,-36.4705],[174.1868,-36.4705],[174.1866,-36.4709]],[[174.183,-36.4712],[174.1829,-36.4712],[174.1832,-36.4709],[174.183,-36.4712]],[[174.1817,-36.4714],[174.1859,-36.4689],[174.1861,-36.4707],[174.1817,-36.4714]],[[174.1796,-36.4715],[174.1796,-36.4714],[174.1798,-36.4714],[174.1796,-36.4715]],[[174.1847,-36.4709],[174.1844,-36.4709],[174.1844,-36.4707],[174.1847,-36.4709]],[[174.1841,-36.4716],[174.1835,-36.4715],[174.1841,-36.4709],[174.1841,-36.4716]],[[174.1832,-36.4719],[174.1829,-36.4719],[174.183,-36.4716],[174.1832,-36.4719]],[[174.18,-36.4721],[174.1798,-36.4721],[174.1798,-36.4718],[174.18,-36.4718],[174.18,-36.4721]],[[174.1835,-36.4721],[174.1834,-36.4721],[174.1834,-36.4719],[174.1835,-36.4719],[174.1835,-36.4721]],[[174.1863,-36.4714],[174.1861,-36.4714],[174.1864,-36.4711],[174.1863,-36.4714]],[[174.1861,-36.4716],[174.1859,-36.4716],[174.1859,-36.4715],[174.1861,-36.4715],[174.1861,-36.4716]],[[174.1844,-36.4722],[174.1842,-36.4712],[174.1849,-36.4711],[174.1844,-36.4722]],[[174.1835,-36.4723],[174.1834,-36.4723],[174.1834,-36.4722],[174.1835,-36.4722],[174.1835,-36.4723]],[[174.1827,-36.4725],[174.1824,-36.4723],[174.1824,-36.4721],[174.1827,-36.4725]],[[174.1856,-36.4721],[174.1854,-36.4719],[174.1858,-36.4718],[174.1856,-36.4721]],[[174.1853,-36.4723],[174.1849,-36.4723],[174.1853,-36.4721],[174.1853,-36.4723]],[[174.1839,-36.4725],[174.1837,-36.4725],[174.1841,-36.4723],[174.1839,-36.4725]],[[174.1824,-36.473],[174.1822,-36.4729],[174.1824,-36.4727],[174.1824,-36.473]],[[174.1849,-36.4727],[174.1846,-36.4727],[174.1853,-36.4725],[174.1849,-36.4727]],[[174.183,-36.473],[174.1825,-36.4727],[174.1827,-36.4726],[174.183,-36.473]],[[174.1847,-36.4733],[174.1844,-36.4733],[174.1849,-36.4729],[174.1847,-36.4733]],[[174.1834,-36.4738],[174.1832,-36.4738],[174.1832,-36.4737],[174.1834,-36.4737],[174.1834,-36.4738]],[[174.181,-36.4742],[174.1801,-36.4741],[174.1827,-36.4731],[174.181,-36.4742]],[[174.1771,-36.4768],[174.1771,-36.4767],[174.1772,-36.4767],[174.1771,-36.4768]],[[174.1776,-36.4768],[174.1774,-36.4766],[174.1777,-36.4766],[174.1776,-36.4768]],[[174.1771,-36.4793],[174.1769,-36.4793],[174.1769,-36.4792],[174.1771,-36.4792],[174.1771,-36.4793]],[[174.1772,-36.4869],[174.1769,-36.4869],[174.1769,-36.4867],[174.1772,-36.4869]],[[174.1803,-36.49],[174.1801,-36.4897],[174.1805,-36.4897],[174.1803,-36.49]],[[174.1873,-36.4932],[174.1866,-36.4922],[174.1873,-36.4913],[174.1873,-36.4932]],[[174.1885,-36.4933],[174.1873,-36.4922],[174.1887,-36.4892],[174.1885,-36.4933]],[[174.1887,-36.4939],[174.1885,-36.4939],[174.1885,-36.4936],[174.1887,-36.4936],[174.1887,-36.4939]],[[174.1917,-36.4933],[174.1917,-36.493],[174.1919,-36.493],[174.1917,-36.4933]],[[174.1916,-36.4934],[174.1914,-36.4933],[174.1916,-36.4932],[174.1916,-36.4934]],[[174.1909,-36.4937],[174.1907,-36.4933],[174.1911,-36.4933],[174.1909,-36.4937]],[[174.1897,-36.494],[174.1897,-36.4932],[174.1902,-36.4934],[174.1897,-36.494]]]}},{"type":"Feature","properties":{},"geometry":{"type":"Polygon","coordinates":[[[174.2158,-36.5054],[174.2213,-36.5025],[174.2197,-36.5015],[174.2158,-36.5054]]]}},{"type":"Feature","properties":{},"geometry":{"type":"Polygon","coordinates":[[[174.2218,-36.5131],[174.2257,-36.5127],[174.2235,-36.5118],[174.2218,-36.5131]]]}},{"type":"Feature","properties":{},"geometry":{"type":"Polygon","coordinates":[[[174.216,-36.5202],[174.212,-36.5153],[174.2105,-36.5168],[174.216,-36.5202]]]}},{"type":"Feature","properties":{},"geometry":{"type":"Polygon","coordinates":[[[174.2187,-36.5232],[174.2172,-36.521],[174.2161,-36.5224],[174.2187,-36.5232]]]}},{"type":"Feature","properties":{},"geometry":{"type":"Polygon","coordinates":[[[174.2088,-36.5242],[174.2042,-36.5199],[174.2049,-36.511],[174.2032,-36.5098],[174.202,-36.5139],[174.1938,-36.5091],[174.1934,-36.5031],[174.1981,-36.5013],[174.2035,-36.5068],[174.2052,-36.5039],[174.1904,-36.5003],[174.1952,-36.4969],[174.1907,-36.4963],[174.1882,-36.501],[174.1851,-36.4972],[174.1912,-36.5095],[174.1972,-36.5111],[174.2088,-36.5242]],[[174.2044,-36.5154],[174.2042,-36.5154],[174.2042,-36.5153],[174.2044,-36.5153],[174.2044,-36.5154]],[[174.2037,-36.5114],[174.2037,-36.511],[174.2039,-36.5111],[174.2037,-36.5114]],[[174.2035,-36.5121],[174.2033,-36.5121],[174.2033,-36.512],[174.2035,-36.512],[174.2035,-36.5121]],[[174.2027,-36.5131],[174.2027,-36.5124],[174.2032,-36.5124],[174.2027,-36.5131]],[[174.1945,-36.5092],[174.1943,-36.5092],[174.1943,-36.5091],[174.1945,-36.5091],[174.1945,-36.5092]],[[174.1933,-36.5021],[174.1929,-36.502],[174.1931,-36.5018],[174.1933,-36.5021]],[[174.196,-36.5022],[174.1953,-36.5017],[174.1962,-36.5018],[174.196,-36.5022]],[[174.1955,-36.5026],[174.1953,-36.5026],[174.1957,-36.5024],[174.1955,-36.5026]],[[174.195,-36.5028],[174.1946,-36.5024],[174.1952,-36.5022],[174.195,-36.5028]],[[174.2013,-36.5054],[174.2011,-36.5054],[174.2011,-36.5052],[174.2013,-36.5052],[174.2013,-36.5054]],[[174.202,-36.5057],[174.2016,-36.5055],[174.202,-36.5054],[174.202,-36.5057]],[[174.2016,-36.5059],[174.2015,-36.5057],[174.2018,-36.5058],[174.2016,-36.5059]],[[174.2042,-36.5066],[174.2027,-36.5061],[174.203,-36.5059],[174.2042,-36.5066]],[[174.1965,-36.5003],[174.1963,-36.5003],[174.1963,-36.5002],[174.1965,-36.5002],[174.1965,-36.5003]],[[174.1977,-36.5009],[174.1975,-36.5007],[174.1979,-36.5007],[174.1977,-36.5009]],[[174.1904,-36.497],[174.19,-36.4969],[174.1904,-36.4967],[174.1904,-36.497]],[[174.1911,-36.4996],[174.1911,-36.4992],[174.1914,-36.4993],[174.1911,-36.4996]],[[174.1899,-36.5],[174.1897,-36.4999],[174.1899,-36.4999],[174.1899,-36.5]],[[174.1882,-36.4996],[174.188,-36.4996],[174.188,-36.4995],[174.1882,-36.4995],[174.1882,-36.4996]],[[174.1868,-36.5],[174.1866,-36.5],[174.1866,-36.4996],[174.1868,-36.4996],[174.1868,-36.5]],[[174.1882,-36.5002],[174.188,-36.5002],[174.188,-36.5],[174.1882,-36.5],[174.1882,-36.5002]],[[174.1871,-36.5006],[174.1866,-36.5004],[174.1868,-36.5003],[174.1871,-36.5006]],[[174.1876,-36.5006],[174.1873,-36.5004],[174.1875,-36.5003],[174.1876,-36.5006]],[[174.1895,-36.501],[174.1893,-36.5009],[174.1895,-36.5009],[174.1895,-36.501]],[[174.1912,-36.5014],[174.1909,-36.5013],[174.1911,-36.5011],[174.1912,-36.5014]],[[174.1926,-36.5015],[174.1919,-36.5014],[174.1929,-36.501],[174.1926,-36.5015]],[[174.1919,-36.5018],[174.1916,-36.5017],[174.1919,-36.5015],[174.1919,-36.5018]],[[174.1912,-36.5024],[174.1897,-36.501],[174.1916,-36.5018],[174.1912,-36.5024]],[[174.1871,-36.5029],[174.1873,-36.5022],[174.1875,-36.5025],[174.1871,-36.5029]],[[174.1909,-36.5032],[174.1909,-36.5028],[174.1912,-36.5026],[174.1909,-36.5032]],[[174.1912,-36.5035],[174.1911,-36.5032],[174.1916,-36.5032],[174.1912,-36.5035]],[[174.1929,-36.5036],[174.1928,-36.5036],[174.1928,-36.5033],[174.1929,-36.5033],[174.1929,-36.5036]],[[174.1905,-36.5037],[174.1907,-36.5033],[174.1909,-36.5035],[174.1905,-36.5037]],[[174.1922,-36.504],[174.1921,-36.504],[174.1919,-36.5037],[174.1922,-36.5039],[174.1922,-36.504]],[[174.1929,-36.5058],[174.1928,-36.5058],[174.1928,-36.5057],[174.1929,-36.5057],[174.1929,-36.5058]],[[174.1934,-36.507],[174.1933,-36.5068],[174.1936,-36.5068],[174.1934,-36.507]],[[174.1972,-36.5098],[174.197,-36.5096],[174.1974,-36.5095],[174.1972,-36.5098]],[[174.1957,-36.5099],[174.1952,-36.5099],[174.1953,-36.5095],[174.1957,-36.5099]],[[174.1929,-36.5102],[174.1928,-36.51],[174.1931,-36.5099],[174.1929,-36.5102]],[[174.1965,-36.5105],[174.1963,-36.5105],[174.1963,-36.5102],[174.1965,-36.5102],[174.1965,-36.5105]],[[174.1972,-36.5106],[174.197,-36.5102],[174.1974,-36.5102],[174.1972,-36.5106]],[[174.2016,-36.5151],[174.2011,-36.515],[174.2013,-36.5149],[174.2016,-36.5151]],[[174.2027,-36.5153],[174.2018,-36.5144],[174.2032,-36.5147],[174.2027,-36.5153]],[[174.201,-36.5154],[174.2006,-36.5154],[174.2008,-36.5151],[174.201,-36.5154]],[[174.2016,-36.5164],[174.2013,-36.5162],[174.2015,-36.5155],[174.2016,-36.5164]],[[174.2037,-36.5195],[174.2035,-36.5195],[174.2035,-36.5194],[174.2037,-36.5194],[174.2037,-36.5195]],[[174.2061,-36.5227],[174.2057,-36.5225],[174.2057,-36.5223],[174.2061,-36.5224],[174.2061,-36.5227]]]}},{"type":"Feature","properties":{},"geometry":{"type":"Polygon","coordinates":[[[174.2138,-36.531],[174.2091,-36.5245],[174.212,-36.5309],[174.2138,-36.531]],[[174.2131,-36.5304],[174.2129,-36.5304],[174.2129,-36.5302],[174.2131,-36.5302],[174.2131,-36.5304]]]}},{"type":"Feature","properties":{},"geometry":{"type":"Polygon","coordinates":[[[174.2373,-36.5372],[174.2395,-36.5338],[174.2342,-36.535],[174.2373,-36.5372]]]}},{"type":"Feature","properties":{},"geometry":{"type":"Polygon","coordinates":[[[174.2312,-36.5379],[174.2279,-36.5319],[174.211,-36.5218],[174.2312,-36.5379]],[[174.2266,-36.5319],[174.2262,-36.5319],[174.2262,-36.5317],[174.2266,-36.5317],[174.2266,-36.5319]]]}},{"type":"Feature","properties":{},"geometry":{"type":"Polygon","coordinates":[[[174.2404,-36.5431],[174.2419,-36.5416],[174.2375,-36.5372],[174.2404,-36.5431]]]}},{"type":"Feature","properties":{},"geometry":{"type":"Polygon","coordinates":[[[174.2392,-36.5464],[174.2334,-36.5387],[174.2325,-36.5404],[174.2392,-36.5464]]]}},{"type":"Feature","properties":{},"geometry":{"type":"Polygon","coordinates":[[[174.2277,-36.5468],[174.231,-36.542],[174.2151,-36.5321],[174.2288,-36.5421],[174.2277,-36.5468]],[[174.2242,-36.5398],[174.2231,-36.5393],[174.2235,-36.5391],[174.2242,-36.5398]]]}},{"type":"Feature","properties":{},"geometry":{"type":"Polygon","coordinates":[[[174.2318,-36.5476],[174.2373,-36.5464],[174.2315,-36.545],[174.2318,-36.5476]],[[174.2334,-36.5449],[174.2332,-36.5447],[174.2336,-36.5446],[174.2334,-36.5449]]]}},{"type":"Feature","properties":{},"geometry":{"type":"Polygon","coordinates":[[[174.244,-36.5497],[174.24,-36.5461],[174.239,-36.5467],[174.244,-36.5497]]]}},{"type":"Feature","properties":{},"geometry":{"type":"Polygon","coordinates":[[[174.2494,-36.5508],[174.2491,-36.5483],[174.2465,-36.5508],[174.2494,-36.5508]]]}},{"type":"Feature","properties":{},"geometry":{"type":"Polygon","coordinates":[[[174.2605,-36.5624],[174.2573,-36.5579],[174.2569,-36.5615],[174.2605,-36.5624]]]}},{"type":"Feature","properties":{},"geometry":{"type":"Polygon","coordinates":[[[174.2569,-36.5745],[174.2586,-36.5683],[174.2557,-36.5655],[174.2578,-36.5686],[174.2544,-36.5685],[174.2455,-36.5537],[174.2436,-36.5578],[174.2368,-36.5481],[174.2481,-36.5533],[174.2615,-36.5692],[174.251,-36.5541],[174.2397,-36.5474],[174.2336,-36.5481],[174.2336,-36.5513],[174.2431,-36.5591],[174.2469,-36.558],[174.2469,-36.5644],[174.2569,-36.5745]],[[174.2392,-36.55],[174.239,-36.55],[174.239,-36.5498],[174.2392,-36.5498],[174.2392,-36.55]],[[174.2493,-36.555],[174.2489,-36.555],[174.2489,-36.5549],[174.2493,-36.555]],[[174.2564,-36.5619],[174.2556,-36.5613],[174.2561,-36.5611],[174.2564,-36.5619]]]}},{"type":"Feature","properties":{},"geometry":{"type":"Polygon","coordinates":[[[174.267,-36.5764],[174.2631,-36.5692],[174.2638,-36.5734],[174.267,-36.5764]]]}},{"type":"Feature","properties":{},"geometry":{"type":"Polygon","coordinates":[[[174.2646,-36.5808],[174.2667,-36.5786],[174.2644,-36.5761],[174.2646,-36.5808]]]}},{"type":"Feature","properties":{},"geometry":{"type":"Polygon","coordinates":[[[174.2774,-36.5834],[174.266,-36.57],[174.2694,-36.5771],[174.2774,-36.5834]],[[174.2696,-36.5766],[174.2692,-36.5761],[174.2697,-36.5764],[174.2696,-36.5766]],[[174.2738,-36.5816],[174.2735,-36.5816],[174.2731,-36.5812],[174.2735,-36.5812],[174.2738,-36.5816]]]}},{"type":"Feature","properties":{},"geometry":{"type":"Polygon","coordinates":[[[174.2931,-36.6151],[174.296,-36.6147],[174.2904,-36.6118],[174.2931,-36.6151]]]}},{"type":"Feature","properties":{},"geometry":{"type":"Polygon","coordinates":[[[174.304,-36.6215],[174.3001,-36.6163],[174.3023,-36.6148],[174.2984,-36.61],[174.2989,-36.6136],[174.2972,-36.6125],[174.286,-36.5951],[174.2895,-36.5977],[174.2871,-36.5945],[174.2921,-36.5908],[174.286,-36.5925],[174.2815,-36.586],[174.2769,-36.5864],[174.268,-36.5774],[174.2663,-36.5823],[174.2728,-36.5845],[174.2877,-36.6015],[174.2841,-36.6034],[174.2989,-36.6141],[174.304,-36.6215]],[[174.2906,-36.5908],[174.2906,-36.5907],[174.2907,-36.5907],[174.2906,-36.5908]],[[174.2798,-36.5878],[174.2796,-36.5878],[174.2798,-36.5875],[174.2798,-36.5878]],[[174.2866,-36.5949],[174.2865,-36.5949],[174.2865,-36.5946],[174.2866,-36.5946],[174.2866,-36.5949]],[[174.2858,-36.5955],[174.2802,-36.5912],[174.2796,-36.5879],[174.2858,-36.5955]],[[174.2877,-36.5979],[174.2875,-36.5979],[174.2875,-36.5978],[174.2877,-36.5978],[174.2877,-36.5979]],[[174.2883,-36.6005],[174.2877,-36.5997],[174.2882,-36.5996],[174.2883,-36.6005]],[[174.2882,-36.6022],[174.288,-36.6016],[174.2883,-36.6018],[174.2882,-36.6022]],[[174.2897,-36.603],[174.289,-36.6025],[174.2895,-36.6023],[174.2897,-36.603]],[[174.289,-36.6038],[174.2875,-36.6027],[174.2892,-36.603],[174.289,-36.6038]],[[174.2894,-36.6049],[174.29,-36.6038],[174.2902,-36.604],[174.2894,-36.6049]],[[174.3025,-36.6192],[174.3023,-36.619],[174.3027,-36.619],[174.3025,-36.6192]]]}},{"type":"Feature","properties":{},"geometry":{"type":"Polygon","coordinates":[[[174.2878,-36.6282],[174.2892,-36.6244],[174.2813,-36.6186],[174.2878,-36.6282]],[[174.286,-36.6215],[174.2856,-36.6214],[174.286,-36.6214],[174.286,-36.6215]],[[174.2827,-36.621],[174.2825,-36.621],[174.2825,-36.6207],[174.2827,-36.6207],[174.2827,-36.621]],[[174.2851,-36.6218],[174.2844,-36.6218],[174.2844,-36.6214],[174.2851,-36.6218]],[[174.2834,-36.6222],[174.2832,-36.6222],[174.2832,-36.6219],[174.2834,-36.6219],[174.2834,-36.6222]],[[174.2848,-36.6227],[174.2844,-36.6226],[174.2844,-36.6223],[174.2848,-36.6227]],[[174.2865,-36.6227],[174.2861,-36.6225],[174.2866,-36.6223],[174.2865,-36.6227]],[[174.2851,-36.6233],[174.2848,-36.623],[174.2849,-36.6229],[174.2851,-36.6233]],[[174.2851,-36.6237],[174.2849,-36.6237],[174.2849,-36.6234],[174.2851,-36.6234],[174.2851,-36.6237]],[[174.288,-36.6241],[174.2882,-36.624],[174.288,-36.6238],[174.2882,-36.6238],[174.288,-36.6241]],[[174.2877,-36.6245],[174.2875,-36.6245],[174.2877,-36.6244],[174.2877,-36.6245]],[[174.2875,-36.6259],[174.2873,-36.6257],[174.2878,-36.6255],[174.2875,-36.6259]],[[174.2895,-36.6259],[174.2894,-36.6259],[174.2894,-36.6257],[174.2895,-36.6257],[174.2895,-36.6259]],[[174.2866,-36.6263],[174.287,-36.6249],[174.2875,-36.6252],[174.2866,-36.6263]],[[174.2887,-36.6263],[174.2885,-36.6262],[174.2889,-36.6262],[174.2887,-36.6263]]]}},{"type":"Feature","properties":{},"geometry":{"type":"Polygon","coordinates":[[[174.3025,-36.6305],[174.3037,-36.6218],[174.2993,-36.6204],[174.3013,-36.6233],[174.2981,-36.6253],[174.2989,-36.6296],[174.3025,-36.6305]],[[174.3023,-36.623],[174.3022,-36.6229],[174.3023,-36.6229],[174.3023,-36.623]],[[174.301,-36.6278],[174.3006,-36.6278],[174.3008,-36.6277],[174.301,-36.6278]],[[174.3027,-36.6279],[174.3013,-36.6278],[174.3027,-36.6277],[174.3027,-36.6279]],[[174.3001,-36.6288],[174.2998,-36.6279],[174.3006,-36.6283],[174.3001,-36.6288]]]}},{"type":"Feature","properties":{},"geometry":{"type":"Polygon","coordinates":[[[174.2976,-36.6341],[174.3017,-36.632],[174.3003,-36.631],[174.2976,-36.6341]]]}},{"type":"Feature","properties":{},"geometry":{"type":"Polygon","coordinates":[[[174.3126,-36.6351],[174.3063,-36.6216],[174.304,-36.6312],[174.3126,-36.6351]],[[174.3078,-36.6266],[174.3076,-36.6266],[174.3076,-36.6264],[174.3078,-36.6264],[174.3078,-36.6266]],[[174.3076,-36.627],[174.3075,-36.6267],[174.3078,-36.6267],[174.3076,-36.627]],[[174.3071,-36.6288],[174.3063,-36.6275],[174.3078,-36.6274],[174.3071,-36.6288]],[[174.3076,-36.6294],[174.3064,-36.6294],[174.3075,-36.6292],[174.3076,-36.6294]],[[174.3073,-36.6307],[174.3068,-36.6305],[174.3068,-36.6303],[174.3073,-36.6307]],[[174.3088,-36.6301],[174.3087,-36.6301],[174.3087,-36.63],[174.3088,-36.6301]],[[174.3093,-36.6315],[174.3088,-36.6311],[174.3095,-36.6308],[174.3093,-36.6315]],[[174.3078,-36.6326],[174.3076,-36.6323],[174.3081,-36.6322],[174.3078,-36.6326]],[[174.3126,-36.6345],[174.3124,-36.6345],[174.3124,-36.6344],[174.3126,-36.6345]]]}},{"type":"Feature","properties":{},"geometry":{"type":"Polygon","coordinates":[[[174.3228,-36.6397],[174.3254,-36.636],[174.3225,-36.637],[174.3228,-36.6397]]]}},{"type":"Feature","properties":{},"geometry":{"type":"Polygon","coordinates":[[[174.2977,-36.6408],[174.2938,-36.63],[174.2897,-36.6286],[174.2977,-36.6408]],[[174.2919,-36.6315],[174.2918,-36.6315],[174.2918,-36.6314],[174.2919,-36.6314],[174.2919,-36.6315]],[[174.2911,-36.6316],[174.2907,-36.6314],[174.2909,-36.6312],[174.2911,-36.6316]],[[174.2921,-36.6329],[174.2921,-36.6325],[174.2924,-36.6326],[174.2921,-36.6329]],[[174.2948,-36.6355],[174.2945,-36.6353],[174.295,-36.6352],[174.2948,-36.6355]],[[174.2982,-36.6382],[174.2981,-36.6382],[174.2981,-36.6381],[174.2982,-36.6381],[174.2982,-36.6382]]]}},{"type":"Feature","properties":{},"geometry":{"type":"Polygon","coordinates":[[[174.3075,-36.6422],[174.3063,-36.6396],[174.3051,-36.6407],[174.3075,-36.6422]]]}},{"type":"Feature","properties":{},"geometry":{"type":"Polygon","coordinates":[[[174.3249,-36.6472],[174.3247,-36.6456],[174.3216,-36.6457],[174.3249,-36.6472]]]}},{"type":"Feature","properties":{},"geometry":{"type":"Polygon","coordinates":[[[174.3307,-36.6486],[174.3136,-36.6318],[174.318,-36.6426],[174.322,-36.6445],[174.3213,-36.6422],[174.324,-36.6422],[174.3307,-36.6486]]]}},{"type":"Feature","properties":{},"geometry":{"type":"Polygon","coordinates":[[[174.3093,-36.6562],[174.3114,-36.6557],[174.3078,-36.6508],[174.3119,-36.652],[174.3097,-36.6486],[174.3023,-36.6411],[174.2977,-36.6412],[174.3093,-36.6562]],[[174.3109,-36.6515],[174.3095,-36.6507],[174.3098,-36.6504],[174.3109,-36.6515]],[[174.3102,-36.6519],[174.31,-36.6519],[174.31,-36.6518],[174.3102,-36.6518],[174.3102,-36.6519]],[[174.3107,-36.6519],[174.3105,-36.6519],[174.3104,-36.6518],[174.3105,-36.6518],[174.3107,-36.6519]],[[174.3095,-36.6492],[174.3093,-36.6492],[174.3095,-36.6488],[174.3095,-36.6492]],[[174.2994,-36.6426],[174.2993,-36.6426],[174.2993,-36.6425],[174.2994,-36.6425],[174.2994,-36.6426]],[[174.3027,-36.643],[174.302,-36.6426],[174.3023,-36.6423],[174.3027,-36.643]],[[174.3015,-36.6433],[174.3013,-36.6433],[174.3013,-36.6431],[174.3015,-36.6431],[174.3015,-36.6433]],[[174.3015,-36.6445],[174.3015,-36.6444],[174.3017,-36.6444],[174.3015,-36.6445]],[[174.3039,-36.6453],[174.3035,-36.6452],[174.3035,-36.6449],[174.3039,-36.6453]],[[174.3044,-36.6462],[174.3042,-36.6462],[174.3042,-36.646],[174.3044,-36.646],[174.3044,-36.6462]],[[174.3051,-36.6468],[174.3046,-36.6468],[174.3046,-36.6467],[174.3051,-36.6467],[174.3051,-36.6468]],[[174.3044,-36.6472],[174.304,-36.6471],[174.3042,-36.647],[174.3044,-36.6472]],[[174.3052,-36.6479],[174.3051,-36.6479],[174.3051,-36.6478],[174.3052,-36.6479]],[[174.3054,-36.6481],[174.3054,-36.6479],[174.3056,-36.6479],[174.3054,-36.6481]],[[174.3068,-36.6486],[174.3059,-36.6475],[174.3075,-36.6482],[174.3068,-36.6486]],[[174.3049,-36.649],[174.3046,-36.649],[174.3046,-36.6489],[174.3049,-36.6489],[174.3049,-36.649]],[[174.3063,-36.6496],[174.3052,-36.6493],[174.3058,-36.6492],[174.3063,-36.6496]],[[174.3064,-36.6503],[174.3063,-36.6503],[174.3063,-36.6501],[174.3064,-36.6501],[174.3064,-36.6503]],[[174.3102,-36.6551],[174.31,-36.6551],[174.3098,-36.6546],[174.3102,-36.6551]]]}},{"type":"Feature","properties":{},"geometry":{"type":"Polygon","coordinates":[[[174.3325,-36.6581],[174.3267,-36.646],[174.3276,-36.6503],[174.3264,-36.6519],[174.3259,-36.6479],[174.3247,-36.6501],[174.3325,-36.6581]],[[174.3262,-36.6483],[174.3261,-36.6483],[174.3261,-36.6482],[174.3262,-36.6482],[174.3262,-36.6483]]]}},{"type":"Feature","properties":{},"geometry":{"type":"Polygon","coordinates":[[[174.3483,-36.6713],[174.3471,-36.6679],[174.3464,-36.6696],[174.3483,-36.6713]]]}},{"type":"Feature","properties":{},"geometry":{"type":"Polygon","coordinates":[[[174.3559,-36.673],[174.3588,-36.6708],[174.3554,-36.6712],[174.3559,-36.673]]]}},{"type":"Feature","properties":{},"geometry":{"type":"Polygon","coordinates":[[[174.3503,-36.6744],[174.3505,-36.673],[174.3464,-36.6727],[174.3503,-36.6744]]]}},{"type":"Feature","properties":{},"geometry":{"type":"Polygon","coordinates":[[[174.3491,-36.6785],[174.344,-36.6653],[174.3433,-36.6672],[174.3329,-36.654],[174.3329,-36.6594],[174.3413,-36.6674],[174.3372,-36.6671],[174.3378,-36.669],[174.3438,-36.6692],[174.3491,-36.6785]],[[174.3366,-36.6635],[174.336,-36.6634],[174.3363,-36.6629],[174.3366,-36.6635]],[[174.3471,-36.6737],[174.3465,-36.6737],[174.3465,-36.6735],[174.3471,-36.6735],[174.3471,-36.6737]]]}},{"type":"Feature","properties":{},"geometry":{"type":"Polygon","coordinates":[[[174.3559,-36.6828],[174.3515,-36.6744],[174.3501,-36.6785],[174.3559,-36.6828]]]}},{"type":"Feature","properties":{},"geometry":{"type":"Polygon","coordinates":[[[174.365,-36.6928],[174.3669,-36.6919],[174.3629,-36.6915],[174.3578,-36.6831],[174.3599,-36.682],[174.3576,-36.6824],[174.358,-36.6864],[174.365,-36.6928]]]}},{"type":"Feature","properties":{},"geometry":{"type":"Polygon","coordinates":[[[174.6481,-36.7679],[174.6502,-36.7659],[174.6466,-36.766],[174.6481,-36.7679]]]}},{"type":"Feature","properties":{},"geometry":{"type":"Polygon","coordinates":[[[174.8815,-37.0192],[174.8832,-37.0181],[174.8796,-37.0177],[174.8815,-37.0192]]]}},{"type":"Feature","properties":{},"geometry":{"type":"Polygon","coordinates":[[[174.6722,-36.802],[174.6713,-36.7995],[174.6649,-36.7995],[174.6722,-36.802]]]}},{"type":"Feature","properties":{},"geometry":{"type":"Polygon","coordinates":[[[174.6635,-36.4114],[174.6688,-36.4104],[174.6673,-36.4087],[174.6635,-36.4114]]]}},{"type":"Feature","properties":{},"geometry":{"type":"Polygon","coordinates":[[[174.6922,-36.9287],[174.6911,-36.9251],[174.6906,-36.9273],[174.6922,-36.9287]]]}},{"type":"Feature","properties":{},"geometry":{"type":"Polygon","coordinates":[[[174.665,-36.9313],[174.669,-36.9298],[174.665,-36.9291],[174.6671,-36.9294],[174.665,-36.9313]]]}},{"type":"Feature","properties":{},"geometry":{"type":"Polygon","coordinates":[[[174.6671,-36.9372],[174.692,-36.9235],[174.6937,-36.9159],[174.6915,-36.9108],[174.6888,-36.9185],[174.6917,-36.9194],[174.691,-36.9232],[174.6831,-36.9291],[174.6732,-36.9294],[174.6741,-36.9314],[174.6659,-36.9339],[174.6671,-36.9372]],[[174.6915,-36.9165],[174.6913,-36.9163],[174.6917,-36.9163],[174.6915,-36.9165]],[[174.6922,-36.9198],[174.692,-36.9196],[174.6923,-36.9196],[174.6922,-36.9198]],[[174.6744,-36.9314],[174.6742,-36.9314],[174.6742,-36.9313],[174.6744,-36.9313],[174.6744,-36.9314]]]}},{"type":"Feature","properties":{},"geometry":{"type":"Polygon","coordinates":[[[174.771,-36.3785],[174.7748,-36.3758],[174.7698,-36.3718],[174.771,-36.3785]],[[174.7722,-36.3756],[174.7722,-36.3754],[174.7724,-36.3754],[174.7722,-36.3756]]]}},{"type":"Feature","properties":{},"geometry":{"type":"Polygon","coordinates":[[[174.7671,-36.3847],[174.7703,-36.3796],[174.7656,-36.3799],[174.7671,-36.3847]],[[174.7654,-36.3825],[174.7652,-36.3825],[174.7654,-36.3824],[174.7654,-36.3825]]]}},{"type":"Feature","properties":{},"geometry":{"type":"Polygon","coordinates":[[[174.6802,-36.92],[174.6802,-36.9134],[174.677,-36.9111],[174.6802,-36.92]]]}},{"type":"Feature","properties":{},"geometry":{"type":"Polygon","coordinates":[[[174.6722,-36.9204],[174.6758,-36.9133],[174.671,-36.9182],[174.6722,-36.9204]]]}},{"type":"Feature","properties":{},"geometry":{"type":"Polygon","coordinates":[[[174.287,-36.5801],[174.2909,-36.5785],[174.2882,-36.5735],[174.2851,-36.5789],[174.287,-36.5801]]]}},{"type":"Feature","properties":{},"geometry":{"type":"Polygon","coordinates":[[[174.2967,-36.6249],[174.2998,-36.6245],[174.2979,-36.6234],[174.2967,-36.6249]],[[174.2988,-36.6242],[174.2986,-36.6242],[174.2986,-36.6241],[174.2988,-36.6241],[174.2988,-36.6242]]]}},{"type":"Feature","properties":{},"geometry":{"type":"Polygon","coordinates":[[[174.3285,-36.6579],[174.3278,-36.6597],[174.3313,-36.6605],[174.3285,-36.6579]]]}},{"type":"Feature","properties":{},"geometry":{"type":"Polygon","coordinates":[[[174.6347,-36.4549],[174.6492,-36.4486],[174.6541,-36.452],[174.6502,-36.4471],[174.6347,-36.4549]]]}},{"type":"Feature","properties":{},"geometry":{"type":"Polygon","coordinates":[[[174.6307,-36.4641],[174.6348,-36.4598],[174.6335,-36.4561],[174.6307,-36.4641]]]}},{"type":"Feature","properties":{},"geometry":{"type":"Polygon","coordinates":[[[174.6287,-36.4689],[174.6297,-36.4671],[174.6256,-36.4674],[174.6287,-36.4689]]]}},{"type":"Feature","properties":{},"geometry":{"type":"Polygon","coordinates":[[[174.6997,-37.2548],[174.7026,-37.2527],[174.6995,-37.2527],[174.6997,-37.2548]]]}},{"type":"Feature","properties":{},"geometry":{"type":"Polygon","coordinates":[[[174.715,-37.255],[174.7171,-37.244],[174.7137,-37.2491],[174.7096,-37.2495],[174.7145,-37.2491],[174.7118,-37.252],[174.7135,-37.2507],[174.715,-37.255]],[[174.7138,-37.2506],[174.7137,-37.2506],[174.7137,-37.2504],[174.7138,-37.2504],[174.7138,-37.2506]],[[174.714,-37.2507],[174.7144,-37.2504],[174.7144,-37.2506],[174.714,-37.2507]]]}},{"type":"Feature","properties":{},"geometry":{"type":"Polygon","coordinates":[[[174.6988,-37.2569],[174.7038,-37.2549],[174.7038,-37.2519],[174.6988,-37.2569]],[[174.7039,-37.2525],[174.7036,-37.2525],[174.7041,-37.2522],[174.7039,-37.2525]]]}},{"type":"Feature","properties":{},"geometry":{"type":"Polygon","coordinates":[[[174.7074,-37.261],[174.7128,-37.2573],[174.7089,-37.259],[174.7074,-37.261]]]}},{"type":"Feature","properties":{},"geometry":{"type":"Polygon","coordinates":[[[174.2103,-36.4416],[174.2143,-36.4391],[174.211,-36.4399],[174.2103,-36.4416]]]}},{"type":"Feature","properties":{},"geometry":{"type":"Polygon","coordinates":[[[174.7302,-36.8005],[174.736,-36.7987],[174.7376,-36.795],[174.7514,-36.7946],[174.7475,-36.7954],[174.743,-36.7914],[174.7432,-36.7935],[174.7372,-36.793],[174.728,-36.7986],[174.7302,-36.8005]],[[174.7408,-36.7939],[174.7405,-36.7939],[174.7405,-36.7938],[174.7408,-36.7938],[174.7408,-36.7939]],[[174.7415,-36.794],[174.741,-36.7939],[174.7413,-36.7938],[174.7415,-36.794]]]}},{"type":"Feature","properties":{},"geometry":{"type":"Polygon","coordinates":[[[174.744,-36.8014],[174.7471,-36.8005],[174.7415,-36.8006],[174.744,-36.8014]]]}},{"type":"Feature","properties":{},"geometry":{"type":"Polygon","coordinates":[[[175.1781,-36.8424],[175.1798,-36.8405],[175.1778,-36.8402],[175.1781,-36.8424]]]}},{"type":"Feature","properties":{},"geometry":{"type":"Polygon","coordinates":[[[174.9064,-37.1169],[174.9072,-37.1159],[174.9038,-37.1139],[174.9064,-37.1169]]]}},{"type":"Feature","properties":{},"geometry":{"type":"Polygon","coordinates":[[[174.6323,-36.4821],[174.6285,-36.4759],[174.6249,-36.4751],[174.6323,-36.4821]]]}},{"type":"Feature","properties":{},"geometry":{"type":"Polygon","coordinates":[[[174.6614,-36.5003],[174.6626,-36.4978],[174.6599,-36.5],[174.6614,-36.5003]]]}},{"type":"Feature","properties":{},"geometry":{"type":"Polygon","coordinates":[[[174.6096,-36.5036],[174.605,-36.4995],[174.5981,-36.4998],[174.6096,-36.5036]]]}},{"type":"Feature","properties":{},"geometry":{"type":"Polygon","coordinates":[[[174.6789,-36.5057],[174.6802,-36.5043],[174.6758,-36.5014],[174.6789,-36.5057]]]}},{"type":"Feature","properties":{},"geometry":{"type":"Polygon","coordinates":[[[174.7039,-36.5365],[174.7127,-36.5346],[174.7142,-36.5251],[174.7057,-36.529],[174.6988,-36.5227],[174.6968,-36.5256],[174.6855,-36.5245],[174.6816,-36.5276],[174.6778,-36.518],[174.6806,-36.5154],[174.6748,-36.5175],[174.671,-36.5146],[174.6742,-36.5121],[174.6705,-36.5042],[174.6739,-36.4996],[174.6702,-36.5018],[174.6642,-36.5],[174.6596,-36.4933],[174.6597,-36.4867],[174.6475,-36.4867],[174.6442,-36.484],[174.6464,-36.4878],[174.6415,-36.4895],[174.6347,-36.4833],[174.6372,-36.4891],[174.6352,-36.4885],[174.6413,-36.4899],[174.6575,-36.4865],[174.6558,-36.4892],[174.6582,-36.4892],[174.6585,-36.4956],[174.6546,-36.4966],[174.6608,-36.4959],[174.6696,-36.5039],[174.6715,-36.5116],[174.6684,-36.5144],[174.663,-36.5127],[174.6565,-36.5048],[174.6297,-36.502],[174.6275,-36.4951],[174.6224,-36.4921],[174.6241,-36.4871],[174.6189,-36.488],[174.614,-36.484],[174.621,-36.4906],[174.6196,-36.4941],[174.6261,-36.4955],[174.6259,-36.5006],[174.6181,-36.4992],[174.6058,-36.4914],[174.6174,-36.5015],[174.6007,-36.5109],[174.6203,-36.5009],[174.6229,-36.5035],[174.6213,-36.5074],[174.6253,-36.501],[174.6282,-36.5046],[174.6254,-36.5131],[174.6198,-36.5159],[174.6237,-36.515],[174.622,-36.5184],[174.6155,-36.5231],[174.6043,-36.5246],[174.6159,-36.5235],[174.6179,-36.5271],[174.6181,-36.521],[174.6242,-36.5187],[174.627,-36.5111],[174.6323,-36.5261],[174.629,-36.5046],[174.6328,-36.5037],[174.635,-36.5066],[174.6432,-36.5028],[174.648,-36.5043],[174.6452,-36.5079],[174.6521,-36.5043],[174.6562,-36.508],[174.6545,-36.5094],[174.6606,-36.51],[174.6475,-36.5125],[174.6417,-36.5186],[174.6476,-36.5129],[174.6505,-36.5128],[174.6507,-36.5165],[174.6522,-36.5128],[174.6584,-36.5107],[174.6608,-36.514],[174.6591,-36.5181],[174.6509,-36.5243],[174.6568,-36.5235],[174.664,-36.5139],[174.6661,-36.5138],[174.6647,-36.5177],[174.6754,-36.5191],[174.6732,-36.5213],[174.6777,-36.5258],[174.676,-36.5273],[174.6705,-36.5284],[174.6674,-36.5256],[174.6638,-36.528],[174.6717,-36.5294],[174.6649,-36.5369],[174.6741,-36.5287],[174.6847,-36.5316],[174.6862,-36.5273],[174.6908,-36.5269],[174.6935,-36.531],[174.6992,-36.5287],[174.7039,-36.5365]],[[174.7116,-36.5343],[174.7115,-36.5343],[174.7115,-36.5342],[174.7116,-36.5342],[174.7116,-36.5343]],[[174.7127,-36.5343],[174.7125,-36.5343],[174.7125,-36.5338],[174.7127,-36.5343]],[[174.7121,-36.5277],[174.712,-36.5276],[174.7123,-36.5271],[174.7121,-36.5277]],[[174.7125,-36.5284],[174.7128,-36.5271],[174.713,-36.5276],[174.7125,-36.5284]],[[174.6589,-36.4873],[174.6587,-36.4867],[174.6591,-36.4869],[174.6589,-36.4873]],[[174.6594,-36.4941],[174.6591,-36.4937],[174.6594,-36.4937],[174.6594,-36.4941]],[[174.6609,-36.4956],[174.6604,-36.4954],[174.6608,-36.4952],[174.6609,-36.4956]],[[174.6623,-36.4969],[174.6618,-36.4967],[174.662,-36.4966],[174.6623,-36.4969]],[[174.614,-36.4844],[174.6137,-36.4844],[174.6137,-36.4841],[174.614,-36.4844]],[[174.621,-36.4896],[174.6208,-36.4895],[174.621,-36.4893],[174.621,-36.4896]],[[174.6341,-36.5033],[174.634,-36.5033],[174.6341,-36.5032],[174.6341,-36.5033]],[[174.6348,-36.5033],[174.6343,-36.5033],[174.6343,-36.5032],[174.6348,-36.5033]],[[174.6568,-36.5091],[174.6568,-36.5088],[174.657,-36.5088],[174.6568,-36.5091]],[[174.6763,-36.5225],[174.676,-36.5223],[174.6761,-36.5221],[174.6763,-36.5225]],[[174.6995,-36.5312],[174.6993,-36.5312],[174.6993,-36.5306],[174.6995,-36.5306],[174.6995,-36.5312]],[[174.7116,-36.5314],[174.7111,-36.5314],[174.7115,-36.531],[174.7116,-36.5314]],[[174.7121,-36.5327],[174.712,-36.5327],[174.7121,-36.5324],[174.7121,-36.5327]],[[174.7113,-36.5331],[174.7109,-36.5325],[174.7115,-36.5317],[174.7113,-36.5331]],[[174.7123,-36.5334],[174.7121,-36.5334],[174.7121,-36.5332],[174.7123,-36.5332],[174.7123,-36.5334]],[[174.7127,-36.5335],[174.7125,-36.5335],[174.7125,-36.5334],[174.7127,-36.5334],[174.7127,-36.5335]],[[174.7113,-36.5336],[174.7111,-36.5335],[174.7113,-36.5334],[174.7113,-36.5336]],[[174.7075,-36.535],[174.7074,-36.535],[174.7079,-36.5347],[174.7075,-36.535]]]}},{"type":"Feature","properties":{},"geometry":{"type":"Polygon","coordinates":[[[174.6649,-36.5386],[174.665,-36.5371],[174.662,-36.538],[174.6649,-36.5386]]]}},{"type":"Feature","properties":{},"geometry":{"type":"Polygon","coordinates":[[[174.4686,-36.2812],[174.467,-36.2796],[174.4703,-36.2776],[174.4682,-36.2772],[174.465,-36.2798],[174.4686,-36.2812]],[[174.4701,-36.2779],[174.4699,-36.2779],[174.4699,-36.2777],[174.4701,-36.2777],[174.4701,-36.2779]],[[174.4667,-36.2792],[174.4665,-36.2791],[174.4669,-36.2791],[174.4667,-36.2792]],[[174.466,-36.2798],[174.4662,-36.2796],[174.4667,-36.2796],[174.466,-36.2798]],[[174.4655,-36.2799],[174.4652,-36.2799],[174.4653,-36.2798],[174.4655,-36.2799]],[[174.4648,-36.2805],[174.4647,-36.2805],[174.4648,-36.2803],[174.4648,-36.2805]]]}},{"type":"Feature","properties":{},"geometry":{"type":"Polygon","coordinates":[[[174.4537,-36.3046],[174.4539,-36.3026],[174.4498,-36.3021],[174.4537,-36.3046]]]}},{"type":"Feature","properties":{},"geometry":{"type":"Polygon","coordinates":[[[174.4556,-36.307],[174.4575,-36.3065],[174.4542,-36.3051],[174.4556,-36.307]]]}},{"type":"Feature","properties":{},"geometry":{"type":"Polygon","coordinates":[[[174.4527,-36.3092],[174.4488,-36.3068],[174.4466,-36.3073],[174.4527,-36.3092]]]}},{"type":"Feature","properties":{},"geometry":{"type":"Polygon","coordinates":[[[174.4421,-36.3173],[174.4435,-36.3168],[174.4367,-36.3128],[174.4421,-36.3173]]]}},{"type":"Feature","properties":{},"geometry":{"type":"Polygon","coordinates":[[[174.4169,-36.323],[174.417,-36.3194],[174.4158,-36.3223],[174.4169,-36.323]]]}},{"type":"Feature","properties":{},"geometry":{"type":"Polygon","coordinates":[[[174.437,-36.325],[174.438,-36.324],[174.4348,-36.3193],[174.437,-36.325]]]}},{"type":"Feature","properties":{},"geometry":{"type":"Polygon","coordinates":[[[174.4158,-36.3259],[174.416,-36.3227],[174.414,-36.3231],[174.4158,-36.3259]]]}},{"type":"Feature","properties":{},"geometry":{"type":"Polygon","coordinates":[[[174.429,-36.3282],[174.4239,-36.3154],[174.4309,-36.308],[174.4343,-36.3182],[174.431,-36.3124],[174.4326,-36.3039],[174.436,-36.3118],[174.4433,-36.3085],[174.4501,-36.3138],[174.4462,-36.3074],[174.436,-36.308],[174.4326,-36.2977],[174.4334,-36.2957],[174.4368,-36.2982],[174.4351,-36.2944],[174.4402,-36.2885],[174.4462,-36.2869],[174.449,-36.2924],[174.4464,-36.3008],[174.4488,-36.3021],[174.4496,-36.293],[174.4457,-36.2835],[174.4507,-36.2865],[174.4513,-36.2827],[174.453,-36.2845],[174.456,-36.2817],[174.4633,-36.2886],[174.4587,-36.2948],[174.4636,-36.2912],[174.4664,-36.2966],[174.4633,-36.2992],[174.4684,-36.2957],[174.4694,-36.2996],[174.4717,-36.2973],[174.4658,-36.3061],[174.4732,-36.3007],[174.4778,-36.3047],[174.4785,-36.3113],[174.4785,-36.3044],[174.4877,-36.312],[174.4845,-36.307],[174.4886,-36.3068],[174.4788,-36.3033],[174.4807,-36.2996],[174.4751,-36.3015],[174.4754,-36.2959],[174.4674,-36.2948],[174.4691,-36.2922],[174.4599,-36.2827],[174.4643,-36.2783],[174.4457,-36.2828],[174.4332,-36.2933],[174.4247,-36.2763],[174.4187,-36.2821],[174.4199,-36.2966],[174.4131,-36.3065],[174.4201,-36.2968],[174.4191,-36.3117],[174.4128,-36.3172],[174.4167,-36.3156],[174.4167,-36.3176],[174.4196,-36.3116],[174.4215,-36.2853],[174.4237,-36.2847],[174.4319,-36.2959],[174.4321,-36.3048],[174.423,-36.3165],[174.429,-36.3282]],[[174.4689,-36.296],[174.4686,-36.2956],[174.4691,-36.2955],[174.4689,-36.296]],[[174.4822,-36.3057],[174.4821,-36.3057],[174.4821,-36.3055],[174.4822,-36.3055],[174.4822,-36.3057]],[[174.4868,-36.3059],[174.4867,-36.3059],[174.4867,-36.3058],[174.4868,-36.3058],[174.4868,-36.3059]],[[174.4208,-36.3047],[174.4206,-36.3047],[174.4206,-36.3046],[174.4208,-36.3046],[174.4208,-36.3047]],[[174.4199,-36.3062],[174.4198,-36.3061],[174.4201,-36.3061],[174.4199,-36.3062]]]}},{"type":"Feature","properties":{},"geometry":{"type":"Polygon","coordinates":[[[174.7142,-37.1652],[174.7161,-37.1642],[174.7116,-37.1618],[174.7142,-37.1652]]]}},{"type":"Feature","properties":{},"geometry":{"type":"Polygon","coordinates":[[[174.4435,-36.5941],[174.4438,-36.5908],[174.4505,-36.5888],[174.4454,-36.5892],[174.4493,-36.5848],[174.4476,-36.5833],[174.4474,-36.5874],[174.4401,-36.5908],[174.4435,-36.5941]]]}},{"type":"Feature","properties":{},"geometry":{"type":"Polygon","coordinates":[[[175.1504,-36.7663],[175.1583,-36.7597],[175.1506,-36.7634],[175.1504,-36.7663]]]}},{"type":"Feature","properties":{},"geometry":{"type":"Polygon","coordinates":[[[174.6558,-36.854],[174.6611,-36.8419],[174.6529,-36.8502],[174.6558,-36.854]],[[174.6613,-36.8408],[174.6609,-36.8406],[174.6609,-36.8404],[174.6613,-36.8408]],[[174.6572,-36.8454],[174.657,-36.8454],[174.657,-36.8451],[174.6572,-36.8451],[174.6572,-36.8454]],[[174.657,-36.8458],[174.6567,-36.8458],[174.6572,-36.8456],[174.657,-36.8458]],[[174.657,-36.8471],[174.6568,-36.8464],[174.6572,-36.8464],[174.657,-36.8471]],[[174.6551,-36.8475],[174.655,-36.8472],[174.6555,-36.8471],[174.6551,-36.8475]],[[174.6553,-36.8482],[174.655,-36.848],[174.6553,-36.8477],[174.6553,-36.8482]]]}},{"type":"Feature","properties":{},"geometry":{"type":"Polygon","coordinates":[[[175.4674,-36.304],[175.4638,-36.2988],[175.4655,-36.3033],[175.4674,-36.304]]]}},{"type":"Feature","properties":{},"geometry":{"type":"Polygon","coordinates":[[[174.8968,-37.2026],[174.8927,-37.2041],[174.8934,-37.2053],[174.8968,-37.2026]]]}},{"type":"Feature","properties":{},"geometry":{"type":"Polygon","coordinates":[[[174.7188,-37.253],[174.7255,-37.2476],[174.7313,-37.2492],[174.729,-37.2337],[174.7266,-37.2394],[174.7297,-37.2458],[174.7197,-37.2482],[174.7188,-37.253]],[[174.7306,-37.2473],[174.7304,-37.2473],[174.7304,-37.2472],[174.7306,-37.2472],[174.7306,-37.2473]],[[174.7307,-37.2476],[174.7306,-37.2476],[174.7306,-37.2474],[174.7307,-37.2474],[174.7307,-37.2476]],[[174.7299,-37.2478],[174.7284,-37.2473],[174.7299,-37.2472],[174.7299,-37.2478]],[[174.7302,-37.2478],[174.7301,-37.2478],[174.7301,-37.2477],[174.7302,-37.2477],[174.7302,-37.2478]],[[174.7256,-37.2472],[174.7251,-37.2472],[174.7251,-37.2467],[174.7256,-37.2472]],[[174.7203,-37.2496],[174.7202,-37.2496],[174.7202,-37.2495],[174.7203,-37.2495],[174.7203,-37.2496]],[[174.7208,-37.2497],[174.7207,-37.2497],[174.7208,-37.2495],[174.7208,-37.2497]]]}},{"type":"Feature","properties":{},"geometry":{"type":"Polygon","coordinates":[[[174.8849,-37.2141],[174.8915,-37.2045],[174.8876,-37.2058],[174.8849,-37.2141]]]}},{"type":"Feature","properties":{},"geometry":{"type":"Polygon","coordinates":[[[175.1737,-36.8737],[175.1795,-36.8697],[175.176,-36.8703],[175.1737,-36.8737]]]}},{"type":"Feature","properties":{},"geometry":{"type":"Polygon","coordinates":[[[175.174,-36.8753],[175.1731,-36.8736],[175.1713,-36.8749],[175.174,-36.8753]]]}},{"type":"Feature","properties":{},"geometry":{"type":"Polygon","coordinates":[[[175.0677,-36.225],[175.0709,-36.2198],[175.0687,-36.2209],[175.0677,-36.225]]]}},{"type":"Feature","properties":{},"geometry":{"type":"Polygon","coordinates":[[[174.7575,-36.8076],[174.7606,-36.8025],[174.7519,-36.7997],[174.7507,-36.8027],[174.7563,-36.8033],[174.7575,-36.8076]]]}},{"type":"Feature","properties":{},"geometry":{"type":"Polygon","coordinates":[[[174.3423,-36.6767],[174.3442,-36.68],[174.345,-36.6787],[174.3423,-36.6767]]]}},{"type":"Feature","properties":{},"geometry":{"type":"Polygon","coordinates":[[[174.8378,-36.932],[174.8403,-36.9306],[174.8384,-36.9299],[174.8378,-36.932]]]}},{"type":"Feature","properties":{},"geometry":{"type":"Polygon","coordinates":[[[174.2448,-36.5766],[174.2479,-36.5735],[174.2438,-36.5733],[174.2448,-36.5766]],[[174.246,-36.5734],[174.2457,-36.5734],[174.2457,-36.5733],[174.246,-36.5733],[174.246,-36.5734]],[[174.246,-36.5748],[174.2458,-36.5748],[174.2458,-36.5746],[174.246,-36.5746],[174.246,-36.5748]]]}},{"type":"Feature","properties":{},"geometry":{"type":"Polygon","coordinates":[[[175.3662,-36.1998],[175.3542,-36.1962],[175.3517,-36.1995],[175.3549,-36.1968],[175.3662,-36.1998]]]}},{"type":"Feature","properties":{},"geometry":{"type":"Polygon","coordinates":[[[174.8608,-37.0489],[174.8632,-37.0468],[174.861,-37.0465],[174.8608,-37.0489]]]}},{"type":"Feature","properties":{},"geometry":{"type":"Polygon","coordinates":[[[174.3564,-36.6646],[174.3518,-36.666],[174.3549,-36.6667],[174.3564,-36.6646]]]}},{"type":"Feature","properties":{},"geometry":{"type":"Polygon","coordinates":[[[174.4879,-36.8277],[174.4938,-36.8263],[174.4887,-36.8266],[174.4879,-36.8277]]]}},{"type":"Feature","properties":{},"geometry":{"type":"Polygon","coordinates":[[[174.4722,-36.836],[174.4807,-36.8334],[174.487,-36.8278],[174.4722,-36.836]]]}},{"type":"Feature","properties":{},"geometry":{"type":"Polygon","coordinates":[[[174.4862,-36.8406],[174.4831,-36.8356],[174.4879,-36.8359],[174.4821,-36.8337],[174.4862,-36.8406]]]}},{"type":"Feature","properties":{},"geometry":{"type":"Polygon","coordinates":[[[174.4816,-36.8454],[174.4775,-36.8412],[174.4766,-36.843],[174.4816,-36.8454]]]}},{"type":"Feature","properties":{},"geometry":{"type":"Polygon","coordinates":[[[174.4973,-36.8497],[174.4981,-36.8477],[174.4897,-36.8457],[174.4973,-36.8497]]]}},{"type":"Feature","properties":{},"geometry":{"type":"Polygon","coordinates":[[[174.4981,-36.8785],[174.4991,-36.8766],[174.4979,-36.8745],[174.4981,-36.8785]]]}},{"type":"Feature","properties":{},"geometry":{"type":"Polygon","coordinates":[[[174.4768,-36.8842],[174.4785,-36.8828],[174.4744,-36.8813],[174.4768,-36.8842]]]}},{"type":"Feature","properties":{},"geometry":{"type":"Polygon","coordinates":[[[174.4841,-36.8927],[174.4841,-36.891],[174.481,-36.8917],[174.4841,-36.8927]]]}},{"type":"Feature","properties":{},"geometry":{"type":"Polygon","coordinates":[[[174.5295,-36.8962],[174.5276,-36.8927],[174.5302,-36.8897],[174.5235,-36.8891],[174.5102,-36.8786],[174.5072,-36.8733],[174.5085,-36.8695],[174.5188,-36.8721],[174.5099,-36.8692],[174.5073,-36.8647],[174.4959,-36.8671],[174.4816,-36.8648],[174.4798,-36.8685],[174.4607,-36.8678],[174.456,-36.8719],[174.4553,-36.8688],[174.4507,-36.8693],[174.4578,-36.8561],[174.466,-36.8532],[174.4595,-36.8543],[174.4553,-36.848],[174.4633,-36.8465],[174.471,-36.837],[174.4618,-36.8473],[174.4542,-36.848],[174.4549,-36.8615],[174.4443,-36.8663],[174.4517,-36.8736],[174.4445,-36.8767],[174.4493,-36.8862],[174.4433,-36.8929],[174.4474,-36.8905],[174.4529,-36.8923],[174.4508,-36.8898],[174.4546,-36.8852],[174.451,-36.8871],[174.4522,-36.8854],[174.4573,-36.8862],[174.456,-36.8847],[174.4645,-36.8807],[174.4647,-36.8882],[174.4699,-36.8925],[174.4788,-36.8909],[174.465,-36.8857],[174.4665,-36.8792],[174.4727,-36.8816],[174.4701,-36.8785],[174.4536,-36.8834],[174.4512,-36.8778],[174.4619,-36.8737],[174.4636,-36.87],[174.466,-36.8733],[174.472,-36.8731],[174.4897,-36.8671],[174.4954,-36.8701],[174.5008,-36.8671],[174.5068,-36.8674],[174.5058,-36.8736],[174.5107,-36.8835],[174.5174,-36.8828],[174.5184,-36.8868],[174.5281,-36.8894],[174.5295,-36.8962]],[[174.4619,-36.8546],[174.4618,-36.8546],[174.4618,-36.8543],[174.4619,-36.8543],[174.4619,-36.8546]],[[174.4571,-36.8558],[174.4566,-36.8557],[174.457,-36.8555],[174.4571,-36.8558]],[[174.4503,-36.867],[174.4498,-36.8669],[174.4505,-36.8666],[174.4503,-36.867]],[[174.4507,-36.883],[174.4507,-36.8826],[174.451,-36.8827],[174.4507,-36.883]],[[174.4517,-36.8846],[174.4515,-36.8846],[174.4515,-36.8842],[174.4517,-36.8842],[174.4517,-36.8846]],[[174.4513,-36.8861],[174.4513,-36.8849],[174.4525,-36.8841],[174.4513,-36.8861]],[[174.449,-36.888],[174.4488,-36.8879],[174.4491,-36.8879],[174.449,-36.888]],[[174.4495,-36.8895],[174.4493,-36.8895],[174.4493,-36.8894],[174.4495,-36.8895]],[[174.449,-36.8902],[174.449,-36.8899],[174.4491,-36.8899],[174.449,-36.8902]],[[174.4484,-36.8913],[174.4483,-36.8913],[174.4484,-36.8912],[174.4484,-36.8913]],[[174.4495,-36.8914],[174.4493,-36.8914],[174.4498,-36.891],[174.4495,-36.8914]],[[174.449,-36.8916],[174.4488,-36.8912],[174.4493,-36.891],[174.449,-36.8916]],[[174.4493,-36.8923],[174.4491,-36.8923],[174.4491,-36.8921],[174.4493,-36.8921],[174.4493,-36.8923]],[[174.4501,-36.8923],[174.45,-36.8923],[174.45,-36.8921],[174.4501,-36.8921],[174.4501,-36.8923]],[[174.4505,-36.8924],[174.4503,-36.8924],[174.4503,-36.8921],[174.4505,-36.8921],[174.4505,-36.8924]],[[174.456,-36.8853],[174.4556,-36.8853],[174.4556,-36.8852],[174.456,-36.8852],[174.456,-36.8853]],[[174.488,-36.8671],[174.4879,-36.8669],[174.4882,-36.8669],[174.488,-36.8671]],[[174.488,-36.8681],[174.4879,-36.8681],[174.488,-36.868],[174.488,-36.8681]],[[174.4983,-36.8677],[174.4979,-36.8677],[174.4984,-36.8674],[174.4983,-36.8677]],[[174.5031,-36.8675],[174.5029,-36.8675],[174.5029,-36.8671],[174.5031,-36.8675]]]}},{"type":"Feature","properties":{},"geometry":{"type":"Polygon","coordinates":[[[174.5285,-36.9186],[174.5264,-36.9146],[174.5266,-36.9176],[174.5285,-36.9186]]]}},{"type":"Feature","properties":{},"geometry":{"type":"Polygon","coordinates":[[[174.5212,-36.9265],[174.5188,-36.9232],[174.5196,-36.911],[174.5281,-36.9118],[174.5237,-36.9074],[174.5275,-36.9011],[174.531,-36.9034],[174.5293,-36.8962],[174.5162,-36.9144],[174.5212,-36.9265]],[[174.5182,-36.9196],[174.5179,-36.9196],[174.5179,-36.9194],[174.5182,-36.9194],[174.5182,-36.9196]]]}},{"type":"Feature","properties":{},"geometry":{"type":"Polygon","coordinates":[[[174.6768,-37.2777],[174.6741,-37.2772],[174.6731,-37.2788],[174.6768,-37.2777]]]}},{"type":"Feature","properties":{},"geometry":{"type":"Polygon","coordinates":[[[174.6961,-37.1389],[174.6993,-37.1372],[174.6978,-37.1358],[174.6961,-37.1389]]]}},{"type":"Feature","properties":{},"geometry":{"type":"Polygon","coordinates":[[[174.6826,-37.1679],[174.6888,-37.1659],[174.6886,-37.1634],[174.6826,-37.1679]]]}},{"type":"Feature","properties":{},"geometry":{"type":"Polygon","coordinates":[[[174.7563,-36.9167],[174.7461,-36.9126],[174.7316,-36.8984],[174.7234,-36.8966],[174.7439,-36.9093],[174.7437,-36.9127],[174.7563,-36.9167]],[[174.7253,-36.8974],[174.7249,-36.8973],[174.7251,-36.897],[174.7253,-36.8974]],[[174.7294,-36.8979],[174.729,-36.8977],[174.7292,-36.8976],[174.7294,-36.8979]],[[174.7273,-36.8983],[174.7266,-36.8977],[174.727,-36.8974],[174.7273,-36.8983]],[[174.7266,-36.8988],[174.7237,-36.8988],[174.7255,-36.898],[174.7266,-36.8988]],[[174.7371,-36.9037],[174.7367,-36.9036],[174.7371,-36.9036],[174.7371,-36.9037]],[[174.735,-36.9045],[174.7331,-36.9033],[174.7348,-36.9036],[174.735,-36.9045]],[[174.7347,-36.9047],[174.7343,-36.9045],[174.7347,-36.9044],[174.7347,-36.9047]],[[174.7371,-36.9054],[174.7369,-36.9054],[174.7372,-36.9051],[174.7371,-36.9054]],[[174.7371,-36.9056],[174.7369,-36.9056],[174.7369,-36.9055],[174.7371,-36.9055],[174.7371,-36.9056]],[[174.7432,-36.9082],[174.7427,-36.9082],[174.7427,-36.9081],[174.7432,-36.9081],[174.7432,-36.9082]],[[174.7442,-36.911],[174.744,-36.911],[174.7442,-36.9105],[174.7442,-36.911]],[[174.7482,-36.9137],[174.7476,-36.9134],[174.7478,-36.913],[174.7482,-36.9137]],[[174.7485,-36.9138],[174.7483,-36.9138],[174.7483,-36.9137],[174.7485,-36.9137],[174.7485,-36.9138]]]}},{"type":"Feature","properties":{},"geometry":{"type":"Polygon","coordinates":[[[174.2909,-36.5264],[174.2955,-36.5253],[174.2943,-36.5247],[174.2909,-36.5264]],[[174.2953,-36.5251],[174.2953,-36.525],[174.2955,-36.525],[174.2953,-36.5251]]]}},{"type":"Feature","properties":{},"geometry":{"type":"Polygon","coordinates":[[[174.2706,-36.5358],[174.2798,-36.525],[174.2943,-36.5205],[174.2989,-36.5225],[174.2991,-36.5202],[174.2943,-36.5199],[174.2936,-36.5146],[174.2849,-36.515],[174.2928,-36.517],[174.2875,-36.5207],[174.2733,-36.5224],[174.2813,-36.522],[174.2781,-36.5275],[174.2704,-36.5314],[174.2706,-36.5358]],[[174.2836,-36.5231],[174.2832,-36.5229],[174.2839,-36.5224],[174.2836,-36.5231]],[[174.2969,-36.5228],[174.2967,-36.5227],[174.297,-36.5225],[174.2969,-36.5228]],[[174.2904,-36.5153],[174.2902,-36.5151],[174.2906,-36.5151],[174.2904,-36.5153]],[[174.2791,-36.5262],[174.279,-36.5262],[174.2791,-36.5258],[174.2791,-36.5262]],[[174.279,-36.5264],[174.2786,-36.5264],[174.2788,-36.5262],[174.279,-36.5264]]]}},{"type":"Feature","properties":{},"geometry":{"type":"Polygon","coordinates":[[[174.2617,-36.5389],[174.2653,-36.5364],[174.2643,-36.5354],[174.2617,-36.5389]]]}},{"type":"Feature","properties":{},"geometry":{"type":"Polygon","coordinates":[[[175.4433,-36.1856],[175.4435,-36.1838],[175.4374,-36.1822],[175.4433,-36.1856]]]}},{"type":"Feature","properties":{},"geometry":{"type":"Polygon","coordinates":[[[175.4763,-36.215],[175.4754,-36.2048],[175.4783,-36.202],[175.4792,-36.2077],[175.4814,-36.1994],[175.473,-36.1979],[175.4717,-36.1888],[175.4683,-36.1933],[175.4667,-36.1867],[175.4624,-36.1907],[175.4449,-36.1869],[175.4643,-36.1922],[175.4671,-36.1955],[175.4604,-36.1969],[175.4669,-36.1977],[175.4734,-36.2046],[175.4689,-36.2042],[175.4712,-36.2094],[175.4674,-36.2112],[175.4701,-36.2108],[175.4698,-36.2133],[175.473,-36.2107],[175.4763,-36.215]],[[175.4795,-36.2026],[175.4797,-36.2023],[175.4799,-36.2024],[175.4795,-36.2026]]]}},{"type":"Feature","properties":{},"geometry":{"type":"Polygon","coordinates":[[[175.3983,-36.2378],[175.4024,-36.2269],[175.3964,-36.2355],[175.3983,-36.2378]]]}},{"type":"Feature","properties":{},"geometry":{"type":"Polygon","coordinates":[[[174.835,-36.8696],[174.8352,-36.8662],[174.8337,-36.8659],[174.835,-36.8696]]]}},{"type":"Feature","properties":{},"geometry":{"type":"Polygon","coordinates":[[[174.7511,-36.8121],[174.742,-36.8055],[174.7379,-36.8057],[174.7511,-36.8121]]]}},{"type":"Feature","properties":{},"geometry":{"type":"Polygon","coordinates":[[[174.4761,-36.9997],[174.4769,-36.9948],[174.474,-36.9978],[174.4761,-36.9997]],[[174.4761,-36.9955],[174.4756,-36.9951],[174.4756,-36.9948],[174.4761,-36.9955]],[[174.4756,-36.9965],[174.4754,-36.9965],[174.4754,-36.9963],[174.4756,-36.9963],[174.4756,-36.9965]]]}},{"type":"Feature","properties":{},"geometry":{"type":"Polygon","coordinates":[[[174.6872,-36.8996],[174.6906,-36.8965],[174.6857,-36.8996],[174.6872,-36.8996]]]}},{"type":"Feature","properties":{},"geometry":{"type":"Polygon","coordinates":[[[174.6894,-36.903],[174.6857,-36.8984],[174.6905,-36.8947],[174.6831,-36.8991],[174.6847,-36.903],[174.6894,-36.903]],[[174.6855,-36.8985],[174.6853,-36.8985],[174.6853,-36.8981],[174.6855,-36.8981],[174.6855,-36.8985]]]}},{"type":"Feature","properties":{},"geometry":{"type":"Polygon","coordinates":[[[174.7246,-37.163],[174.7299,-37.1606],[174.7268,-37.1595],[174.7246,-37.163]]]}},{"type":"Feature","properties":{},"geometry":{"type":"Polygon","coordinates":[[[174.7212,-37.1659],[174.722,-37.1645],[174.7188,-37.165],[174.7212,-37.1659]]]}},{"type":"Feature","properties":{},"geometry":{"type":"Polygon","coordinates":[[[174.3288,-36.613],[174.3337,-36.607],[174.3464,-36.6057],[174.332,-36.6034],[174.3329,-36.6067],[174.3286,-36.6079],[174.3232,-36.6052],[174.3285,-36.6083],[174.3288,-36.613]],[[174.3298,-36.6096],[174.3296,-36.6094],[174.3298,-36.6093],[174.3298,-36.6096]]]}},{"type":"Feature","properties":{},"geometry":{"type":"Polygon","coordinates":[[[174.7236,-37.1336],[174.7278,-37.1312],[174.7227,-37.1323],[174.7236,-37.1336]]]}},{"type":"Feature","properties":{},"geometry":{"type":"Polygon","coordinates":[[[174.7273,-37.14],[174.7284,-37.138],[174.7256,-37.138],[174.7273,-37.14]]]}},{"type":"Feature","properties":{},"geometry":{"type":"Polygon","coordinates":[[[174.7516,-36.6919],[174.7504,-36.6879],[174.7487,-36.689],[174.7516,-36.6919]]]}},{"type":"Feature","properties":{},"geometry":{"type":"Polygon","coordinates":[[[174.2016,-36.4574],[174.2003,-36.4549],[174.1996,-36.4571],[174.2016,-36.4574]],[[174.2015,-36.4553],[174.2011,-36.4553],[174.2011,-36.4552],[174.2015,-36.4552],[174.2015,-36.4553]],[[174.202,-36.4563],[174.2018,-36.4563],[174.2018,-36.4561],[174.202,-36.4561],[174.202,-36.4563]],[[174.202,-36.4569],[174.2011,-36.4568],[174.2015,-36.4564],[174.202,-36.4569]]]}},{"type":"Feature","properties":{},"geometry":{"type":"Polygon","coordinates":[[[174.8376,-36.4087],[174.8415,-36.4024],[174.8468,-36.402],[174.8379,-36.4034],[174.8347,-36.4087],[174.8376,-36.4087]]]}},{"type":"Feature","properties":{},"geometry":{"type":"Polygon","coordinates":[[[174.3916,-36.7446],[174.388,-36.7392],[174.3882,-36.7429],[174.3916,-36.7446]]]}},{"type":"Feature","properties":{},"geometry":{"type":"Polygon","coordinates":[[[174.28,-36.5989],[174.279,-36.6012],[174.2831,-36.6034],[174.28,-36.5989]]]}},{"type":"Feature","properties":{},"geometry":{"type":"Polygon","coordinates":[[[175.1559,-36.9616],[175.1644,-36.9498],[175.1535,-36.949],[175.1578,-36.9512],[175.158,-36.9556],[175.1518,-36.9582],[175.1562,-36.9586],[175.1559,-36.9616]],[[175.1556,-36.9509],[175.1544,-36.9502],[175.1561,-36.9505],[175.1556,-36.9509]],[[175.1622,-36.9516],[175.1621,-36.9513],[175.1624,-36.9512],[175.1622,-36.9516]]]}},{"type":"Feature","properties":{},"geometry":{"type":"Polygon","coordinates":[[[175.1226,-36.9427],[175.1214,-36.9411],[175.1315,-36.9388],[175.1216,-36.94],[175.1226,-36.9427]]]}},{"type":"Feature","properties":{},"geometry":{"type":"Polygon","coordinates":[[[174.6145,-37.1645],[174.62,-37.1623],[174.6201,-37.1614],[174.6145,-37.1645]]]}},{"type":"Feature","properties":{},"geometry":{"type":"Polygon","coordinates":[[[174.6256,-37.1646],[174.6446,-37.1531],[174.6469,-37.1475],[174.6691,-37.1403],[174.671,-37.1365],[174.6688,-37.1298],[174.628,-37.1412],[174.6355,-37.1415],[174.6488,-37.1355],[174.6575,-37.1354],[174.651,-37.1404],[174.6609,-37.1369],[174.656,-37.1429],[174.6449,-37.148],[174.6285,-37.1497],[174.627,-37.1474],[174.6102,-37.1565],[174.6236,-37.1513],[174.6203,-37.1611],[174.6263,-37.1504],[174.6345,-37.149],[174.6335,-37.1529],[174.6379,-37.1487],[174.6449,-37.1493],[174.6446,-37.1527],[174.6256,-37.1646]],[[174.6684,-37.1294],[174.6683,-37.1294],[174.6683,-37.1293],[174.6684,-37.1293],[174.6684,-37.1294]],[[174.6592,-37.1339],[174.6591,-37.1339],[174.6591,-37.1338],[174.6592,-37.1338],[174.6592,-37.1339]],[[174.6582,-37.1347],[174.6577,-37.1346],[174.6587,-37.1339],[174.6582,-37.1347]],[[174.6398,-37.1392],[174.6396,-37.1392],[174.6398,-37.1389],[174.6399,-37.1391],[174.6398,-37.1392]],[[174.6401,-37.1392],[174.6401,-37.1391],[174.6404,-37.1389],[174.6401,-37.1392]],[[174.6655,-37.1397],[174.665,-37.1396],[174.6654,-37.1395],[174.6655,-37.1397]],[[174.6597,-37.1419],[174.6596,-37.1416],[174.6601,-37.1418],[174.6597,-37.1419]],[[174.6408,-37.1482],[174.6404,-37.1479],[174.6408,-37.1478],[174.6408,-37.1482]],[[174.6271,-37.1498],[174.6268,-37.1497],[174.6271,-37.1495],[174.6271,-37.1498]],[[174.6263,-37.1501],[174.6261,-37.1501],[174.6261,-37.1499],[174.6263,-37.1499],[174.6263,-37.1501]],[[174.6403,-37.1491],[174.6398,-37.1491],[174.6401,-37.1489],[174.6403,-37.1491]],[[174.6345,-37.1589],[174.634,-37.1587],[174.6347,-37.1584],[174.6345,-37.1589]]]}},{"type":"Feature","properties":{},"geometry":{"type":"Polygon","coordinates":[[[174.2283,-36.4657],[174.2317,-36.4634],[174.226,-36.4613],[174.2283,-36.4657]]]}},{"type":"Feature","properties":{},"geometry":{"type":"Polygon","coordinates":[[[175.1161,-36.8331],[175.1153,-36.8294],[175.1093,-36.8283],[175.1161,-36.8331]]]}},{"type":"Feature","properties":{},"geometry":{"type":"Polygon","coordinates":[[[174.7949,-37.2314],[174.8045,-37.2272],[174.799,-37.2246],[174.8036,-37.2212],[174.7918,-37.2213],[174.778,-37.227],[174.7833,-37.2296],[174.7876,-37.2245],[174.7949,-37.2314]],[[174.7961,-37.2303],[174.7956,-37.2299],[174.797,-37.23],[174.7961,-37.2303]],[[174.7982,-37.2284],[174.7978,-37.2281],[174.7982,-37.2283],[174.7982,-37.2284]],[[174.7985,-37.2285],[174.7983,-37.2285],[174.7983,-37.2284],[174.7985,-37.2285]],[[174.8004,-37.2226],[174.7999,-37.2224],[174.8,-37.2223],[174.8004,-37.2226]],[[174.7918,-37.2219],[174.7917,-37.2219],[174.7917,-37.2217],[174.7918,-37.2217],[174.7918,-37.2219]],[[174.7915,-37.2226],[174.791,-37.2226],[174.7912,-37.2222],[174.7917,-37.2222],[174.7915,-37.2226]],[[174.7949,-37.2222],[174.7946,-37.2222],[174.7947,-37.2219],[174.7949,-37.2222]],[[174.7929,-37.2232],[174.7917,-37.223],[174.7934,-37.2222],[174.7929,-37.2232]],[[174.7987,-37.2239],[174.7985,-37.2236],[174.7988,-37.2235],[174.7987,-37.2239]],[[174.8011,-37.2269],[174.7997,-37.2268],[174.8,-37.2264],[174.8011,-37.2269]],[[174.8005,-37.227],[174.8002,-37.227],[174.8004,-37.2269],[174.8005,-37.227]],[[174.792,-37.2283],[174.7917,-37.2283],[174.7917,-37.2281],[174.792,-37.2281],[174.792,-37.2283]],[[174.7942,-37.2299],[174.7942,-37.2296],[174.7944,-37.2296],[174.7942,-37.2299]]]}},{"type":"Feature","properties":{},"geometry":{"type":"Polygon","coordinates":[[[174.7917,-37.2352],[174.7854,-37.2311],[174.785,-37.2326],[174.7917,-37.2352]]]}},{"type":"Feature","properties":{},"geometry":{"type":"Polygon","coordinates":[[[174.8494,-36.4339],[174.849,-36.4296],[174.8535,-36.4314],[174.8483,-36.4278],[174.8494,-36.4339]]]}},{"type":"Feature","properties":{},"geometry":{"type":"Polygon","coordinates":[[[174.9296,-37.1856],[174.9407,-37.1796],[174.9323,-37.1803],[174.9327,-37.1782],[174.9212,-37.1757],[174.9192,-37.1721],[174.9221,-37.1668],[174.9094,-37.1564],[174.9089,-37.1455],[174.9067,-37.1463],[174.9069,-37.155],[174.9147,-37.1641],[174.9149,-37.1683],[174.9168,-37.1648],[174.9188,-37.1684],[174.9195,-37.1747],[174.9139,-37.1804],[174.917,-37.1778],[174.9258,-37.1786],[174.9296,-37.1804],[174.9274,-37.1833],[174.9304,-37.1808],[174.9296,-37.1856]],[[174.9077,-37.147],[174.9076,-37.1468],[174.9079,-37.1467],[174.9077,-37.147]],[[174.9071,-37.1495],[174.9069,-37.1495],[174.9069,-37.1493],[174.9071,-37.1493],[174.9071,-37.1495]],[[174.9137,-37.1619],[174.9135,-37.1619],[174.9135,-37.1618],[174.9137,-37.1618],[174.9137,-37.1619]],[[174.9216,-37.1766],[174.9212,-37.1763],[174.9214,-37.1762],[174.9216,-37.1766]]]}},{"type":"Feature","properties":{},"geometry":{"type":"Polygon","coordinates":[[[174.9018,-37.1649],[174.8965,-37.1591],[174.8953,-37.1602],[174.9018,-37.1649]]]}},{"type":"Feature","properties":{},"geometry":{"type":"Polygon","coordinates":[[[174.3416,-36.6719],[174.3397,-36.6744],[174.3418,-36.6745],[174.3416,-36.6719]]]}},{"type":"Feature","properties":{},"geometry":{"type":"Polygon","coordinates":[[[174.3781,-36.7333],[174.3793,-36.7322],[174.3761,-36.7317],[174.3781,-36.7333]]]}},{"type":"Feature","properties":{},"geometry":{"type":"Polygon","coordinates":[[[174.3809,-36.7343],[174.3812,-36.731],[174.3797,-36.7329],[174.3809,-36.7343]]]}},{"type":"Feature","properties":{},"geometry":{"type":"Polygon","coordinates":[[[174.6345,-36.835],[174.6391,-36.8309],[174.6352,-36.8318],[174.6345,-36.835]]]}},{"type":"Feature","properties":{},"geometry":{"type":"Polygon","coordinates":[[[174.2453,-36.4482],[174.2467,-36.4458],[174.2441,-36.4457],[174.2453,-36.4482]]]}},{"type":"Feature","properties":{},"geometry":{"type":"Polygon","coordinates":[[[174.2414,-36.4486],[174.2424,-36.4465],[174.24,-36.4457],[174.2414,-36.4486]]]}},{"type":"Feature","properties":{},"geometry":{"type":"Polygon","coordinates":[[[174.8301,-36.9294],[174.8325,-36.9264],[174.8301,-36.9258],[174.8301,-36.9294]]]}},{"type":"Feature","properties":{},"geometry":{"type":"Polygon","coordinates":[[[174.1844,-36.4498],[174.1858,-36.4468],[174.1837,-36.4472],[174.1844,-36.4498]],[[174.1849,-36.4476],[174.1847,-36.4476],[174.1847,-36.4475],[174.1849,-36.4475],[174.1849,-36.4476]],[[174.1846,-36.4477],[174.1842,-36.4473],[174.1846,-36.4473],[174.1846,-36.4477]],[[174.1841,-36.4486],[174.1839,-36.4483],[174.1842,-36.4483],[174.1841,-36.4486]]]}},{"type":"Feature","properties":{},"geometry":{"type":"Polygon","coordinates":[[[174.8507,-36.9842],[174.8521,-36.9826],[174.849,-36.983],[174.8507,-36.9842]]]}},{"type":"Feature","properties":{},"geometry":{"type":"Polygon","coordinates":[[[174.2938,-36.6155],[174.2919,-36.6189],[174.2957,-36.6236],[174.2938,-36.6155]]]}},{"type":"Feature","properties":{},"geometry":{"type":"Polygon","coordinates":[[[174.6664,-37.0578],[174.6662,-37.0558],[174.6538,-37.0553],[174.6664,-37.0578]],[[174.6657,-37.0567],[174.665,-37.0562],[174.6655,-37.056],[174.6657,-37.0567]]]}},{"type":"Feature","properties":{},"geometry":{"type":"Polygon","coordinates":[[[174.7633,-37.1536],[174.7642,-37.1523],[174.7618,-37.1497],[174.7633,-37.1536]]]}},{"type":"Feature","properties":{},"geometry":{"type":"Polygon","coordinates":[[[174.8478,-36.4192],[174.847,-36.4135],[174.8453,-36.4135],[174.8478,-36.4192]]]}},{"type":"Feature","properties":{},"geometry":{"type":"Polygon","coordinates":[[[174.736,-36.7612],[174.7296,-36.7582],[174.7265,-36.7599],[174.736,-36.7612]]]}},{"type":"Feature","properties":{},"geometry":{"type":"Polygon","coordinates":[[[174.7307,-37.2242],[174.7316,-37.2211],[174.7301,-37.2217],[174.7307,-37.2242]],[[174.7309,-37.222],[174.7307,-37.222],[174.7307,-37.2219],[174.7309,-37.2219],[174.7309,-37.222]]]}},{"type":"Feature","properties":{},"geometry":{"type":"Polygon","coordinates":[[[174.9048,-37.1272],[174.9183,-37.1146],[174.919,-37.1237],[174.9216,-37.1045],[174.9176,-37.1133],[174.9048,-37.1272]],[[174.9183,-37.1151],[174.9182,-37.1151],[174.9182,-37.115],[174.9183,-37.115],[174.9183,-37.1151]],[[174.9178,-37.1166],[174.9176,-37.1166],[174.9176,-37.1165],[174.9178,-37.1166]],[[174.919,-37.1121],[174.92,-37.1108],[174.9202,-37.1113],[174.919,-37.1121]],[[174.9187,-37.1125],[174.9185,-37.1125],[174.9185,-37.1124],[174.9187,-37.1124],[174.9187,-37.1125]]]}},{"type":"Feature","properties":{},"geometry":{"type":"Polygon","coordinates":[[[174.9461,-37.1139],[174.9458,-37.1161],[174.9478,-37.115],[174.9461,-37.1139]]]}},{"type":"Feature","properties":{},"geometry":{"type":"Polygon","coordinates":[[[174.3226,-36.6255],[174.3232,-36.6233],[174.3208,-36.6249],[174.3226,-36.6255]]]}},{"type":"Feature","properties":{},"geometry":{"type":"Polygon","coordinates":[[[174.7318,-37.174],[174.7352,-37.1689],[174.7304,-37.1731],[174.7318,-37.174]],[[174.7343,-37.1691],[174.7342,-37.1691],[174.7342,-37.169],[174.7343,-37.169],[174.7343,-37.1691]],[[174.7343,-37.1701],[174.7338,-37.1701],[174.7342,-37.1697],[174.7343,-37.1701]],[[174.7343,-37.1712],[174.7342,-37.1712],[174.7342,-37.171],[174.7343,-37.171],[174.7343,-37.1712]]]}},{"type":"Feature","properties":{},"geometry":{"type":"Polygon","coordinates":[[[174.6198,-36.8999],[174.6222,-36.8938],[174.6203,-36.8951],[174.6198,-36.8999]]]}},{"type":"Feature","properties":{},"geometry":{"type":"Polygon","coordinates":[[[174.6184,-36.9048],[174.6201,-36.9043],[174.6193,-36.9014],[174.6184,-36.9048]]]}},{"type":"Feature","properties":{},"geometry":{"type":"Polygon","coordinates":[[[175.1892,-36.8965],[175.1928,-36.8842],[175.1967,-36.8841],[175.1928,-36.8834],[175.1976,-36.88],[175.1945,-36.8746],[175.1955,-36.8792],[175.1906,-36.8807],[175.1914,-36.8868],[175.1856,-36.8852],[175.1894,-36.8891],[175.1836,-36.8928],[175.1892,-36.8965]],[[175.1957,-36.8801],[175.1955,-36.8801],[175.1955,-36.8798],[175.1957,-36.8798],[175.1957,-36.8801]],[[175.1914,-36.8888],[175.1904,-36.8888],[175.1916,-36.8872],[175.1914,-36.8888]],[[175.1899,-36.8894],[175.1897,-36.8894],[175.1897,-36.8893],[175.1899,-36.8893],[175.1899,-36.8894]],[[175.1883,-36.8923],[175.1878,-36.8923],[175.1878,-36.892],[175.1883,-36.8923]],[[175.187,-36.8944],[175.1868,-36.8944],[175.1868,-36.8943],[175.187,-36.8943],[175.187,-36.8944]]]}},{"type":"Feature","properties":{},"geometry":{"type":"Polygon","coordinates":[[[175.1892,-36.8965],[175.1928,-36.8842],[175.1967,-36.8841],[175.1928,-36.8834],[175.1976,-36.88],[175.1945,-36.8746],[175.1955,-36.8792],[175.1906,-36.8807],[175.1914,-36.8868],[175.1856,-36.8852],[175.1894,-36.8891],[175.1836,-36.8928],[175.1892,-36.8965]],[[175.1957,-36.8801],[175.1955,-36.8801],[175.1955,-36.8798],[175.1957,-36.8798],[175.1957,-36.8801]],[[175.1914,-36.8888],[175.1904,-36.8888],[175.1916,-36.8872],[175.1914,-36.8888]],[[175.1899,-36.8894],[175.1897,-36.8894],[175.1897,-36.8893],[175.1899,-36.8893],[175.1899,-36.8894]],[[175.1883,-36.8923],[175.1878,-36.8923],[175.1878,-36.892],[175.1883,-36.8923]],[[175.187,-36.8944],[175.1868,-36.8944],[175.1868,-36.8943],[175.187,-36.8943],[175.187,-36.8944]]]}},{"type":"Feature","properties":{},"geometry":{"type":"Polygon","coordinates":[[[174.2225,-36.4996],[174.2235,-36.4974],[174.2213,-36.498],[174.2225,-36.4996]]]}},{"type":"Feature","properties":{},"geometry":{"type":"Polygon","coordinates":[[[174.7369,-37.2493],[174.7388,-37.2481],[174.735,-37.2482],[174.7369,-37.2493]],[[174.7355,-37.2485],[174.7354,-37.2485],[174.7354,-37.2484],[174.7355,-37.2484],[174.7355,-37.2485]]]}},{"type":"Feature","properties":{},"geometry":{"type":"Polygon","coordinates":[[[174.7577,-37.2511],[174.7579,-37.2501],[174.7548,-37.2506],[174.7528,-37.2496],[174.7536,-37.2489],[174.7485,-37.2484],[174.7577,-37.2511]]]}},{"type":"Feature","properties":{},"geometry":{"type":"Polygon","coordinates":[[[174.7331,-37.2553],[174.7343,-37.2514],[174.7473,-37.25],[174.7319,-37.2495],[174.7331,-37.2553]],[[174.7451,-37.251],[174.7449,-37.251],[174.7449,-37.2508],[174.7451,-37.2508],[174.7451,-37.251]]]}},{"type":"Feature","properties":{},"geometry":{"type":"Polygon","coordinates":[[[175.1962,-36.8458],[175.1952,-36.842],[175.1974,-36.8416],[175.1926,-36.838],[175.1962,-36.8458]],[[175.196,-36.8405],[175.1958,-36.8405],[175.1958,-36.8404],[175.196,-36.8404],[175.196,-36.8405]]]}},{"type":"Feature","properties":{},"geometry":{"type":"Polygon","coordinates":[[[174.9212,-36.7433],[174.92,-36.7366],[174.9188,-36.7372],[174.9212,-36.7433]]]}},{"type":"Feature","properties":{},"geometry":{"type":"Polygon","coordinates":[[[174.705,-36.708],[174.7043,-36.7015],[174.698,-36.7061],[174.7021,-36.7052],[174.705,-36.708]]]}},{"type":"Feature","properties":{},"geometry":{"type":"Polygon","coordinates":[[[174.8658,-36.869],[174.868,-36.8643],[174.8586,-36.8673],[174.8658,-36.869]],[[174.8658,-36.8674],[174.8652,-36.8674],[174.8652,-36.8673],[174.8658,-36.8673],[174.8658,-36.8674]]]}},{"type":"Feature","properties":{},"geometry":{"type":"Polygon","coordinates":[[[174.2351,-36.4696],[174.2281,-36.466],[174.2266,-36.4678],[174.2351,-36.4696]]]}},{"type":"Feature","properties":{},"geometry":{"type":"Polygon","coordinates":[[[174.2573,-36.4545],[174.2568,-36.4561],[174.26,-36.4552],[174.2573,-36.4545]]]}},{"type":"Feature","properties":{},"geometry":{"type":"Polygon","coordinates":[[[175.1875,-36.8539],[175.1836,-36.8525],[175.1926,-36.8499],[175.1798,-36.8505],[175.1788,-36.8533],[175.1875,-36.8539]],[[175.1789,-36.8507],[175.1788,-36.8502],[175.1791,-36.8503],[175.1789,-36.8507]],[[175.1791,-36.8523],[175.1789,-36.8523],[175.1789,-36.852],[175.1791,-36.852],[175.1791,-36.8523]]]}},{"type":"Feature","properties":{},"geometry":{"type":"Polygon","coordinates":[[[174.268,-36.3859],[174.2641,-36.3799],[174.265,-36.3829],[174.268,-36.3859]],[[174.2667,-36.3844],[174.2665,-36.3844],[174.2665,-36.3843],[174.2667,-36.3843],[174.2667,-36.3844]]]}},{"type":"Feature","properties":{},"geometry":{"type":"Polygon","coordinates":[[[174.3032,-36.6022],[174.2991,-36.6031],[174.2996,-36.604],[174.3032,-36.6022]]]}},{"type":"Feature","properties":{},"geometry":{"type":"Polygon","coordinates":[[[174.793,-36.8271],[174.7894,-36.8232],[174.7889,-36.8256],[174.793,-36.8271]]]}},{"type":"Feature","properties":{},"geometry":{"type":"Polygon","coordinates":[[[174.4129,-36.2867],[174.4162,-36.2842],[174.4148,-36.2802],[174.4129,-36.2867]]]}},{"type":"Feature","properties":{},"geometry":{"type":"Polygon","coordinates":[[[174.6493,-36.763],[174.6502,-36.7611],[174.6463,-36.7617],[174.6493,-36.763]]]}},{"type":"Feature","properties":{},"geometry":{"type":"Polygon","coordinates":[[[174.634,-36.7708],[174.6345,-36.7608],[174.6377,-36.7599],[174.636,-36.7537],[174.6306,-36.7597],[174.6306,-36.7671],[174.634,-36.7708]]]}},{"type":"Feature","properties":{},"geometry":{"type":"Polygon","coordinates":[[[174.6944,-36.8879],[174.6951,-36.8744],[174.7043,-36.8736],[174.6749,-36.871],[174.6719,-36.8737],[174.6736,-36.8774],[174.6876,-36.8819],[174.6944,-36.8879]]]}},{"type":"Feature","properties":{},"geometry":{"type":"Polygon","coordinates":[[[174.9055,-37.1865],[174.9007,-37.1747],[174.8987,-37.1788],[174.9055,-37.1865]],[[174.9024,-37.1803],[174.9023,-37.18],[174.9026,-37.18],[174.9024,-37.1803]]]}},{"type":"Feature","properties":{},"geometry":{"type":"Polygon","coordinates":[[[174.8987,-37.1879],[174.9013,-37.1846],[174.9009,-37.1826],[174.8987,-37.1879]]]}},{"type":"Feature","properties":{},"geometry":{"type":"Polygon","coordinates":[[[174.9217,-37.2001],[174.9166,-37.1929],[174.924,-37.1947],[174.9296,-37.1916],[174.9221,-37.194],[174.9183,-37.1898],[174.9057,-37.1907],[174.9054,-37.1874],[174.9013,-37.1918],[174.9054,-37.1907],[174.9125,-37.1956],[174.9123,-37.1929],[174.9163,-37.192],[174.9217,-37.2001]],[[174.9209,-37.1939],[174.9205,-37.1937],[174.9205,-37.1936],[174.9209,-37.1939]],[[174.9212,-37.1941],[174.9211,-37.1941],[174.9211,-37.194],[174.9212,-37.194],[174.9212,-37.1941]],[[174.9229,-37.1944],[174.9222,-37.1944],[174.9222,-37.1943],[174.9229,-37.1943],[174.9229,-37.1944]]]}},{"type":"Feature","properties":{},"geometry":{"type":"Polygon","coordinates":[[[174.8919,-37.2008],[174.9002,-37.1988],[174.8995,-37.1969],[174.8919,-37.2008]]]}},{"type":"Feature","properties":{},"geometry":{"type":"Polygon","coordinates":[[[174.8825,-37.2053],[174.8871,-37.2027],[174.8825,-37.2042],[174.8825,-37.2053]],[[174.8847,-37.2045],[174.8842,-37.2045],[174.8844,-37.2042],[174.8847,-37.2045]]]}},{"type":"Feature","properties":{},"geometry":{"type":"Polygon","coordinates":[[[174.8746,-37.2141],[174.8849,-37.2076],[174.8804,-37.2095],[174.8816,-37.2079],[174.8774,-37.2073],[174.8806,-37.2053],[174.876,-37.2052],[174.8784,-37.2102],[174.877,-37.2121],[174.8741,-37.209],[174.8746,-37.2141]],[[174.883,-37.2079],[174.8832,-37.2069],[174.8837,-37.2075],[174.883,-37.2079]]]}},{"type":"Feature","properties":{},"geometry":{"type":"Polygon","coordinates":[[[174.8809,-37.2245],[174.8746,-37.217],[174.8726,-37.2205],[174.8809,-37.2245]]]}},{"type":"Feature","properties":{},"geometry":{"type":"Polygon","coordinates":[[[174.8784,-37.2257],[174.8755,-37.2224],[174.8741,-37.2235],[174.8784,-37.2257]]]}},{"type":"Feature","properties":{},"geometry":{"type":"Polygon","coordinates":[[[174.8753,-37.2288],[174.8741,-37.2251],[174.8724,-37.2264],[174.8753,-37.2288]]]}},{"type":"Feature","properties":{},"geometry":{"type":"Polygon","coordinates":[[[174.513,-36.9868],[174.5181,-36.9805],[174.5155,-36.9818],[174.513,-36.9868]]]}},{"type":"Feature","properties":{},"geometry":{"type":"Polygon","coordinates":[[[174.5008,-37.0079],[174.5041,-37.0023],[174.5014,-37.0045],[174.5008,-37.0079]]]}},{"type":"Feature","properties":{},"geometry":{"type":"Polygon","coordinates":[[[174.4966,-37.0519],[174.5217,-37.028],[174.5172,-37.0288],[174.5094,-37.0382],[174.5,-37.041],[174.4952,-37.0304],[174.4894,-37.0288],[174.4925,-37.0273],[174.4903,-37.0224],[174.4959,-37.028],[174.4944,-37.0241],[174.4891,-37.0154],[174.4851,-37.0171],[174.4839,-37.0136],[174.4966,-37.0127],[174.4996,-37.0098],[174.4906,-37.0116],[174.4824,-37.0034],[174.4821,-37.0094],[174.4788,-36.9989],[174.4778,-37.0349],[174.4882,-37.0488],[174.4966,-37.0519]],[[174.4998,-37.0476],[174.4981,-37.0465],[174.4995,-37.0469],[174.4998,-37.0476]],[[174.5002,-37.048],[174.5,-37.048],[174.5,-37.0477],[174.5002,-37.0477],[174.5002,-37.048]],[[174.5012,-37.0484],[174.5007,-37.048],[174.5012,-37.0481],[174.5012,-37.0484]],[[174.5066,-37.0408],[174.5063,-37.0408],[174.5061,-37.0404],[174.5066,-37.0408]],[[174.5046,-37.041],[174.5043,-37.041],[174.5043,-37.0408],[174.5046,-37.0408],[174.5046,-37.041]],[[174.4944,-37.031],[174.4942,-37.031],[174.4942,-37.0308],[174.4944,-37.0308],[174.4944,-37.031]],[[174.4942,-37.0316],[174.494,-37.0312],[174.4944,-37.0315],[174.4942,-37.0316]],[[174.4923,-37.0282],[174.492,-37.0282],[174.492,-37.0281],[174.4923,-37.0281],[174.4923,-37.0282]],[[174.4914,-37.0284],[174.4879,-37.0265],[174.4894,-37.0271],[174.4891,-37.0243],[174.4914,-37.0284]],[[174.4906,-37.0285],[174.4899,-37.0284],[174.4904,-37.0281],[174.4906,-37.0285]],[[174.4933,-37.0241],[174.493,-37.024],[174.4932,-37.0239],[174.4933,-37.0241]],[[174.4949,-37.0263],[174.4947,-37.0263],[174.4947,-37.0262],[174.4949,-37.0262],[174.4949,-37.0263]],[[174.4954,-37.027],[174.495,-37.027],[174.495,-37.0265],[174.4954,-37.027]],[[174.481,-37.0038],[174.4809,-37.0037],[174.4807,-37.0038],[174.4807,-37.0037],[174.481,-37.0037],[174.481,-37.0038]],[[174.4827,-37.0086],[174.4827,-37.0085],[174.4829,-37.0085],[174.4827,-37.0086]],[[174.4802,-37.0025],[174.48,-37.0025],[174.48,-37.0018],[174.4802,-37.0018],[174.48,-37.0022],[174.4802,-37.0025]],[[174.478,-37.0033],[174.4776,-37.0033],[174.4776,-37.0032],[174.478,-37.0032],[174.478,-37.0033]],[[174.4776,-37.0042],[174.4776,-37.004],[174.4778,-37.004],[174.4776,-37.0042]],[[174.4793,-37.0037],[174.4792,-37.0037],[174.4792,-37.0036],[174.4793,-37.0036],[174.4793,-37.0037]],[[174.4786,-37.0042],[174.4786,-37.0037],[174.479,-37.0037],[174.4786,-37.0042]],[[174.4781,-37.0045],[174.478,-37.0045],[174.478,-37.0044],[174.4781,-37.0044],[174.4781,-37.0045]],[[174.4788,-37.0048],[174.4785,-37.0048],[174.4785,-37.0044],[174.4788,-37.0044],[174.4788,-37.0048]],[[174.4783,-37.0057],[174.4778,-37.0055],[174.4788,-37.0049],[174.4783,-37.0057]],[[174.4778,-37.0059],[174.4776,-37.0059],[174.4776,-37.0057],[174.4778,-37.0057],[174.4778,-37.0059]],[[174.4797,-37.0067],[174.4793,-37.0067],[174.4793,-37.0063],[174.4797,-37.0067]],[[174.4783,-37.0072],[174.4781,-37.007],[174.4785,-37.007],[174.4783,-37.0072]],[[174.4797,-37.007],[174.4795,-37.007],[174.4795,-37.0068],[174.4797,-37.0068],[174.4797,-37.007]],[[174.479,-37.0074],[174.4788,-37.0074],[174.4788,-37.007],[174.479,-37.007],[174.479,-37.0074]],[[174.4783,-37.0075],[174.4781,-37.0075],[174.4781,-37.0074],[174.4783,-37.0074],[174.4783,-37.0075]],[[174.4786,-37.0078],[174.4785,-37.0078],[174.4785,-37.0077],[174.4786,-37.0077],[174.4786,-37.0078]],[[174.4795,-37.0079],[174.4792,-37.0075],[174.4793,-37.0074],[174.4795,-37.0079]],[[174.4797,-37.0082],[174.4795,-37.0082],[174.4797,-37.0081],[174.4797,-37.0082]],[[174.4788,-37.0086],[174.4786,-37.0086],[174.4786,-37.0083],[174.4788,-37.0083],[174.4788,-37.0086]],[[174.4786,-37.0094],[174.4783,-37.0093],[174.4786,-37.009],[174.4786,-37.0094]],[[174.4809,-37.0094],[174.4807,-37.0094],[174.4807,-37.0092],[174.4809,-37.0094]],[[174.4797,-37.0096],[174.4792,-37.0087],[174.4798,-37.0087],[174.4797,-37.0096]],[[174.4771,-37.0117],[174.4769,-37.0117],[174.4769,-37.0116],[174.4771,-37.0116],[174.4771,-37.0117]],[[174.4819,-37.0098],[174.4814,-37.0098],[174.4805,-37.0083],[174.4819,-37.0098]],[[174.4809,-37.0104],[174.4798,-37.0101],[174.4807,-37.0096],[174.4809,-37.0104]],[[174.4802,-37.0106],[174.4797,-37.0105],[174.4798,-37.0104],[174.4802,-37.0106]],[[174.4826,-37.0104],[174.4821,-37.0098],[174.4827,-37.01],[174.4826,-37.0104]],[[174.4824,-37.0106],[174.4814,-37.0105],[174.4817,-37.0101],[174.4824,-37.0106]],[[174.4812,-37.0111],[174.4809,-37.0111],[174.481,-37.0108],[174.4812,-37.0111]],[[174.4803,-37.0112],[174.4803,-37.0105],[174.4807,-37.0105],[174.4803,-37.0112]],[[174.4865,-37.0106],[174.4863,-37.0106],[174.4863,-37.0105],[174.4865,-37.0105],[174.4865,-37.0106]],[[174.4839,-37.0112],[174.4836,-37.0098],[174.486,-37.0105],[174.4839,-37.0112]],[[174.4827,-37.0115],[174.4826,-37.0115],[174.4826,-37.0113],[174.4827,-37.0115]],[[174.4843,-37.0116],[174.4839,-37.0116],[174.4845,-37.0113],[174.4843,-37.0116]],[[174.4819,-37.0117],[174.4814,-37.0113],[174.4816,-37.0112],[174.4819,-37.0117]],[[174.4809,-37.012],[174.4803,-37.0117],[174.4809,-37.0113],[174.4809,-37.012]],[[174.4793,-37.0121],[174.4788,-37.0098],[174.48,-37.0112],[174.4793,-37.0121]],[[174.4783,-37.0126],[174.478,-37.0126],[174.4781,-37.0123],[174.4783,-37.0126]],[[174.4775,-37.013],[174.4773,-37.0128],[174.4775,-37.0127],[174.4775,-37.013]],[[174.4778,-37.0138],[174.4773,-37.0135],[174.4783,-37.0135],[174.4778,-37.0138]],[[174.478,-37.0143],[174.4776,-37.0141],[174.4783,-37.0139],[174.478,-37.0143]],[[174.4816,-37.0127],[174.4814,-37.0126],[174.4817,-37.0126],[174.4816,-37.0127]],[[174.4803,-37.0128],[174.48,-37.0128],[174.48,-37.0127],[174.4803,-37.0127],[174.4803,-37.0128]],[[174.4798,-37.013],[174.4795,-37.013],[174.4797,-37.0127],[174.4798,-37.013]],[[174.4814,-37.0132],[174.4812,-37.0128],[174.4817,-37.0128],[174.4814,-37.0132]],[[174.4809,-37.0136],[174.4807,-37.0134],[174.481,-37.0134],[174.4809,-37.0136]],[[174.4817,-37.0136],[174.4816,-37.0136],[174.4816,-37.0134],[174.4817,-37.0134],[174.4817,-37.0136]],[[174.485,-37.0141],[174.4848,-37.0141],[174.4848,-37.0139],[174.485,-37.0139],[174.485,-37.0141]],[[174.4814,-37.0142],[174.481,-37.0142],[174.481,-37.0139],[174.4814,-37.0142]],[[174.4798,-37.0143],[174.4788,-37.0143],[174.4785,-37.0124],[174.4798,-37.0143]],[[174.4803,-37.0147],[174.4802,-37.0146],[174.4803,-37.0145],[174.4803,-37.0147]],[[174.48,-37.0151],[174.4792,-37.0146],[174.4798,-37.0145],[174.48,-37.0151]],[[174.4785,-37.0154],[174.478,-37.0151],[174.4783,-37.015],[174.4785,-37.0154]],[[174.4788,-37.0154],[174.4786,-37.0154],[174.4786,-37.0153],[174.4788,-37.0153],[174.4788,-37.0154]],[[174.4776,-37.0157],[174.4771,-37.0151],[174.4778,-37.015],[174.4776,-37.0157]],[[174.48,-37.0157],[174.4798,-37.0157],[174.4798,-37.0154],[174.48,-37.0154],[174.48,-37.0157]],[[174.478,-37.0173],[174.4771,-37.0162],[174.4778,-37.0162],[174.478,-37.0173]],[[174.48,-37.0162],[174.4797,-37.0161],[174.4798,-37.0158],[174.48,-37.0162]],[[174.48,-37.0171],[174.4797,-37.0169],[174.48,-37.0168],[174.48,-37.0171]],[[174.485,-37.0172],[174.4846,-37.0168],[174.4848,-37.0166],[174.485,-37.0172]],[[174.478,-37.0179],[174.4783,-37.0162],[174.479,-37.0166],[174.478,-37.0179]],[[174.4792,-37.0186],[174.4785,-37.0186],[174.4785,-37.018],[174.4792,-37.0186]],[[174.4896,-37.021],[174.4894,-37.0209],[174.4897,-37.0207],[174.4896,-37.021]],[[174.4918,-37.0216],[174.4916,-37.0216],[174.4916,-37.0214],[174.4918,-37.0214],[174.4918,-37.0216]],[[174.4899,-37.0217],[174.4894,-37.0217],[174.4894,-37.0216],[174.4899,-37.0216],[174.4899,-37.0217]],[[174.4899,-37.0226],[174.4896,-37.022],[174.4903,-37.022],[174.4899,-37.0226]],[[174.4817,-37.0235],[174.4814,-37.0233],[174.4816,-37.0232],[174.4817,-37.0235]],[[174.4901,-37.0237],[174.4894,-37.0235],[174.4899,-37.0231],[174.4901,-37.0237]],[[174.488,-37.0246],[174.4879,-37.0246],[174.488,-37.0244],[174.488,-37.0246]],[[174.4819,-37.0251],[174.4812,-37.0248],[174.4819,-37.0237],[174.4819,-37.0251]],[[174.4788,-37.026],[174.4785,-37.0259],[174.4788,-37.0258],[174.4788,-37.026]],[[174.4797,-37.027],[174.4793,-37.0269],[174.4797,-37.0266],[174.4797,-37.027]],[[174.4795,-37.0286],[174.479,-37.0285],[174.4793,-37.0275],[174.4795,-37.0286]],[[174.48,-37.0286],[174.48,-37.0282],[174.4802,-37.0282],[174.48,-37.0286]],[[174.4786,-37.0288],[174.4783,-37.0288],[174.4783,-37.0286],[174.4786,-37.0286],[174.4786,-37.0288]],[[174.4793,-37.0292],[174.4792,-37.029],[174.4793,-37.029],[174.4793,-37.0292]],[[174.4807,-37.0292],[174.4803,-37.0292],[174.4809,-37.0289],[174.4807,-37.0292]],[[174.4803,-37.0293],[174.4802,-37.0293],[174.48,-37.0292],[174.4802,-37.0292],[174.4803,-37.0293]],[[174.4802,-37.0297],[174.48,-37.0297],[174.48,-37.0296],[174.4802,-37.0296],[174.4802,-37.0297]],[[174.4792,-37.0322],[174.4788,-37.0322],[174.4788,-37.0319],[174.4792,-37.0319],[174.4792,-37.0322]],[[174.481,-37.0329],[174.4803,-37.0322],[174.4809,-37.032],[174.481,-37.0329]],[[174.48,-37.0337],[174.4798,-37.0335],[174.48,-37.0335],[174.48,-37.0337]],[[174.4797,-37.0338],[174.4795,-37.0337],[174.4797,-37.0337],[174.4797,-37.0338]],[[174.4807,-37.034],[174.4805,-37.0331],[174.481,-37.0337],[174.4807,-37.034]],[[174.4814,-37.0341],[174.4812,-37.0341],[174.4812,-37.0337],[174.4814,-37.0337],[174.4814,-37.0341]],[[174.4797,-37.0342],[174.4793,-37.0342],[174.4793,-37.034],[174.4797,-37.034],[174.4797,-37.0342]],[[174.479,-37.0349],[174.4788,-37.0348],[174.479,-37.0348],[174.479,-37.0349]],[[174.4795,-37.035],[174.4792,-37.0349],[174.4795,-37.0346],[174.4795,-37.035]],[[174.4793,-37.0356],[174.4792,-37.0355],[174.479,-37.0356],[174.479,-37.0355],[174.4793,-37.0355],[174.4793,-37.0356]],[[174.4793,-37.0359],[174.479,-37.0359],[174.4792,-37.0357],[174.4793,-37.0359]],[[174.4819,-37.0355],[174.4816,-37.0355],[174.4816,-37.0353],[174.4819,-37.0353],[174.4819,-37.0355]],[[174.4824,-37.0356],[174.4822,-37.0355],[174.4824,-37.0353],[174.4824,-37.0356]],[[174.4809,-37.0265],[174.48,-37.0263],[174.48,-37.0259],[174.4809,-37.0265]],[[174.488,-37.0256],[174.4879,-37.0256],[174.4879,-37.0255],[174.488,-37.0255],[174.488,-37.0256]],[[174.4819,-37.0269],[174.4812,-37.0256],[174.4819,-37.0254],[174.4819,-37.0269]],[[174.4903,-37.0311],[174.4891,-37.0308],[174.4894,-37.0304],[174.4903,-37.0311]],[[174.4921,-37.0312],[174.492,-37.0312],[174.492,-37.0311],[174.4921,-37.0311],[174.4921,-37.0312]],[[174.4845,-37.0315],[174.4838,-37.0311],[174.4841,-37.0292],[174.4845,-37.0315]],[[174.4838,-37.0323],[174.4834,-37.0323],[174.4834,-37.032],[174.4838,-37.032],[174.4838,-37.0323]],[[174.4945,-37.0323],[174.4942,-37.0323],[174.4942,-37.0318],[174.4945,-37.0323]],[[174.4851,-37.0327],[174.4846,-37.0327],[174.4846,-37.0323],[174.4851,-37.0327]],[[174.4834,-37.0329],[174.4831,-37.0327],[174.4834,-37.0325],[174.4834,-37.0329]],[[174.4839,-37.0349],[174.4836,-37.0349],[174.4836,-37.0344],[174.4839,-37.0349]],[[174.4833,-37.0356],[174.4798,-37.0275],[174.4827,-37.0296],[174.4809,-37.0297],[174.4833,-37.0356]],[[174.4812,-37.0359],[174.481,-37.0359],[174.481,-37.0356],[174.4812,-37.0356],[174.4812,-37.0359]],[[174.4807,-37.036],[174.4797,-37.036],[174.48,-37.0342],[174.4807,-37.036]],[[174.4795,-37.0363],[174.4792,-37.036],[174.4797,-37.0361],[174.4795,-37.0363]],[[174.4803,-37.0367],[174.48,-37.0367],[174.4802,-37.0364],[174.4803,-37.0367]],[[174.481,-37.0376],[174.4803,-37.0375],[174.4807,-37.0371],[174.481,-37.0376]],[[174.4821,-37.036],[174.4817,-37.036],[174.4821,-37.0357],[174.4821,-37.036]],[[174.4839,-37.0359],[174.4836,-37.0359],[174.4838,-37.0356],[174.4839,-37.0359]],[[174.4827,-37.036],[174.4826,-37.036],[174.4826,-37.0359],[174.4827,-37.0359],[174.4827,-37.036]],[[174.485,-37.0341],[174.4848,-37.0338],[174.4851,-37.0337],[174.485,-37.0341]],[[174.4911,-37.0345],[174.4906,-37.0342],[174.4909,-37.0341],[174.4911,-37.0345]],[[174.4865,-37.0352],[174.4862,-37.0345],[174.4867,-37.0345],[174.4865,-37.0352]],[[174.4911,-37.0355],[174.4908,-37.0353],[174.4909,-37.0346],[174.4911,-37.0355]],[[174.4952,-37.0353],[174.4938,-37.0345],[174.4952,-37.0345],[174.4952,-37.0353]],[[174.4947,-37.0355],[174.4945,-37.0355],[174.4945,-37.0353],[174.4947,-37.0353],[174.4947,-37.0355]],[[174.4858,-37.0361],[174.4833,-37.0337],[174.4862,-37.0353],[174.4858,-37.0361]],[[174.4826,-37.0364],[174.4824,-37.0361],[174.4827,-37.0363],[174.4826,-37.0364]],[[174.4841,-37.0364],[174.4839,-37.0364],[174.4839,-37.0363],[174.4841,-37.0363],[174.4841,-37.0364]],[[174.4831,-37.0365],[174.4829,-37.0365],[174.4829,-37.0364],[174.4831,-37.0364],[174.4831,-37.0365]],[[174.4841,-37.0367],[174.4839,-37.0367],[174.4839,-37.0365],[174.4841,-37.0365],[174.4841,-37.0367]],[[174.4834,-37.0374],[174.4831,-37.0372],[174.4833,-37.0371],[174.4834,-37.0374]],[[174.4827,-37.0383],[174.4807,-37.0363],[174.4827,-37.0367],[174.4827,-37.0383]],[[174.4822,-37.0393],[174.4819,-37.0393],[174.4819,-37.039],[174.4822,-37.039],[174.4822,-37.0393]],[[174.4853,-37.0387],[174.485,-37.0387],[174.485,-37.0386],[174.4853,-37.0386],[174.4853,-37.0387]],[[174.4855,-37.0394],[174.4851,-37.0393],[174.4853,-37.0389],[174.4855,-37.0394]],[[174.4834,-37.0397],[174.4827,-37.0391],[174.4845,-37.0391],[174.4834,-37.0397]],[[174.486,-37.0395],[174.4856,-37.0395],[174.4858,-37.0394],[174.486,-37.0395]],[[174.4841,-37.0397],[174.4839,-37.0397],[174.4839,-37.0395],[174.4841,-37.0395],[174.4841,-37.0397]],[[174.4824,-37.0398],[174.4822,-37.0398],[174.4822,-37.0395],[174.4824,-37.0395],[174.4824,-37.0398]],[[174.485,-37.0402],[174.4845,-37.0401],[174.485,-37.0397],[174.485,-37.0402]],[[174.4833,-37.0404],[174.4829,-37.0404],[174.4831,-37.0401],[174.4833,-37.0404]],[[174.4845,-37.0416],[174.4843,-37.0412],[174.4848,-37.0413],[174.4845,-37.0416]],[[174.4839,-37.0421],[174.4836,-37.0421],[174.4838,-37.0419],[174.4839,-37.0421]],[[174.4853,-37.0421],[174.485,-37.0419],[174.4851,-37.0417],[174.4853,-37.0421]],[[174.4853,-37.0424],[174.4851,-37.0424],[174.4851,-37.0423],[174.4853,-37.0423],[174.4853,-37.0424]],[[174.4856,-37.0424],[174.4855,-37.0424],[174.4855,-37.0423],[174.4856,-37.0424]],[[174.4846,-37.0425],[174.4843,-37.0421],[174.4848,-37.042],[174.4846,-37.0425]],[[174.4879,-37.0429],[174.4875,-37.0429],[174.4875,-37.0428],[174.4879,-37.0429]],[[174.4862,-37.0431],[174.486,-37.0429],[174.4858,-37.0431],[174.4858,-37.0429],[174.4862,-37.0429],[174.4862,-37.0431]],[[174.4921,-37.0458],[174.492,-37.0458],[174.4921,-37.0457],[174.4921,-37.0458]],[[174.4913,-37.0465],[174.4909,-37.0462],[174.4913,-37.0461],[174.4913,-37.0465]],[[174.4935,-37.047],[174.4932,-37.047],[174.4932,-37.0469],[174.4935,-37.0469],[174.4935,-37.047]],[[174.4867,-37.0363],[174.4865,-37.036],[174.4868,-37.0359],[174.4867,-37.0363]],[[174.4887,-37.0369],[174.4886,-37.0369],[174.4886,-37.0368],[174.4887,-37.0368],[174.4887,-37.0369]],[[174.4892,-37.0371],[174.4889,-37.0369],[174.4889,-37.036],[174.4892,-37.0361],[174.4892,-37.0371]],[[174.4923,-37.0379],[174.4914,-37.0371],[174.4916,-37.0367],[174.4923,-37.0379]],[[174.4899,-37.0382],[174.4896,-37.038],[174.4899,-37.0379],[174.4899,-37.0382]],[[174.4899,-37.0389],[174.4896,-37.0386],[174.4899,-37.0383],[174.4899,-37.0389]],[[174.4932,-37.0389],[174.4926,-37.0383],[174.4932,-37.0386],[174.4932,-37.0389]],[[174.495,-37.0414],[174.4937,-37.0405],[174.495,-37.0402],[174.495,-37.0414]],[[174.4935,-37.042],[174.493,-37.0417],[174.4933,-37.0413],[174.4935,-37.042]],[[174.5048,-37.0417],[174.5046,-37.0414],[174.5051,-37.0412],[174.5048,-37.0417]],[[174.4949,-37.0423],[174.4945,-37.0419],[174.495,-37.0419],[174.4949,-37.0423]],[[174.4954,-37.0427],[174.4952,-37.0427],[174.4954,-37.0423],[174.4954,-37.0427]],[[174.5005,-37.0428],[174.4991,-37.0425],[174.5,-37.0424],[174.5005,-37.0428]],[[174.4947,-37.0429],[174.4945,-37.0427],[174.4949,-37.0427],[174.4947,-37.0429]],[[174.5065,-37.0427],[174.5049,-37.0423],[174.5053,-37.0417],[174.5065,-37.0427]],[[174.5014,-37.0429],[174.501,-37.0427],[174.5017,-37.0427],[174.5014,-37.0429]],[[174.495,-37.0432],[174.4949,-37.0429],[174.4952,-37.0431],[174.495,-37.0432]],[[174.4959,-37.0438],[174.4955,-37.0434],[174.4966,-37.0434],[174.4959,-37.0438]],[[174.5008,-37.0447],[174.5007,-37.0447],[174.5008,-37.0446],[174.5008,-37.0447]],[[174.494,-37.045],[174.4932,-37.045],[174.493,-37.0447],[174.494,-37.045]],[[174.5017,-37.0457],[174.5008,-37.0454],[174.5012,-37.045],[174.5017,-37.0457]],[[174.4979,-37.0463],[174.4978,-37.0462],[174.4979,-37.0461],[174.4979,-37.0463]],[[174.4979,-37.0474],[174.4973,-37.0466],[174.4981,-37.047],[174.4979,-37.0474]],[[174.4967,-37.0483],[174.4867,-37.0419],[174.4853,-37.0379],[174.4967,-37.0483]]]}},{"type":"Feature","properties":{},"geometry":{"type":"Polygon","coordinates":[[[174.3938,-36.3418],[174.3896,-36.3373],[174.3913,-36.3337],[174.3885,-36.3384],[174.3938,-36.3418]]]}},{"type":"Feature","properties":{},"geometry":{"type":"Polygon","coordinates":[[[174.6589,-36.7913],[174.6637,-36.7861],[174.6579,-36.7891],[174.6589,-36.7913]]]}},{"type":"Feature","properties":{},"geometry":{"type":"Polygon","coordinates":[[[174.2508,-36.579],[174.2523,-36.5775],[174.2481,-36.5733],[174.2508,-36.579]],[[174.2477,-36.5752],[174.2476,-36.5752],[174.2476,-36.575],[174.2477,-36.575],[174.2477,-36.5752]],[[174.251,-36.5756],[174.2508,-36.5756],[174.2508,-36.5755],[174.251,-36.5755],[174.251,-36.5756]],[[174.2487,-36.576],[174.2487,-36.5757],[174.2489,-36.5757],[174.2487,-36.576]],[[174.2487,-36.5775],[174.2484,-36.5775],[174.2484,-36.5772],[174.2487,-36.5775]],[[174.2511,-36.5766],[174.251,-36.5766],[174.251,-36.5764],[174.2511,-36.5764],[174.2511,-36.5766]],[[174.2498,-36.5779],[174.2487,-36.577],[174.2503,-36.576],[174.2498,-36.5779]]]}},{"type":"Feature","properties":{},"geometry":{"type":"Polygon","coordinates":[[[174.6894,-37.1414],[174.6917,-37.1388],[174.6884,-37.1402],[174.6894,-37.1414]]]}},{"type":"Feature","properties":{},"geometry":{"type":"Polygon","coordinates":[[[174.707,-37.2367],[174.7096,-37.2343],[174.7086,-37.2334],[174.707,-37.2367]]]}},{"type":"Feature","properties":{},"geometry":{"type":"Polygon","coordinates":[[[174.684,-37.2503],[174.7031,-37.2401],[174.6981,-37.2458],[174.7014,-37.2465],[174.7062,-37.2371],[174.684,-37.2503]],[[174.7041,-37.2414],[174.7039,-37.2414],[174.7039,-37.2412],[174.7041,-37.2412],[174.7041,-37.2414]],[[174.7031,-37.2387],[174.7029,-37.2387],[174.7029,-37.2386],[174.7031,-37.2386],[174.7031,-37.2387]],[[174.7046,-37.2385],[174.7045,-37.2385],[174.7045,-37.2383],[174.7046,-37.2383],[174.7046,-37.2385]],[[174.7036,-37.2389],[174.7033,-37.2385],[174.7043,-37.2379],[174.7036,-37.2389]],[[174.7034,-37.2394],[174.7029,-37.2391],[174.7033,-37.239],[174.7034,-37.2394]],[[174.7026,-37.2402],[174.7022,-37.2401],[174.7026,-37.24],[174.7026,-37.2402]],[[174.7019,-37.2406],[174.7017,-37.2404],[174.7021,-37.2402],[174.7019,-37.2406]],[[174.6981,-37.2413],[174.698,-37.2413],[174.698,-37.2412],[174.6981,-37.2412],[174.6981,-37.2413]]]}},{"type":"Feature","properties":{},"geometry":{"type":"Polygon","coordinates":[[[174.6952,-37.2548],[174.7009,-37.2478],[174.6968,-37.251],[174.6952,-37.2548]]]}},{"type":"Feature","properties":{},"geometry":{"type":"Polygon","coordinates":[[[174.6662,-37.2564],[174.6683,-37.2559],[174.6614,-37.2515],[174.6662,-37.2564]],[[174.6664,-37.2561],[174.6662,-37.2561],[174.6664,-37.2559],[174.6664,-37.2561]]]}},{"type":"Feature","properties":{},"geometry":{"type":"Polygon","coordinates":[[[174.6852,-37.2565],[174.6874,-37.2533],[174.6852,-37.251],[174.6852,-37.2565]]]}},{"type":"Feature","properties":{},"geometry":{"type":"Polygon","coordinates":[[[174.6804,-37.2588],[174.6836,-37.2545],[174.6797,-37.2534],[174.6804,-37.2588]],[[174.6812,-37.2552],[174.6811,-37.2549],[174.6814,-37.2548],[174.6812,-37.2552]]]}},{"type":"Feature","properties":{},"geometry":{"type":"Polygon","coordinates":[[[174.6678,-37.2643],[174.6715,-37.262],[174.6707,-37.2613],[174.6678,-37.2643]]]}},{"type":"Feature","properties":{},"geometry":{"type":"Polygon","coordinates":[[[174.6799,-37.2722],[174.683,-37.2696],[174.6797,-37.2669],[174.6799,-37.2722]]]}},{"type":"Feature","properties":{},"geometry":{"type":"Polygon","coordinates":[[[175.3756,-36.2485],[175.3763,-36.2439],[175.3732,-36.2437],[175.3756,-36.2485]]]}},{"type":"Feature","properties":{},"geometry":{"type":"Polygon","coordinates":[[[174.9644,-36.9562],[174.9661,-36.9513],[174.9627,-36.9552],[174.9644,-36.9562]]]}},{"type":"Feature","properties":{},"geometry":{"type":"Polygon","coordinates":[[[174.3419,-36.6238],[174.3453,-36.6183],[174.3438,-36.6177],[174.3419,-36.6238]],[[174.3442,-36.6192],[174.3438,-36.6192],[174.344,-36.6185],[174.3443,-36.6185],[174.3442,-36.6192]],[[174.3436,-36.6193],[174.3435,-36.6193],[174.3435,-36.6192],[174.3436,-36.6192],[174.3436,-36.6193]]]}},{"type":"Feature","properties":{},"geometry":{"type":"Polygon","coordinates":[[[174.7973,-37.2389],[174.7994,-37.2383],[174.7936,-37.2348],[174.7973,-37.2389]]]}},{"type":"Feature","properties":{},"geometry":{"type":"Polygon","coordinates":[[[174.4711,-36.6175],[174.4638,-36.602],[174.4722,-36.6005],[174.4438,-36.5945],[174.4379,-36.6114],[174.4512,-36.607],[174.4565,-36.6152],[174.4548,-36.6093],[174.4459,-36.6036],[174.4614,-36.5994],[174.4711,-36.6175]],[[174.4525,-36.6081],[174.4524,-36.6081],[174.4524,-36.6079],[174.4525,-36.6079],[174.4525,-36.6081]]]}},{"type":"Feature","properties":{},"geometry":{"type":"Polygon","coordinates":[[[174.4735,-36.6197],[174.4713,-36.6175],[174.4705,-36.6193],[174.4735,-36.6197]]]}},{"type":"Feature","properties":{},"geometry":{"type":"Polygon","coordinates":[[[175.372,-36.1415],[175.3681,-36.1342],[175.3756,-36.1327],[175.3652,-36.1287],[175.372,-36.1415]]]}},{"type":"Feature","properties":{},"geometry":{"type":"Polygon","coordinates":[[[174.5461,-36.9321],[174.549,-36.9271],[174.5454,-36.9314],[174.5461,-36.9321]],[[174.5457,-36.9318],[174.5456,-36.9318],[174.5456,-36.9317],[174.5457,-36.9317],[174.5457,-36.9318]]]}},{"type":"Feature","properties":{},"geometry":{"type":"Polygon","coordinates":[[[174.5642,-36.952],[174.5582,-36.9404],[174.5594,-36.9362],[174.565,-36.9339],[174.5568,-36.9332],[174.5565,-36.9299],[174.5471,-36.9257],[174.5324,-36.9358],[174.5392,-36.9309],[174.5403,-36.9355],[174.5365,-36.9378],[174.5398,-36.9392],[174.542,-36.9329],[174.5444,-36.9362],[174.5425,-36.9324],[174.5478,-36.9262],[174.5529,-36.9286],[174.5585,-36.934],[174.5503,-36.9396],[174.5585,-36.9351],[174.5582,-36.9448],[174.5642,-36.952]],[[174.544,-36.9284],[174.5439,-36.9284],[174.5439,-36.9283],[174.544,-36.9283],[174.544,-36.9284]],[[174.5413,-36.9313],[174.5409,-36.931],[174.5415,-36.9309],[174.5413,-36.9313]],[[174.5396,-36.934],[174.5392,-36.934],[174.5394,-36.9336],[174.5396,-36.934]],[[174.5413,-36.9346],[174.5408,-36.9346],[174.5409,-36.9343],[174.5413,-36.9346]],[[174.5447,-36.9359],[174.5445,-36.9359],[174.5445,-36.9358],[174.5447,-36.9358],[174.5447,-36.9359]],[[174.5514,-36.9284],[174.5508,-36.9281],[174.5514,-36.9281],[174.5514,-36.9284]],[[174.5572,-36.931],[174.5567,-36.931],[174.5567,-36.9309],[174.5572,-36.9309],[174.5572,-36.931]],[[174.5565,-36.9325],[174.5563,-36.9323],[174.5567,-36.9323],[174.5565,-36.9325]],[[174.5631,-36.9348],[174.5631,-36.9347],[174.5633,-36.9347],[174.5631,-36.9348]],[[174.5604,-36.9354],[174.5614,-36.9332],[174.564,-36.9343],[174.5604,-36.9354]],[[174.559,-36.9378],[174.5587,-36.9378],[174.5589,-36.9376],[174.559,-36.9378]]]}},{"type":"Feature","properties":{},"geometry":{"type":"Polygon","coordinates":[[[174.608,-36.9647],[174.6155,-36.9623],[174.6149,-36.955],[174.5875,-36.9565],[174.5761,-36.9553],[174.5732,-36.9523],[174.5759,-36.9556],[174.5867,-36.9575],[174.6031,-36.9557],[174.6118,-36.961],[174.608,-36.9647]],[[174.5985,-36.9569],[174.5983,-36.9567],[174.5988,-36.9564],[174.5985,-36.9569]],[[174.6159,-36.9616],[174.6157,-36.9616],[174.6157,-36.9614],[174.6159,-36.9616]]]}},{"type":"Feature","properties":{},"geometry":{"type":"Polygon","coordinates":[[[174.6171,-36.9719],[174.6191,-36.9663],[174.6145,-36.9633],[174.6171,-36.9719]],[[174.6159,-36.964],[174.6155,-36.9638],[174.6159,-36.9635],[174.6159,-36.964]]]}},{"type":"Feature","properties":{},"geometry":{"type":"Polygon","coordinates":[[[174.6446,-36.8111],[174.6457,-36.8095],[174.642,-36.8083],[174.6446,-36.8111]]]}},{"type":"Feature","properties":{},"geometry":{"type":"Polygon","coordinates":[[[174.6444,-36.8132],[174.641,-36.8107],[174.6401,-36.8128],[174.6444,-36.8132]]]}},{"type":"Feature","properties":{},"geometry":{"type":"Polygon","coordinates":[[[174.3133,-36.6504],[174.3143,-36.6485],[174.3124,-36.6479],[174.3133,-36.6504]]]}},{"type":"Feature","properties":{},"geometry":{"type":"Polygon","coordinates":[[[174.7149,-36.522],[174.7224,-36.5183],[174.7159,-36.5094],[174.7065,-36.5106],[174.7005,-36.5055],[174.7045,-36.5103],[174.6971,-36.5132],[174.713,-36.5122],[174.7198,-36.5168],[174.713,-36.5197],[174.7149,-36.522]],[[174.7174,-36.521],[174.7171,-36.5205],[174.7176,-36.5203],[174.7174,-36.521]]]}},{"type":"Feature","properties":{},"geometry":{"type":"Polygon","coordinates":[[[174.2115,-36.4698],[174.2134,-36.4676],[174.2117,-36.467],[174.2115,-36.4698]]]}},{"type":"Feature","properties":{},"geometry":{"type":"Polygon","coordinates":[[[174.2086,-36.4719],[174.2151,-36.4709],[174.2105,-36.4701],[174.2086,-36.4719]],[[174.2131,-36.4708],[174.2129,-36.4705],[174.2132,-36.4705],[174.2131,-36.4708]]]}},{"type":"Feature","properties":{},"geometry":{"type":"Polygon","coordinates":[[[174.2206,-36.4801],[174.2226,-36.4737],[174.2281,-36.4742],[174.2201,-36.4698],[174.2218,-36.4687],[174.2166,-36.4707],[174.2172,-36.4786],[174.2206,-36.4801]],[[174.2245,-36.4738],[174.2245,-36.4727],[174.2248,-36.4727],[174.2245,-36.4738]],[[174.2247,-36.4744],[174.2245,-36.4744],[174.2245,-36.4742],[174.2247,-36.4742],[174.2247,-36.4744]],[[174.2196,-36.4714],[174.2194,-36.4714],[174.2196,-36.4709],[174.2196,-36.4714]],[[174.2233,-36.4716],[174.2226,-36.4711],[174.223,-36.4711],[174.2233,-36.4716]],[[174.2197,-36.4718],[174.2194,-36.4715],[174.2197,-36.4716],[174.2197,-36.4718]],[[174.2189,-36.473],[174.2187,-36.473],[174.2187,-36.4729],[174.2189,-36.4729],[174.2189,-36.473]],[[174.2202,-36.4766],[174.2199,-36.4764],[174.2201,-36.4762],[174.2202,-36.4766]],[[174.2208,-36.4771],[174.2206,-36.477],[174.2206,-36.4766],[174.2208,-36.4771]],[[174.2211,-36.4777],[174.2208,-36.4777],[174.2208,-36.4773],[174.2211,-36.4777]],[[174.2184,-36.4784],[174.2182,-36.4784],[174.2185,-36.4781],[174.2184,-36.4784]],[[174.2199,-36.4789],[174.2189,-36.4789],[174.219,-36.4786],[174.2199,-36.4789]]]}},{"type":"Feature","properties":{},"geometry":{"type":"Polygon","coordinates":[[[174.3196,-36.6438],[174.3138,-36.6462],[174.3179,-36.6457],[174.3194,-36.6497],[174.3196,-36.6438]]]}},{"type":"Feature","properties":{},"geometry":{"type":"Polygon","coordinates":[[[174.2593,-36.5794],[174.2622,-36.5787],[174.2595,-36.5771],[174.2593,-36.5794]]]}},{"type":"Feature","properties":{},"geometry":{"type":"Polygon","coordinates":[[[174.2578,-36.5827],[174.2578,-36.5803],[174.2557,-36.5805],[174.2578,-36.5827]],[[174.2573,-36.5816],[174.2571,-36.5816],[174.2571,-36.5815],[174.2573,-36.5815],[174.2573,-36.5816]]]}},{"type":"Feature","properties":{},"geometry":{"type":"Polygon","coordinates":[[[174.2528,-36.5842],[174.2542,-36.5804],[174.251,-36.583],[174.2528,-36.5842]],[[174.2535,-36.5827],[174.2532,-36.5826],[174.2535,-36.5824],[174.2535,-36.5827]],[[174.253,-36.5833],[174.2523,-36.583],[174.2532,-36.583],[174.253,-36.5833]]]}},{"type":"Feature","properties":{},"geometry":{"type":"Polygon","coordinates":[[[175.1276,-36.8316],[175.13,-36.8282],[175.1248,-36.8286],[175.1276,-36.8316]],[[175.1274,-36.8288],[175.1272,-36.8288],[175.1272,-36.8286],[175.1274,-36.8286],[175.1274,-36.8288]],[[175.1267,-36.8303],[175.1266,-36.8303],[175.1266,-36.8301],[175.1267,-36.8301],[175.1267,-36.8303]]]}},{"type":"Feature","properties":{},"geometry":{"type":"Polygon","coordinates":[[[174.2655,-36.3653],[174.2694,-36.3598],[174.2662,-36.362],[174.2655,-36.3653]],[[174.2687,-36.3608],[174.2685,-36.3608],[174.2685,-36.3606],[174.2687,-36.3606],[174.2687,-36.3608]],[[174.2685,-36.3611],[174.2684,-36.3611],[174.2684,-36.3609],[174.2685,-36.3609],[174.2685,-36.3611]],[[174.2682,-36.3613],[174.268,-36.3613],[174.268,-36.3612],[174.2682,-36.3612],[174.2682,-36.3613]]]}},{"type":"Feature","properties":{},"geometry":{"type":"Polygon","coordinates":[[[174.9294,-37.2266],[174.9304,-37.233],[174.9327,-37.2317],[174.9294,-37.2266]]]}},{"type":"Feature","properties":{},"geometry":{"type":"Polygon","coordinates":[[[174.5724,-37.1317],[174.5782,-37.1291],[174.5771,-37.1285],[174.5724,-37.1317]],[[174.5773,-37.1289],[174.5771,-37.1289],[174.5771,-37.1287],[174.5773,-37.1287],[174.5773,-37.1289]],[[174.5739,-37.1306],[174.5737,-37.1306],[174.5737,-37.1305],[174.5739,-37.1305],[174.5739,-37.1306]]]}},{"type":"Feature","properties":{},"geometry":{"type":"Polygon","coordinates":[[[174.5954,-37.1396],[174.598,-37.1344],[174.5927,-37.1279],[174.6005,-37.1306],[174.6055,-37.1287],[174.5959,-37.1268],[174.5973,-37.1252],[174.5923,-37.123],[174.5993,-37.1204],[174.6032,-37.1106],[174.6002,-37.1139],[174.5966,-37.1053],[174.577,-37.102],[174.585,-37.1049],[174.577,-37.1071],[174.5937,-37.1053],[174.5852,-37.111],[174.5947,-37.1064],[174.598,-37.1116],[174.5935,-37.1144],[174.5969,-37.1162],[174.5932,-37.1208],[174.5923,-37.117],[174.5792,-37.1212],[174.5908,-37.1174],[174.5904,-37.1216],[174.5862,-37.123],[174.5882,-37.1259],[174.5799,-37.1286],[174.5833,-37.1295],[174.5817,-37.1335],[174.585,-37.1287],[174.5913,-37.1301],[174.5962,-37.1339],[174.5904,-37.1372],[174.5913,-37.1393],[174.5976,-37.1346],[174.5954,-37.1396]],[[174.6039,-37.1286],[174.6038,-37.1286],[174.6038,-37.1283],[174.6039,-37.1283],[174.6039,-37.1286]],[[174.5947,-37.1289],[174.5947,-37.1286],[174.595,-37.1286],[174.5947,-37.1289]],[[174.5918,-37.117],[174.5916,-37.1169],[174.5918,-37.1169],[174.5918,-37.117]],[[174.5894,-37.1234],[174.5893,-37.1234],[174.5893,-37.1233],[174.5894,-37.1233],[174.5894,-37.1234]],[[174.592,-37.1236],[174.5918,-37.1236],[174.5918,-37.1234],[174.592,-37.1234],[174.592,-37.1236]],[[174.5894,-37.1237],[174.5893,-37.1237],[174.5893,-37.1236],[174.5894,-37.1236],[174.5894,-37.1237]],[[174.5913,-37.1287],[174.5911,-37.1287],[174.591,-37.1283],[174.5913,-37.1287]],[[174.5922,-37.1302],[174.591,-37.1295],[174.5913,-37.129],[174.5922,-37.1302]],[[174.5939,-37.1309],[174.5937,-37.1309],[174.5937,-37.1308],[174.5939,-37.1308],[174.5939,-37.1309]],[[174.5942,-37.132],[174.594,-37.1319],[174.594,-37.1316],[174.5942,-37.1317],[174.5942,-37.132]],[[174.5964,-37.1336],[174.5962,-37.1336],[174.5961,-37.1333],[174.5964,-37.1335],[174.5964,-37.1336]],[[174.5954,-37.1353],[174.5952,-37.1353],[174.5956,-37.1351],[174.5954,-37.1353]]]}},{"type":"Feature","properties":{},"geometry":{"type":"Polygon","coordinates":[[[174.245,-36.5729],[174.2445,-36.5685],[174.2423,-36.569],[174.245,-36.5729]],[[174.2443,-36.5698],[174.2441,-36.5698],[174.2441,-36.5697],[174.2443,-36.5697],[174.2443,-36.5698]],[[174.2433,-36.5705],[174.2429,-36.5704],[174.2433,-36.5703],[174.2433,-36.5705]],[[174.2435,-36.5723],[174.2426,-36.5722],[174.2428,-36.5716],[174.2435,-36.5723]]]}},{"type":"Feature","properties":{},"geometry":{"type":"Polygon","coordinates":[[[174.2122,-36.5398],[174.2136,-36.5386],[174.2093,-36.5386],[174.2122,-36.5398]],[[174.2129,-36.5389],[174.2126,-36.5389],[174.2127,-36.5386],[174.2129,-36.5389]]]}},{"type":"Feature","properties":{},"geometry":{"type":"Polygon","coordinates":[[[174.174,-36.47],[174.1783,-36.4692],[174.1718,-36.4644],[174.174,-36.47]],[[174.1776,-36.4689],[174.1771,-36.4689],[174.1772,-36.4685],[174.1776,-36.4689]],[[174.1721,-36.4655],[174.1719,-36.4653],[174.1726,-36.465],[174.1721,-36.4655]],[[174.1733,-36.466],[174.1731,-36.466],[174.1731,-36.4659],[174.1733,-36.4659],[174.1733,-36.466]],[[174.1752,-36.4683],[174.1748,-36.4682],[174.1752,-36.4676],[174.1752,-36.4683]],[[174.1745,-36.4687],[174.1743,-36.4687],[174.1743,-36.4686],[174.1745,-36.4686],[174.1745,-36.4687]]]}},{"type":"Feature","properties":{},"geometry":{"type":"Polygon","coordinates":[[[174.6295,-36.1382],[174.6266,-36.1341],[174.6256,-36.1355],[174.6295,-36.1382]],[[174.6278,-36.1352],[174.6277,-36.1352],[174.6277,-36.1349],[174.6278,-36.1349],[174.6278,-36.1352]]]}},{"type":"Feature","properties":{},"geometry":{"type":"Polygon","coordinates":[[[174.6428,-36.5615],[174.6449,-36.5596],[174.6446,-36.5576],[174.6428,-36.5615]]]}},{"type":"Feature","properties":{},"geometry":{"type":"Polygon","coordinates":[[[174.6174,-36.5886],[174.6176,-36.5847],[174.6246,-36.5835],[174.6278,-36.5785],[174.6382,-36.5757],[174.6389,-36.5778],[174.6398,-36.5741],[174.6504,-36.5694],[174.6524,-36.5515],[174.6591,-36.5496],[174.6608,-36.5565],[174.6637,-36.5506],[174.6683,-36.5549],[174.6659,-36.5512],[174.6684,-36.5476],[174.6744,-36.5498],[174.6753,-36.5406],[174.6783,-36.5415],[174.6809,-36.5379],[174.6698,-36.541],[174.6683,-36.5424],[174.6742,-36.5421],[174.6729,-36.5461],[174.6621,-36.5506],[174.6592,-36.5483],[174.6463,-36.5491],[174.6444,-36.5456],[174.6497,-36.5431],[174.6374,-36.5441],[174.637,-36.5398],[174.6415,-36.5354],[174.6362,-36.5387],[174.6312,-36.5353],[174.636,-36.5404],[174.6265,-36.5447],[174.6147,-36.5412],[174.621,-36.5476],[174.6138,-36.55],[174.6178,-36.5513],[174.612,-36.5548],[174.6036,-36.5552],[174.6102,-36.5556],[174.6077,-36.5612],[174.6249,-36.5458],[174.6236,-36.5594],[174.6135,-36.5696],[174.6043,-36.5689],[174.6126,-36.5709],[174.622,-36.565],[174.6224,-36.5609],[174.6259,-36.5628],[174.6241,-36.5572],[174.6288,-36.5542],[174.6259,-36.5519],[174.6261,-36.5457],[174.6336,-36.5426],[174.6404,-36.5457],[174.6401,-36.5501],[174.6432,-36.545],[174.6449,-36.5513],[174.6507,-36.5496],[174.6514,-36.5522],[174.6401,-36.5589],[174.6498,-36.5545],[174.6492,-36.565],[174.6444,-36.5715],[174.6406,-36.5703],[174.6353,-36.576],[174.6299,-36.5744],[174.6314,-36.5711],[174.6285,-36.577],[174.6193,-36.5819],[174.6147,-36.5783],[174.6178,-36.5809],[174.6125,-36.5864],[174.6065,-36.5849],[174.6065,-36.5811],[174.6027,-36.5842],[174.5998,-36.5822],[174.6017,-36.5857],[174.6174,-36.5886]],[[174.6804,-36.5402],[174.6802,-36.5402],[174.6802,-36.5401],[174.6804,-36.5401],[174.6804,-36.5402]],[[174.6807,-36.5404],[174.6806,-36.5402],[174.6807,-36.5402],[174.6807,-36.5404]],[[174.6352,-36.5419],[174.6345,-36.5419],[174.6353,-36.5415],[174.6352,-36.5419]],[[174.6205,-36.5826],[174.6201,-36.5826],[174.6201,-36.5823],[174.6205,-36.5826]]]}},{"type":"Feature","properties":{},"geometry":{"type":"Polygon","coordinates":[[[174.3421,-36.616],[174.3448,-36.6136],[174.3404,-36.6159],[174.3421,-36.616]],[[174.345,-36.6145],[174.3448,-36.6145],[174.3448,-36.6144],[174.345,-36.6144],[174.345,-36.6145]],[[174.344,-36.6149],[174.3438,-36.6149],[174.344,-36.6148],[174.344,-36.6149]],[[174.3443,-36.6149],[174.3442,-36.6148],[174.3445,-36.6147],[174.3443,-36.6149]]]}},{"type":"Feature","properties":{},"geometry":{"type":"Polygon","coordinates":[[[174.8717,-36.7779],[174.8745,-36.7723],[174.8712,-36.7759],[174.8717,-36.7779]],[[174.8722,-36.7755],[174.8719,-36.7753],[174.8722,-36.7753],[174.8722,-36.7755]],[[174.8716,-36.7776],[174.8714,-36.7776],[174.8714,-36.7775],[174.8716,-36.7775],[174.8716,-36.7776]]]}},{"type":"Feature","properties":{},"geometry":{"type":"Polygon","coordinates":[[[175.3662,-36.217],[175.3696,-36.2141],[175.364,-36.2158],[175.3629,-36.21],[175.3518,-36.2038],[175.3662,-36.217]]]}},{"type":"Feature","properties":{},"geometry":{"type":"Polygon","coordinates":[[[174.2711,-36.3619],[174.2745,-36.3564],[174.2747,-36.3512],[174.2723,-36.3506],[174.2743,-36.3446],[174.2714,-36.3479],[174.2711,-36.3619]],[[174.273,-36.3473],[174.2726,-36.3473],[174.2728,-36.3469],[174.2731,-36.3469],[174.273,-36.3473]],[[174.2716,-36.3484],[174.2714,-36.3481],[174.2726,-36.3466],[174.2716,-36.3484]],[[174.273,-36.3538],[174.2728,-36.3538],[174.2728,-36.3536],[174.273,-36.3538]],[[174.2735,-36.3539],[174.2731,-36.3539],[174.2733,-36.3538],[174.2735,-36.3539]],[[174.2728,-36.3541],[174.2725,-36.3539],[174.2726,-36.3538],[174.2728,-36.3541]],[[174.2728,-36.3545],[174.2726,-36.3545],[174.2726,-36.3542],[174.2728,-36.3542],[174.2728,-36.3545]],[[174.2735,-36.3554],[174.2733,-36.3554],[174.2733,-36.3552],[174.2735,-36.3552],[174.2735,-36.3554]],[[174.2733,-36.3558],[174.2731,-36.3558],[174.2731,-36.3557],[174.2733,-36.3557],[174.2733,-36.3558]],[[174.273,-36.3571],[174.2728,-36.3571],[174.273,-36.3568],[174.273,-36.3571]],[[174.2738,-36.3571],[174.2737,-36.3571],[174.274,-36.3567],[174.2738,-36.3571]],[[174.2735,-36.3575],[174.2733,-36.3574],[174.2735,-36.3574],[174.2735,-36.3575]]]}},{"type":"Feature","properties":{},"geometry":{"type":"Polygon","coordinates":[[[174.274,-36.3705],[174.2731,-36.3667],[174.2714,-36.3677],[174.274,-36.3705]],[[174.272,-36.3681],[174.272,-36.3677],[174.2721,-36.3677],[174.272,-36.3681]]]}},{"type":"Feature","properties":{},"geometry":{"type":"Polygon","coordinates":[[[174.2648,-36.3752],[174.2692,-36.3685],[174.2609,-36.3703],[174.2648,-36.3752]],[[174.2667,-36.3715],[174.2665,-36.3715],[174.2665,-36.3714],[174.2667,-36.3715]],[[174.266,-36.3718],[174.2658,-36.3718],[174.2658,-36.3716],[174.266,-36.3716],[174.266,-36.3718]],[[174.2658,-36.3725],[174.2656,-36.3725],[174.2656,-36.3722],[174.2658,-36.3722],[174.2658,-36.3725]],[[174.267,-36.3744],[174.2668,-36.374],[174.267,-36.374],[174.267,-36.3744]],[[174.2665,-36.3686],[174.2655,-36.3679],[174.2663,-36.3682],[174.2665,-36.3686]],[[174.266,-36.3692],[174.266,-36.3688],[174.2663,-36.369],[174.266,-36.3692]],[[174.2673,-36.3693],[174.2672,-36.3692],[174.2673,-36.3692],[174.2673,-36.3693]],[[174.2672,-36.3694],[174.2668,-36.3694],[174.267,-36.3686],[174.2672,-36.3694]],[[174.2679,-36.3699],[174.2675,-36.3696],[174.2677,-36.3694],[174.2679,-36.3699]],[[174.2641,-36.3708],[174.2636,-36.3696],[174.2641,-36.3694],[174.2641,-36.3708]],[[174.2653,-36.3705],[174.2651,-36.3705],[174.2653,-36.3704],[174.2653,-36.3705]],[[174.2646,-36.3714],[174.2644,-36.3707],[174.2648,-36.3705],[174.2646,-36.3714]],[[174.2643,-36.3718],[174.2641,-36.3718],[174.2641,-36.3715],[174.2643,-36.3715],[174.2643,-36.3718]],[[174.2638,-36.3738],[174.2636,-36.3737],[174.2638,-36.3737],[174.2638,-36.3738]],[[174.2639,-36.3743],[174.2638,-36.3743],[174.2638,-36.374],[174.2639,-36.374],[174.2639,-36.3743]],[[174.2639,-36.3745],[174.2638,-36.3745],[174.2638,-36.3744],[174.2639,-36.3744],[174.2639,-36.3745]]]}},{"type":"Feature","properties":{},"geometry":{"type":"Polygon","coordinates":[[[174.2709,-36.3769],[174.2692,-36.37],[174.2682,-36.3734],[174.2709,-36.3769]]]}},{"type":"Feature","properties":{},"geometry":{"type":"Polygon","coordinates":[[[174.2545,-36.3785],[174.2576,-36.3668],[174.2563,-36.3752],[174.2614,-36.3784],[174.2597,-36.367],[174.2691,-36.3593],[174.2597,-36.3591],[174.2615,-36.36],[174.2515,-36.3738],[174.2545,-36.3785]],[[174.2595,-36.3655],[174.2592,-36.3653],[174.2595,-36.3645],[174.2595,-36.3655]],[[174.2597,-36.3663],[174.2595,-36.3661],[174.2597,-36.366],[174.2597,-36.3663]],[[174.2615,-36.3664],[174.2614,-36.3663],[174.2617,-36.366],[174.2615,-36.3664]],[[174.258,-36.3716],[174.2574,-36.3714],[174.2583,-36.3714],[174.258,-36.3716]],[[174.2585,-36.3738],[174.2581,-36.3738],[174.2581,-36.3737],[174.2585,-36.3737],[174.2585,-36.3738]],[[174.2583,-36.3741],[174.2583,-36.374],[174.2585,-36.374],[174.2583,-36.3741]],[[174.2588,-36.3752],[174.2583,-36.3752],[174.2586,-36.3743],[174.2588,-36.3752]],[[174.2588,-36.3755],[174.2586,-36.3755],[174.2586,-36.3754],[174.2588,-36.3754],[174.2588,-36.3755]],[[174.2583,-36.3762],[174.2581,-36.3762],[174.2581,-36.376],[174.2583,-36.376],[174.2583,-36.3762]],[[174.2593,-36.376],[174.2588,-36.3758],[174.2595,-36.3756],[174.2593,-36.376]],[[174.2588,-36.3762],[174.2586,-36.3762],[174.2586,-36.376],[174.2588,-36.376],[174.2588,-36.3762]],[[174.2586,-36.3765],[174.2583,-36.3765],[174.2583,-36.3763],[174.2586,-36.3763],[174.2586,-36.3765]],[[174.2598,-36.3765],[174.259,-36.3763],[174.2597,-36.3762],[174.2598,-36.3765]],[[174.2607,-36.3773],[174.2603,-36.377],[174.2605,-36.3769],[174.2607,-36.3773]],[[174.2593,-36.3644],[174.2592,-36.3644],[174.2593,-36.3642],[174.2592,-36.3638],[174.2593,-36.3644]],[[174.2549,-36.3719],[174.2545,-36.3719],[174.2551,-36.3714],[174.2549,-36.3719]],[[174.2522,-36.374],[174.252,-36.3737],[174.2525,-36.3733],[174.2522,-36.374]],[[174.2518,-36.3745],[174.2516,-36.3741],[174.252,-36.3741],[174.2518,-36.3745]],[[174.2552,-36.3752],[174.2551,-36.3752],[174.2551,-36.3749],[174.2552,-36.3749],[174.2552,-36.3752]]]}},{"type":"Feature","properties":{},"geometry":{"type":"Polygon","coordinates":[[[174.2788,-36.3788],[174.2772,-36.3752],[174.2701,-36.367],[174.2788,-36.3788]],[[174.2723,-36.3704],[174.2721,-36.3703],[174.2723,-36.3701],[174.2723,-36.3704]]]}},{"type":"Feature","properties":{},"geometry":{"type":"Polygon","coordinates":[[[174.2564,-36.3811],[174.2576,-36.38],[174.2545,-36.3791],[174.2564,-36.3811]],[[174.2569,-36.3804],[174.2566,-36.3804],[174.2568,-36.3803],[174.2569,-36.3804]]]}},{"type":"Feature","properties":{},"geometry":{"type":"Polygon","coordinates":[[[174.6939,-36.6275],[174.6937,-36.6241],[174.6923,-36.6273],[174.6939,-36.6275]]]}},{"type":"Feature","properties":{},"geometry":{"type":"Polygon","coordinates":[[[174.6748,-36.6355],[174.6783,-36.6327],[174.6766,-36.6329],[174.6748,-36.6355]]]}},{"type":"Feature","properties":{},"geometry":{"type":"Polygon","coordinates":[[[174.6754,-36.6444],[174.6787,-36.6438],[174.6756,-36.6419],[174.6754,-36.6444]]]}},{"type":"Feature","properties":{},"geometry":{"type":"Polygon","coordinates":[[[174.7005,-36.6445],[174.6993,-36.6393],[174.6978,-36.6381],[174.7005,-36.6445]]]}},{"type":"Feature","properties":{},"geometry":{"type":"Polygon","coordinates":[[[174.7253,-36.6456],[174.7287,-36.643],[174.7277,-36.639],[174.7185,-36.6307],[174.7101,-36.6153],[174.6976,-36.613],[174.691,-36.6174],[174.6845,-36.6167],[174.6845,-36.6196],[174.6758,-36.6199],[174.6841,-36.6203],[174.6744,-36.6282],[174.6901,-36.6189],[174.6794,-36.6318],[174.691,-36.6189],[174.6964,-36.6167],[174.6949,-36.6215],[174.6986,-36.6164],[174.7051,-36.619],[174.6932,-36.6359],[174.6845,-36.6383],[174.6806,-36.6433],[174.685,-36.6383],[174.6917,-36.6368],[174.691,-36.6433],[174.692,-36.637],[174.7087,-36.6219],[174.7157,-36.6301],[174.7116,-36.637],[174.7173,-36.6337],[174.7167,-36.6379],[174.7197,-36.6399],[174.7169,-36.6429],[174.721,-36.6388],[174.7222,-36.6429],[174.7193,-36.6456],[174.7253,-36.6456]],[[174.6879,-36.6175],[174.6877,-36.6175],[174.6877,-36.6174],[174.6879,-36.6174],[174.6879,-36.6175]],[[174.6874,-36.6178],[174.6872,-36.6178],[174.6876,-36.6174],[174.6874,-36.6178]],[[174.6942,-36.6167],[174.6934,-36.6166],[174.6966,-36.6153],[174.6942,-36.6167]],[[174.6888,-36.6186],[174.6874,-36.6179],[174.6922,-36.617],[174.6888,-36.6186]],[[174.7207,-36.6377],[174.7205,-36.637],[174.721,-36.637],[174.7207,-36.6377]]]}},{"type":"Feature","properties":{},"geometry":{"type":"Polygon","coordinates":[[[174.6719,-36.6481],[174.6766,-36.6467],[174.6732,-36.6445],[174.6719,-36.6481]],[[174.6763,-36.6455],[174.676,-36.6455],[174.676,-36.6453],[174.6763,-36.6455]],[[174.6744,-36.6448],[174.6741,-36.6448],[174.6746,-36.6446],[174.6744,-36.6448]]]}},{"type":"Feature","properties":{},"geometry":{"type":"Polygon","coordinates":[[[174.6954,-36.6509],[174.6913,-36.6468],[174.6913,-36.6494],[174.6954,-36.6509]]]}},{"type":"Feature","properties":{},"geometry":{"type":"Polygon","coordinates":[[[174.3503,-36.3631],[174.353,-36.3605],[174.3479,-36.3601],[174.3503,-36.3631]]]}},{"type":"Feature","properties":{},"geometry":{"type":"Polygon","coordinates":[[[174.3698,-36.3807],[174.3633,-36.3725],[174.3626,-36.3595],[174.3558,-36.3532],[174.3394,-36.3483],[174.3346,-36.3513],[174.3288,-36.3495],[174.3341,-36.3524],[174.3337,-36.3578],[174.3336,-36.3535],[174.3397,-36.3502],[174.3541,-36.3525],[174.3571,-36.3593],[174.3624,-36.3606],[174.3626,-36.3653],[174.359,-36.3652],[174.3628,-36.3655],[174.3636,-36.3694],[174.3558,-36.3723],[174.3556,-36.3678],[174.3529,-36.3704],[174.3494,-36.3671],[174.3433,-36.3675],[174.3506,-36.3705],[174.3448,-36.3722],[174.3602,-36.3723],[174.3698,-36.3807]],[[174.338,-36.351],[174.3378,-36.3506],[174.3382,-36.3506],[174.338,-36.351]],[[174.3638,-36.3703],[174.3636,-36.3703],[174.3638,-36.3701],[174.3638,-36.3703]],[[174.3472,-36.3689],[174.3469,-36.3688],[174.3472,-36.3686],[174.3472,-36.3689]],[[174.35,-36.3711],[174.3498,-36.3708],[174.3501,-36.3708],[174.35,-36.3711]],[[174.3629,-36.3729],[174.3626,-36.3729],[174.3626,-36.3726],[174.3629,-36.3729]],[[174.3636,-36.3734],[174.3633,-36.3733],[174.3636,-36.3733],[174.3636,-36.3734]],[[174.3638,-36.3744],[174.3629,-36.3737],[174.3636,-36.3737],[174.3638,-36.3744]]]}},{"type":"Feature","properties":{},"geometry":{"type":"Polygon","coordinates":[[[174.3575,-36.385],[174.3587,-36.3804],[174.3508,-36.3803],[174.3573,-36.3821],[174.3575,-36.385]]]}},{"type":"Feature","properties":{},"geometry":{"type":"Polygon","coordinates":[[[175.1981,-36.8176],[175.1989,-36.8154],[175.1964,-36.8156],[175.1981,-36.8176]]]}},{"type":"Feature","properties":{},"geometry":{"type":"Polygon","coordinates":[[[174.6802,-37.2789],[174.7019,-37.265],[174.7127,-37.2632],[174.7046,-37.262],[174.6937,-37.2654],[174.7,-37.2645],[174.6802,-37.2789]],[[174.7014,-37.2648],[174.7014,-37.2645],[174.7016,-37.2645],[174.7014,-37.2648]],[[174.6975,-37.2682],[174.6964,-37.2681],[174.6985,-37.2667],[174.6975,-37.2682]]]}},{"type":"Feature","properties":{},"geometry":{"type":"Polygon","coordinates":[[[174.2803,-36.3194],[174.2817,-36.3178],[174.2781,-36.3156],[174.2803,-36.3194]],[[174.2802,-36.318],[174.28,-36.3179],[174.2805,-36.3178],[174.2802,-36.318]]]}},{"type":"Feature","properties":{},"geometry":{"type":"Polygon","coordinates":[[[174.2883,-36.3325],[174.2885,-36.3289],[174.2858,-36.3264],[174.286,-36.3303],[174.2883,-36.3325]],[[174.2875,-36.3299],[174.287,-36.3299],[174.2871,-36.3294],[174.2877,-36.3294],[174.2875,-36.3299]],[[174.2875,-36.3318],[174.2865,-36.3297],[174.2873,-36.33],[174.2875,-36.3318]]]}},{"type":"Feature","properties":{},"geometry":{"type":"Polygon","coordinates":[[[174.3006,-36.342],[174.2974,-36.3388],[174.3054,-36.3382],[174.2964,-36.3352],[174.3047,-36.3323],[174.3039,-36.3304],[174.2976,-36.3318],[174.2984,-36.3275],[174.2948,-36.3329],[174.2861,-36.3359],[174.2808,-36.3315],[174.2817,-36.3255],[174.294,-36.3237],[174.2853,-36.325],[174.2831,-36.3168],[174.2844,-36.3249],[174.2802,-36.3244],[174.2762,-36.3147],[174.2795,-36.3131],[174.2742,-36.3101],[174.2696,-36.3117],[174.2731,-36.3194],[174.2728,-36.3296],[174.2728,-36.3129],[174.2772,-36.3242],[174.2748,-36.3303],[174.2786,-36.3355],[174.2783,-36.3246],[174.2824,-36.3351],[174.2924,-36.3377],[174.2924,-36.3418],[174.296,-36.3387],[174.3006,-36.342]],[[174.2938,-36.334],[174.2935,-36.334],[174.2935,-36.3337],[174.2938,-36.334]],[[174.2938,-36.3345],[174.2936,-36.3343],[174.294,-36.3344],[174.2938,-36.3345]],[[174.2902,-36.334],[174.29,-36.3338],[174.2902,-36.3338],[174.2902,-36.334]],[[174.2923,-36.324],[174.2921,-36.324],[174.2921,-36.3238],[174.2923,-36.3238],[174.2923,-36.324]],[[174.2737,-36.3139],[174.2733,-36.3138],[174.2737,-36.3136],[174.2737,-36.3139]],[[174.2781,-36.3267],[174.2778,-36.3267],[174.2778,-36.3266],[174.2781,-36.3266],[174.2781,-36.3267]],[[174.2779,-36.3274],[174.2776,-36.327],[174.2781,-36.3268],[174.2779,-36.3274]],[[174.2779,-36.3278],[174.2774,-36.3278],[174.2776,-36.3275],[174.2779,-36.3278]],[[174.2877,-36.3367],[174.2875,-36.3367],[174.2875,-36.3366],[174.2877,-36.3366],[174.2877,-36.3367]],[[174.2894,-36.3374],[174.289,-36.3371],[174.2894,-36.3369],[174.2894,-36.3374]],[[174.2947,-36.3349],[174.294,-36.3336],[174.2943,-36.3337],[174.2947,-36.3349]],[[174.2957,-36.3362],[174.2957,-36.3356],[174.2962,-36.3356],[174.2957,-36.3362]],[[174.2953,-36.3363],[174.295,-36.3362],[174.295,-36.3359],[174.2953,-36.3363]],[[174.2931,-36.3365],[174.293,-36.3365],[174.293,-36.3363],[174.2931,-36.3363],[174.2931,-36.3365]],[[174.294,-36.3369],[174.2936,-36.3369],[174.2935,-36.3365],[174.2938,-36.3365],[174.294,-36.3369]],[[174.2926,-36.337],[174.2914,-36.3349],[174.2926,-36.336],[174.2926,-36.337]],[[174.2943,-36.3373],[174.2938,-36.337],[174.2945,-36.337],[174.2943,-36.3373]],[[174.2931,-36.3376],[174.2928,-36.3374],[174.2931,-36.3373],[174.2931,-36.3376]],[[174.2935,-36.3381],[174.2931,-36.3377],[174.2938,-36.3376],[174.2935,-36.3381]],[[174.2945,-36.3382],[174.2943,-36.3376],[174.2948,-36.3377],[174.2945,-36.3382]],[[174.2976,-36.3384],[174.296,-36.3381],[174.2964,-36.3377],[174.2976,-36.3384]],[[174.294,-36.3388],[174.2936,-36.3385],[174.2941,-36.3384],[174.294,-36.3388]],[[174.2941,-36.3394],[174.294,-36.3389],[174.2943,-36.3392],[174.2941,-36.3394]],[[174.2931,-36.34],[174.293,-36.34],[174.2933,-36.3399],[174.2931,-36.34]],[[174.2972,-36.3392],[174.297,-36.3392],[174.297,-36.3391],[174.2972,-36.3391],[174.2972,-36.3392]]]}},{"type":"Feature","properties":{},"geometry":{"type":"Polygon","coordinates":[[[174.2911,-36.3448],[174.2916,-36.3406],[174.2897,-36.3403],[174.2911,-36.3448]]]}},{"type":"Feature","properties":{},"geometry":{"type":"Polygon","coordinates":[[[174.2856,-36.3465],[174.2832,-36.3365],[174.282,-36.3414],[174.2856,-36.3465]],[[174.2849,-36.341],[174.2848,-36.341],[174.2848,-36.3409],[174.2849,-36.3409],[174.2849,-36.341]],[[174.2825,-36.3394],[174.2824,-36.3394],[174.2824,-36.3392],[174.2825,-36.3394]],[[174.2848,-36.3415],[174.2846,-36.3415],[174.2846,-36.3413],[174.2848,-36.3413],[174.2848,-36.3415]],[[174.2841,-36.342],[174.2839,-36.342],[174.2841,-36.3418],[174.2841,-36.342]],[[174.2861,-36.3429],[174.286,-36.3429],[174.286,-36.3428],[174.2861,-36.3428],[174.2861,-36.3429]],[[174.2844,-36.3443],[174.2842,-36.3443],[174.2842,-36.3442],[174.2844,-36.3443]]]}},{"type":"Feature","properties":{},"geometry":{"type":"Polygon","coordinates":[[[174.2836,-36.3516],[174.2829,-36.3476],[174.281,-36.3448],[174.2836,-36.3516]]]}},{"type":"Feature","properties":{},"geometry":{"type":"Polygon","coordinates":[[[174.2911,-36.3591],[174.2812,-36.3396],[174.2848,-36.3505],[174.2911,-36.3591]],[[174.2854,-36.3498],[174.2853,-36.3497],[174.2853,-36.3495],[174.2854,-36.3497],[174.2854,-36.3498]]]}},{"type":"Feature","properties":{},"geometry":{"type":"Polygon","coordinates":[[[174.2877,-36.3635],[174.2892,-36.3623],[174.2832,-36.3601],[174.2877,-36.3635]]]}},{"type":"Feature","properties":{},"geometry":{"type":"Polygon","coordinates":[[[174.2996,-36.3803],[174.2957,-36.374],[174.2967,-36.3778],[174.2996,-36.3803]]]}},{"type":"Feature","properties":{},"geometry":{"type":"Polygon","coordinates":[[[174.295,-36.3899],[174.3076,-36.3877],[174.2952,-36.3857],[174.2897,-36.3792],[174.2977,-36.3822],[174.2865,-36.3565],[174.2858,-36.3605],[174.2894,-36.3635],[174.28,-36.3616],[174.2813,-36.3437],[174.2747,-36.3325],[174.2748,-36.3411],[174.2774,-36.3395],[174.2786,-36.3453],[174.2761,-36.3593],[174.2887,-36.3766],[174.2878,-36.3863],[174.295,-36.3899]],[[174.2957,-36.38],[174.2953,-36.3798],[174.2953,-36.3795],[174.2957,-36.38]],[[174.2967,-36.3807],[174.2962,-36.3804],[174.2969,-36.3804],[174.2967,-36.3807]],[[174.2969,-36.382],[174.2965,-36.3818],[174.2967,-36.3817],[174.2969,-36.382]],[[174.2957,-36.3789],[174.2955,-36.3788],[174.296,-36.3787],[174.2957,-36.3789]],[[174.2853,-36.3595],[174.2854,-36.3593],[174.2856,-36.3594],[174.2853,-36.3595]],[[174.2863,-36.3597],[174.286,-36.3597],[174.286,-36.3595],[174.2863,-36.3597]],[[174.2858,-36.3602],[174.2854,-36.3602],[174.2854,-36.3601],[174.2858,-36.3602]],[[174.2748,-36.3362],[174.2747,-36.336],[174.2748,-36.3359],[174.2748,-36.3362]],[[174.2796,-36.3414],[174.2795,-36.3411],[174.2798,-36.341],[174.2796,-36.3414]],[[174.2784,-36.3418],[174.2781,-36.3411],[174.2784,-36.3414],[174.2784,-36.3418]],[[174.2786,-36.3422],[174.2784,-36.3421],[174.2786,-36.3421],[174.2786,-36.3422]],[[174.2795,-36.3472],[174.2795,-36.3471],[174.2796,-36.3471],[174.2795,-36.3472]],[[174.2793,-36.3486],[174.2793,-36.3479],[174.2795,-36.3477],[174.2795,-36.3484],[174.2793,-36.3486]],[[174.2781,-36.3488],[174.2778,-36.3488],[174.2779,-36.3487],[174.2781,-36.3488]],[[174.2769,-36.3528],[174.2767,-36.3528],[174.2767,-36.3527],[174.2769,-36.3528]],[[174.2781,-36.355],[174.2779,-36.355],[174.2779,-36.3549],[174.2781,-36.3549],[174.2781,-36.355]],[[174.2772,-36.3557],[174.2769,-36.3557],[174.2774,-36.3556],[174.2772,-36.3557]],[[174.2793,-36.3546],[174.279,-36.3545],[174.2791,-36.3543],[174.2793,-36.3546]],[[174.2786,-36.3561],[174.2781,-36.3561],[174.2786,-36.3543],[174.2786,-36.3561]],[[174.2779,-36.3564],[174.2778,-36.3564],[174.2779,-36.3563],[174.2779,-36.3564]],[[174.2813,-36.3567],[174.281,-36.3567],[174.2812,-36.3565],[174.2813,-36.3567]],[[174.2779,-36.3578],[174.2778,-36.3576],[174.2783,-36.3564],[174.2784,-36.3565],[174.2779,-36.3578]],[[174.2778,-36.3587],[174.2776,-36.3587],[174.2778,-36.3585],[174.2778,-36.3587]],[[174.2771,-36.3589],[174.2769,-36.3589],[174.2769,-36.3587],[174.2771,-36.3587],[174.2771,-36.3589]],[[174.2769,-36.3594],[174.2766,-36.3594],[174.2766,-36.3591],[174.2769,-36.3594]],[[174.2778,-36.3595],[174.2776,-36.3595],[174.2776,-36.3593],[174.2778,-36.3595]],[[174.2788,-36.3606],[174.2784,-36.3605],[174.2788,-36.3604],[174.2788,-36.3606]],[[174.2779,-36.3608],[174.2776,-36.3608],[174.2778,-36.3605],[174.2779,-36.3608]],[[174.2779,-36.3611],[174.2776,-36.3611],[174.2776,-36.3609],[174.2779,-36.3609],[174.2779,-36.3611]],[[174.2786,-36.3626],[174.2786,-36.3624],[174.2788,-36.3624],[174.2786,-36.3626]],[[174.2796,-36.3626],[174.2795,-36.3626],[174.2795,-36.3623],[174.2796,-36.3623],[174.2796,-36.3626]],[[174.28,-36.3626],[174.2798,-36.3623],[174.2802,-36.3622],[174.28,-36.3626]],[[174.2824,-36.3642],[174.281,-36.3637],[174.2796,-36.3627],[174.2824,-36.3642]],[[174.2829,-36.3644],[174.2827,-36.3644],[174.2827,-36.3642],[174.2829,-36.3642],[174.2829,-36.3644]],[[174.2863,-36.3646],[174.2861,-36.3645],[174.2865,-36.3644],[174.2863,-36.3646]],[[174.2837,-36.3649],[174.2831,-36.3645],[174.2832,-36.3644],[174.2837,-36.3649]],[[174.2849,-36.3659],[174.2839,-36.3653],[174.2842,-36.3652],[174.2849,-36.3659]],[[174.2853,-36.3661],[174.2851,-36.3661],[174.2849,-36.366],[174.2853,-36.3661]],[[174.2918,-36.367],[174.2916,-36.367],[174.2916,-36.3668],[174.2918,-36.367]],[[174.2863,-36.3671],[174.2853,-36.3663],[174.2858,-36.3666],[174.2863,-36.3671]],[[174.2868,-36.3675],[174.2866,-36.3672],[174.2865,-36.3672],[174.2865,-36.3671],[174.2868,-36.3674],[174.2868,-36.3675]],[[174.2875,-36.3681],[174.2873,-36.3681],[174.287,-36.3675],[174.2875,-36.3681]],[[174.2919,-36.369],[174.2916,-36.3688],[174.2918,-36.3686],[174.2919,-36.369]],[[174.288,-36.3694],[174.2875,-36.3683],[174.2877,-36.3683],[174.288,-36.3694]],[[174.2882,-36.3697],[174.288,-36.3696],[174.2882,-36.3696],[174.2882,-36.3697]],[[174.2883,-36.3701],[174.2882,-36.3701],[174.2882,-36.3699],[174.2883,-36.3701]],[[174.2885,-36.3705],[174.2883,-36.3705],[174.2883,-36.3703],[174.2885,-36.3705]],[[174.2887,-36.371],[174.2885,-36.371],[174.2885,-36.3708],[174.2887,-36.3708],[174.2887,-36.371]],[[174.2889,-36.3714],[174.2887,-36.3714],[174.2887,-36.3711],[174.2889,-36.3714]],[[174.2935,-36.3697],[174.2933,-36.3697],[174.2935,-36.3696],[174.2935,-36.3697]],[[174.293,-36.3704],[174.2928,-36.3704],[174.2928,-36.3703],[174.293,-36.3703],[174.293,-36.3704]],[[174.2923,-36.3715],[174.2916,-36.3699],[174.2918,-36.3693],[174.2923,-36.3715]],[[174.2892,-36.3722],[174.289,-36.3718],[174.2889,-36.3718],[174.2889,-36.3716],[174.2892,-36.3721],[174.2892,-36.3722]],[[174.2894,-36.3726],[174.2892,-36.3726],[174.2892,-36.3725],[174.2894,-36.3726]],[[174.2895,-36.373],[174.2894,-36.373],[174.2894,-36.3728],[174.2895,-36.373]],[[174.2936,-36.3718],[174.2931,-36.3716],[174.293,-36.3707],[174.2936,-36.3718]],[[174.2935,-36.3722],[174.2931,-36.3722],[174.2931,-36.3719],[174.2935,-36.3722]],[[174.2938,-36.3723],[174.2936,-36.3723],[174.2936,-36.3722],[174.2938,-36.3723]],[[174.2924,-36.373],[174.2924,-36.3715],[174.2928,-36.3722],[174.2924,-36.373]],[[174.2897,-36.3734],[174.2895,-36.3732],[174.2897,-36.3733],[174.2897,-36.3734]],[[174.2899,-36.3738],[174.2897,-36.3737],[174.2897,-36.3736],[174.2899,-36.3737],[174.2899,-36.3738]],[[174.2918,-36.3749],[174.2916,-36.3749],[174.2919,-36.3748],[174.2918,-36.3749]],[[174.2904,-36.3752],[174.2902,-36.3751],[174.2904,-36.3748],[174.2904,-36.3752]],[[174.294,-36.3755],[174.2924,-36.3747],[174.2931,-36.3745],[174.294,-36.3755]],[[174.2943,-36.3756],[174.2941,-36.3756],[174.2941,-36.3755],[174.2943,-36.3756]],[[174.2935,-36.3765],[174.2935,-36.3763],[174.2936,-36.3763],[174.2935,-36.3765]],[[174.2953,-36.3766],[174.2941,-36.3762],[174.2945,-36.3759],[174.2953,-36.3766]],[[174.2892,-36.3769],[174.289,-36.3769],[174.289,-36.3767],[174.2892,-36.3769]],[[174.2894,-36.3782],[174.2897,-36.3771],[174.2902,-36.3774],[174.2894,-36.3782]],[[174.2887,-36.3859],[174.2892,-36.3851],[174.2904,-36.3851],[174.2887,-36.3859]],[[174.2902,-36.3873],[174.29,-36.3866],[174.2912,-36.3866],[174.2902,-36.3873]]]}},{"type":"Feature","properties":{},"geometry":{"type":"Polygon","coordinates":[[[174.7963,-36.8314],[174.7966,-36.8297],[174.7927,-36.8307],[174.7963,-36.8314]]]}},{"type":"Feature","properties":{},"geometry":{"type":"Polygon","coordinates":[[[174.7953,-36.8742],[174.7947,-36.8645],[174.7898,-36.8628],[174.7838,-36.8654],[174.7889,-36.8651],[174.7891,-36.8677],[174.7942,-36.8656],[174.7953,-36.8742]],[[174.7959,-36.865],[174.7958,-36.865],[174.7958,-36.8647],[174.7959,-36.8647],[174.7959,-36.865]],[[174.7901,-36.8651],[174.7893,-36.8641],[174.7901,-36.864],[174.7901,-36.8651]],[[174.7956,-36.8658],[174.7949,-36.8658],[174.7949,-36.8652],[174.7956,-36.8658]]]}},{"type":"Feature","properties":{},"geometry":{"type":"Polygon","coordinates":[[[174.6614,-36.5927],[174.6628,-36.5912],[174.6538,-36.5882],[174.6437,-36.5875],[174.6614,-36.5927]]]}},{"type":"Feature","properties":{},"geometry":{"type":"Polygon","coordinates":[[[174.7755,-36.8705],[174.7755,-36.8674],[174.7739,-36.8674],[174.7755,-36.8705]]]}},{"type":"Feature","properties":{},"geometry":{"type":"Polygon","coordinates":[[[174.7826,-36.8794],[174.7767,-36.8704],[174.7765,-36.8742],[174.7826,-36.8794]],[[174.7779,-36.871],[174.7777,-36.871],[174.7777,-36.8708],[174.7779,-36.8708],[174.7779,-36.871]],[[174.7775,-36.8741],[174.7773,-36.8741],[174.7773,-36.874],[174.7775,-36.874],[174.7775,-36.8741]]]}},{"type":"Feature","properties":{},"geometry":{"type":"Polygon","coordinates":[[[174.5701,-36.865],[174.5686,-36.8682],[174.5706,-36.8678],[174.5701,-36.865]]]}},{"type":"Feature","properties":{},"geometry":{"type":"Polygon","coordinates":[[[174.8436,-36.4427],[174.847,-36.4406],[174.8388,-36.4409],[174.8436,-36.4427]]]}},{"type":"Feature","properties":{},"geometry":{"type":"Polygon","coordinates":[[[174.9014,-37.0942],[174.9052,-37.0929],[174.905,-37.0888],[174.9014,-37.0942]]]}},{"type":"Feature","properties":{},"geometry":{"type":"Polygon","coordinates":[[[174.8953,-37.1018],[174.9011,-37.0943],[174.8989,-37.095],[174.8953,-37.1018]]]}},{"type":"Feature","properties":{},"geometry":{"type":"Polygon","coordinates":[[[174.8844,-37.1041],[174.8931,-37.1015],[174.8925,-37.0995],[174.8881,-37.0996],[174.8844,-37.1041]]]}},{"type":"Feature","properties":{},"geometry":{"type":"Polygon","coordinates":[[[174.892,-37.1069],[174.8934,-37.1029],[174.8895,-37.1052],[174.892,-37.1069]],[[174.8929,-37.1037],[174.8925,-37.1037],[174.8925,-37.1034],[174.8929,-37.1034],[174.8929,-37.1037]],[[174.8937,-37.1041],[174.8936,-37.1041],[174.8936,-37.1038],[174.8937,-37.1038],[174.8937,-37.1041]]]}},{"type":"Feature","properties":{},"geometry":{"type":"Polygon","coordinates":[[[174.8108,-36.2904],[174.814,-36.2896],[174.8111,-36.2874],[174.8135,-36.2813],[174.8074,-36.2875],[174.8022,-36.2845],[174.8108,-36.2904]]]}},{"type":"Feature","properties":{},"geometry":{"type":"Polygon","coordinates":[[[174.7282,-36.7249],[174.7406,-36.7166],[174.7406,-36.722],[174.7478,-36.718],[174.7482,-36.7146],[174.7319,-36.7125],[174.7379,-36.7165],[174.7272,-36.7179],[174.7325,-36.7197],[174.7282,-36.7249]]]}},{"type":"Feature","properties":{},"geometry":{"type":"Polygon","coordinates":[[[174.7347,-36.7294],[174.74,-36.7228],[174.7342,-36.7284],[174.7347,-36.7294]]]}},{"type":"Feature","properties":{},"geometry":{"type":"Polygon","coordinates":[[[175.2535,-37.0221],[175.2646,-37.0105],[175.2665,-37.0033],[175.2643,-37.0002],[175.2834,-36.9888],[175.2757,-36.9903],[175.2641,-36.9996],[175.2639,-37.01],[175.2535,-37.0221]],[[175.2721,-36.9961],[175.272,-36.9961],[175.2721,-36.9959],[175.2721,-36.9961]],[[175.2718,-36.9962],[175.2713,-36.9961],[175.2718,-36.9959],[175.2718,-36.9962]],[[175.2721,-36.9948],[175.2718,-36.9947],[175.272,-36.9946],[175.2721,-36.9948]],[[175.2727,-36.9952],[175.273,-36.9937],[175.2733,-36.9942],[175.2727,-36.9952]],[[175.2675,-36.9973],[175.2674,-36.9972],[175.2675,-36.997],[175.2677,-36.9972],[175.2675,-36.9973]]]}},{"type":"Feature","properties":{},"geometry":{"type":"Polygon","coordinates":[[[174.6597,-37.1116],[174.6623,-37.1098],[174.6587,-37.1102],[174.6597,-37.1116]]]}},{"type":"Feature","properties":{},"geometry":{"type":"Polygon","coordinates":[[[174.9588,-37.1299],[174.9591,-37.1261],[174.9564,-37.1264],[174.9588,-37.1299]]]}},{"type":"Feature","properties":{},"geometry":{"type":"Polygon","coordinates":[[[174.4297,-36.7759],[174.4322,-36.7731],[174.4281,-36.7745],[174.4297,-36.7759]]]}},{"type":"Feature","properties":{},"geometry":{"type":"Polygon","coordinates":[[[174.3976,-36.3349],[174.396,-36.3268],[174.4015,-36.3292],[174.3948,-36.322],[174.401,-36.323],[174.3943,-36.3219],[174.3931,-36.3102],[174.3911,-36.3261],[174.395,-36.3228],[174.3966,-36.3285],[174.3931,-36.3301],[174.3976,-36.3349]]]}},{"type":"Feature","properties":{},"geometry":{"type":"Polygon","coordinates":[[[175.139,-36.8412],[175.1409,-36.8363],[175.1388,-36.8357],[175.139,-36.8412]],[[175.1395,-36.8365],[175.1394,-36.8365],[175.1397,-36.8361],[175.1395,-36.8365]],[[175.1399,-36.8382],[175.1397,-36.8382],[175.1397,-36.838],[175.1399,-36.838],[175.1399,-36.8382]],[[175.1405,-36.8389],[175.1404,-36.8389],[175.1404,-36.8387],[175.1405,-36.8387],[175.1405,-36.8389]],[[175.1407,-36.8393],[175.1405,-36.8393],[175.1405,-36.8391],[175.1407,-36.8391],[175.1407,-36.8393]]]}},{"type":"Feature","properties":{},"geometry":{"type":"Polygon","coordinates":[[[174.195,-36.5166],[174.1952,-36.5129],[174.1931,-36.5132],[174.195,-36.5166]]]}},{"type":"Feature","properties":{},"geometry":{"type":"Polygon","coordinates":[[[174.6625,-37.1502],[174.6666,-37.1455],[174.6753,-37.1455],[174.6717,-37.1433],[174.6609,-37.1467],[174.6635,-37.147],[174.6625,-37.1502]],[[174.6703,-37.1441],[174.6702,-37.1441],[174.6705,-37.1438],[174.6703,-37.1441]]]}},{"type":"Feature","properties":{},"geometry":{"type":"Polygon","coordinates":[[[174.6242,-37.0459],[174.6271,-37.0457],[174.6263,-37.0443],[174.6242,-37.0459]]]}},{"type":"Feature","properties":{},"geometry":{"type":"Polygon","coordinates":[[[174.643,-37.0571],[174.6447,-37.0556],[174.644,-37.0538],[174.643,-37.0571]]]}},{"type":"Feature","properties":{},"geometry":{"type":"Polygon","coordinates":[[[174.6159,-37.062],[174.6386,-37.0511],[174.6399,-37.0543],[174.6437,-37.0534],[174.6406,-37.0504],[174.6432,-37.0472],[174.6387,-37.0428],[174.6282,-37.0419],[174.6265,-37.0429],[174.6353,-37.0421],[174.6239,-37.048],[174.6324,-37.0484],[174.6353,-37.0457],[174.641,-37.0481],[174.6159,-37.062]],[[174.6365,-37.0421],[174.6364,-37.0421],[174.6364,-37.042],[174.6365,-37.042],[174.6365,-37.0421]],[[174.6374,-37.0424],[174.6372,-37.0423],[174.6374,-37.0423],[174.6374,-37.0424]],[[174.6357,-37.0434],[174.6352,-37.0432],[174.6357,-37.0432],[174.6357,-37.0434]],[[174.6379,-37.044],[174.6377,-37.0438],[174.6381,-37.0438],[174.6379,-37.044]],[[174.6404,-37.045],[174.6401,-37.0446],[174.6404,-37.0447],[174.6404,-37.045]],[[174.6336,-37.0454],[174.6335,-37.0453],[174.6336,-37.0453],[174.6336,-37.0454]],[[174.6328,-37.0455],[174.6328,-37.0454],[174.6329,-37.0453],[174.6328,-37.0455]],[[174.6326,-37.0459],[174.6324,-37.0459],[174.6328,-37.0457],[174.6326,-37.0459]],[[174.6329,-37.0481],[174.6328,-37.048],[174.6331,-37.048],[174.6329,-37.0481]]]}},{"type":"Feature","properties":{},"geometry":{"type":"Polygon","coordinates":[[[174.2409,-36.4585],[174.2399,-36.4546],[174.2365,-36.4537],[174.2409,-36.4585]]]}},{"type":"Feature","properties":{},"geometry":{"type":"Polygon","coordinates":[[[174.2371,-36.4597],[174.2317,-36.4547],[174.2339,-36.4595],[174.2371,-36.4597]]]}},{"type":"Feature","properties":{},"geometry":{"type":"Polygon","coordinates":[[[174.2387,-36.466],[174.2402,-36.4627],[174.2383,-36.4627],[174.2387,-36.466]]]}},{"type":"Feature","properties":{},"geometry":{"type":"Polygon","coordinates":[[[174.2337,-36.4661],[174.2371,-36.4648],[174.2339,-36.4627],[174.2337,-36.4661]]]}},{"type":"Feature","properties":{},"geometry":{"type":"Polygon","coordinates":[[[174.2392,-36.4811],[174.2399,-36.4771],[174.2373,-36.4768],[174.2356,-36.4782],[174.2392,-36.4811]],[[174.2392,-36.4774],[174.2388,-36.4773],[174.239,-36.4771],[174.2392,-36.4774]]]}},{"type":"Feature","properties":{},"geometry":{"type":"Polygon","coordinates":[[[174.2474,-36.4811],[174.245,-36.4733],[174.2503,-36.4649],[174.2518,-36.4525],[174.2457,-36.4605],[174.2477,-36.4627],[174.2445,-36.4723],[174.2382,-36.473],[174.2465,-36.4755],[174.2474,-36.4811]],[[174.2482,-36.4642],[174.2481,-36.4638],[174.2486,-36.4638],[174.2482,-36.4642]],[[174.2479,-36.4648],[174.2481,-36.4645],[174.2484,-36.4645],[174.2479,-36.4648]],[[174.2465,-36.4676],[174.2462,-36.4675],[174.2465,-36.4663],[174.2465,-36.4676]],[[174.2458,-36.4715],[174.2452,-36.4715],[174.2452,-36.4711],[174.2458,-36.4715]],[[174.2445,-36.4738],[174.2441,-36.4738],[174.2443,-36.4736],[174.2445,-36.4738]],[[174.245,-36.474],[174.2445,-36.4734],[174.2446,-36.4731],[174.245,-36.474]],[[174.2453,-36.474],[174.2452,-36.474],[174.2453,-36.4737],[174.2453,-36.474]],[[174.2441,-36.4742],[174.244,-36.4741],[174.2443,-36.474],[174.2441,-36.4742]]]}},{"type":"Feature","properties":{},"geometry":{"type":"Polygon","coordinates":[[[174.2196,-36.4881],[174.2218,-36.4849],[174.2179,-36.4845],[174.2196,-36.4881]]]}},{"type":"Feature","properties":{},"geometry":{"type":"Polygon","coordinates":[[[174.2324,-36.4913],[174.2361,-36.4848],[174.2339,-36.4836],[174.2298,-36.4847],[174.2324,-36.4913]],[[174.2327,-36.4854],[174.2324,-36.4852],[174.2325,-36.4852],[174.2327,-36.4854]],[[174.2324,-36.4884],[174.232,-36.4882],[174.2329,-36.4881],[174.2324,-36.4884]],[[174.2339,-36.4884],[174.2334,-36.4881],[174.2342,-36.488],[174.2339,-36.4884]]]}},{"type":"Feature","properties":{},"geometry":{"type":"Polygon","coordinates":[[[175.3633,-36.1725],[175.3694,-36.1712],[175.3686,-36.1698],[175.3633,-36.1725]]]}},{"type":"Feature","properties":{},"geometry":{"type":"Polygon","coordinates":[[[174.3926,-36.7153],[174.3908,-36.714],[174.3887,-36.715],[174.3926,-36.7153]]]}},{"type":"Feature","properties":{},"geometry":{"type":"Polygon","coordinates":[[[174.8489,-37.1948],[174.8504,-37.1922],[174.8489,-37.1918],[174.8489,-37.1948]]]}},{"type":"Feature","properties":{},"geometry":{"type":"Polygon","coordinates":[[[174.8478,-37.2007],[174.8482,-37.1966],[174.8402,-37.1916],[174.8391,-37.1952],[174.8408,-37.1963],[174.8396,-37.1921],[174.8465,-37.1969],[174.8432,-37.1995],[174.8478,-37.2007]]]}},{"type":"Feature","properties":{},"geometry":{"type":"Polygon","coordinates":[[[174.8388,-37.2031],[174.8419,-37.2012],[174.8384,-37.2019],[174.8388,-37.2031]],[[174.8412,-37.2018],[174.841,-37.2016],[174.8413,-37.2016],[174.8412,-37.2018]]]}},{"type":"Feature","properties":{},"geometry":{"type":"Polygon","coordinates":[[[174.8492,-37.2116],[174.861,-37.211],[174.8535,-37.2083],[174.8504,-37.2005],[174.8482,-37.2052],[174.8523,-37.2088],[174.8492,-37.2116]],[[174.8587,-37.2101],[174.8584,-37.2099],[174.8587,-37.2097],[174.8587,-37.2101]],[[174.8501,-37.2056],[174.8495,-37.2056],[174.8497,-37.2053],[174.8501,-37.2056]]]}},{"type":"Feature","properties":{},"geometry":{"type":"Polygon","coordinates":[[[174.861,-37.2182],[174.8634,-37.2156],[174.8618,-37.2116],[174.8586,-37.2156],[174.861,-37.2182]],[[174.8615,-37.2118],[174.8613,-37.2118],[174.8613,-37.2117],[174.8615,-37.2118]]]}},{"type":"Feature","properties":{},"geometry":{"type":"Polygon","coordinates":[[[174.1977,-36.4862],[174.2008,-36.4833],[174.1965,-36.4859],[174.1977,-36.4862]],[[174.1986,-36.4849],[174.1984,-36.4849],[174.1984,-36.4848],[174.1986,-36.4848],[174.1986,-36.4849]]]}},{"type":"Feature","properties":{},"geometry":{"type":"Polygon","coordinates":[[[174.1955,-36.487],[174.1962,-36.4793],[174.1941,-36.4847],[174.1955,-36.487]]]}},{"type":"Feature","properties":{},"geometry":{"type":"Polygon","coordinates":[[[174.7782,-36.3352],[174.7785,-36.3377],[174.7804,-36.3391],[174.7782,-36.3352]]]}},{"type":"Feature","properties":{},"geometry":{"type":"Polygon","coordinates":[[[174.3146,-36.6612],[174.3165,-36.6603],[174.3112,-36.656],[174.3146,-36.6612]],[[174.3126,-36.6556],[174.3124,-36.6556],[174.3124,-36.6555],[174.3126,-36.6555],[174.3126,-36.6556]],[[174.3129,-36.6567],[174.3129,-36.656],[174.3133,-36.656],[174.3129,-36.6567]],[[174.3131,-36.6574],[174.3127,-36.6574],[174.3127,-36.6568],[174.3131,-36.6574]],[[174.3134,-36.6575],[174.3133,-36.6575],[174.3133,-36.6574],[174.3134,-36.6575]],[[174.3129,-36.6586],[174.3127,-36.6586],[174.3127,-36.6585],[174.3129,-36.6585],[174.3129,-36.6586]],[[174.315,-36.6601],[174.3146,-36.6601],[174.3146,-36.66],[174.315,-36.66],[174.315,-36.6601]],[[174.3158,-36.6601],[174.3155,-36.6598],[174.3158,-36.6597],[174.3158,-36.6601]],[[174.3155,-36.6604],[174.3153,-36.6604],[174.3153,-36.6603],[174.3155,-36.6603],[174.3155,-36.6604]]]}},{"type":"Feature","properties":{},"geometry":{"type":"Polygon","coordinates":[[[174.6625,-36.7719],[174.6661,-36.7711],[174.6695,-36.7636],[174.6717,-36.7668],[174.6741,-36.7633],[174.6811,-36.7662],[174.6905,-36.7612],[174.6814,-36.7634],[174.6763,-36.7575],[174.6818,-36.7407],[174.6872,-36.7487],[174.6824,-36.7403],[174.6903,-36.7279],[174.6927,-36.7283],[174.6929,-36.7239],[174.6867,-36.7354],[174.6811,-36.7383],[174.6736,-36.7488],[174.6749,-36.7532],[174.6644,-36.7614],[174.6667,-36.7641],[174.6614,-36.7657],[174.6638,-36.7655],[174.6603,-36.7703],[174.6625,-36.7719]],[[174.6848,-36.7381],[174.6847,-36.7379],[174.6853,-36.7377],[174.6848,-36.7381]]]}},{"type":"Feature","properties":{},"geometry":{"type":"Polygon","coordinates":[[[174.4274,-36.8238],[174.4298,-36.8212],[174.4259,-36.8196],[174.4244,-36.823],[174.4274,-36.8238]]]}},{"type":"Feature","properties":{},"geometry":{"type":"Polygon","coordinates":[[[174.4273,-36.8289],[174.4312,-36.8226],[174.4319,-36.8245],[174.4257,-36.8255],[174.4273,-36.8289]],[[174.429,-36.8252],[174.4288,-36.8252],[174.4288,-36.8251],[174.429,-36.8251],[174.429,-36.8252]]]}},{"type":"Feature","properties":{},"geometry":{"type":"Polygon","coordinates":[[[174.7311,-36.293],[174.7294,-36.2908],[174.7284,-36.2919],[174.7311,-36.293]]]}},{"type":"Feature","properties":{},"geometry":{"type":"Polygon","coordinates":[[[174.7879,-36.3007],[174.7881,-36.2977],[174.7859,-36.2959],[174.7879,-36.3007]]]}},{"type":"Feature","properties":{},"geometry":{"type":"Polygon","coordinates":[[[174.7186,-36.3242],[174.7251,-36.323],[174.7229,-36.3216],[174.7186,-36.3242]],[[174.7207,-36.3231],[174.72,-36.3231],[174.72,-36.323],[174.7207,-36.323],[174.7207,-36.3231]],[[174.721,-36.3233],[174.7214,-36.3226],[174.7217,-36.3226],[174.721,-36.3233]],[[174.72,-36.3235],[174.7197,-36.3235],[174.7197,-36.3234],[174.72,-36.3235]],[[174.7195,-36.3237],[174.719,-36.3237],[174.7191,-36.3234],[174.7195,-36.3237]]]}},{"type":"Feature","properties":{},"geometry":{"type":"Polygon","coordinates":[[[174.734,-36.3271],[174.74,-36.3168],[174.7328,-36.3208],[174.7292,-36.3158],[174.7311,-36.3001],[174.7304,-36.2952],[174.7265,-36.2936],[174.7296,-36.3011],[174.728,-36.2997],[174.7294,-36.3034],[174.726,-36.3057],[174.7287,-36.3063],[174.726,-36.3094],[174.7277,-36.3132],[174.7203,-36.3102],[174.7284,-36.3153],[174.734,-36.3271]],[[174.7386,-36.3193],[174.7384,-36.3193],[174.7384,-36.319],[174.7386,-36.319],[174.7386,-36.3193]],[[174.7379,-36.3194],[174.7372,-36.3194],[174.7377,-36.3189],[174.7379,-36.3194]],[[174.7294,-36.2985],[174.729,-36.2985],[174.7292,-36.2984],[174.7294,-36.2985]],[[174.7294,-36.2988],[174.729,-36.2988],[174.729,-36.2986],[174.7294,-36.2986],[174.7294,-36.2988]],[[174.7289,-36.3087],[174.7287,-36.3087],[174.7287,-36.3084],[174.7289,-36.3084],[174.7289,-36.3087]],[[174.7261,-36.3149],[174.726,-36.3149],[174.7261,-36.3145],[174.7263,-36.3147],[174.7261,-36.3149]],[[174.7347,-36.3245],[174.7335,-36.3215],[174.7352,-36.3212],[174.7347,-36.3245]]]}},{"type":"Feature","properties":{},"geometry":{"type":"Polygon","coordinates":[[[174.7804,-36.3677],[174.7792,-36.3534],[174.7917,-36.3558],[174.8004,-36.3528],[174.7835,-36.3535],[174.7722,-36.34],[174.775,-36.3263],[174.7852,-36.3168],[174.7835,-36.3131],[174.7794,-36.3135],[174.7847,-36.3072],[174.7881,-36.309],[174.7857,-36.3055],[174.7883,-36.3044],[174.7796,-36.3077],[174.7794,-36.2989],[174.7765,-36.2962],[174.7789,-36.3],[174.7773,-36.3106],[174.77,-36.308],[174.771,-36.3128],[174.7656,-36.3103],[174.7637,-36.3135],[174.7557,-36.314],[174.7502,-36.3209],[174.7471,-36.3191],[174.7505,-36.3217],[174.743,-36.334],[174.7386,-36.3338],[174.7377,-36.3299],[174.7313,-36.3279],[174.7243,-36.316],[174.7185,-36.3145],[174.7178,-36.3164],[174.7248,-36.3167],[174.721,-36.3189],[174.7253,-36.3182],[174.7297,-36.3233],[174.7284,-36.3263],[174.7314,-36.3286],[174.727,-36.3277],[174.7415,-36.3359],[174.7348,-36.3376],[174.7314,-36.33],[174.7299,-36.3337],[174.7335,-36.3363],[174.7302,-36.3385],[174.7343,-36.3389],[174.7348,-36.3424],[174.7307,-36.3433],[174.7229,-36.3378],[174.729,-36.3431],[174.7236,-36.3453],[174.7314,-36.3472],[174.7362,-36.3433],[174.7352,-36.3503],[174.7446,-36.3466],[174.7485,-36.3541],[174.7514,-36.3523],[174.755,-36.3546],[174.7553,-36.3601],[174.7678,-36.3569],[174.7715,-36.3615],[174.7633,-36.3641],[174.7741,-36.3637],[174.7746,-36.3668],[174.7789,-36.363],[174.7804,-36.3677]],[[174.7852,-36.3541],[174.785,-36.3541],[174.785,-36.3538],[174.7852,-36.3538],[174.7852,-36.3541]],[[174.7871,-36.3072],[174.7869,-36.3072],[174.7866,-36.3068],[174.7871,-36.3072]],[[174.7772,-36.3085],[174.777,-36.3085],[174.7772,-36.3084],[174.7772,-36.3085]],[[174.7671,-36.3138],[174.7668,-36.3136],[174.7669,-36.3135],[174.7671,-36.3138]],[[174.7644,-36.3147],[174.7642,-36.3147],[174.7644,-36.3146],[174.7644,-36.3147]],[[174.7669,-36.3147],[174.7659,-36.3147],[174.7661,-36.3143],[174.7669,-36.3147]],[[174.7234,-36.3154],[174.7232,-36.3154],[174.7232,-36.3153],[174.7234,-36.3153],[174.7234,-36.3154]],[[174.7231,-36.316],[174.7226,-36.3157],[174.7231,-36.3154],[174.7231,-36.316]],[[174.7222,-36.3162],[174.7219,-36.3161],[174.7222,-36.3161],[174.7222,-36.3162]],[[174.7328,-36.3332],[174.7326,-36.3332],[174.7328,-36.333],[174.7328,-36.3332]],[[174.7331,-36.3356],[174.7331,-36.3355],[174.7333,-36.3355],[174.7331,-36.3356]],[[174.7343,-36.3374],[174.7342,-36.3374],[174.7342,-36.3373],[174.7343,-36.3373],[174.7343,-36.3374]],[[174.7355,-36.3403],[174.7354,-36.3402],[174.7357,-36.3398],[174.7355,-36.3403]],[[174.7393,-36.3411],[174.7398,-36.3407],[174.7398,-36.3409],[174.7393,-36.3411]],[[174.7362,-36.3413],[174.7359,-36.3404],[174.7364,-36.3406],[174.7362,-36.3413]],[[174.7388,-36.3415],[174.7386,-36.3415],[174.7391,-36.3413],[174.7388,-36.3415]],[[174.7355,-36.3424],[174.7352,-36.3422],[174.7359,-36.3421],[174.7355,-36.3424]],[[174.7301,-36.3433],[174.7297,-36.3431],[174.7302,-36.3429],[174.7301,-36.3433]],[[174.7323,-36.3444],[174.7318,-36.3439],[174.7336,-36.3435],[174.7323,-36.3444]],[[174.7301,-36.3447],[174.729,-36.3444],[174.7309,-36.344],[174.7301,-36.3447]],[[174.7289,-36.3459],[174.7284,-36.3454],[174.7297,-36.3454],[174.7289,-36.3459]],[[174.7451,-36.3446],[174.7449,-36.3446],[174.7449,-36.3444],[174.7451,-36.3444],[174.7451,-36.3446]],[[174.7418,-36.3472],[174.74,-36.3422],[174.742,-36.344],[174.7418,-36.3472]],[[174.7418,-36.3475],[174.7417,-36.3475],[174.7417,-36.3473],[174.7418,-36.3473],[174.7418,-36.3475]],[[174.7374,-36.3491],[174.7372,-36.3491],[174.7372,-36.3488],[174.7374,-36.3488],[174.7374,-36.3491]],[[174.736,-36.3498],[174.7359,-36.3498],[174.7359,-36.3497],[174.736,-36.3497],[174.736,-36.3498]],[[174.7485,-36.3477],[174.7473,-36.3461],[174.749,-36.3466],[174.7485,-36.3477]],[[174.7487,-36.348],[174.7485,-36.348],[174.7485,-36.3479],[174.7487,-36.3479],[174.7487,-36.348]],[[174.7482,-36.3503],[174.7483,-36.3501],[174.7483,-36.3502],[174.7482,-36.3503]],[[174.7488,-36.3508],[174.7487,-36.3508],[174.7487,-36.3506],[174.7488,-36.3506],[174.7488,-36.3508]],[[174.7502,-36.3514],[174.7499,-36.3513],[174.75,-36.3512],[174.7502,-36.3514]],[[174.7509,-36.3517],[174.7507,-36.3517],[174.7507,-36.3516],[174.7509,-36.3516],[174.7509,-36.3517]],[[174.7516,-36.3531],[174.7514,-36.3531],[174.7514,-36.353],[174.7516,-36.353],[174.7516,-36.3531]],[[174.7488,-36.3541],[174.7483,-36.3535],[174.749,-36.3538],[174.7488,-36.3541]],[[174.754,-36.352],[174.7538,-36.352],[174.754,-36.3519],[174.754,-36.352]],[[174.7545,-36.3532],[174.7541,-36.353],[174.7545,-36.3531],[174.7545,-36.3532]],[[174.7488,-36.3394],[174.7476,-36.3385],[174.7487,-36.3389],[174.7488,-36.3394]],[[174.7499,-36.3417],[174.7497,-36.3417],[174.7499,-36.3415],[174.7499,-36.3417]],[[174.7512,-36.3425],[174.7512,-36.3424],[174.7514,-36.3424],[174.7512,-36.3425]],[[174.7483,-36.3326],[174.7482,-36.3326],[174.7482,-36.3322],[174.7483,-36.3322],[174.7483,-36.3326]],[[174.7478,-36.3332],[174.7476,-36.3332],[174.7478,-36.3327],[174.7478,-36.3332]],[[174.7485,-36.3334],[174.7482,-36.3334],[174.7485,-36.3329],[174.7485,-36.3334]],[[174.7478,-36.3341],[174.7476,-36.3341],[174.7476,-36.334],[174.7478,-36.3341]],[[174.7514,-36.3286],[174.7505,-36.327],[174.7521,-36.326],[174.7514,-36.3286]],[[174.7567,-36.3224],[174.7565,-36.3215],[174.757,-36.3217],[174.7567,-36.3224]],[[174.7563,-36.3226],[174.7562,-36.3226],[174.7562,-36.3224],[174.7563,-36.3224],[174.7563,-36.3226]],[[174.7568,-36.323],[174.7565,-36.323],[174.7567,-36.3228],[174.7568,-36.323]],[[174.7545,-36.326],[174.7545,-36.3259],[174.7546,-36.3259],[174.7545,-36.326]],[[174.7548,-36.3268],[174.7546,-36.3266],[174.755,-36.3266],[174.7548,-36.3268]],[[174.7543,-36.3275],[174.7541,-36.3264],[174.755,-36.3274],[174.7543,-36.3275]],[[174.7586,-36.3219],[174.7582,-36.3219],[174.7584,-36.3216],[174.7586,-36.3219]],[[174.7606,-36.3246],[174.7601,-36.3244],[174.7606,-36.3242],[174.7606,-36.3246]],[[174.7586,-36.3257],[174.7584,-36.3257],[174.7584,-36.3255],[174.7586,-36.3255],[174.7586,-36.3257]],[[174.7622,-36.329],[174.7608,-36.3289],[174.762,-36.3279],[174.7622,-36.329]],[[174.7616,-36.3296],[174.7611,-36.3294],[174.7616,-36.3292],[174.7616,-36.3296]],[[174.7615,-36.331],[174.7608,-36.3308],[174.7613,-36.3305],[174.7615,-36.331]],[[174.7596,-36.3317],[174.7594,-36.3317],[174.7594,-36.3314],[174.7596,-36.3314],[174.7596,-36.3317]],[[174.7545,-36.3338],[174.754,-36.3336],[174.7543,-36.3336],[174.7545,-36.3338]],[[174.754,-36.3344],[174.7538,-36.334],[174.7541,-36.334],[174.754,-36.3344]],[[174.7555,-36.3344],[174.7553,-36.334],[174.7558,-36.334],[174.7555,-36.3344]],[[174.7541,-36.3348],[174.754,-36.3347],[174.7541,-36.3347],[174.7541,-36.3348]],[[174.7533,-36.3349],[174.7531,-36.3349],[174.7531,-36.3348],[174.7533,-36.3348],[174.7533,-36.3349]],[[174.7565,-36.3352],[174.7562,-36.3352],[174.7562,-36.3351],[174.7565,-36.3351],[174.7565,-36.3352]],[[174.7557,-36.3359],[174.7545,-36.3348],[174.7553,-36.3345],[174.7557,-36.3359]],[[174.7562,-36.3371],[174.7558,-36.3371],[174.7558,-36.337],[174.7562,-36.337],[174.7562,-36.3371]],[[174.7705,-36.3352],[174.7703,-36.3349],[174.7707,-36.3349],[174.7705,-36.3352]],[[174.7719,-36.3352],[174.7715,-36.3348],[174.7719,-36.3348],[174.7719,-36.3352]],[[174.7714,-36.3363],[174.7712,-36.3359],[174.7715,-36.3359],[174.7714,-36.3363]],[[174.7738,-36.3359],[174.7736,-36.3358],[174.7739,-36.3358],[174.7738,-36.3359]],[[174.7729,-36.3367],[174.7726,-36.3362],[174.7731,-36.336],[174.7729,-36.3367]],[[174.7702,-36.3382],[174.77,-36.3382],[174.77,-36.3376],[174.7702,-36.3376],[174.7702,-36.3382]],[[174.77,-36.3389],[174.7698,-36.3389],[174.7698,-36.3388],[174.77,-36.3388],[174.77,-36.3389]],[[174.7698,-36.3392],[174.7698,-36.3391],[174.77,-36.3391],[174.7698,-36.3392]],[[174.7695,-36.3403],[174.7693,-36.3403],[174.7693,-36.3399],[174.7695,-36.3399],[174.7695,-36.3403]],[[174.7599,-36.3407],[174.7596,-36.3407],[174.7599,-36.34],[174.7599,-36.3407]],[[174.7709,-36.3403],[174.7698,-36.3402],[174.7698,-36.3394],[174.7709,-36.3403]],[[174.772,-36.3404],[174.7712,-36.3404],[174.7714,-36.3403],[174.772,-36.3404]],[[174.7628,-36.3413],[174.762,-36.3413],[174.77,-36.3404],[174.7628,-36.3413]],[[174.7753,-36.3417],[174.7751,-36.3417],[174.7751,-36.3415],[174.7753,-36.3417]],[[174.7572,-36.3407],[174.757,-36.3406],[174.7574,-36.3406],[174.7572,-36.3407]],[[174.7575,-36.3431],[174.7574,-36.3425],[174.7575,-36.3425],[174.7575,-36.3431]],[[174.7611,-36.3453],[174.761,-36.3453],[174.761,-36.345],[174.7611,-36.3453]],[[174.7625,-36.3473],[174.762,-36.3471],[174.7623,-36.3469],[174.7625,-36.3473]],[[174.7622,-36.3479],[174.7616,-36.3472],[174.762,-36.3472],[174.7622,-36.3479]],[[174.7796,-36.3501],[174.7794,-36.3501],[174.7794,-36.3499],[174.7796,-36.3499],[174.7796,-36.3501]],[[174.763,-36.3508],[174.7625,-36.3508],[174.7627,-36.3502],[174.763,-36.3508]],[[174.7622,-36.3509],[174.762,-36.3508],[174.7622,-36.3506],[174.7622,-36.3509]],[[174.7632,-36.3514],[174.7628,-36.3514],[174.7628,-36.351],[174.7632,-36.351],[174.7632,-36.3514]],[[174.7618,-36.3519],[174.7615,-36.3517],[174.7618,-36.3516],[174.7618,-36.3519]],[[174.7637,-36.3523],[174.7633,-36.3519],[174.7639,-36.3517],[174.7637,-36.3523]],[[174.762,-36.3525],[174.762,-36.3523],[174.763,-36.3517],[174.762,-36.3525]],[[174.7611,-36.3525],[174.7608,-36.3524],[174.7608,-36.3521],[174.7611,-36.3525]],[[174.7584,-36.3528],[174.7581,-36.3528],[174.7581,-36.3524],[174.7584,-36.3524],[174.7584,-36.3528]],[[174.7598,-36.3535],[174.7596,-36.3535],[174.7594,-36.3531],[174.7598,-36.3535]],[[174.7601,-36.3539],[174.7599,-36.3539],[174.7598,-36.3536],[174.7599,-36.3536],[174.7601,-36.3539]],[[174.7565,-36.3541],[174.7492,-36.3503],[174.75,-36.3462],[174.7458,-36.3391],[174.7511,-36.3454],[174.7543,-36.3413],[174.7509,-36.3424],[174.749,-36.336],[174.7417,-36.3384],[174.7499,-36.329],[174.7521,-36.3315],[174.7562,-36.3193],[174.7581,-36.32],[174.7529,-36.3283],[174.7577,-36.3222],[174.7616,-36.3272],[174.7577,-36.3296],[174.7604,-36.3326],[174.7505,-36.3352],[174.7524,-36.3344],[174.7534,-36.3407],[174.7536,-36.336],[174.7591,-36.3355],[174.7598,-36.3435],[174.7563,-36.3404],[174.7635,-36.349],[174.7565,-36.3541]],[[174.7548,-36.3542],[174.7546,-36.3542],[174.7546,-36.3541],[174.7548,-36.3541],[174.7548,-36.3542]],[[174.7608,-36.3547],[174.7606,-36.3547],[174.7601,-36.3541],[174.7603,-36.3541],[174.7608,-36.3547]],[[174.7594,-36.3554],[174.7591,-36.3554],[174.7591,-36.3553],[174.7594,-36.3553],[174.7594,-36.3554]],[[174.7586,-36.3557],[174.7582,-36.3554],[174.7586,-36.3552],[174.7586,-36.3557]],[[174.7613,-36.356],[174.7611,-36.356],[174.7615,-36.3557],[174.7613,-36.356]],[[174.7568,-36.3563],[174.7577,-36.3556],[174.7579,-36.3557],[174.7568,-36.3563]],[[174.7618,-36.3564],[174.7615,-36.3563],[174.7618,-36.3561],[174.7618,-36.3564]],[[174.764,-36.3561],[174.7639,-36.356],[174.764,-36.356],[174.764,-36.3561]],[[174.7811,-36.3517],[174.7809,-36.3517],[174.7809,-36.3516],[174.7811,-36.3517]],[[174.7652,-36.3524],[174.7642,-36.3513],[174.7645,-36.3512],[174.7652,-36.3524]],[[174.7659,-36.3525],[174.7656,-36.3525],[174.7659,-36.3523],[174.7659,-36.3525]],[[174.7647,-36.3564],[174.7633,-36.3534],[174.7659,-36.3547],[174.7647,-36.3564]],[[174.7635,-36.3568],[174.7622,-36.3553],[174.7637,-36.3563],[174.7635,-36.3568]],[[174.761,-36.3572],[174.7604,-36.3567],[174.761,-36.3569],[174.761,-36.3572]],[[174.7604,-36.3575],[174.7598,-36.3569],[174.7603,-36.3567],[174.7604,-36.3575]],[[174.7691,-36.363],[174.769,-36.363],[174.769,-36.3626],[174.7691,-36.3626],[174.7691,-36.363]],[[174.7664,-36.3646],[174.7661,-36.3646],[174.7666,-36.3645],[174.7664,-36.3646]]]}},{"type":"Feature","properties":{},"geometry":{"type":"Polygon","coordinates":[[[174.4206,-36.7909],[174.4191,-36.792],[174.4191,-36.7949],[174.4206,-36.7909]]]}},{"type":"Feature","properties":{},"geometry":{"type":"Polygon","coordinates":[[[175.1074,-37.1804],[175.1069,-37.1744],[175.1105,-37.1757],[175.1103,-37.1736],[175.1155,-37.1758],[175.1122,-37.1782],[175.118,-37.178],[175.1178,-37.175],[175.1213,-37.1773],[175.119,-37.1709],[175.124,-37.1708],[175.118,-37.1686],[175.116,-37.1627],[175.1245,-37.1629],[175.1237,-37.1562],[175.119,-37.1568],[175.1131,-37.1674],[175.1226,-37.1516],[175.1277,-37.1576],[175.1269,-37.1627],[175.1196,-37.1663],[175.1213,-37.1698],[175.1295,-37.167],[175.1264,-37.1697],[175.1291,-37.1727],[175.1295,-37.1679],[175.1376,-37.1705],[175.1337,-37.166],[175.1274,-37.1653],[175.1274,-37.1615],[175.139,-37.1636],[175.1284,-37.1578],[175.1354,-37.1588],[175.1335,-37.1578],[175.1383,-37.1546],[175.1325,-37.1574],[175.1289,-37.1547],[175.126,-37.1564],[175.1247,-37.1544],[175.1281,-37.1543],[175.1243,-37.1459],[175.1233,-37.1498],[175.116,-37.1499],[175.1163,-37.1559],[175.1102,-37.1542],[175.1114,-37.1611],[175.1081,-37.1592],[175.1066,-37.1615],[175.1108,-37.1645],[175.1066,-37.1697],[175.1083,-37.171],[175.0986,-37.1728],[175.0962,-37.1759],[175.0926,-37.1733],[175.095,-37.1706],[175.0924,-37.1629],[175.0963,-37.164],[175.0928,-37.1618],[175.0948,-37.1599],[175.0929,-37.1549],[175.098,-37.1528],[175.1016,-37.155],[175.0982,-37.1525],[175.1025,-37.1505],[175.0893,-37.1532],[175.0919,-37.1577],[175.0858,-37.157],[175.0917,-37.1593],[175.0948,-37.1796],[175.0965,-37.1767],[175.1045,-37.1776],[175.1047,-37.175],[175.1074,-37.1804]],[[175.1098,-37.1738],[175.1085,-37.1732],[175.1098,-37.1733],[175.1098,-37.1738]],[[175.116,-37.1765],[175.1155,-37.1763],[175.116,-37.1761],[175.116,-37.1765]],[[175.1178,-37.1774],[175.1178,-37.1773],[175.118,-37.1773],[175.1178,-37.1774]],[[175.1202,-37.1751],[175.1199,-37.1751],[175.1201,-37.1748],[175.1202,-37.1751]],[[175.1204,-37.1758],[175.1199,-37.1754],[175.1206,-37.1754],[175.1204,-37.1758]],[[175.1207,-37.1618],[175.1202,-37.161],[175.1211,-37.1607],[175.1207,-37.1618]],[[175.1209,-37.1557],[175.1202,-37.1557],[175.1204,-37.1554],[175.1209,-37.1557]],[[175.1192,-37.1582],[175.1189,-37.1581],[175.1196,-37.1581],[175.1192,-37.1582]],[[175.1185,-37.1592],[175.1184,-37.1592],[175.1184,-37.1591],[175.1185,-37.1591],[175.1185,-37.1592]],[[175.1202,-37.1593],[175.1201,-37.1588],[175.1202,-37.1588],[175.1202,-37.1593]],[[175.1199,-37.1608],[175.1196,-37.1608],[175.1199,-37.1603],[175.1199,-37.1608]],[[175.125,-37.1535],[175.1245,-37.152],[175.1264,-37.1505],[175.125,-37.1535]],[[175.125,-37.1539],[175.1243,-37.1536],[175.1252,-37.1536],[175.125,-37.1539]],[[175.1201,-37.166],[175.1199,-37.166],[175.1199,-37.1659],[175.1201,-37.166]],[[175.1211,-37.1667],[175.1201,-37.1664],[175.1199,-37.1661],[175.1211,-37.1667]],[[175.1223,-37.167],[175.1214,-37.1668],[175.1219,-37.1667],[175.1223,-37.167]],[[175.1235,-37.1672],[175.1224,-37.167],[175.1235,-37.1671],[175.1235,-37.1672]],[[175.1231,-37.1691],[175.1226,-37.169],[175.1231,-37.1686],[175.1231,-37.1691]],[[175.1322,-37.1671],[175.132,-37.167],[175.1324,-37.167],[175.1322,-37.1671]],[[175.132,-37.1675],[175.1317,-37.1675],[175.1317,-37.1672],[175.132,-37.1675]],[[175.1189,-37.1504],[175.1187,-37.1504],[175.1189,-37.1502],[175.1189,-37.1504]],[[175.1194,-37.1506],[175.1192,-37.1504],[175.1196,-37.1502],[175.1194,-37.1506]],[[175.1175,-37.1516],[175.1173,-37.1516],[175.1173,-37.1514],[175.1175,-37.1514],[175.1175,-37.1516]],[[175.1184,-37.1516],[175.1182,-37.1516],[175.1182,-37.1513],[175.1184,-37.1513],[175.1184,-37.1516]],[[175.1178,-37.1519],[175.1177,-37.1517],[175.1178,-37.1516],[175.1178,-37.1519]],[[175.1115,-37.1538],[175.111,-37.1536],[175.1112,-37.1535],[175.111,-37.1536],[175.1115,-37.1538]],[[175.1126,-37.1546],[175.1124,-37.1544],[175.1124,-37.1542],[175.1126,-37.1543],[175.1126,-37.1546]],[[175.1127,-37.155],[175.1126,-37.155],[175.1126,-37.1549],[175.1127,-37.1549],[175.1127,-37.155]],[[175.1153,-37.1574],[175.1151,-37.1573],[175.1155,-37.1573],[175.1153,-37.1574]],[[175.1144,-37.1585],[175.1146,-37.1573],[175.1153,-37.1578],[175.1144,-37.1585]],[[175.116,-37.1602],[175.1156,-37.1599],[175.116,-37.1597],[175.116,-37.1602]],[[175.1151,-37.1604],[175.1149,-37.1603],[175.1153,-37.1602],[175.1151,-37.1604]],[[175.1127,-37.1611],[175.1122,-37.1611],[175.1124,-37.1607],[175.1127,-37.1611]],[[175.1091,-37.1619],[175.1086,-37.1619],[175.1086,-37.1618],[175.1091,-37.1618],[175.1091,-37.1619]],[[175.1105,-37.1672],[175.1102,-37.167],[175.1107,-37.1668],[175.1105,-37.1672]],[[175.1161,-37.1689],[175.1156,-37.1684],[175.1158,-37.1682],[175.1161,-37.1689]],[[175.1114,-37.171],[175.1122,-37.1687],[175.1124,-37.169],[175.1114,-37.171]],[[175.1076,-37.1714],[175.1074,-37.1714],[175.1074,-37.1713],[175.1076,-37.1713],[175.1076,-37.1714]],[[175.1073,-37.1718],[175.1069,-37.1717],[175.1069,-37.1716],[175.1073,-37.1718]],[[175.1194,-37.1704],[175.1192,-37.1704],[175.1192,-37.1702],[175.1194,-37.1704]],[[175.1172,-37.1708],[175.1172,-37.1706],[175.1173,-37.1706],[175.1172,-37.1708]],[[175.1172,-37.1713],[175.117,-37.1713],[175.1172,-37.1712],[175.1172,-37.1713]],[[175.116,-37.1717],[175.1129,-37.1691],[175.117,-37.1697],[175.116,-37.1717]],[[175.1021,-37.1748],[175.1018,-37.1748],[175.1018,-37.1747],[175.1021,-37.1747],[175.1021,-37.1748]],[[175.1006,-37.1755],[175.0991,-37.1754],[175.0987,-37.174],[175.1006,-37.1755]],[[175.0996,-37.1513],[175.0996,-37.1508],[175.1006,-37.1508],[175.0996,-37.1513]],[[175.1016,-37.1758],[175.1009,-37.1754],[175.102,-37.1752],[175.1016,-37.1758]],[[175.1064,-37.1751],[175.1064,-37.1748],[175.1066,-37.1747],[175.1064,-37.1751]],[[175.1068,-37.1757],[175.1068,-37.1754],[175.1069,-37.1754],[175.1068,-37.1757]]]}},{"type":"Feature","properties":{},"geometry":{"type":"Polygon","coordinates":[[[174.8876,-37.0872],[174.8886,-37.0841],[174.8873,-37.0837],[174.8876,-37.0872]]]}},{"type":"Feature","properties":{},"geometry":{"type":"Polygon","coordinates":[[[174.8574,-37.0993],[174.8552,-37.0962],[174.8555,-37.0989],[174.8574,-37.0993]]]}},{"type":"Feature","properties":{},"geometry":{"type":"Polygon","coordinates":[[[174.8753,-37.0996],[174.875,-37.0959],[174.8734,-37.0977],[174.8753,-37.0996]]]}},{"type":"Feature","properties":{},"geometry":{"type":"Polygon","coordinates":[[[174.8797,-37.1067],[174.8804,-37.1057],[174.8758,-37.1048],[174.8797,-37.1067]],[[174.8796,-37.1061],[174.8794,-37.1061],[174.8794,-37.106],[174.8796,-37.106],[174.8796,-37.1061]]]}},{"type":"Feature","properties":{},"geometry":{"type":"Polygon","coordinates":[[[174.8403,-37.1895],[174.8395,-37.1835],[174.8432,-37.1825],[174.8434,-37.1767],[174.8489,-37.1746],[174.8413,-37.1686],[174.8427,-37.1646],[174.8471,-37.1627],[174.8465,-37.1593],[174.8541,-37.1498],[174.8521,-37.1495],[174.8637,-37.1351],[174.8632,-37.1291],[174.8675,-37.1261],[174.8716,-37.1121],[174.8767,-37.1123],[174.8688,-37.1097],[174.8661,-37.1035],[174.8724,-37.1045],[174.8649,-37.1011],[174.8637,-37.0951],[174.8683,-37.0857],[174.8748,-37.0812],[174.8774,-37.0842],[174.8767,-37.0951],[174.8806,-37.0962],[174.8804,-37.1016],[174.8825,-37.1007],[174.8779,-37.0846],[174.885,-37.0834],[174.8782,-37.0837],[174.878,-37.0755],[174.8804,-37.0759],[174.8782,-37.0721],[174.8758,-37.072],[174.8729,-37.0811],[174.8635,-37.0801],[174.8692,-37.0823],[174.8548,-37.0905],[174.8663,-37.0886],[174.8584,-37.0999],[174.8637,-37.1004],[174.8618,-37.1059],[174.8473,-37.1091],[174.8456,-37.105],[174.8449,-37.1136],[174.8492,-37.1091],[174.8521,-37.1123],[174.853,-37.1084],[174.8615,-37.1069],[174.861,-37.1091],[174.8642,-37.104],[174.8705,-37.1129],[174.8669,-37.124],[174.8599,-37.1268],[174.8611,-37.1299],[174.8512,-37.1297],[174.8611,-37.1313],[174.8587,-37.1389],[174.8506,-37.1411],[174.8478,-37.1381],[174.848,-37.1416],[174.841,-37.1397],[174.8559,-37.1406],[174.8524,-37.148],[174.8483,-37.1493],[174.8509,-37.1493],[174.8499,-37.1551],[174.8381,-37.1682],[174.8449,-37.1725],[174.8425,-37.1801],[174.8369,-37.1822],[174.8403,-37.1895]],[[174.878,-37.0858],[174.8774,-37.0858],[174.8774,-37.0857],[174.878,-37.0858]],[[174.8821,-37.0991],[174.882,-37.0991],[174.882,-37.0989],[174.8821,-37.0989],[174.8821,-37.0991]],[[174.8763,-37.08],[174.8762,-37.08],[174.8762,-37.0799],[174.8763,-37.0799],[174.8763,-37.08]],[[174.8758,-37.0801],[174.8758,-37.08],[174.876,-37.08],[174.8758,-37.0801]],[[174.8632,-37.1048],[174.863,-37.1048],[174.863,-37.1046],[174.8632,-37.1046],[174.8632,-37.1048]],[[174.863,-37.128],[174.8629,-37.128],[174.8629,-37.1279],[174.863,-37.1279],[174.863,-37.128]],[[174.8632,-37.1301],[174.863,-37.1299],[174.8632,-37.1299],[174.8632,-37.1301]],[[174.8552,-37.1301],[174.8548,-37.1297],[174.8552,-37.1298],[174.8552,-37.1301]],[[174.862,-37.1317],[174.8617,-37.1314],[174.8623,-37.1313],[174.862,-37.1317]],[[174.8509,-37.1414],[174.8507,-37.1414],[174.8507,-37.1412],[174.8509,-37.1412],[174.8509,-37.1414]],[[174.8552,-37.1461],[174.855,-37.1461],[174.855,-37.1456],[174.8552,-37.1456],[174.8552,-37.1461]],[[174.8538,-37.1478],[174.8528,-37.1475],[174.8538,-37.1474],[174.8538,-37.1478]],[[174.8499,-37.1491],[174.8497,-37.1491],[174.8497,-37.149],[174.8499,-37.149],[174.8499,-37.1491]],[[174.8446,-37.1721],[174.8444,-37.1721],[174.8444,-37.1718],[174.8446,-37.1718],[174.8446,-37.1721]]]}},{"type":"Feature","properties":{},"geometry":{"type":"Polygon","coordinates":[[[174.3873,-36.7114],[174.389,-36.709],[174.3861,-36.7104],[174.3873,-36.7114]]]}},{"type":"Feature","properties":{},"geometry":{"type":"Polygon","coordinates":[[[174.3863,-36.7146],[174.3868,-36.7116],[174.3836,-36.7139],[174.3863,-36.7146]]]}},{"type":"Feature","properties":{},"geometry":{"type":"Polygon","coordinates":[[[174.6138,-37.1008],[174.6265,-37.0905],[174.6401,-37.0861],[174.6389,-37.0878],[174.649,-37.0869],[174.6396,-37.0846],[174.608,-37.0989],[174.5973,-37.0969],[174.608,-37.0992],[174.6201,-37.0951],[174.6138,-37.1008]],[[174.6287,-37.0897],[174.6287,-37.0895],[174.6288,-37.0895],[174.6287,-37.0897]]]}},{"type":"Feature","properties":{},"geometry":{"type":"Polygon","coordinates":[[[174.6096,-37.1023],[174.6133,-37.101],[174.6113,-37.1005],[174.6096,-37.1023]]]}},{"type":"Feature","properties":{},"geometry":{"type":"Polygon","coordinates":[[[174.6198,-37.1048],[174.6205,-37.0996],[174.6188,-37.1018],[174.6198,-37.1048]]]}},{"type":"Feature","properties":{},"geometry":{"type":"Polygon","coordinates":[[[174.6135,-37.1106],[174.6152,-37.1071],[174.6133,-37.1072],[174.6135,-37.1106]]]}},{"type":"Feature","properties":{},"geometry":{"type":"Polygon","coordinates":[[[174.7157,-36.9055],[174.7178,-36.9014],[174.7043,-36.8943],[174.7029,-36.8959],[174.7065,-36.8958],[174.7109,-36.9018],[174.7149,-36.9004],[174.7157,-36.9055]]]}},{"type":"Feature","properties":{},"geometry":{"type":"Polygon","coordinates":[[[174.6551,-36.7969],[174.6539,-36.7925],[174.6531,-36.796],[174.6551,-36.7969]]]}},{"type":"Feature","properties":{},"geometry":{"type":"Polygon","coordinates":[[[174.2626,-36.3846],[174.2602,-36.3821],[174.2576,-36.3833],[174.2626,-36.3846]],[[174.259,-36.3824],[174.2585,-36.3824],[174.2585,-36.3822],[174.259,-36.3822],[174.259,-36.3824]],[[174.262,-36.384],[174.2619,-36.384],[174.2619,-36.3839],[174.262,-36.3839],[174.262,-36.384]]]}},{"type":"Feature","properties":{},"geometry":{"type":"Polygon","coordinates":[[[175.3913,-36.1946],[175.3914,-36.192],[175.3961,-36.1926],[175.386,-36.1906],[175.3826,-36.1808],[175.3891,-36.1813],[175.3672,-36.182],[175.3665,-36.1842],[175.3749,-36.1853],[175.3829,-36.1829],[175.3855,-36.1904],[175.3913,-36.1946]],[[175.3725,-36.1842],[175.3723,-36.1842],[175.3723,-36.184],[175.3725,-36.1842]]]}},{"type":"Feature","properties":{},"geometry":{"type":"Polygon","coordinates":[[[174.7347,-36.6887],[174.7398,-36.6831],[174.7302,-36.6879],[174.7347,-36.6887]],[[174.7394,-36.6841],[174.7393,-36.6841],[174.7393,-36.6838],[174.7394,-36.6841]],[[174.733,-36.6874],[174.7328,-36.6874],[174.733,-36.6871],[174.733,-36.6874]]]}},{"type":"Feature","properties":{},"geometry":{"type":"Polygon","coordinates":[[[174.7847,-37.1897],[174.7823,-37.1797],[174.7801,-37.1782],[174.7847,-37.1897]],[[174.7814,-37.18],[174.7813,-37.1799],[174.7816,-37.1799],[174.7814,-37.18]]]}},{"type":"Feature","properties":{},"geometry":{"type":"Polygon","coordinates":[[[174.7755,-37.1935],[174.7818,-37.1914],[174.7782,-37.1916],[174.7755,-37.1935]]]}},{"type":"Feature","properties":{},"geometry":{"type":"Polygon","coordinates":[[[174.7784,-37.2019],[174.7816,-37.1973],[174.7777,-37.1992],[174.7784,-37.2019]]]}},{"type":"Feature","properties":{},"geometry":{"type":"Polygon","coordinates":[[[174.7403,-36.8166],[174.7401,-36.8126],[174.7376,-36.815],[174.7338,-36.8132],[174.7403,-36.8166]]]}},{"type":"Feature","properties":{},"geometry":{"type":"Polygon","coordinates":[[[174.2131,-36.4897],[174.216,-36.4875],[174.212,-36.488],[174.2131,-36.4897]]]}},{"type":"Feature","properties":{},"geometry":{"type":"Polygon","coordinates":[[[174.4827,-36.9125],[174.4843,-36.9107],[174.4807,-36.9118],[174.4827,-36.9125]]]}},{"type":"Feature","properties":{},"geometry":{"type":"Polygon","coordinates":[[[174.499,-36.9126],[174.4904,-36.9093],[174.4955,-36.9122],[174.499,-36.9126]]]}},{"type":"Feature","properties":{},"geometry":{"type":"Polygon","coordinates":[[[174.4693,-36.9205],[174.4776,-36.9187],[174.4805,-36.9133],[174.478,-36.917],[174.4674,-36.919],[174.4693,-36.9205]],[[174.4778,-36.9182],[174.4776,-36.9182],[174.4776,-36.9179],[174.4778,-36.9179],[174.4778,-36.9182]]]}},{"type":"Feature","properties":{},"geometry":{"type":"Polygon","coordinates":[[[174.4537,-36.922],[174.4571,-36.9165],[174.466,-36.9182],[174.458,-36.9157],[174.4537,-36.922]]]}},{"type":"Feature","properties":{},"geometry":{"type":"Polygon","coordinates":[[[174.5078,-36.9303],[174.5073,-36.9269],[174.5024,-36.9228],[174.5078,-36.9303]]]}},{"type":"Feature","properties":{},"geometry":{"type":"Polygon","coordinates":[[[174.3689,-36.3417],[174.3653,-36.3398],[174.3626,-36.3398],[174.3689,-36.3417]]]}},{"type":"Feature","properties":{},"geometry":{"type":"Polygon","coordinates":[[[174.3829,-36.3426],[174.3836,-36.3424],[174.3815,-36.3387],[174.3802,-36.3385],[174.3829,-36.3426]]]}},{"type":"Feature","properties":{},"geometry":{"type":"Polygon","coordinates":[[[174.3704,-36.3457],[174.3797,-36.3432],[174.3701,-36.3399],[174.3752,-36.3414],[174.3687,-36.342],[174.3704,-36.3457]]]}},{"type":"Feature","properties":{},"geometry":{"type":"Polygon","coordinates":[[[174.3798,-36.3459],[174.3831,-36.3436],[174.3954,-36.3447],[174.3853,-36.3431],[174.3798,-36.3459]],[[174.3841,-36.3433],[174.3839,-36.3432],[174.3843,-36.3431],[174.3841,-36.3433]]]}},{"type":"Feature","properties":{},"geometry":{"type":"Polygon","coordinates":[[[175.4036,-36.0952],[175.4058,-36.0941],[175.4022,-36.0931],[175.4036,-36.0952]]]}},{"type":"Feature","properties":{},"geometry":{"type":"Polygon","coordinates":[[[174.7292,-36.413],[174.7299,-36.4086],[174.7231,-36.4048],[174.7215,-36.4064],[174.727,-36.4087],[174.7237,-36.4098],[174.7292,-36.413]],[[174.7289,-36.4097],[174.7287,-36.4093],[174.729,-36.409],[174.7289,-36.4097]]]}},{"type":"Feature","properties":{},"geometry":{"type":"Polygon","coordinates":[[[174.7014,-36.815],[174.7024,-36.8126],[174.6976,-36.8129],[174.7014,-36.815]]]}},{"type":"Feature","properties":{},"geometry":{"type":"Polygon","coordinates":[[[175.2056,-36.9621],[175.2136,-36.9531],[175.2131,-36.9447],[175.2134,-36.9526],[175.2056,-36.9621]],[[175.2117,-36.9447],[175.2116,-36.9447],[175.2117,-36.9445],[175.2117,-36.9447]]]}},{"type":"Feature","properties":{},"geometry":{"type":"Polygon","coordinates":[[[174.847,-37.0913],[174.8497,-37.0876],[174.8477,-37.0887],[174.847,-37.0913]]]}},{"type":"Feature","properties":{},"geometry":{"type":"Polygon","coordinates":[[[174.8128,-37.0997],[174.8181,-37.0962],[174.8214,-37.0982],[174.8192,-37.0947],[174.8231,-37.0924],[174.8198,-37.0878],[174.8277,-37.0842],[174.8273,-37.0879],[174.8303,-37.0852],[174.8323,-37.0892],[174.8289,-37.0973],[174.8323,-37.092],[174.8362,-37.0942],[174.8321,-37.0875],[174.8386,-37.0887],[174.84,-37.0929],[174.8412,-37.0888],[174.8337,-37.086],[174.8395,-37.0781],[174.8436,-37.079],[174.8489,-37.0864],[174.8494,-37.082],[174.8431,-37.0781],[174.8482,-37.0777],[174.8424,-37.0751],[174.8442,-37.0627],[174.8345,-37.076],[174.8221,-37.0831],[174.8134,-37.0837],[174.8171,-37.0854],[174.8192,-37.0921],[174.8176,-37.0959],[174.812,-37.0958],[174.8128,-37.0997]],[[174.8335,-37.0842],[174.8335,-37.0839],[174.8337,-37.0839],[174.8335,-37.0842]],[[174.8313,-37.085],[174.8299,-37.0841],[174.8309,-37.0838],[174.8313,-37.085]],[[174.8425,-37.065],[174.8424,-37.065],[174.8425,-37.0647],[174.8425,-37.065]],[[174.8422,-37.0656],[174.8422,-37.0654],[174.8424,-37.0653],[174.8422,-37.0656]],[[174.842,-37.0661],[174.842,-37.066],[174.8422,-37.0658],[174.8422,-37.066],[174.842,-37.0661]],[[174.8419,-37.0666],[174.8419,-37.0665],[174.842,-37.0664],[174.8419,-37.0666]],[[174.8417,-37.0671],[174.8417,-37.0669],[174.8419,-37.0668],[174.8417,-37.0671]],[[174.8415,-37.0676],[174.8415,-37.0675],[174.8417,-37.0675],[174.8415,-37.0676]],[[174.8413,-37.068],[174.8415,-37.0677],[174.8415,-37.0679],[174.8413,-37.068]],[[174.8431,-37.0687],[174.8429,-37.0687],[174.8429,-37.0686],[174.8431,-37.0686],[174.8431,-37.0687]],[[174.8323,-37.077],[174.8323,-37.0769],[174.8325,-37.0769],[174.8323,-37.077]],[[174.832,-37.0775],[174.8318,-37.0775],[174.8321,-37.0771],[174.832,-37.0775]],[[174.8402,-37.0775],[174.8398,-37.0774],[174.8407,-37.0771],[174.8402,-37.0775]],[[174.8378,-37.0794],[174.8374,-37.0792],[174.8378,-37.079],[174.8378,-37.0794]],[[174.8227,-37.0852],[174.8222,-37.085],[174.8224,-37.0849],[174.8227,-37.0852]],[[174.8193,-37.0903],[174.819,-37.0903],[174.819,-37.0902],[174.8193,-37.0902],[174.8193,-37.0903]]]}},{"type":"Feature","properties":{},"geometry":{"type":"Polygon","coordinates":[[[174.8205,-37.1014],[174.8227,-37.1001],[174.8221,-37.0986],[174.8205,-37.1014]]]}},{"type":"Feature","properties":{},"geometry":{"type":"Polygon","coordinates":[[[174.924,-36.7519],[174.9267,-36.75],[174.9253,-36.7491],[174.924,-36.7519]]]}},{"type":"Feature","properties":{},"geometry":{"type":"Polygon","coordinates":[[[174.5969,-36.8705],[174.5985,-36.8695],[174.5974,-36.8663],[174.5969,-36.8705]]]}},{"type":"Feature","properties":{},"geometry":{"type":"Polygon","coordinates":[[[174.7398,-36.7062],[174.7468,-36.7019],[174.7529,-36.702],[174.7449,-36.7017],[174.7398,-36.7062]]]}},{"type":"Feature","properties":{},"geometry":{"type":"Polygon","coordinates":[[[174.3682,-36.709],[174.367,-36.7105],[174.371,-36.7116],[174.3682,-36.709]]]}},{"type":"Feature","properties":{},"geometry":{"type":"Polygon","coordinates":[[[174.7214,-36.8204],[174.7256,-36.8199],[174.7164,-36.8189],[174.7214,-36.8204]],[[174.7241,-36.82],[174.7236,-36.82],[174.7236,-36.8199],[174.7241,-36.8199],[174.7241,-36.82]]]}},{"type":"Feature","properties":{},"geometry":{"type":"Polygon","coordinates":[[[174.8559,-36.8576],[174.8564,-36.8523],[174.8528,-36.8512],[174.8559,-36.8576]],[[174.8538,-36.8516],[174.8536,-36.8516],[174.8536,-36.8514],[174.8538,-36.8514],[174.8538,-36.8516]],[[174.8564,-36.8518],[174.8562,-36.8513],[174.8569,-36.8513],[174.8564,-36.8518]]]}},{"type":"Feature","properties":{},"geometry":{"type":"Polygon","coordinates":[[[174.7046,-36.8828],[174.7074,-36.8774],[174.7058,-36.8738],[174.7046,-36.8828]]]}},{"type":"Feature","properties":{},"geometry":{"type":"Polygon","coordinates":[[[174.7063,-36.888],[174.7051,-36.8854],[174.7024,-36.8853],[174.7063,-36.888]]]}},{"type":"Feature","properties":{},"geometry":{"type":"Polygon","coordinates":[[[174.7043,-36.8927],[174.706,-36.8893],[174.7026,-36.8872],[174.7043,-36.8927]]]}},{"type":"Feature","properties":{},"geometry":{"type":"Polygon","coordinates":[[[174.6481,-36.838],[174.6464,-36.8341],[174.6411,-36.8331],[174.6481,-36.838]]]}},{"type":"Feature","properties":{},"geometry":{"type":"Polygon","coordinates":[[[174.6468,-36.8391],[174.648,-36.838],[174.643,-36.8374],[174.6468,-36.8391]]]}},{"type":"Feature","properties":{},"geometry":{"type":"Polygon","coordinates":[[[174.8323,-36.4063],[174.8325,-36.4013],[174.8308,-36.4054],[174.8323,-36.4063]]]}},{"type":"Feature","properties":{},"geometry":{"type":"Polygon","coordinates":[[[174.8323,-36.9273],[174.8304,-36.9302],[174.8326,-36.9292],[174.8323,-36.9273]]]}},{"type":"Feature","properties":{},"geometry":{"type":"Polygon","coordinates":[[[174.8739,-36.8669],[174.8786,-36.8628],[174.8728,-36.8648],[174.8739,-36.8669]]]}},{"type":"Feature","properties":{},"geometry":{"type":"Polygon","coordinates":[[[174.749,-36.912],[174.7509,-36.9107],[174.7504,-36.91],[174.7483,-36.9115],[174.749,-36.912]]]}},{"type":"Feature","properties":{},"geometry":{"type":"Polygon","coordinates":[[[174.7577,-36.6379],[174.7599,-36.6378],[174.757,-36.6352],[174.7606,-36.6304],[174.7664,-36.6273],[174.7519,-36.6299],[174.7563,-36.6307],[174.7521,-36.6345],[174.7577,-36.6379]],[[174.7563,-36.6288],[174.756,-36.6286],[174.7563,-36.6285],[174.7563,-36.6288]],[[174.762,-36.6285],[174.7615,-36.6285],[174.7622,-36.6282],[174.762,-36.6285]],[[174.7606,-36.6288],[174.7592,-36.6288],[174.7606,-36.6285],[174.7606,-36.6288]],[[174.7581,-36.6289],[174.7579,-36.6289],[174.7579,-36.6288],[174.7581,-36.6288],[174.7581,-36.6289]],[[174.7536,-36.6311],[174.7531,-36.6308],[174.7538,-36.6305],[174.7536,-36.6311]],[[174.7581,-36.6307],[174.7575,-36.6304],[174.7575,-36.6301],[174.7581,-36.6307]],[[174.7568,-36.6322],[174.7565,-36.632],[174.757,-36.6319],[174.7568,-36.6322]],[[174.7604,-36.632],[174.7565,-36.6314],[174.7594,-36.6304],[174.7604,-36.632]],[[174.7579,-36.6337],[174.7563,-36.6327],[174.7579,-36.6319],[174.7579,-36.6337]],[[174.7572,-36.634],[174.7565,-36.634],[174.7563,-36.6336],[174.7572,-36.634]],[[174.7541,-36.6349],[174.7531,-36.6346],[174.7536,-36.6345],[174.7541,-36.6349]],[[174.7545,-36.6359],[174.7541,-36.6359],[174.7543,-36.6357],[174.7545,-36.6359]],[[174.7557,-36.6366],[174.7551,-36.6363],[174.7557,-36.6359],[174.7557,-36.6366]],[[174.7558,-36.637],[174.7555,-36.637],[174.7557,-36.6367],[174.7558,-36.637]]]}},{"type":"Feature","properties":{},"geometry":{"type":"Polygon","coordinates":[[[175.1441,-36.7939],[175.146,-36.7925],[175.1429,-36.7905],[175.1441,-36.7939]]]}},{"type":"Feature","properties":{},"geometry":{"type":"Polygon","coordinates":[[[175.1293,-36.8257],[175.1298,-36.8169],[175.1262,-36.8113],[175.1354,-36.7999],[175.1411,-36.7983],[175.1395,-36.7966],[175.1245,-36.8107],[175.1288,-36.8178],[175.1259,-36.8245],[175.1293,-36.8257]],[[175.1262,-36.8143],[175.126,-36.8143],[175.126,-36.8141],[175.1262,-36.8141],[175.1262,-36.8143]],[[175.1262,-36.8152],[175.126,-36.8152],[175.126,-36.8151],[175.1262,-36.8152]]]}},{"type":"Feature","properties":{},"geometry":{"type":"Polygon","coordinates":[[[174.4515,-36.9134],[174.4568,-36.913],[174.4534,-36.912],[174.4515,-36.9134]]]}},{"type":"Feature","properties":{},"geometry":{"type":"Polygon","coordinates":[[[174.4624,-36.9138],[174.4592,-36.9097],[174.4577,-36.911],[174.4624,-36.9138]]]}},{"type":"Feature","properties":{},"geometry":{"type":"Polygon","coordinates":[[[174.7502,-36.7444],[174.756,-36.7394],[174.7427,-36.7363],[174.7519,-36.738],[174.7454,-36.7426],[174.7495,-36.742],[174.7502,-36.7444]]]}},{"type":"Feature","properties":{},"geometry":{"type":"Polygon","coordinates":[[[174.8215,-36.8589],[174.8193,-36.8502],[174.8154,-36.8518],[174.8215,-36.8589]]]}},{"type":"Feature","properties":{},"geometry":{"type":"Polygon","coordinates":[[[174.9188,-36.9347],[174.9168,-36.9313],[174.9156,-36.932],[174.9188,-36.9347]]]}},{"type":"Feature","properties":{},"geometry":{"type":"Polygon","coordinates":[[[174.9204,-36.9365],[174.9214,-36.9311],[174.919,-36.9346],[174.9204,-36.9365]]]}},{"type":"Feature","properties":{},"geometry":{"type":"Polygon","coordinates":[[[174.8485,-36.8644],[174.8487,-36.8594],[174.8454,-36.8569],[174.8487,-36.8546],[174.8429,-36.8528],[174.8405,-36.8559],[174.8485,-36.8644]],[[174.8441,-36.8543],[174.8439,-36.8539],[174.8442,-36.8539],[174.8441,-36.8543]],[[174.8439,-36.8546],[174.8437,-36.8546],[174.8437,-36.8544],[174.8439,-36.8544],[174.8439,-36.8546]],[[174.8436,-36.8558],[174.8432,-36.8558],[174.8434,-36.8548],[174.8437,-36.8548],[174.8436,-36.8558]],[[174.8439,-36.8563],[174.8436,-36.8562],[174.8436,-36.8561],[174.8439,-36.8563]],[[174.8451,-36.8576],[174.8449,-36.8576],[174.8449,-36.8573],[174.8451,-36.8573],[174.8451,-36.8576]],[[174.8446,-36.8577],[174.8441,-36.8576],[174.8442,-36.8566],[174.8446,-36.8577]],[[174.8454,-36.8581],[174.8448,-36.858],[174.8449,-36.8577],[174.8454,-36.8581]]]}},{"type":"Feature","properties":{},"geometry":{"type":"Polygon","coordinates":[[[174.8176,-36.9587],[174.8217,-36.9553],[174.8181,-36.9552],[174.8176,-36.9587]]]}},{"type":"Feature","properties":{},"geometry":{"type":"Polygon","coordinates":[[[174.7826,-36.9676],[174.7838,-36.9646],[174.7816,-36.9644],[174.7826,-36.9676]],[[174.7828,-36.9648],[174.7826,-36.9648],[174.7826,-36.9647],[174.7828,-36.9647],[174.7828,-36.9648]]]}},{"type":"Feature","properties":{},"geometry":{"type":"Polygon","coordinates":[[[174.7712,-36.8562],[174.7773,-36.8499],[174.783,-36.8498],[174.7738,-36.8456],[174.7818,-36.8482],[174.7785,-36.8441],[174.7719,-36.8446],[174.7743,-36.8501],[174.7712,-36.8562]],[[174.7818,-36.8494],[174.7816,-36.8494],[174.7816,-36.8492],[174.7818,-36.8492],[174.7818,-36.8494]],[[174.7775,-36.8445],[174.7768,-36.8442],[174.7775,-36.8442],[174.7775,-36.8445]],[[174.7773,-36.8458],[174.775,-36.845],[174.7758,-36.8443],[174.7773,-36.8458]],[[174.7801,-36.8477],[174.7799,-36.8477],[174.7799,-36.8476],[174.7801,-36.8476],[174.7801,-36.8477]],[[174.7744,-36.845],[174.7739,-36.8447],[174.7746,-36.8445],[174.7744,-36.845]],[[174.7755,-36.8483],[174.7751,-36.8483],[174.7751,-36.8482],[174.7755,-36.8482],[174.7755,-36.8483]],[[174.7753,-36.8495],[174.7751,-36.8495],[174.7751,-36.8494],[174.7753,-36.8495]],[[174.7772,-36.8497],[174.777,-36.8497],[174.777,-36.8494],[174.7772,-36.8494],[174.7772,-36.8497]],[[174.7756,-36.8502],[174.7753,-36.8502],[174.7756,-36.8495],[174.7756,-36.8502]]]}},{"type":"Feature","properties":{},"geometry":{"type":"Polygon","coordinates":[[[174.9289,-36.9841],[174.9291,-36.9732],[174.9368,-36.976],[174.9226,-36.9678],[174.9286,-36.9736],[174.9289,-36.9841]]]}},{"type":"Feature","properties":{},"geometry":{"type":"Polygon","coordinates":[[[174.7553,-36.9819],[174.7543,-36.9785],[174.7521,-36.9812],[174.7553,-36.9819]]]}},{"type":"Feature","properties":{},"geometry":{"type":"Polygon","coordinates":[[[174.8673,-36.8812],[174.8765,-36.8774],[174.8697,-36.8778],[174.8693,-36.8718],[174.8661,-36.8738],[174.8687,-36.8787],[174.861,-36.88],[174.8587,-36.8729],[174.8553,-36.8752],[174.8528,-36.8718],[174.8598,-36.8802],[174.8673,-36.8812]],[[174.8663,-36.8787],[174.8646,-36.8783],[174.8663,-36.8783],[174.8663,-36.8787]],[[174.8666,-36.8793],[174.8663,-36.8793],[174.8663,-36.879],[174.8666,-36.879],[174.8666,-36.8793]],[[174.8676,-36.8802],[174.8673,-36.8802],[174.8678,-36.88],[174.8676,-36.8802]]]}},{"type":"Feature","properties":{},"geometry":{"type":"Polygon","coordinates":[[[174.8574,-36.8832],[174.8586,-36.8798],[174.8543,-36.8809],[174.8574,-36.8832]]]}},{"type":"Feature","properties":{},"geometry":{"type":"Polygon","coordinates":[[[174.8603,-36.885],[174.8651,-36.8827],[174.8635,-36.882],[174.8603,-36.885]]]}},{"type":"Feature","properties":{},"geometry":{"type":"Polygon","coordinates":[[[174.7835,-36.8464],[174.7818,-36.8439],[174.779,-36.8461],[174.7835,-36.8464]],[[174.7808,-36.845],[174.7806,-36.845],[174.7806,-36.8449],[174.7808,-36.8449],[174.7808,-36.845]],[[174.7802,-36.8453],[174.7799,-36.8453],[174.7799,-36.8451],[174.7802,-36.8451],[174.7802,-36.8453]]]}},{"type":"Feature","properties":{},"geometry":{"type":"Polygon","coordinates":[[[174.8683,-36.9678],[174.8693,-36.9648],[174.8668,-36.9629],[174.8683,-36.9678]]]}},{"type":"Feature","properties":{},"geometry":{"type":"Polygon","coordinates":[[[174.7365,-36.8707],[174.7423,-36.8693],[174.7301,-36.8685],[174.7343,-36.8675],[174.7325,-36.8666],[174.726,-36.8685],[174.7365,-36.8707]]]}},{"type":"Feature","properties":{},"geometry":{"type":"Polygon","coordinates":[[[174.7761,-36.9478],[174.7773,-36.9399],[174.7741,-36.9429],[174.7761,-36.9478]],[[174.7753,-36.9427],[174.7748,-36.9421],[174.7753,-36.9421],[174.7753,-36.9427]],[[174.7748,-36.9444],[174.7746,-36.9432],[174.7753,-36.9432],[174.7748,-36.9444]]]}},{"type":"Feature","properties":{},"geometry":{"type":"Polygon","coordinates":[[[174.8521,-36.9973],[174.8538,-36.9962],[174.8499,-36.9966],[174.8485,-36.991],[174.8441,-36.9929],[174.8521,-36.9973]],[[174.8512,-36.9969],[174.8509,-36.9969],[174.8509,-36.9967],[174.8512,-36.9967],[174.8512,-36.9969]]]}},{"type":"Feature","properties":{},"geometry":{"type":"Polygon","coordinates":[[[174.8956,-36.915],[174.8978,-36.9146],[174.8985,-36.909],[174.8956,-36.915]]]}},{"type":"Feature","properties":{},"geometry":{"type":"Polygon","coordinates":[[[174.9233,-36.982],[174.9164,-36.9744],[174.9163,-36.9788],[174.9212,-36.9785],[174.9233,-36.982]]]}},{"type":"Feature","properties":{},"geometry":{"type":"Polygon","coordinates":[[[174.8398,-36.9486],[174.8429,-36.9468],[174.839,-36.947],[174.8398,-36.9486]]]}},{"type":"Feature","properties":{},"geometry":{"type":"Polygon","coordinates":[[[174.9209,-36.9283],[174.9183,-36.9217],[174.9221,-36.9205],[174.9248,-36.9271],[174.9286,-36.9226],[174.9171,-36.9204],[174.9175,-36.9138],[174.9253,-36.9152],[174.9243,-36.9131],[174.9286,-36.9122],[174.9303,-36.916],[174.9381,-36.911],[174.9359,-36.9075],[174.9315,-36.9119],[174.9245,-36.9108],[174.9298,-36.8965],[174.9229,-36.9018],[174.9243,-36.9119],[174.9084,-36.9135],[174.911,-36.9165],[174.9123,-36.9135],[174.9166,-36.914],[174.9149,-36.9182],[174.9209,-36.9283]],[[174.9335,-36.9126],[174.9313,-36.9125],[174.9339,-36.912],[174.9335,-36.9126]],[[174.9304,-36.9127],[174.9301,-36.9127],[174.9301,-36.9125],[174.9304,-36.9125],[174.9304,-36.9127]],[[174.9352,-36.9085],[174.935,-36.9085],[174.935,-36.9084],[174.9352,-36.9084],[174.9352,-36.9085]],[[174.9274,-36.8991],[174.927,-36.8991],[174.9272,-36.8989],[174.9274,-36.8991]],[[174.9163,-36.9211],[174.9161,-36.9209],[174.9164,-36.9206],[174.9163,-36.9211]],[[174.919,-36.9212],[174.9188,-36.9212],[174.9188,-36.9209],[174.919,-36.9209],[174.919,-36.9212]],[[174.9183,-36.922],[174.9182,-36.922],[174.9182,-36.9219],[174.9183,-36.9219],[174.9183,-36.922]],[[174.919,-36.9232],[174.9185,-36.923],[174.919,-36.923],[174.919,-36.9232]]]}},{"type":"Feature","properties":{},"geometry":{"type":"Polygon","coordinates":[[[174.8748,-36.9159],[174.8768,-36.9155],[174.8726,-36.9141],[174.8748,-36.9159]],[[174.8726,-36.9148],[174.8722,-36.9148],[174.8724,-36.9145],[174.8726,-36.9148]],[[174.8757,-36.915],[174.8753,-36.9149],[174.8757,-36.9146],[174.8757,-36.915]],[[174.8757,-36.9153],[174.8753,-36.9153],[174.8753,-36.9152],[174.8757,-36.9152],[174.8757,-36.9153]]]}},{"type":"Feature","properties":{},"geometry":{"type":"Polygon","coordinates":[[[174.7869,-36.9432],[174.786,-36.9395],[174.784,-36.9402],[174.7869,-36.9432]],[[174.7854,-36.941],[174.785,-36.941],[174.7849,-36.9404],[174.7854,-36.941]],[[174.7857,-36.9419],[174.7855,-36.9419],[174.7855,-36.9417],[174.7857,-36.9417],[174.7857,-36.9419]]]}},{"type":"Feature","properties":{},"geometry":{"type":"Polygon","coordinates":[[[174.8427,-36.9056],[174.8489,-36.8985],[174.8372,-36.904],[174.8427,-36.9056]],[[174.8405,-36.9037],[174.8402,-36.9037],[174.8402,-36.9036],[174.8405,-36.9036],[174.8405,-36.9037]]]}},{"type":"Feature","properties":{},"geometry":{"type":"Polygon","coordinates":[[[174.9094,-36.8745],[174.9106,-36.8695],[174.9081,-36.8729],[174.9094,-36.8745]]]}},{"type":"Feature","properties":{},"geometry":{"type":"Polygon","coordinates":[[[174.855,-37.0011],[174.8582,-36.9966],[174.8533,-36.9991],[174.855,-37.0011]],[[174.8528,-36.9997],[174.8524,-36.9996],[174.8528,-36.9993],[174.8528,-36.9997]]]}},{"type":"Feature","properties":{},"geometry":{"type":"Polygon","coordinates":[[[174.9185,-36.8815],[174.9188,-36.8776],[174.9175,-36.8797],[174.9185,-36.8815]],[[174.9188,-36.879],[174.9185,-36.8789],[174.9188,-36.8787],[174.9188,-36.879]]]}},{"type":"Feature","properties":{},"geometry":{"type":"Polygon","coordinates":[[[174.8434,-36.9477],[174.8408,-36.9493],[174.8432,-36.9504],[174.8434,-36.9477]]]}},{"type":"Feature","properties":{},"geometry":{"type":"Polygon","coordinates":[[[174.7992,-36.9683],[174.8,-36.9657],[174.7983,-36.9658],[174.7992,-36.9683]]]}},{"type":"Feature","properties":{},"geometry":{"type":"Polygon","coordinates":[[[174.7697,-37.0164],[174.7801,-37.013],[174.7686,-37.0153],[174.7697,-37.0164]]]}},{"type":"Feature","properties":{},"geometry":{"type":"Polygon","coordinates":[[[174.7656,-37.0175],[174.7685,-37.016],[174.7656,-37.0156],[174.7656,-37.0175]]]}},{"type":"Feature","properties":{},"geometry":{"type":"Polygon","coordinates":[[[174.8084,-36.9797],[174.8082,-36.9856],[174.8125,-36.9852],[174.8137,-36.9813],[174.8084,-36.9797]]]}},{"type":"Feature","properties":{},"geometry":{"type":"Polygon","coordinates":[[[174.7777,-37.0113],[174.7922,-37.0081],[174.7915,-37.0041],[174.7961,-37.0053],[174.7958,-37.0032],[174.7837,-37.0087],[174.7871,-37.0049],[174.7772,-36.9995],[174.7831,-37.0036],[174.7796,-37.0085],[174.7831,-37.0063],[174.7825,-37.0085],[174.7777,-37.0113]],[[174.7811,-37.0014],[174.7809,-37.0012],[174.7811,-37.0012],[174.7811,-37.0014]],[[174.7862,-37.0094],[174.7867,-37.009],[174.7874,-37.009],[174.7862,-37.0094]],[[174.7772,-37.01],[174.777,-37.01],[174.777,-37.0098],[174.7772,-37.0098],[174.7772,-37.01]]]}},{"type":"Feature","properties":{},"geometry":{"type":"Polygon","coordinates":[[[174.8495,-37.0293],[174.8518,-37.0251],[174.8533,-37.0275],[174.8524,-37.0239],[174.8442,-37.0267],[174.8328,-37.0166],[174.8441,-37.0284],[174.8495,-37.0293]],[[174.8441,-37.0251],[174.8437,-37.0251],[174.8437,-37.025],[174.8441,-37.025],[174.8441,-37.0251]],[[174.8441,-37.0256],[174.8437,-37.0254],[174.8441,-37.0252],[174.8441,-37.0256]]]}},{"type":"Feature","properties":{},"geometry":{"type":"Polygon","coordinates":[[[174.8622,-36.9013],[174.868,-36.8995],[174.8685,-36.8966],[174.8598,-36.8979],[174.8678,-36.8994],[174.8622,-36.9013]]]}},{"type":"Feature","properties":{},"geometry":{"type":"Polygon","coordinates":[[[174.8509,-37.006],[174.8499,-37.0029],[174.8477,-37.0056],[174.8509,-37.006]]]}},{"type":"Feature","properties":{},"geometry":{"type":"Polygon","coordinates":[[[174.8483,-37.024],[174.8471,-37.0191],[174.8379,-37.0156],[174.8431,-37.0097],[174.8485,-37.009],[174.8471,-37.0067],[174.8442,-37.0096],[174.849,-36.9974],[174.8379,-37.0143],[174.8483,-37.024]],[[174.8463,-37.0096],[174.8456,-37.0094],[174.8459,-37.0092],[174.8463,-37.0096]]]}},{"type":"Feature","properties":{},"geometry":{"type":"Polygon","coordinates":[[[174.8506,-36.8786],[174.8523,-36.8736],[174.8477,-36.8741],[174.8506,-36.8786]]]}},{"type":"Feature","properties":{},"geometry":{"type":"Polygon","coordinates":[[[174.8485,-36.88],[174.8499,-36.879],[174.8453,-36.8793],[174.8485,-36.88]]]}},{"type":"Feature","properties":{},"geometry":{"type":"Polygon","coordinates":[[[174.8623,-37.0337],[174.8632,-37.0316],[174.8562,-37.0333],[174.8623,-37.0337]],[[174.8576,-37.0329],[174.8577,-37.0329],[174.8577,-37.0331],[174.8576,-37.0331],[174.8576,-37.0329]]]}},{"type":"Feature","properties":{},"geometry":{"type":"Polygon","coordinates":[[[174.7881,-36.842],[174.7862,-36.8416],[174.7872,-36.8464],[174.7881,-36.842]]]}},{"type":"Feature","properties":{},"geometry":{"type":"Polygon","coordinates":[[[174.8867,-36.944],[174.8972,-36.9432],[174.8912,-36.9414],[174.8867,-36.944]],[[174.8943,-36.9423],[174.8943,-36.9422],[174.8944,-36.9422],[174.8943,-36.9423]]]}},{"type":"Feature","properties":{},"geometry":{"type":"Polygon","coordinates":[[[174.8352,-36.9988],[174.8369,-36.998],[174.8332,-36.997],[174.8352,-36.9988]]]}},{"type":"Feature","properties":{},"geometry":{"type":"Polygon","coordinates":[[[174.9139,-36.9389],[174.9141,-36.9355],[174.9091,-36.9317],[174.9139,-36.9389]],[[174.9098,-36.9324],[174.9094,-36.9323],[174.9098,-36.932],[174.9098,-36.9324]]]}},{"type":"Feature","properties":{},"geometry":{"type":"Polygon","coordinates":[[[174.9173,-36.9425],[174.9204,-36.94],[174.9166,-36.9387],[174.9173,-36.9425]]]}},{"type":"Feature","properties":{},"geometry":{"type":"Polygon","coordinates":[[[174.8244,-37.0108],[174.8275,-37.0086],[174.8221,-37.0097],[174.8244,-37.0108]]]}},{"type":"Feature","properties":{},"geometry":{"type":"Polygon","coordinates":[[[174.7891,-36.9914],[174.7912,-36.9913],[174.7891,-36.9877],[174.7891,-36.9914]]]}},{"type":"Feature","properties":{},"geometry":{"type":"Polygon","coordinates":[[[174.7656,-37.0012],[174.7669,-36.9997],[174.763,-37.0007],[174.7656,-37.0012]]]}},{"type":"Feature","properties":{},"geometry":{"type":"Polygon","coordinates":[[[174.8151,-36.9692],[174.8171,-36.9666],[174.8139,-36.9617],[174.8169,-36.9588],[174.8128,-36.961],[174.8151,-36.9692]],[[174.814,-36.9642],[174.8135,-36.9633],[174.8145,-36.9631],[174.814,-36.9642]]]}},{"type":"Feature","properties":{},"geometry":{"type":"Polygon","coordinates":[[[174.8074,-36.9766],[174.8052,-36.9741],[174.8127,-36.9734],[174.804,-36.9689],[174.804,-36.9744],[174.8074,-36.9766]],[[174.807,-36.9719],[174.8062,-36.9714],[174.8074,-36.9708],[174.807,-36.9719]]]}},{"type":"Feature","properties":{},"geometry":{"type":"Polygon","coordinates":[[[174.7886,-37.0106],[174.7821,-37.0116],[174.7838,-37.012],[174.7886,-37.0106]]]}},{"type":"Feature","properties":{},"geometry":{"type":"Polygon","coordinates":[[[174.7526,-36.9981],[174.7548,-36.9946],[174.7497,-36.9973],[174.7526,-36.9981]]]}},{"type":"Feature","properties":{},"geometry":{"type":"Polygon","coordinates":[[[174.8605,-36.9788],[174.8526,-36.983],[174.8596,-36.9815],[174.8605,-36.9788]]]}},{"type":"Feature","properties":{},"geometry":{"type":"Polygon","coordinates":[[[174.9006,-36.86],[174.903,-36.8562],[174.9001,-36.8587],[174.9006,-36.86]]]}},{"type":"Feature","properties":{},"geometry":{"type":"Polygon","coordinates":[[[174.8985,-36.8882],[174.898,-36.8913],[174.8994,-36.8913],[174.8985,-36.8882]]]}},{"type":"Feature","properties":{},"geometry":{"type":"Polygon","coordinates":[[[174.734,-36.8502],[174.7389,-36.8494],[174.7386,-36.8484],[174.734,-36.8502]]]}},{"type":"Feature","properties":{},"geometry":{"type":"Polygon","coordinates":[[[174.7434,-36.8625],[174.7319,-36.8536],[174.7359,-36.8523],[174.7229,-36.8517],[174.7261,-36.8543],[174.7253,-36.8523],[174.729,-36.8513],[174.7348,-36.8587],[174.7434,-36.8625]]]}},{"type":"Feature","properties":{},"geometry":{"type":"Polygon","coordinates":[[[174.7227,-36.8633],[174.7195,-36.8592],[174.7198,-36.8628],[174.7227,-36.8633]]]}},{"type":"Feature","properties":{},"geometry":{"type":"Polygon","coordinates":[[[174.7263,-36.8675],[174.7258,-36.8637],[174.721,-36.865],[174.7263,-36.8675]],[[174.722,-36.8659],[174.7219,-36.8659],[174.7219,-36.8658],[174.722,-36.8658],[174.722,-36.8659]],[[174.7231,-36.8662],[174.7227,-36.8662],[174.7229,-36.8659],[174.7231,-36.8662]]]}},{"type":"Feature","properties":{},"geometry":{"type":"Polygon","coordinates":[[[174.7743,-36.9583],[174.7738,-36.9537],[174.7705,-36.9564],[174.7743,-36.9583]]]}},{"type":"Feature","properties":{},"geometry":{"type":"Polygon","coordinates":[[[174.7934,-36.9976],[174.7929,-36.9992],[174.797,-36.9996],[174.7934,-36.9976]]]}},{"type":"Feature","properties":{},"geometry":{"type":"Polygon","coordinates":[[[174.8024,-36.9842],[174.8012,-36.9794],[174.8012,-36.9835],[174.8024,-36.9842]]]}},{"type":"Feature","properties":{},"geometry":{"type":"Polygon","coordinates":[[[174.8429,-36.9767],[174.8402,-36.9749],[174.8396,-36.9796],[174.8427,-36.982],[174.8429,-36.9767]],[[174.8429,-36.9797],[174.8432,-36.9797],[174.8431,-36.98],[174.8429,-36.9797]]]}},{"type":"Feature","properties":{},"geometry":{"type":"Polygon","coordinates":[[[174.805,-36.9665],[174.8058,-36.9651],[174.8007,-36.9632],[174.805,-36.9665]]]}},{"type":"Feature","properties":{},"geometry":{"type":"Polygon","coordinates":[[[174.8654,-37.0222],[174.8717,-37.0206],[174.8649,-37.021],[174.8709,-37.0166],[174.8589,-37.0201],[174.8654,-37.0222]]]}},{"type":"Feature","properties":{},"geometry":{"type":"Polygon","coordinates":[[[174.861,-36.8906],[174.8579,-36.888],[174.8565,-36.8888],[174.861,-36.8906]]]}},{"type":"Feature","properties":{},"geometry":{"type":"Polygon","coordinates":[[[174.868,-36.8917],[174.8678,-36.8905],[174.8618,-36.8909],[174.868,-36.8917]]]}},{"type":"Feature","properties":{},"geometry":{"type":"Polygon","coordinates":[[[174.7932,-36.9519],[174.7936,-36.9496],[174.7898,-36.9509],[174.7932,-36.9519]],[[174.7936,-36.9504],[174.7932,-36.9502],[174.7936,-36.9501],[174.7936,-36.9504]],[[174.7908,-36.9512],[174.7907,-36.9512],[174.7907,-36.9511],[174.7908,-36.9511],[174.7908,-36.9512]]]}},{"type":"Feature","properties":{},"geometry":{"type":"Polygon","coordinates":[[[174.7956,-36.9541],[174.7968,-36.95],[174.7939,-36.9516],[174.7956,-36.9541]],[[174.7949,-36.9526],[174.7947,-36.9526],[174.7947,-36.9524],[174.7949,-36.9524],[174.7949,-36.9526]],[[174.7953,-36.9534],[174.7951,-36.9534],[174.7951,-36.9532],[174.7953,-36.9534]]]}},{"type":"Feature","properties":{},"geometry":{"type":"Polygon","coordinates":[[[174.7968,-36.955],[174.8016,-36.953],[174.7977,-36.9537],[174.7968,-36.955]]]}},{"type":"Feature","properties":{},"geometry":{"type":"Polygon","coordinates":[[[174.9354,-36.9996],[174.9362,-36.9976],[174.9333,-36.9977],[174.9354,-36.9996]],[[174.9356,-36.9985],[174.9354,-36.998],[174.9359,-36.9978],[174.9356,-36.9985]]]}},{"type":"Feature","properties":{},"geometry":{"type":"Polygon","coordinates":[[[174.9067,-36.9571],[174.9187,-36.9552],[174.9098,-36.9537],[174.9112,-36.9515],[174.9047,-36.9567],[174.9067,-36.9571]],[[174.9115,-36.9541],[174.9113,-36.9541],[174.9113,-36.9539],[174.9115,-36.9539],[174.9115,-36.9541]],[[174.9065,-36.9558],[174.9062,-36.9558],[174.9067,-36.9554],[174.9065,-36.9558]],[[174.9062,-36.9564],[174.906,-36.9564],[174.906,-36.9561],[174.9062,-36.9561],[174.9062,-36.9564]]]}},{"type":"Feature","properties":{},"geometry":{"type":"Polygon","coordinates":[[[174.8791,-36.9327],[174.8782,-36.929],[174.8772,-36.9311],[174.8791,-36.9327]]]}},{"type":"Feature","properties":{},"geometry":{"type":"Polygon","coordinates":[[[174.7651,-36.8499],[174.77,-36.8445],[174.7661,-36.843],[174.7651,-36.8499]],[[174.769,-36.8447],[174.7683,-36.8442],[174.7693,-36.8439],[174.769,-36.8447]]]}},{"type":"Feature","properties":{},"geometry":{"type":"Polygon","coordinates":[[[174.775,-36.9662],[174.7767,-36.9657],[174.7751,-36.9623],[174.775,-36.9662]],[[174.7748,-36.9657],[174.7746,-36.9657],[174.7748,-36.9632],[174.7748,-36.9657]]]}},{"type":"Feature","properties":{},"geometry":{"type":"Polygon","coordinates":[[[174.8337,-36.9577],[174.834,-36.9515],[174.8325,-36.9554],[174.8337,-36.9577]],[[174.8337,-36.9575],[174.8333,-36.9572],[174.8335,-36.9571],[174.8338,-36.9573],[174.8337,-36.9575]]]}},{"type":"Feature","properties":{},"geometry":{"type":"Polygon","coordinates":[[[174.8608,-37.0254],[174.8593,-37.0214],[174.8591,-37.0241],[174.8608,-37.0254]]]}},{"type":"Feature","properties":{},"geometry":{"type":"Polygon","coordinates":[[[174.9388,-36.898],[174.9412,-36.8962],[174.9395,-36.8955],[174.9388,-36.898]]]}},{"type":"Feature","properties":{},"geometry":{"type":"Polygon","coordinates":[[[174.8272,-36.8563],[174.8306,-36.852],[174.8335,-36.8547],[174.8323,-36.8476],[174.8285,-36.8484],[174.8272,-36.8563]],[[174.8328,-36.8488],[174.8321,-36.8488],[174.8328,-36.8484],[174.8328,-36.8488]],[[174.8338,-36.849],[174.833,-36.849],[174.834,-36.8487],[174.8338,-36.849]],[[174.8291,-36.8495],[174.8296,-36.8488],[174.8297,-36.8494],[174.8291,-36.8495]],[[174.8304,-36.8517],[174.8303,-36.8517],[174.8303,-36.8516],[174.8304,-36.8516],[174.8304,-36.8517]]]}},{"type":"Feature","properties":{},"geometry":{"type":"Polygon","coordinates":[[[174.9233,-36.9892],[174.9236,-36.9845],[174.9224,-36.9856],[174.9233,-36.9892]]]}},{"type":"Feature","properties":{},"geometry":{"type":"Polygon","coordinates":[[[174.7681,-36.9906],[174.7678,-36.9846],[174.772,-36.9892],[174.7789,-36.9854],[174.7705,-36.9853],[174.7632,-36.9804],[174.7598,-36.985],[174.7668,-36.983],[174.7681,-36.9906]]]}},{"type":"Feature","properties":{},"geometry":{"type":"Polygon","coordinates":[[[174.7813,-36.9918],[174.7831,-36.991],[174.7799,-36.9894],[174.7813,-36.9918]]]}},{"type":"Feature","properties":{},"geometry":{"type":"Polygon","coordinates":[[[174.7785,-37.0151],[174.7661,-37.0179],[174.7673,-37.0187],[174.7785,-37.0151]]]}},{"type":"Feature","properties":{},"geometry":{"type":"Polygon","coordinates":[[[174.7456,-36.9882],[174.7514,-36.9877],[174.7466,-36.9868],[174.7456,-36.9882]]]}},{"type":"Feature","properties":{},"geometry":{"type":"Polygon","coordinates":[[[174.7681,-36.9927],[174.7703,-36.9921],[174.7681,-36.9905],[174.7681,-36.9927]]]}},{"type":"Feature","properties":{},"geometry":{"type":"Polygon","coordinates":[[[174.7495,-36.9952],[174.7471,-36.9928],[174.7463,-36.9947],[174.7495,-36.9952]]]}},{"type":"Feature","properties":{},"geometry":{"type":"Polygon","coordinates":[[[174.8291,-36.9494],[174.8285,-36.9459],[174.827,-36.9492],[174.8291,-36.9494]]]}},{"type":"Feature","properties":{},"geometry":{"type":"Polygon","coordinates":[[[174.7538,-36.8501],[174.7587,-36.8461],[174.7558,-36.8432],[174.7514,-36.8475],[174.7538,-36.8501]],[[174.7567,-36.8447],[174.7548,-36.8441],[174.7565,-36.8435],[174.7567,-36.8447]],[[174.7562,-36.846],[174.7557,-36.8451],[174.7565,-36.845],[174.7562,-36.846]],[[174.7579,-36.8461],[174.7567,-36.8461],[174.7568,-36.8453],[174.7579,-36.8461]],[[174.7524,-36.8475],[174.7523,-36.8475],[174.7523,-36.8472],[174.7524,-36.8472],[174.7524,-36.8475]],[[174.7517,-36.848],[174.7514,-36.8479],[174.7523,-36.8476],[174.7517,-36.848]],[[174.7562,-36.848],[174.7558,-36.848],[174.7558,-36.8479],[174.7562,-36.8479],[174.7562,-36.848]]]}},{"type":"Feature","properties":{},"geometry":{"type":"Polygon","coordinates":[[[174.7524,-36.8559],[174.7534,-36.8502],[174.7512,-36.8527],[174.7524,-36.8559]],[[174.7534,-36.8544],[174.7533,-36.8544],[174.7533,-36.8543],[174.7534,-36.8543],[174.7534,-36.8544]]]}},{"type":"Feature","properties":{},"geometry":{"type":"Polygon","coordinates":[[[174.9052,-36.9141],[174.9043,-36.9043],[174.9076,-36.9078],[174.905,-36.9047],[174.9083,-36.9026],[174.9045,-36.9034],[174.9052,-36.8992],[174.9117,-36.9],[174.9057,-36.8979],[174.9019,-36.9037],[174.904,-36.9032],[174.9052,-36.9141]],[[174.906,-36.9018],[174.9059,-36.9018],[174.9059,-36.9017],[174.906,-36.9017],[174.906,-36.9018]],[[174.9057,-36.9021],[174.9054,-36.9021],[174.9054,-36.9018],[174.9057,-36.9021]],[[174.9054,-36.9024],[174.9052,-36.9024],[174.9052,-36.9022],[174.9054,-36.9022],[174.9054,-36.9024]],[[174.906,-36.9029],[174.9059,-36.9029],[174.9059,-36.9026],[174.906,-36.9026],[174.906,-36.9029]],[[174.9062,-36.8994],[174.9062,-36.8988],[174.9065,-36.8988],[174.9062,-36.8994]]]}},{"type":"Feature","properties":{},"geometry":{"type":"Polygon","coordinates":[[[174.8908,-36.9193],[174.8917,-36.9187],[174.8885,-36.9161],[174.8908,-36.9193]]]}},{"type":"Feature","properties":{},"geometry":{"type":"Polygon","coordinates":[[[174.9072,-36.9291],[174.9019,-36.9217],[174.9048,-36.9201],[174.9077,-36.9228],[174.903,-36.9171],[174.9065,-36.9161],[174.9002,-36.9191],[174.8949,-36.9155],[174.8953,-36.9116],[174.891,-36.9081],[174.8927,-36.8999],[174.8866,-36.8987],[174.8907,-36.9004],[174.8874,-36.9043],[174.8927,-36.9095],[174.8835,-36.9126],[174.884,-36.9152],[174.8914,-36.9112],[174.8948,-36.9165],[174.8873,-36.9221],[174.8883,-36.9241],[174.8925,-36.9257],[174.8915,-36.922],[174.8982,-36.9183],[174.9072,-36.9291]],[[174.9019,-36.9204],[174.9014,-36.9181],[174.903,-36.9185],[174.9019,-36.9204]],[[174.8849,-36.9131],[174.8847,-36.9129],[174.885,-36.9129],[174.8849,-36.9131]],[[174.885,-36.9137],[174.8845,-36.9135],[174.8849,-36.9134],[174.885,-36.9137]]]}},{"type":"Feature","properties":{},"geometry":{"type":"Polygon","coordinates":[[[174.869,-37.0083],[174.868,-37.0066],[174.8722,-37.0066],[174.8656,-37.0022],[174.8644,-37.0056],[174.869,-37.0083]],[[174.8695,-37.0059],[174.869,-37.0056],[174.8693,-37.0053],[174.8695,-37.0059]],[[174.8675,-37.0079],[174.8669,-37.0071],[174.8678,-37.007],[174.8675,-37.0079]]]}},{"type":"Feature","properties":{},"geometry":{"type":"Polygon","coordinates":[[[174.8748,-37.0102],[174.8738,-37.0068],[174.8719,-37.0075],[174.8748,-37.0102]]]}},{"type":"Feature","properties":{},"geometry":{"type":"Polygon","coordinates":[[[174.7785,-36.961],[174.7813,-36.958],[174.7801,-36.9542],[174.7739,-36.9561],[174.7785,-36.961]],[[174.779,-36.9573],[174.7784,-36.9564],[174.7792,-36.9564],[174.779,-36.9573]]]}},{"type":"Feature","properties":{},"geometry":{"type":"Polygon","coordinates":[[[174.8816,-36.9887],[174.8796,-36.9887],[174.8856,-36.9912],[174.8816,-36.9887]]]}},{"type":"Feature","properties":{},"geometry":{"type":"Polygon","coordinates":[[[174.8204,-37.0038],[174.8193,-37.0022],[174.8154,-37.0022],[174.8204,-37.0038]]]}},{"type":"Feature","properties":{},"geometry":{"type":"Polygon","coordinates":[[[174.853,-36.994],[174.8548,-36.9932],[174.8528,-36.9903],[174.853,-36.994]]]}},{"type":"Feature","properties":{},"geometry":{"type":"Polygon","coordinates":[[[174.9108,-36.9976],[174.9115,-36.9931],[174.91,-36.9933],[174.9108,-36.9976]]]}},{"type":"Feature","properties":{},"geometry":{"type":"Polygon","coordinates":[[[174.9028,-37.0113],[174.8985,-37.0071],[174.9041,-37.0097],[174.9041,-37.0066],[174.911,-37.0026],[174.9182,-37.0023],[174.9117,-37.0015],[174.9108,-36.9976],[174.9084,-37.0052],[174.8975,-37.0059],[174.9028,-37.0113]]]}},{"type":"Feature","properties":{},"geometry":{"type":"Polygon","coordinates":[[[174.911,-37.0113],[174.9127,-37.0101],[174.9105,-37.0081],[174.911,-37.0113]]]}},{"type":"Feature","properties":{},"geometry":{"type":"Polygon","coordinates":[[[174.8874,-37.0131],[174.8936,-37.0115],[174.8869,-37.0113],[174.8879,-37.0062],[174.896,-37.0064],[174.8893,-37.0051],[174.8808,-36.9961],[174.8898,-36.9963],[174.8965,-37.0006],[174.8948,-36.9993],[174.8992,-36.9982],[174.8692,-36.9966],[174.8731,-36.9913],[174.8767,-36.9935],[174.8739,-36.9906],[174.8782,-36.9906],[174.8702,-36.9907],[174.8687,-36.9858],[174.8647,-36.9865],[174.8649,-36.9779],[174.8599,-36.9861],[174.8635,-36.991],[174.8589,-36.9914],[174.8594,-36.9935],[174.8671,-37.0006],[174.8809,-36.9992],[174.8874,-37.0131]],[[174.8941,-37.0064],[174.8939,-37.0063],[174.8946,-37.006],[174.8941,-37.0064]],[[174.8623,-36.9856],[174.862,-36.9854],[174.8623,-36.9849],[174.8623,-36.9856]],[[174.8664,-36.992],[174.8654,-36.9917],[174.8668,-36.9917],[174.8664,-36.992]],[[174.8664,-36.9955],[174.8658,-36.9947],[174.8666,-36.9952],[174.8664,-36.9955]],[[174.8623,-36.9959],[174.8622,-36.9947],[174.8629,-36.9946],[174.8623,-36.9959]],[[174.8714,-36.9969],[174.8702,-36.9969],[174.8704,-36.9967],[174.8714,-36.9969]],[[174.8688,-36.9972],[174.8683,-36.9972],[174.8698,-36.9969],[174.8688,-36.9972]],[[174.8806,-36.9977],[174.8786,-36.9976],[174.8808,-36.9973],[174.8806,-36.9977]],[[174.8745,-36.9978],[174.8733,-36.9967],[174.8767,-36.9963],[174.8745,-36.9978]],[[174.868,-36.9984],[174.8676,-36.9982],[174.868,-36.998],[174.868,-36.9984]],[[174.8888,-37.0057],[174.8883,-37.0055],[174.8885,-37.0053],[174.8888,-37.0057]]]}},{"type":"Feature","properties":{},"geometry":{"type":"Polygon","coordinates":[[[174.835,-36.9818],[174.8357,-36.9798],[174.8326,-36.9808],[174.835,-36.9818]]]}},{"type":"Feature","properties":{},"geometry":{"type":"Polygon","coordinates":[[[174.8982,-36.9365],[174.9016,-36.9305],[174.8968,-36.9325],[174.8982,-36.9365]]]}},{"type":"Feature","properties":{},"geometry":{"type":"Polygon","coordinates":[[[174.8285,-36.9886],[174.8267,-36.9842],[174.8248,-36.9876],[174.8285,-36.9886]],[[174.8287,-36.9862],[174.8285,-36.986],[174.8289,-36.9858],[174.8287,-36.9862]],[[174.827,-36.9864],[174.8265,-36.9857],[174.8272,-36.9857],[174.827,-36.9864]]]}},{"type":"Feature","properties":{},"geometry":{"type":"Polygon","coordinates":[[[174.7738,-36.864],[174.7753,-36.8629],[174.772,-36.8614],[174.7738,-36.864]],[[174.7724,-36.8622],[174.7722,-36.8622],[174.7722,-36.8621],[174.7724,-36.8621],[174.7724,-36.8622]],[[174.7748,-36.8629],[174.7746,-36.8629],[174.7746,-36.8628],[174.7748,-36.8628],[174.7748,-36.8629]],[[174.7743,-36.8632],[174.7741,-36.8632],[174.7741,-36.863],[174.7743,-36.863],[174.7743,-36.8632]],[[174.7739,-36.8636],[174.7738,-36.8636],[174.7738,-36.8634],[174.7739,-36.8634],[174.7739,-36.8636]],[[174.7736,-36.8637],[174.7734,-36.8637],[174.7734,-36.8636],[174.7736,-36.8636],[174.7736,-36.8637]]]}},{"type":"Feature","properties":{},"geometry":{"type":"Polygon","coordinates":[[[174.7507,-36.9704],[174.7661,-36.9654],[174.7746,-36.9668],[174.7546,-36.9618],[174.7551,-36.9696],[174.7507,-36.9704]],[[174.771,-36.9663],[174.7707,-36.9663],[174.7707,-36.9662],[174.771,-36.9662],[174.771,-36.9663]],[[174.7558,-36.9648],[174.7555,-36.9643],[174.756,-36.9642],[174.7558,-36.9648]],[[174.7565,-36.9693],[174.7563,-36.9693],[174.7563,-36.9692],[174.7565,-36.9692],[174.7565,-36.9693]]]}},{"type":"Feature","properties":{},"geometry":{"type":"Polygon","coordinates":[[[174.8919,-36.9509],[174.8984,-36.9472],[174.8922,-36.9486],[174.8929,-36.946],[174.8886,-36.9502],[174.8919,-36.9509]],[[174.8915,-36.9504],[174.8905,-36.9504],[174.8914,-36.9494],[174.8915,-36.9504]]]}},{"type":"Feature","properties":{},"geometry":{"type":"Polygon","coordinates":[[[174.8668,-36.9564],[174.8707,-36.9557],[174.8673,-36.9535],[174.8668,-36.9564]]]}},{"type":"Feature","properties":{},"geometry":{"type":"Polygon","coordinates":[[[174.8697,-36.9591],[174.8705,-36.9561],[174.8687,-36.9565],[174.8697,-36.9591]]]}},{"type":"Feature","properties":{},"geometry":{"type":"Polygon","coordinates":[[[174.9337,-36.962],[174.9321,-36.9569],[174.9306,-36.9605],[174.9337,-36.962]],[[174.9332,-36.9609],[174.933,-36.9608],[174.9333,-36.9608],[174.9332,-36.9609]]]}},{"type":"Feature","properties":{},"geometry":{"type":"Polygon","coordinates":[[[174.9072,-36.9706],[174.9084,-36.9692],[174.9057,-36.9674],[174.9072,-36.9706]],[[174.9067,-36.9691],[174.9062,-36.9691],[174.9062,-36.9689],[174.9067,-36.9689],[174.9067,-36.9691]]]}},{"type":"Feature","properties":{},"geometry":{"type":"Polygon","coordinates":[[[174.8733,-36.9782],[174.8763,-36.9752],[174.8702,-36.9752],[174.875,-36.9759],[174.8733,-36.9782]],[[174.8722,-36.9756],[174.8721,-36.9756],[174.8722,-36.9753],[174.8722,-36.9756]]]}},{"type":"Feature","properties":{},"geometry":{"type":"Polygon","coordinates":[[[174.9048,-36.9797],[174.9007,-36.9732],[174.8995,-36.9744],[174.9048,-36.9797]],[[174.9002,-36.9747],[174.9001,-36.9745],[174.9001,-36.9743],[174.9002,-36.9744],[174.9002,-36.9747]],[[174.9023,-36.9773],[174.9013,-36.976],[174.9026,-36.9764],[174.9023,-36.9773]],[[174.9026,-36.9779],[174.9024,-36.9779],[174.9024,-36.9778],[174.9026,-36.9778],[174.9026,-36.9779]]]}},{"type":"Feature","properties":{},"geometry":{"type":"Polygon","coordinates":[[[174.8719,-36.9837],[174.8729,-36.9783],[174.8668,-36.98],[174.8719,-36.9837]],[[174.8692,-36.9794],[174.8688,-36.9793],[174.8692,-36.9792],[174.8692,-36.9794]],[[174.8721,-36.9793],[174.8719,-36.9792],[174.8726,-36.9789],[174.8721,-36.9793]],[[174.8714,-36.9796],[174.8709,-36.9793],[174.8716,-36.979],[174.8714,-36.9796]],[[174.8714,-36.9815],[174.8705,-36.9808],[174.8712,-36.9807],[174.8714,-36.9815]]]}},{"type":"Feature","properties":{},"geometry":{"type":"Polygon","coordinates":[[[174.8811,-36.9852],[174.8832,-36.9831],[174.8803,-36.9819],[174.8811,-36.9852]]]}},{"type":"Feature","properties":{},"geometry":{"type":"Polygon","coordinates":[[[174.8925,-36.9887],[174.8941,-36.9873],[174.8893,-36.9842],[174.8925,-36.9822],[174.891,-36.979],[174.8994,-36.9846],[174.9011,-36.982],[174.9014,-36.986],[174.9062,-36.9843],[174.8886,-36.977],[174.8854,-36.9715],[174.8873,-36.9723],[174.8815,-36.9695],[174.883,-36.9635],[174.8914,-36.9722],[174.8898,-36.9687],[174.8978,-36.9722],[174.8973,-36.97],[174.8849,-36.9628],[174.8815,-36.9638],[174.8801,-36.9601],[174.8931,-36.9558],[174.9026,-36.9635],[174.9054,-36.9623],[174.9152,-36.9723],[174.9086,-36.9647],[174.9101,-36.9633],[174.9251,-36.9655],[174.9108,-36.9608],[174.9077,-36.9633],[174.9001,-36.9587],[174.8987,-36.9569],[174.9028,-36.9569],[174.8984,-36.9535],[174.8914,-36.9558],[174.8852,-36.9541],[174.8797,-36.9593],[174.8809,-36.9512],[174.8857,-36.95],[174.8765,-36.9453],[174.8797,-36.9434],[174.8666,-36.9478],[174.8646,-36.9466],[174.8676,-36.9451],[174.8644,-36.9429],[174.8615,-36.946],[174.8678,-36.9519],[174.8676,-36.949],[174.876,-36.9464],[174.8794,-36.9498],[174.878,-36.9594],[174.8738,-36.9597],[174.8789,-36.9633],[174.8755,-36.9658],[174.8815,-36.9663],[174.8786,-36.9698],[174.8729,-36.9681],[174.8772,-36.9738],[174.8833,-36.9718],[174.885,-36.9775],[174.8821,-36.9804],[174.8873,-36.9801],[174.8874,-36.9854],[174.8925,-36.9887]],[[174.8927,-36.9788],[174.8915,-36.9786],[174.892,-36.9779],[174.8927,-36.9788]],[[174.8936,-36.9789],[174.8932,-36.9789],[174.8932,-36.9786],[174.8936,-36.9786],[174.8936,-36.9789]],[[174.8978,-36.9828],[174.8975,-36.982],[174.8978,-36.9822],[174.8978,-36.9828]],[[174.8888,-36.9663],[174.8881,-36.9658],[174.8885,-36.9657],[174.8888,-36.9663]],[[174.8891,-36.9669],[174.889,-36.9669],[174.889,-36.9666],[174.8891,-36.9666],[174.8891,-36.9669]],[[174.8849,-36.9627],[174.8847,-36.9627],[174.8847,-36.9625],[174.8849,-36.9625],[174.8849,-36.9627]],[[174.9137,-36.9699],[174.9135,-36.9699],[174.9135,-36.9696],[174.9137,-36.9696],[174.9137,-36.9699]],[[174.9158,-36.9628],[174.9152,-36.9627],[174.9156,-36.9623],[174.9158,-36.9628]],[[174.9166,-36.9631],[174.9163,-36.9627],[174.9168,-36.9627],[174.9166,-36.9631]],[[174.919,-36.9654],[174.9187,-36.9654],[174.919,-36.9647],[174.9193,-36.9651],[174.919,-36.9654]],[[174.9217,-36.9655],[174.9216,-36.9651],[174.9224,-36.965],[174.9217,-36.9655]],[[174.8792,-36.9587],[174.8789,-36.9587],[174.8789,-36.9584],[174.8792,-36.9584],[174.8792,-36.9587]],[[174.8796,-36.9704],[174.8789,-36.9704],[174.8799,-36.97],[174.8796,-36.9704]],[[174.8772,-36.9708],[174.877,-36.9708],[174.877,-36.9707],[174.8772,-36.9708]],[[174.8786,-36.9717],[174.878,-36.9711],[174.8787,-36.971],[174.8786,-36.9717]],[[174.8845,-36.9736],[174.8833,-36.9721],[174.8844,-36.9718],[174.8845,-36.9736]],[[174.8849,-36.9786],[174.8847,-36.9786],[174.8849,-36.9783],[174.8849,-36.9786]],[[174.8914,-36.9788],[174.8903,-36.9783],[174.891,-36.9781],[174.8914,-36.9788]],[[174.8891,-36.983],[174.8857,-36.9751],[174.8907,-36.9789],[174.8891,-36.983]]]}},{"type":"Feature","properties":{},"geometry":{"type":"Polygon","coordinates":[[[174.862,-36.9519],[174.8611,-36.9487],[174.8599,-36.9502],[174.862,-36.9519]]]}},{"type":"Feature","properties":{},"geometry":{"type":"Polygon","coordinates":[[[174.9033,-36.8685],[174.9031,-36.8633],[174.8992,-36.8617],[174.9033,-36.8685]],[[174.9011,-36.8643],[174.9011,-36.8633],[174.9019,-36.8637],[174.9011,-36.8643]]]}},{"type":"Feature","properties":{},"geometry":{"type":"Polygon","coordinates":[[[174.861,-37.0413],[174.8671,-37.0348],[174.8671,-37.0308],[174.861,-37.0413]],[[174.8669,-37.0346],[174.8664,-37.0346],[174.8669,-37.0344],[174.8669,-37.0346]]]}},{"type":"Feature","properties":{},"geometry":{"type":"Polygon","coordinates":[[[174.8634,-37.0432],[174.8606,-37.0417],[174.8577,-37.0424],[174.8634,-37.0432]]]}},{"type":"Feature","properties":{},"geometry":{"type":"Polygon","coordinates":[[[174.9141,-36.9485],[174.906,-36.9417],[174.9094,-36.9393],[174.903,-36.9343],[174.9024,-36.9283],[174.903,-36.935],[174.9077,-36.9388],[174.9054,-36.9438],[174.9141,-36.9485]],[[174.9094,-36.9453],[174.9081,-36.9437],[174.9094,-36.9438],[174.9094,-36.9453]],[[174.9103,-36.9463],[174.9096,-36.9459],[174.9106,-36.9456],[174.9103,-36.9463]],[[174.913,-36.9472],[174.9125,-36.9471],[174.9132,-36.9468],[174.913,-36.9472]]]}},{"type":"Feature","properties":{},"geometry":{"type":"Polygon","coordinates":[[[174.8919,-36.9966],[174.8994,-36.9925],[174.891,-36.9955],[174.8919,-36.9966]],[[174.8965,-36.9935],[174.8966,-36.9931],[174.897,-36.9933],[174.8965,-36.9935]]]}},{"type":"Feature","properties":{},"geometry":{"type":"Polygon","coordinates":[[[174.7695,-36.9509],[174.7705,-36.9486],[174.7674,-36.9483],[174.7695,-36.9509]]]}},{"type":"Feature","properties":{},"geometry":{"type":"Polygon","coordinates":[[[174.7697,-36.9812],[174.7736,-36.9793],[174.7683,-36.9764],[174.7697,-36.9812]]]}},{"type":"Feature","properties":{},"geometry":{"type":"Polygon","coordinates":[[[174.8649,-36.9594],[174.8668,-36.9583],[174.8627,-36.9575],[174.8649,-36.9594]]]}},{"type":"Feature","properties":{},"geometry":{"type":"Polygon","coordinates":[[[174.9079,-36.8856],[174.9101,-36.8816],[174.9089,-36.8813],[174.9079,-36.8856]]]}},{"type":"Feature","properties":{},"geometry":{"type":"Polygon","coordinates":[[[174.9197,-36.8954],[174.9176,-36.8931],[174.9164,-36.8944],[174.9197,-36.8954]]]}},{"type":"Feature","properties":{},"geometry":{"type":"Polygon","coordinates":[[[174.9094,-36.8985],[174.9112,-36.8974],[174.9067,-36.8951],[174.9098,-36.8925],[174.9076,-36.889],[174.9164,-36.8888],[174.9147,-36.8865],[174.9067,-36.8875],[174.9043,-36.8927],[174.9043,-36.8972],[174.9094,-36.8985]],[[174.9076,-36.8884],[174.9074,-36.8884],[174.9074,-36.8883],[174.9076,-36.8883],[174.9076,-36.8884]],[[174.905,-36.894],[174.9048,-36.8938],[174.9054,-36.8938],[174.905,-36.894]],[[174.9096,-36.8924],[174.9093,-36.8923],[174.9094,-36.8921],[174.9096,-36.8924]],[[174.9074,-36.8942],[174.9065,-36.8933],[174.9079,-36.8923],[174.9074,-36.8942]],[[174.9064,-36.8965],[174.9054,-36.8959],[174.9055,-36.8954],[174.9064,-36.8965]]]}},{"type":"Feature","properties":{},"geometry":{"type":"Polygon","coordinates":[[[174.8748,-36.9526],[174.8758,-36.9508],[174.8717,-36.95],[174.8748,-36.9526]]]}},{"type":"Feature","properties":{},"geometry":{"type":"Polygon","coordinates":[[[174.8367,-36.9879],[174.8463,-36.9837],[174.8362,-36.9858],[174.8367,-36.9879]]]}},{"type":"Feature","properties":{},"geometry":{"type":"Polygon","coordinates":[[[174.8157,-37.0179],[174.8161,-37.015],[174.8103,-37.0138],[174.8103,-37.0166],[174.8157,-37.0179]],[[174.8115,-37.0162],[174.8113,-37.0162],[174.8113,-37.0161],[174.8115,-37.0161],[174.8115,-37.0162]],[[174.8137,-37.0175],[174.8132,-37.0171],[174.8139,-37.0169],[174.8137,-37.0175]]]}},{"type":"Feature","properties":{},"geometry":{"type":"Polygon","coordinates":[[[174.8352,-36.944],[174.8357,-36.9406],[174.833,-36.943],[174.8352,-36.944]]]}},{"type":"Feature","properties":{},"geometry":{"type":"Polygon","coordinates":[[[174.9465,-36.9041],[174.9518,-36.9013],[174.9506,-36.8992],[174.9465,-36.9041]]]}},{"type":"Feature","properties":{},"geometry":{"type":"Polygon","coordinates":[[[174.89,-36.9366],[174.8867,-36.9298],[174.8876,-36.9358],[174.89,-36.9366]],[[174.889,-36.9335],[174.8886,-36.9331],[174.8891,-36.9331],[174.889,-36.9335]]]}},{"type":"Feature","properties":{},"geometry":{"type":"Polygon","coordinates":[[[174.8796,-36.9088],[174.8799,-36.9071],[174.8758,-36.9054],[174.8796,-36.9088]]]}},{"type":"Feature","properties":{},"geometry":{"type":"Polygon","coordinates":[[[174.8089,-36.953],[174.8082,-36.9502],[174.8055,-36.9513],[174.8089,-36.953]]]}},{"type":"Feature","properties":{},"geometry":{"type":"Polygon","coordinates":[[[174.819,-36.9543],[174.8229,-36.9522],[174.8151,-36.9497],[174.8099,-36.9524],[174.819,-36.9543]],[[174.8224,-36.952],[174.8221,-36.952],[174.8221,-36.9519],[174.8224,-36.9519],[174.8224,-36.952]]]}},{"type":"Feature","properties":{},"geometry":{"type":"Polygon","coordinates":[[[174.8062,-36.9579],[174.8094,-36.9564],[174.8064,-36.9558],[174.8062,-36.9579]]]}},{"type":"Feature","properties":{},"geometry":{"type":"Polygon","coordinates":[[[174.9112,-36.9778],[174.9117,-36.9737],[174.9101,-36.9737],[174.9112,-36.9778]]]}},{"type":"Feature","properties":{},"geometry":{"type":"Polygon","coordinates":[[[174.7913,-36.9433],[174.7905,-36.9397],[174.7898,-36.9422],[174.7913,-36.9433]],[[174.791,-36.9408],[174.7908,-36.9408],[174.7908,-36.9407],[174.791,-36.9407],[174.791,-36.9408]]]}},{"type":"Feature","properties":{},"geometry":{"type":"Polygon","coordinates":[[[174.8282,-36.9793],[174.8308,-36.9764],[174.8285,-36.9741],[174.8251,-36.9767],[174.8282,-36.9793]],[[174.8262,-36.977],[174.8263,-36.9766],[174.8265,-36.9768],[174.8262,-36.977]]]}},{"type":"Feature","properties":{},"geometry":{"type":"Polygon","coordinates":[[[174.8279,-36.9583],[174.8244,-36.9542],[174.8207,-36.9543],[174.8279,-36.9583]],[[174.8231,-36.9546],[174.8226,-36.9543],[174.8231,-36.9543],[174.8231,-36.9546]],[[174.826,-36.9573],[174.8253,-36.9567],[174.8258,-36.9565],[174.826,-36.9573]]]}},{"type":"Feature","properties":{},"geometry":{"type":"Polygon","coordinates":[[[174.7568,-37.0017],[174.7654,-36.9957],[174.7587,-36.997],[174.7568,-37.0017]]]}},{"type":"Feature","properties":{},"geometry":{"type":"Polygon","coordinates":[[[174.8303,-36.9573],[174.8313,-36.9556],[174.8277,-36.9553],[174.8303,-36.9573]],[[174.8287,-36.9556],[174.8284,-36.9554],[174.8287,-36.9553],[174.8287,-36.9556]],[[174.8303,-36.9561],[174.8301,-36.9561],[174.8301,-36.956],[174.8303,-36.956],[174.8303,-36.9561]]]}},{"type":"Feature","properties":{},"geometry":{"type":"Polygon","coordinates":[[[174.6372,-36.9179],[174.6377,-36.9133],[174.6358,-36.9164],[174.6372,-36.9179]]]}},{"type":"Feature","properties":{},"geometry":{"type":"Polygon","coordinates":[[[174.6558,-36.9261],[174.6606,-36.9253],[174.655,-36.923],[174.6558,-36.9261]]]}},{"type":"Feature","properties":{},"geometry":{"type":"Polygon","coordinates":[[[174.6338,-36.9275],[174.6302,-36.9231],[174.6306,-36.9261],[174.6338,-36.9275]]]}},{"type":"Feature","properties":{},"geometry":{"type":"Polygon","coordinates":[[[174.6038,-36.9317],[174.606,-36.9224],[174.6126,-36.9145],[174.614,-36.9295],[174.6149,-36.9123],[174.622,-36.9084],[174.6191,-36.9145],[174.6227,-36.908],[174.6232,-36.9171],[174.6265,-36.9178],[174.6273,-36.9261],[174.6287,-36.9246],[174.6234,-36.9118],[174.6319,-36.8965],[174.6343,-36.9069],[174.6297,-36.9165],[174.6358,-36.9047],[174.6389,-36.9073],[174.6381,-36.9116],[174.6417,-36.9082],[174.6497,-36.9156],[174.649,-36.9201],[174.6398,-36.9279],[174.648,-36.9215],[174.6463,-36.929],[174.6502,-36.9198],[174.6527,-36.9277],[174.6505,-36.9125],[174.6533,-36.9125],[174.6447,-36.9099],[174.6338,-36.901],[174.6398,-36.8525],[174.6376,-36.8626],[174.6358,-36.8611],[174.6335,-36.8655],[174.6358,-36.8681],[174.6319,-36.8692],[174.6347,-36.8712],[174.6314,-36.8768],[174.6338,-36.8792],[174.6311,-36.8962],[174.6097,-36.9172],[174.5918,-36.9224],[174.5911,-36.9264],[174.593,-36.923],[174.607,-36.9189],[174.6017,-36.9273],[174.6051,-36.9249],[174.6061,-36.9268],[174.6038,-36.9317]],[[174.6335,-36.8991],[174.6333,-36.8989],[174.6335,-36.8988],[174.6335,-36.8991]],[[174.6335,-36.9002],[174.6328,-36.8998],[174.6329,-36.8996],[174.6335,-36.9002]],[[174.6376,-36.9049],[174.6372,-36.9048],[174.6374,-36.9047],[174.6376,-36.9049]],[[174.6396,-36.9069],[174.6393,-36.9069],[174.6394,-36.9067],[174.6396,-36.9069]],[[174.65,-36.9131],[174.65,-36.9127],[174.6502,-36.9126],[174.65,-36.9131]],[[174.6495,-36.9133],[174.6488,-36.9125],[174.65,-36.9123],[174.6495,-36.9133]],[[174.651,-36.9182],[174.6507,-36.9179],[174.6509,-36.9178],[174.651,-36.9182]],[[174.6464,-36.925],[174.6463,-36.9246],[174.6464,-36.9246],[174.6464,-36.925]],[[174.6369,-36.8625],[174.6365,-36.8625],[174.6362,-36.8615],[174.6369,-36.8625]],[[174.621,-36.9081],[174.6208,-36.9081],[174.6208,-36.9078],[174.621,-36.9081]],[[174.6203,-36.9089],[174.62,-36.9089],[174.62,-36.9088],[174.6203,-36.9088],[174.6203,-36.9089]],[[174.6082,-36.9183],[174.608,-36.9179],[174.6084,-36.9181],[174.6082,-36.9183]]]}},{"type":"Feature","properties":{},"geometry":{"type":"Polygon","coordinates":[[[174.6386,-36.8936],[174.6404,-36.8903],[174.6362,-36.8914],[174.6386,-36.8936]]]}},{"type":"Feature","properties":{},"geometry":{"type":"Polygon","coordinates":[[[174.6347,-36.8587],[174.637,-36.8546],[174.6343,-36.8574],[174.6347,-36.8587]]]}},{"type":"Feature","properties":{},"geometry":{"type":"Polygon","coordinates":[[[174.6811,-36.6062],[174.6821,-36.602],[174.6766,-36.6049],[174.6811,-36.6062]],[[174.6792,-36.6041],[174.6792,-36.6026],[174.6802,-36.603],[174.6792,-36.6041]],[[174.6792,-36.6052],[174.6789,-36.6045],[174.6794,-36.6042],[174.6792,-36.6052]]]}},{"type":"Feature","properties":{},"geometry":{"type":"Polygon","coordinates":[[[174.6497,-36.7551],[174.6514,-36.7518],[174.6644,-36.7485],[174.6708,-36.7435],[174.6695,-36.7324],[174.6737,-36.7231],[174.6664,-36.7458],[174.6536,-36.751],[174.6353,-36.7523],[174.6469,-36.7514],[174.6497,-36.7551]],[[174.6485,-36.7526],[174.6476,-36.7526],[174.6476,-36.7518],[174.6485,-36.7526]],[[174.6492,-36.7529],[174.6486,-36.7528],[174.649,-36.7519],[174.6492,-36.7529]],[[174.6498,-36.7529],[174.6495,-36.7529],[174.6495,-36.7526],[174.6498,-36.7529]]]}},{"type":"Feature","properties":{},"geometry":{"type":"Polygon","coordinates":[[[174.6451,-36.7577],[174.6456,-36.7559],[174.6425,-36.7565],[174.6451,-36.7577]]]}},{"type":"Feature","properties":{},"geometry":{"type":"Polygon","coordinates":[[[175.0419,-36.7988],[175.0479,-36.7908],[175.0397,-36.7954],[175.0383,-36.7916],[175.038,-36.7961],[175.0342,-36.7977],[175.0419,-36.7988]],[[175.04,-36.7975],[175.0397,-36.7975],[175.0398,-36.7972],[175.04,-36.7975]]]}},{"type":"Feature","properties":{},"geometry":{"type":"Polygon","coordinates":[[[174.997,-36.7828],[175.0013,-36.7798],[174.9924,-36.7826],[174.997,-36.7828]]]}},{"type":"Feature","properties":{},"geometry":{"type":"Polygon","coordinates":[[[175.0233,-36.7875],[175.0245,-36.7869],[175.0187,-36.785],[175.0233,-36.7875]]]}},{"type":"Feature","properties":{},"geometry":{"type":"Polygon","coordinates":[[[175.0433,-36.8151],[175.0427,-36.8126],[175.0398,-36.8118],[175.0433,-36.8151]]]}},{"type":"Feature","properties":{},"geometry":{"type":"Polygon","coordinates":[[[175.061,-36.8099],[175.0631,-36.8095],[175.0603,-36.8066],[175.061,-36.8099]],[[175.0615,-36.8083],[175.0614,-36.8081],[175.0615,-36.8081],[175.0615,-36.8083]],[[175.0619,-36.809],[175.0617,-36.8085],[175.062,-36.8085],[175.0619,-36.809]]]}},{"type":"Feature","properties":{},"geometry":{"type":"Polygon","coordinates":[[[175.0706,-36.8114],[175.0707,-36.8105],[175.0644,-36.8103],[175.0706,-36.8114]]]}},{"type":"Feature","properties":{},"geometry":{"type":"Polygon","coordinates":[[[174.6855,-36.6089],[174.6843,-36.6056],[174.6838,-36.6079],[174.6855,-36.6089]]]}},{"type":"Feature","properties":{},"geometry":{"type":"Polygon","coordinates":[[[174.8178,-36.6001],[174.8284,-36.5972],[174.8193,-36.5988],[174.8178,-36.6001]]]}},{"type":"Feature","properties":{},"geometry":{"type":"Polygon","coordinates":[[[174.8291,-36.6037],[174.8308,-36.603],[174.825,-36.603],[174.8291,-36.6037]]]}},{"type":"Feature","properties":{},"geometry":{"type":"Polygon","coordinates":[[[174.8139,-36.6079],[174.8163,-36.6029],[174.8096,-36.6031],[174.8081,-36.6073],[174.8139,-36.6079]],[[174.8128,-36.6034],[174.8127,-36.6034],[174.8127,-36.6033],[174.8128,-36.6033],[174.8128,-36.6034]],[[174.8123,-36.6036],[174.8122,-36.6036],[174.8122,-36.6034],[174.8123,-36.6034],[174.8123,-36.6036]],[[174.812,-36.6037],[174.8118,-36.6037],[174.812,-36.6036],[174.812,-36.6037]],[[174.8111,-36.6038],[174.811,-36.6038],[174.811,-36.6037],[174.8111,-36.6037],[174.8111,-36.6038]]]}},{"type":"Feature","properties":{},"geometry":{"type":"Polygon","coordinates":[[[175.0504,-36.8124],[175.0513,-36.8107],[175.046,-36.8091],[175.0504,-36.8124]]]}},{"type":"Feature","properties":{},"geometry":{"type":"Polygon","coordinates":[[[174.6836,-36.5919],[174.686,-36.589],[174.6836,-36.5897],[174.6836,-36.5919]]]}},{"type":"Feature","properties":{},"geometry":{"type":"Polygon","coordinates":[[[174.6877,-36.5931],[174.6871,-36.5896],[174.6853,-36.5903],[174.6877,-36.5931]]]}},{"type":"Feature","properties":{},"geometry":{"type":"Polygon","coordinates":[[[174.6973,-36.5986],[174.6871,-36.5794],[174.6882,-36.5755],[174.693,-36.5803],[174.6917,-36.5741],[174.6816,-36.5761],[174.6804,-36.5782],[174.6862,-36.576],[174.6862,-36.5807],[174.6831,-36.5823],[174.6906,-36.5963],[174.6973,-36.5986]],[[174.6917,-36.5772],[174.6913,-36.5771],[174.691,-36.576],[174.6917,-36.5772]],[[174.6865,-36.577],[174.6864,-36.577],[174.6864,-36.5768],[174.6865,-36.577]],[[174.6869,-36.5778],[174.6867,-36.5777],[174.6867,-36.5775],[174.6869,-36.5778]],[[174.686,-36.5831],[174.6857,-36.583],[174.6862,-36.5827],[174.686,-36.5831]],[[174.6877,-36.5838],[174.6876,-36.5837],[174.6877,-36.5835],[174.6877,-36.5838]],[[174.6881,-36.5842],[174.6877,-36.5841],[174.6877,-36.584],[174.6881,-36.5842]],[[174.6894,-36.5838],[174.6891,-36.5831],[174.6894,-36.5834],[174.6894,-36.5838]],[[174.6889,-36.5842],[174.686,-36.5812],[174.6889,-36.582],[174.6889,-36.5842]],[[174.6871,-36.5849],[174.6867,-36.5838],[174.6874,-36.5838],[174.6871,-36.5849]],[[174.6889,-36.5859],[174.6886,-36.5857],[174.6888,-36.5855],[174.6889,-36.5859]],[[174.6869,-36.586],[174.6865,-36.586],[174.6865,-36.5857],[174.6869,-36.586]],[[174.6894,-36.5864],[174.6893,-36.586],[174.6896,-36.5862],[174.6894,-36.5864]],[[174.6889,-36.5866],[174.6886,-36.5866],[174.6886,-36.5862],[174.6889,-36.5862],[174.6889,-36.5866]],[[174.6877,-36.5878],[174.6872,-36.5871],[174.6879,-36.5868],[174.6877,-36.5878]],[[174.6888,-36.5879],[174.6886,-36.5875],[174.6891,-36.5875],[174.6888,-36.5879]],[[174.6893,-36.5881],[174.6889,-36.5879],[174.6893,-36.5878],[174.6893,-36.5881]],[[174.6881,-36.589],[174.6877,-36.5885],[174.6886,-36.5886],[174.6881,-36.589]],[[174.692,-36.5914],[174.6918,-36.5914],[174.6918,-36.5912],[174.692,-36.5914]],[[174.6925,-36.5949],[174.6918,-36.5946],[174.6925,-36.5945],[174.6925,-36.5949]]]}},{"type":"Feature","properties":{},"geometry":{"type":"Polygon","coordinates":[[[174.8304,-36.6157],[174.8349,-36.6121],[174.8273,-36.6142],[174.8217,-36.6118],[174.8192,-36.6152],[174.8304,-36.6157]],[[174.8243,-36.6125],[174.8239,-36.6123],[174.8243,-36.6122],[174.8243,-36.6125]]]}},{"type":"Feature","properties":{},"geometry":{"type":"Polygon","coordinates":[[[174.6988,-36.5953],[174.6918,-36.5781],[174.6939,-36.5871],[174.6988,-36.5953]],[[174.6925,-36.5805],[174.6923,-36.5805],[174.6923,-36.5804],[174.6925,-36.5804],[174.6925,-36.5805]],[[174.6923,-36.5809],[174.6923,-36.5808],[174.6925,-36.5808],[174.6923,-36.5809]],[[174.6925,-36.5815],[174.6925,-36.5814],[174.6927,-36.5814],[174.6925,-36.5815]],[[174.6951,-36.5866],[174.6951,-36.5864],[174.6952,-36.5864],[174.6951,-36.5866]],[[174.6947,-36.5867],[174.6946,-36.5867],[174.6946,-36.5866],[174.6947,-36.5866],[174.6947,-36.5867]],[[174.6968,-36.5909],[174.6964,-36.5908],[174.6964,-36.5905],[174.6968,-36.5909]]]}},{"type":"Feature","properties":{},"geometry":{"type":"Polygon","coordinates":[[[174.6644,-36.6005],[174.6712,-36.5956],[174.6626,-36.5982],[174.6644,-36.6005]]]}},{"type":"Feature","properties":{},"geometry":{"type":"Polygon","coordinates":[[[174.6676,-36.6052],[174.6649,-36.5997],[174.6637,-36.6012],[174.6676,-36.6052]],[[174.6674,-36.6045],[174.6673,-36.6042],[174.6676,-36.6041],[174.6674,-36.6045]]]}},{"type":"Feature","properties":{},"geometry":{"type":"Polygon","coordinates":[[[174.6621,-36.6112],[174.6632,-36.5992],[174.6606,-36.6083],[174.6621,-36.6112]]]}},{"type":"Feature","properties":{},"geometry":{"type":"Polygon","coordinates":[[[174.7994,-36.6238],[174.798,-36.62],[174.7965,-36.6214],[174.7994,-36.6238]],[[174.7975,-36.622],[174.7971,-36.622],[174.7971,-36.6219],[174.7975,-36.6219],[174.7975,-36.622]]]}},{"type":"Feature","properties":{},"geometry":{"type":"Polygon","coordinates":[[[174.6801,-36.6078],[174.6819,-36.6075],[174.6821,-36.6038],[174.6801,-36.6078]]]}},{"type":"Feature","properties":{},"geometry":{"type":"Polygon","coordinates":[[[174.6792,-36.6144],[174.6814,-36.6126],[174.6794,-36.6086],[174.6713,-36.6121],[174.6778,-36.6106],[174.6792,-36.6144]],[[174.678,-36.6097],[174.6778,-36.6097],[174.6778,-36.6096],[174.678,-36.6096],[174.678,-36.6097]],[[174.6778,-36.6104],[174.6777,-36.6104],[174.678,-36.6101],[174.6778,-36.6104]],[[174.6777,-36.6108],[174.6775,-36.6108],[174.6775,-36.6106],[174.6777,-36.6106],[174.6777,-36.6108]],[[174.677,-36.611],[174.677,-36.6108],[174.6772,-36.6108],[174.677,-36.611]],[[174.6768,-36.6111],[174.6766,-36.6111],[174.6766,-36.611],[174.6768,-36.611],[174.6768,-36.6111]],[[174.6746,-36.6118],[174.6746,-36.6116],[174.6748,-36.6116],[174.6746,-36.6118]],[[174.6746,-36.6121],[174.6746,-36.6119],[174.6748,-36.6119],[174.6746,-36.6121]],[[174.6725,-36.6126],[174.6725,-36.6123],[174.6737,-36.6122],[174.6725,-36.6126]],[[174.6783,-36.6122],[174.678,-36.6121],[174.678,-36.6118],[174.6783,-36.6119],[174.6783,-36.6122]],[[174.6794,-36.6125],[174.6792,-36.6125],[174.6792,-36.6123],[174.6794,-36.6123],[174.6794,-36.6125]]]}},{"type":"Feature","properties":{},"geometry":{"type":"Polygon","coordinates":[[[175.0084,-36.7759],[175.0028,-36.772],[174.9991,-36.7738],[175.0084,-36.7759]]]}},{"type":"Feature","properties":{},"geometry":{"type":"Polygon","coordinates":[[[174.6708,-36.5997],[174.6754,-36.5984],[174.6713,-36.5967],[174.6708,-36.5997]]]}},{"type":"Feature","properties":{},"geometry":{"type":"Polygon","coordinates":[[[174.6705,-36.573],[174.6746,-36.5727],[174.6707,-36.5708],[174.6705,-36.573]]]}},{"type":"Feature","properties":{},"geometry":{"type":"Polygon","coordinates":[[[174.683,-36.5749],[174.6812,-36.5733],[174.6754,-36.5729],[174.683,-36.5749]]]}},{"type":"Feature","properties":{},"geometry":{"type":"Polygon","coordinates":[[[174.991,-36.7935],[174.9958,-36.7894],[174.9897,-36.7913],[174.991,-36.7935]]]}},{"type":"Feature","properties":{},"geometry":{"type":"Polygon","coordinates":[[[174.74,-36.6457],[174.7475,-36.6411],[174.7434,-36.6408],[174.7383,-36.6442],[174.74,-36.6457]],[[174.7439,-36.6416],[174.7437,-36.6416],[174.7437,-36.6415],[174.7439,-36.6415],[174.7439,-36.6416]],[[174.7435,-36.6427],[174.7434,-36.6427],[174.7434,-36.6426],[174.7435,-36.6426],[174.7435,-36.6427]],[[174.743,-36.643],[174.7429,-36.6429],[174.7432,-36.6427],[174.743,-36.643]],[[174.7427,-36.6431],[174.7425,-36.6431],[174.7425,-36.643],[174.7427,-36.643],[174.7427,-36.6431]],[[174.742,-36.6436],[174.7418,-36.6434],[174.7423,-36.6433],[174.742,-36.6436]]]}},{"type":"Feature","properties":{},"geometry":{"type":"Polygon","coordinates":[[[175.0508,-36.7807],[175.0537,-36.7797],[175.0491,-36.7782],[175.0508,-36.7807]]]}},{"type":"Feature","properties":{},"geometry":{"type":"Polygon","coordinates":[[[175.0646,-36.7893],[175.0666,-36.7884],[175.0636,-36.7861],[175.0646,-36.7893]]]}},{"type":"Feature","properties":{},"geometry":{"type":"Polygon","coordinates":[[[175.0683,-36.8074],[175.0724,-36.8054],[175.0701,-36.8025],[175.0774,-36.7984],[175.0644,-36.8016],[175.0644,-36.7953],[175.0786,-36.7927],[175.0634,-36.7924],[175.0614,-36.8048],[175.0673,-36.8036],[175.0683,-36.8074]],[[175.0701,-36.8022],[175.0694,-36.8014],[175.0702,-36.801],[175.0701,-36.8022]],[[175.0627,-36.7988],[175.0625,-36.7988],[175.0625,-36.7986],[175.0627,-36.7986],[175.0627,-36.7988]],[[175.0663,-36.8024],[175.0661,-36.8024],[175.0661,-36.8022],[175.0663,-36.8022],[175.0663,-36.8024]],[[175.0692,-36.8047],[175.0689,-36.8046],[175.0692,-36.8046],[175.0692,-36.8047]],[[175.0683,-36.8048],[175.0682,-36.8048],[175.0682,-36.8047],[175.0683,-36.8048]]]}},{"type":"Feature","properties":{},"geometry":{"type":"Polygon","coordinates":[[[175.0793,-36.8105],[175.0813,-36.8098],[175.0728,-36.8054],[175.0793,-36.8105]]]}},{"type":"Feature","properties":{},"geometry":{"type":"Polygon","coordinates":[[[174.7838,-36.6234],[174.7908,-36.6147],[174.8017,-36.6141],[174.8024,-36.6115],[174.7942,-36.6147],[174.7898,-36.6107],[174.7912,-36.6073],[174.8012,-36.6078],[174.8002,-36.6053],[174.7915,-36.6055],[174.7859,-36.6108],[174.7881,-36.6149],[174.7796,-36.6147],[174.7869,-36.6175],[174.7838,-36.6234]],[[174.7891,-36.6142],[174.7893,-36.6116],[174.7907,-36.6137],[174.7891,-36.6142]],[[174.7901,-36.6142],[174.79,-36.6142],[174.7901,-36.6141],[174.7901,-36.6142]],[[174.7886,-36.6151],[174.7884,-36.6149],[174.7888,-36.6149],[174.7886,-36.6151]],[[174.7896,-36.6151],[174.7894,-36.6149],[174.7898,-36.6147],[174.7896,-36.6151]],[[174.7871,-36.6163],[174.7869,-36.6163],[174.7871,-36.6162],[174.7871,-36.6163]],[[174.7855,-36.6199],[174.7855,-36.6196],[174.7857,-36.6196],[174.7855,-36.6199]]]}},{"type":"Feature","properties":{},"geometry":{"type":"Polygon","coordinates":[[[175.0468,-36.7831],[175.0479,-36.7812],[175.0462,-36.78],[175.0468,-36.7831]]]}},{"type":"Feature","properties":{},"geometry":{"type":"Polygon","coordinates":[[[175.0419,-36.7828],[175.0439,-36.7809],[175.0424,-36.7802],[175.0419,-36.7828]],[[175.0439,-36.7807],[175.0438,-36.7807],[175.0438,-36.7805],[175.0439,-36.7805],[175.0439,-36.7807]]]}},{"type":"Feature","properties":{},"geometry":{"type":"Polygon","coordinates":[[[174.7164,-36.7578],[174.715,-36.7548],[174.7123,-36.7532],[174.7164,-36.7578]]]}},{"type":"Feature","properties":{},"geometry":{"type":"Polygon","coordinates":[[[174.7193,-36.7618],[174.7169,-36.7582],[174.7162,-36.7596],[174.7193,-36.7618]]]}},{"type":"Feature","properties":{},"geometry":{"type":"Polygon","coordinates":[[[174.735,-36.7472],[174.7369,-36.7433],[174.7222,-36.7448],[174.735,-36.7472]],[[174.7287,-36.7461],[174.7282,-36.7459],[174.7284,-36.7458],[174.7287,-36.7461]],[[174.7304,-36.7461],[174.7301,-36.7461],[174.7301,-36.7459],[174.7304,-36.7461]]]}},{"type":"Feature","properties":{},"geometry":{"type":"Polygon","coordinates":[[[174.7169,-36.7394],[174.7174,-36.7365],[174.7144,-36.7357],[174.7169,-36.7394]]]}},{"type":"Feature","properties":{},"geometry":{"type":"Polygon","coordinates":[[[174.712,-36.7404],[174.7156,-36.7384],[174.6985,-36.7379],[174.6954,-36.7333],[174.6951,-36.7379],[174.712,-36.7404]],[[174.7017,-36.7379],[174.7007,-36.7377],[174.7017,-36.7377],[174.7017,-36.7379]],[[174.7002,-36.7381],[174.6993,-36.738],[174.6999,-36.7379],[174.7002,-36.7381]],[[174.6978,-36.7388],[174.6975,-36.7388],[174.6975,-36.7384],[174.6978,-36.7388]],[[174.7068,-36.7394],[174.7065,-36.7391],[174.7067,-36.7388],[174.7068,-36.7394]]]}},{"type":"Feature","properties":{},"geometry":{"type":"Polygon","coordinates":[[[174.7099,-36.7493],[174.7123,-36.7491],[174.7079,-36.745],[174.7099,-36.7493]]]}},{"type":"Feature","properties":{},"geometry":{"type":"Polygon","coordinates":[[[174.7024,-36.7508],[174.6993,-36.7425],[174.6988,-36.745],[174.6952,-36.7426],[174.7024,-36.7508]]]}},{"type":"Feature","properties":{},"geometry":{"type":"Polygon","coordinates":[[[174.6947,-36.7317],[174.694,-36.7258],[174.6935,-36.7301],[174.6947,-36.7317]],[[174.6946,-36.731],[174.6939,-36.7306],[174.6944,-36.7305],[174.6946,-36.731]]]}},{"type":"Feature","properties":{},"geometry":{"type":"Polygon","coordinates":[[[174.7284,-36.7339],[174.7282,-36.7317],[174.7241,-36.7322],[174.7284,-36.7339]]]}},{"type":"Feature","properties":{},"geometry":{"type":"Polygon","coordinates":[[[174.7231,-36.7404],[174.7214,-36.7392],[174.7258,-36.7377],[174.72,-36.7381],[174.7231,-36.7404]],[[174.7243,-36.7384],[174.7241,-36.7384],[174.7241,-36.7383],[174.7243,-36.7383],[174.7243,-36.7384]],[[174.7232,-36.7385],[174.7231,-36.7385],[174.7231,-36.7384],[174.7232,-36.7384],[174.7232,-36.7385]],[[174.7229,-36.7387],[174.7227,-36.7387],[174.7227,-36.7385],[174.7229,-36.7385],[174.7229,-36.7387]]]}},{"type":"Feature","properties":{},"geometry":{"type":"Polygon","coordinates":[[[174.7195,-36.7521],[174.7212,-36.7448],[174.7123,-36.7436],[174.7195,-36.7521]],[[174.7212,-36.7482],[174.72,-36.7482],[174.722,-36.748],[174.7212,-36.7482]],[[174.7193,-36.7491],[174.7191,-36.7485],[174.7197,-36.7484],[174.7193,-36.7491]]]}},{"type":"Feature","properties":{},"geometry":{"type":"Polygon","coordinates":[[[174.6032,-36.8692],[174.6063,-36.8682],[174.6055,-36.8669],[174.6032,-36.8692]]]}},{"type":"Feature","properties":{},"geometry":{"type":"Polygon","coordinates":[[[174.6166,-36.8558],[174.6065,-36.8554],[174.6065,-36.8574],[174.6166,-36.8558]],[[174.6133,-36.8555],[174.6133,-36.8554],[174.6135,-36.8554],[174.6135,-36.8555],[174.6133,-36.8555]]]}},{"type":"Feature","properties":{},"geometry":{"type":"Polygon","coordinates":[[[174.7671,-36.7961],[174.7698,-36.7936],[174.7666,-36.7902],[174.7671,-36.7961]]]}},{"type":"Feature","properties":{},"geometry":{"type":"Polygon","coordinates":[[[174.6956,-36.6079],[174.706,-36.6016],[174.7072,-36.6071],[174.7079,-36.6012],[174.6966,-36.6033],[174.6956,-36.6079]],[[174.6992,-36.6063],[174.699,-36.6063],[174.699,-36.6062],[174.6992,-36.6062],[174.6992,-36.6063]],[[174.708,-36.6038],[174.7079,-36.6038],[174.7079,-36.6037],[174.708,-36.6037],[174.708,-36.6038]],[[174.7074,-36.6042],[174.707,-36.6042],[174.707,-36.6038],[174.7074,-36.6038],[174.7074,-36.6042]],[[174.7087,-36.6049],[174.7086,-36.6049],[174.7086,-36.6048],[174.7087,-36.6048],[174.7087,-36.6049]],[[174.7087,-36.6053],[174.7084,-36.6053],[174.7086,-36.6051],[174.7087,-36.6053]],[[174.7075,-36.6055],[174.7072,-36.6045],[174.7084,-36.6051],[174.7075,-36.6055]],[[174.6961,-36.6066],[174.6958,-36.6066],[174.6958,-36.6064],[174.6961,-36.6064],[174.6961,-36.6066]],[[174.6966,-36.6067],[174.6963,-36.6064],[174.6969,-36.6063],[174.6966,-36.6067]]]}},{"type":"Feature","properties":{},"geometry":{"type":"Polygon","coordinates":[[[174.8543,-36.9208],[174.856,-36.9201],[174.8547,-36.9172],[174.8543,-36.9208]]]}},{"type":"Feature","properties":{},"geometry":{"type":"Polygon","coordinates":[[[174.8323,-36.9182],[174.8362,-36.9167],[174.8332,-36.9168],[174.8323,-36.9182]]]}},{"type":"Feature","properties":{},"geometry":{"type":"Polygon","coordinates":[[[174.8439,-36.9269],[174.8473,-36.9241],[174.8451,-36.9191],[174.8492,-36.9181],[174.8459,-36.9141],[174.8434,-36.9172],[174.8354,-36.9089],[174.8379,-36.9122],[174.8332,-36.9155],[174.8294,-36.914],[174.8395,-36.9163],[174.8425,-36.9194],[174.8407,-36.9219],[174.8458,-36.9236],[174.8439,-36.9269]],[[174.8477,-36.9191],[174.8475,-36.919],[174.8477,-36.919],[174.8477,-36.9191]],[[174.8446,-36.9186],[174.8437,-36.9186],[174.8448,-36.9183],[174.8446,-36.9186]],[[174.8361,-36.9142],[174.8357,-36.9141],[174.8361,-36.914],[174.8361,-36.9142]],[[174.8364,-36.9142],[174.8362,-36.9142],[174.8362,-36.914],[174.8364,-36.914],[174.8364,-36.9142]],[[174.8395,-36.9142],[174.8384,-36.9135],[174.839,-36.9131],[174.8395,-36.9142]],[[174.8376,-36.9145],[174.8374,-36.9137],[174.8379,-36.9141],[174.8376,-36.9145]],[[174.8425,-36.9165],[174.8424,-36.9165],[174.8424,-36.9163],[174.8425,-36.9163],[174.8425,-36.9165]],[[174.8461,-36.9189],[174.8458,-36.9189],[174.8459,-36.9182],[174.8463,-36.9182],[174.8461,-36.9189]],[[174.8453,-36.923],[174.8451,-36.923],[174.8451,-36.9228],[174.8453,-36.9228],[174.8453,-36.923]]]}}]}