{"type":"FeatureCollection","features":[{"type":"Feature","properties":{},"geometry":{"type":"Polygon","coordinates":[[[174.7671,-36.8428],[174.7671,-36.843],[174.7673,-36.843],[174.7673,-36.8432],[174.7681,-36.8434],[174.768,-36.843],[174.768,-36.8428],[174.7692,-36.8401],[174.7682,-36.8399],[174.7674,-36.8419],[174.7673,-36.8419],[174.7673,-36.8423],[174.7672,-36.8423],[174.7672,-36.8426],[174.767,-36.8426],[174.7671,-36.8428]]]}},{"type":"Feature","properties":{},"geometry":{"type":"Polygon","coordinates":[[[174.7607,-36.8586],[174.7617,-36.8589],[174.7612,-36.8596],[174.7617,-36.8597],[174.7624,-36.8601],[174.7633,-36.8586],[174.7632,-36.8584],[174.7623,-36.8581],[174.7624,-36.8578],[174.7635,-36.8583],[174.7637,-36.858],[174.7635,-36.8578],[174.7628,-36.8576],[174.7627,-36.8575],[174.7624,-36.8573],[174.7619,-36.8572],[174.7615,-36.8573],[174.7605,-36.857],[174.7601,-36.8567],[174.7601,-36.8563],[174.7594,-36.8558],[174.7587,-36.8564],[174.7585,-36.8564],[174.7577,-36.8562],[174.757,-36.8567],[174.7567,-36.8571],[174.7566,-36.8576],[174.7563,-36.8577],[174.7568,-36.8588],[174.7574,-36.8593],[174.7573,-36.859],[174.7575,-36.8589],[174.7577,-36.8589],[174.7578,-36.8591],[174.7583,-36.859],[174.7579,-36.8582],[174.7584,-36.858],[174.7585,-36.8583],[174.7589,-36.8583],[174.7592,-36.8586],[174.7594,-36.859],[174.7598,-36.859],[174.7598,-36.8589],[174.76,-36.8589],[174.7607,-36.8589],[174.7607,-36.8586]]]}},{"type":"Feature","properties":{},"geometry":{"type":"Polygon","coordinates":[[[174.7553,-36.8579],[174.7554,-36.858],[174.7552,-36.858],[174.7547,-36.8582],[174.7534,-36.8586],[174.7527,-36.8591],[174.7525,-36.8594],[174.753,-36.8597],[174.7531,-36.86],[174.7535,-36.8598],[174.7538,-36.8602],[174.7543,-36.86],[174.7543,-36.8601],[174.7546,-36.8599],[174.7546,-36.8598],[174.7551,-36.8596],[174.7557,-36.8596],[174.7558,-36.8594],[174.7558,-36.8589],[174.7556,-36.8585],[174.7556,-36.8582],[174.7555,-36.8579],[174.7553,-36.8579]]]}},{"type":"Feature","properties":{},"geometry":{"type":"Polygon","coordinates":[[[174.7653,-36.8592],[174.7657,-36.8588],[174.7644,-36.8578],[174.7639,-36.8581],[174.7636,-36.8587],[174.7636,-36.8588],[174.7631,-36.8598],[174.763,-36.8602],[174.7641,-36.8603],[174.7645,-36.8599],[174.7646,-36.8595],[174.7653,-36.8592]]]}},{"type":"Feature","properties":{},"geometry":{"type":"Polygon","coordinates":[[[174.798,-37.1322],[174.7977,-37.1319],[174.7976,-37.1317],[174.7971,-37.1319],[174.7965,-37.1321],[174.7964,-37.1326],[174.7966,-37.1332],[174.7979,-37.1331],[174.7987,-37.1329],[174.7991,-37.133],[174.7993,-37.1329],[174.7989,-37.1324],[174.798,-37.1322]]]}},{"type":"Feature","properties":{},"geometry":{"type":"Polygon","coordinates":[[[174.797,-37.1293],[174.7964,-37.1285],[174.7949,-37.1292],[174.7955,-37.1299],[174.7965,-37.1294],[174.7966,-37.1295],[174.797,-37.1293]]]}},{"type":"Feature","properties":{},"geometry":{"type":"Polygon","coordinates":[[[174.7997,-37.1289],[174.7994,-37.1286],[174.7989,-37.1283],[174.7978,-37.1288],[174.7982,-37.1295],[174.7994,-37.1289],[174.7995,-37.129],[174.7997,-37.1289]]]}},{"type":"Feature","properties":{},"geometry":{"type":"Polygon","coordinates":[[[174.7988,-37.1309],[174.7989,-37.1305],[174.7984,-37.1299],[174.798,-37.1298],[174.7975,-37.13],[174.7977,-37.1302],[174.7984,-37.1311],[174.7988,-37.1309]]]}},{"type":"Feature","properties":{},"geometry":{"type":"Polygon","coordinates":[[[174.8005,-37.1291],[174.8005,-37.1289],[174.8003,-37.1287],[174.8,-37.1286],[174.7998,-37.1287],[174.7999,-37.1289],[174.8005,-37.1291]]]}},{"type":"Feature","properties":{},"geometry":{"type":"Polygon","coordinates":[[[174.8194,-36.6126],[174.819,-36.6129],[174.8185,-36.6134],[174.819,-36.6139],[174.82,-36.6132],[174.8194,-36.6126]]]}},{"type":"Feature","properties":{},"geometry":{"type":"Polygon","coordinates":[[[174.8143,-36.608],[174.8144,-36.6082],[174.8145,-36.6082],[174.8149,-36.6082],[174.8148,-36.6079],[174.8143,-36.608]]]}},{"type":"Feature","properties":{},"geometry":{"type":"Polygon","coordinates":[[[174.7141,-36.5382],[174.7138,-36.5388],[174.7142,-36.5388],[174.7147,-36.5391],[174.7151,-36.539],[174.7152,-36.5384],[174.7146,-36.5382],[174.7141,-36.5382]]]}},{"type":"Feature","properties":{},"geometry":{"type":"Polygon","coordinates":[[[174.7085,-36.5378],[174.7086,-36.5383],[174.7093,-36.5383],[174.7103,-36.5378],[174.7121,-36.5377],[174.7121,-36.5369],[174.7103,-36.5369],[174.7085,-36.5378]]]}},{"type":"Feature","properties":{},"geometry":{"type":"Polygon","coordinates":[[[174.7126,-36.5361],[174.7129,-36.5359],[174.7128,-36.5356],[174.7124,-36.5355],[174.7123,-36.5359],[174.7126,-36.5361]]]}},{"type":"Feature","properties":{},"geometry":{"type":"Polygon","coordinates":[[[174.7921,-36.8167],[174.792,-36.8173],[174.7923,-36.8178],[174.793,-36.8175],[174.7931,-36.8171],[174.7932,-36.817],[174.793,-36.8166],[174.7928,-36.8165],[174.7921,-36.8167]]]}},{"type":"Feature","properties":{},"geometry":{"type":"Polygon","coordinates":[[[174.8418,-36.9439],[174.842,-36.9442],[174.8425,-36.9439],[174.8423,-36.9437],[174.8418,-36.9439]]]}},{"type":"Feature","properties":{},"geometry":{"type":"Polygon","coordinates":[[[174.8197,-36.4299],[174.8188,-36.4301],[174.8191,-36.4303],[174.8189,-36.4303],[174.8186,-36.4303],[174.8186,-36.4301],[174.8183,-36.4301],[174.818,-36.4299],[174.8176,-36.4292],[174.8176,-36.4287],[174.8174,-36.4283],[174.8171,-36.428],[174.8165,-36.4277],[174.8159,-36.4278],[174.8157,-36.4279],[174.8156,-36.4282],[174.8161,-36.4287],[174.8161,-36.4299],[174.8158,-36.4305],[174.8155,-36.4307],[174.8154,-36.4315],[174.8155,-36.4317],[174.816,-36.4316],[174.8161,-36.4315],[174.8162,-36.4313],[174.8163,-36.4311],[174.8165,-36.4311],[174.8171,-36.4313],[174.8176,-36.4317],[174.8178,-36.432],[174.8181,-36.4335],[174.8189,-36.4339],[174.8194,-36.4339],[174.8201,-36.434],[174.821,-36.4347],[174.8211,-36.4348],[174.8209,-36.435],[174.8224,-36.435],[174.824,-36.4332],[174.8233,-36.4307],[174.822,-36.4295],[174.8204,-36.4282],[174.8202,-36.4282],[174.82,-36.4284],[174.8204,-36.4289],[174.8202,-36.4292],[174.8198,-36.4295],[174.8197,-36.4299]]]}},{"type":"Feature","properties":{},"geometry":{"type":"Polygon","coordinates":[[[174.7606,-36.8607],[174.7602,-36.8614],[174.7606,-36.8615],[174.761,-36.8608],[174.7606,-36.8607]]]}},{"type":"Feature","properties":{},"geometry":{"type":"Polygon","coordinates":[[[174.7218,-36.8826],[174.7215,-36.8828],[174.7208,-36.8825],[174.7207,-36.8826],[174.7214,-36.883],[174.7219,-36.8827],[174.7218,-36.8826]]]}},{"type":"Feature","properties":{},"geometry":{"type":"Polygon","coordinates":[[[174.7671,-36.8449],[174.7667,-36.8448],[174.7666,-36.845],[174.7671,-36.8452],[174.7671,-36.8449]]]}},{"type":"Feature","properties":{},"geometry":{"type":"Polygon","coordinates":[[[174.7159,-36.8844],[174.7154,-36.8848],[174.7154,-36.8849],[174.7156,-36.8851],[174.7159,-36.8848],[174.7156,-36.8846],[174.7159,-36.8844]]]}},{"type":"Feature","properties":{},"geometry":{"type":"Polygon","coordinates":[[[174.9705,-36.9429],[174.9704,-36.9435],[174.9708,-36.9435],[174.9709,-36.9432],[174.971,-36.9429],[174.9705,-36.9429]]]}},{"type":"Feature","properties":{},"geometry":{"type":"Polygon","coordinates":[[[174.9217,-36.9758],[174.9222,-36.9758],[174.9224,-36.9752],[174.9223,-36.9751],[174.9213,-36.975],[174.9212,-36.9753],[174.9215,-36.9753],[174.9214,-36.9757],[174.9217,-36.9758]]]}},{"type":"Feature","properties":{},"geometry":{"type":"Polygon","coordinates":[[[174.7668,-36.8455],[174.7669,-36.8453],[174.7665,-36.8452],[174.7665,-36.8454],[174.7668,-36.8455]]]}},{"type":"Feature","properties":{},"geometry":{"type":"Polygon","coordinates":[[[174.627,-36.8741],[174.6269,-36.8746],[174.6275,-36.8748],[174.6276,-36.8742],[174.627,-36.8741]]]}},{"type":"Feature","properties":{},"geometry":{"type":"Polygon","coordinates":[[[174.7244,-36.8043],[174.7252,-36.8042],[174.7251,-36.8033],[174.7241,-36.8033],[174.7241,-36.8043],[174.7244,-36.8043]]]}},{"type":"Feature","properties":{},"geometry":{"type":"Polygon","coordinates":[[[174.8184,-36.8456],[174.8177,-36.8455],[174.8176,-36.8455],[174.8173,-36.8458],[174.8175,-36.8461],[174.8175,-36.8466],[174.8184,-36.8456]]]}},{"type":"Feature","properties":{},"geometry":{"type":"Polygon","coordinates":[[[174.7976,-36.8253],[174.7971,-36.8256],[174.7976,-36.8261],[174.798,-36.8257],[174.7976,-36.8253]]]}},{"type":"Feature","properties":{},"geometry":{"type":"Polygon","coordinates":[[[174.7967,-36.8263],[174.7975,-36.8263],[174.7976,-36.8261],[174.7971,-36.8256],[174.7968,-36.826],[174.7967,-36.8263]]]}},{"type":"Feature","properties":{},"geometry":{"type":"Polygon","coordinates":[[[174.8989,-36.9494],[174.895,-36.9501],[174.8944,-36.9521],[174.8948,-36.9533],[174.8978,-36.9527],[174.8995,-36.9518],[174.8991,-36.95],[174.8989,-36.9494]]]}},{"type":"Feature","properties":{},"geometry":{"type":"Polygon","coordinates":[[[174.7521,-36.8462],[174.752,-36.8461],[174.7519,-36.8461],[174.7515,-36.847],[174.7516,-36.847],[174.7521,-36.8462]]]}},{"type":"Feature","properties":{},"geometry":{"type":"Polygon","coordinates":[[[174.7523,-36.798],[174.7527,-36.7984],[174.7532,-36.7983],[174.7537,-36.798],[174.7534,-36.7977],[174.7535,-36.7977],[174.753,-36.7973],[174.7522,-36.7979],[174.7523,-36.798]]]}},{"type":"Feature","properties":{},"geometry":{"type":"Polygon","coordinates":[[[174.8014,-36.8922],[174.8012,-36.8924],[174.8018,-36.8928],[174.802,-36.8926],[174.8014,-36.8922]]]}},{"type":"Feature","properties":{},"geometry":{"type":"Polygon","coordinates":[[[174.8569,-36.9011],[174.8567,-36.901],[174.8565,-36.9012],[174.8566,-36.9013],[174.8569,-36.9011]]]}},{"type":"Feature","properties":{},"geometry":{"type":"Polygon","coordinates":[[[174.7824,-36.9168],[174.7824,-36.917],[174.783,-36.917],[174.7829,-36.9168],[174.7824,-36.9168]]]}},{"type":"Feature","properties":{},"geometry":{"type":"Polygon","coordinates":[[[174.489,-36.6161],[174.4893,-36.6161],[174.4893,-36.6158],[174.489,-36.6158],[174.489,-36.6161]]]}},{"type":"Feature","properties":{},"geometry":{"type":"Polygon","coordinates":[[[174.6611,-36.3973],[174.6609,-36.3974],[174.661,-36.3976],[174.6611,-36.3977],[174.6613,-36.3974],[174.6611,-36.3973]]]}},{"type":"Feature","properties":{},"geometry":{"type":"Polygon","coordinates":[[[174.9264,-36.883],[174.9262,-36.8831],[174.9264,-36.8833],[174.9268,-36.8833],[174.9267,-36.883],[174.9265,-36.883],[174.9264,-36.883]]]}},{"type":"Feature","properties":{},"geometry":{"type":"Polygon","coordinates":[[[174.824,-36.8458],[174.8242,-36.8464],[174.8244,-36.8467],[174.8255,-36.8469],[174.8256,-36.8471],[174.8258,-36.8472],[174.826,-36.8471],[174.8262,-36.847],[174.8269,-36.8463],[174.828,-36.8459],[174.8273,-36.8455],[174.8248,-36.8447],[174.8243,-36.8447],[174.8241,-36.8449],[174.8239,-36.8451],[174.8241,-36.8456],[174.824,-36.8458]]]}},{"type":"Feature","properties":{},"geometry":{"type":"Polygon","coordinates":[[[174.7627,-36.8561],[174.7629,-36.8555],[174.7627,-36.8554],[174.7623,-36.8562],[174.7626,-36.8563],[174.7627,-36.8561]]]}},{"type":"Feature","properties":{},"geometry":{"type":"Polygon","coordinates":[[[174.7668,-36.8466],[174.7665,-36.8465],[174.7665,-36.8467],[174.7668,-36.8468],[174.7668,-36.8466]]]}},{"type":"Feature","properties":{},"geometry":{"type":"Polygon","coordinates":[[[174.7676,-36.8469],[174.7674,-36.8468],[174.7673,-36.8471],[174.7674,-36.8471],[174.7674,-36.8472],[174.7675,-36.8472],[174.7676,-36.8469]]]}},{"type":"Feature","properties":{},"geometry":{"type":"Polygon","coordinates":[[[174.7725,-36.8504],[174.7721,-36.8506],[174.7725,-36.8509],[174.7728,-36.8506],[174.7725,-36.8504]]]}},{"type":"Feature","properties":{},"geometry":{"type":"Polygon","coordinates":[[[174.7694,-36.8489],[174.7695,-36.8489],[174.7697,-36.8486],[174.7696,-36.8485],[174.769,-36.8487],[174.769,-36.8488],[174.7694,-36.8489]]]}},{"type":"Feature","properties":{},"geometry":{"type":"Polygon","coordinates":[[[174.7454,-36.8505],[174.7447,-36.8506],[174.7448,-36.8509],[174.7455,-36.8508],[174.7454,-36.8505]]]}},{"type":"Feature","properties":{},"geometry":{"type":"Polygon","coordinates":[[[174.6649,-36.4018],[174.6645,-36.4016],[174.6644,-36.4018],[174.6648,-36.402],[174.6649,-36.4018]]]}},{"type":"Feature","properties":{},"geometry":{"type":"Polygon","coordinates":[[[174.7492,-36.882],[174.7492,-36.8821],[174.7496,-36.8822],[174.7497,-36.8821],[174.7499,-36.8821],[174.7499,-36.8819],[174.7493,-36.8818],[174.7492,-36.882]]]}},{"type":"Feature","properties":{},"geometry":{"type":"Polygon","coordinates":[[[174.797,-36.9174],[174.7967,-36.9174],[174.7967,-36.9176],[174.797,-36.9177],[174.797,-36.9174]]]}},{"type":"Feature","properties":{},"geometry":{"type":"Polygon","coordinates":[[[174.7799,-36.8495],[174.7793,-36.8496],[174.7797,-36.8504],[174.7804,-36.8501],[174.7799,-36.8495]]]}},{"type":"Feature","properties":{},"geometry":{"type":"Polygon","coordinates":[[[174.45,-36.6817],[174.4502,-36.6817],[174.4503,-36.6813],[174.45,-36.6813],[174.4499,-36.6816],[174.45,-36.6817]]]}},{"type":"Feature","properties":{},"geometry":{"type":"Polygon","coordinates":[[[174.7477,-36.8878],[174.7473,-36.8877],[174.7473,-36.888],[174.7477,-36.888],[174.7477,-36.8879],[174.7476,-36.8879],[174.7476,-36.8878],[174.7477,-36.8878]]]}},{"type":"Feature","properties":{},"geometry":{"type":"Polygon","coordinates":[[[174.841,-36.905],[174.8423,-36.9055],[174.8422,-36.9058],[174.8424,-36.9061],[174.8426,-36.9057],[174.841,-36.905]]]}},{"type":"Feature","properties":{},"geometry":{"type":"Polygon","coordinates":[[[174.7587,-36.8542],[174.7587,-36.8544],[174.7589,-36.8545],[174.759,-36.8543],[174.7587,-36.8542]]]}},{"type":"Feature","properties":{},"geometry":{"type":"Polygon","coordinates":[[[174.741,-36.8573],[174.7408,-36.8573],[174.7406,-36.8572],[174.7404,-36.8573],[174.7401,-36.8574],[174.7401,-36.8578],[174.7406,-36.8578],[174.7406,-36.8577],[174.741,-36.8576],[174.741,-36.8573]]]}},{"type":"Feature","properties":{},"geometry":{"type":"Polygon","coordinates":[[[174.7772,-36.9173],[174.777,-36.9177],[174.7774,-36.9178],[174.7777,-36.9175],[174.7781,-36.9176],[174.7772,-36.9173]]]}},{"type":"Feature","properties":{},"geometry":{"type":"Polygon","coordinates":[[[174.7122,-36.5265],[174.7118,-36.5268],[174.7118,-36.527],[174.7119,-36.5272],[174.712,-36.5279],[174.7122,-36.5281],[174.7124,-36.5286],[174.7142,-36.5287],[174.7143,-36.5277],[174.7141,-36.5271],[174.714,-36.5269],[174.7133,-36.5266],[174.7126,-36.5265],[174.7122,-36.5265]]]}},{"type":"Feature","properties":{},"geometry":{"type":"Polygon","coordinates":[[[174.7177,-36.5153],[174.7146,-36.5182],[174.7207,-36.5212],[174.7211,-36.5196],[174.7219,-36.5185],[174.7216,-36.5178],[174.7188,-36.5152],[174.7184,-36.5151],[174.7177,-36.5153]]]}},{"type":"Feature","properties":{},"geometry":{"type":"Polygon","coordinates":[[[174.4773,-36.4309],[174.4776,-36.4315],[174.4784,-36.4314],[174.4784,-36.4311],[174.478,-36.4309],[174.4777,-36.4307],[174.4773,-36.4309]]]}},{"type":"Feature","properties":{},"geometry":{"type":"Polygon","coordinates":[[[174.7304,-36.3873],[174.7309,-36.3877],[174.7314,-36.3874],[174.7317,-36.387],[174.7319,-36.3866],[174.7315,-36.3864],[174.7304,-36.3873]]]}},{"type":"Feature","properties":{},"geometry":{"type":"Polygon","coordinates":[[[174.7941,-36.379],[174.7937,-36.3792],[174.7934,-36.3796],[174.7936,-36.3796],[174.7941,-36.3798],[174.7943,-36.3798],[174.7944,-36.3797],[174.7944,-36.3794],[174.7941,-36.379]]]}},{"type":"Feature","properties":{},"geometry":{"type":"Polygon","coordinates":[[[174.2411,-36.5158],[174.2409,-36.5146],[174.2394,-36.5152],[174.2383,-36.5155],[174.2376,-36.5159],[174.2395,-36.5157],[174.2402,-36.5158],[174.2411,-36.5158]]]}},{"type":"Feature","properties":{},"geometry":{"type":"Polygon","coordinates":[[[174.4136,-36.4824],[174.4131,-36.4831],[174.4135,-36.4833],[174.4143,-36.484],[174.4158,-36.484],[174.4158,-36.4832],[174.4147,-36.4832],[174.4136,-36.4824]]]}},{"type":"Feature","properties":{},"geometry":{"type":"Polygon","coordinates":[[[174.4579,-36.4995],[174.4578,-36.5],[174.4578,-36.5007],[174.4581,-36.5007],[174.4584,-36.5001],[174.4583,-36.4995],[174.4579,-36.4995]]]}},{"type":"Feature","properties":{},"geometry":{"type":"Polygon","coordinates":[[[174.4445,-36.577],[174.4442,-36.5778],[174.4443,-36.5782],[174.4449,-36.5783],[174.4449,-36.5778],[174.4451,-36.5772],[174.4445,-36.577]]]}},{"type":"Feature","properties":{},"geometry":{"type":"Polygon","coordinates":[[[174.4476,-36.5794],[174.4471,-36.579],[174.4463,-36.5791],[174.4462,-36.5795],[174.4466,-36.5797],[174.4467,-36.5802],[174.4471,-36.5802],[174.4476,-36.5794]]]}},{"type":"Feature","properties":{},"geometry":{"type":"Polygon","coordinates":[[[174.4469,-36.5926],[174.4463,-36.5926],[174.4455,-36.5932],[174.445,-36.5929],[174.4445,-36.5934],[174.4446,-36.5941],[174.4461,-36.594],[174.4482,-36.5931],[174.4482,-36.5926],[174.4475,-36.5921],[174.4469,-36.5926]]]}},{"type":"Feature","properties":{},"geometry":{"type":"Polygon","coordinates":[[[174.3355,-36.6258],[174.3347,-36.626],[174.3339,-36.6264],[174.3336,-36.6267],[174.3336,-36.6271],[174.3339,-36.6273],[174.3347,-36.627],[174.335,-36.6265],[174.3354,-36.6263],[174.3357,-36.6263],[174.3361,-36.6266],[174.3367,-36.6263],[174.3373,-36.6264],[174.338,-36.6266],[174.3382,-36.6264],[174.3373,-36.6259],[174.3363,-36.6258],[174.3355,-36.6258]]]}},{"type":"Feature","properties":{},"geometry":{"type":"Polygon","coordinates":[[[174.3588,-36.6534],[174.3585,-36.6537],[174.3591,-36.6543],[174.3601,-36.6543],[174.3603,-36.6539],[174.3601,-36.6538],[174.3596,-36.6538],[174.3594,-36.6534],[174.3588,-36.6534]]]}},{"type":"Feature","properties":{},"geometry":{"type":"Polygon","coordinates":[[[174.3957,-36.6307],[174.3948,-36.632],[174.3943,-36.6323],[174.3948,-36.6328],[174.3953,-36.6325],[174.3962,-36.6321],[174.397,-36.6316],[174.3973,-36.6315],[174.3972,-36.6305],[174.3967,-36.63],[174.3957,-36.6302],[174.3957,-36.6307]]]}},{"type":"Feature","properties":{},"geometry":{"type":"Polygon","coordinates":[[[174.3969,-36.6462],[174.3966,-36.646],[174.3964,-36.646],[174.3958,-36.6466],[174.3961,-36.6468],[174.3966,-36.6466],[174.3968,-36.6464],[174.3969,-36.6462]]]}},{"type":"Feature","properties":{},"geometry":{"type":"Polygon","coordinates":[[[174.7429,-36.2608],[174.7432,-36.2606],[174.7428,-36.2595],[174.742,-36.2587],[174.7411,-36.2583],[174.7409,-36.2583],[174.7403,-36.2589],[174.7399,-36.2595],[174.7398,-36.26],[174.7409,-36.26],[174.7413,-36.2603],[174.7415,-36.2605],[174.7419,-36.2607],[174.7423,-36.2608],[174.7429,-36.2608]]]}},{"type":"Feature","properties":{},"geometry":{"type":"Polygon","coordinates":[[[174.6341,-36.7826],[174.634,-36.783],[174.6342,-36.7831],[174.6343,-36.7826],[174.6341,-36.7825],[174.6341,-36.7826]]]}},{"type":"Feature","properties":{},"geometry":{"type":"Polygon","coordinates":[[[174.6575,-36.8861],[174.6577,-36.8863],[174.6579,-36.8862],[174.6576,-36.886],[174.6575,-36.8861]]]}},{"type":"Feature","properties":{},"geometry":{"type":"Polygon","coordinates":[[[174.6569,-36.7803],[174.657,-36.7807],[174.6572,-36.7806],[174.6571,-36.7803],[174.6569,-36.7803]]]}},{"type":"Feature","properties":{},"geometry":{"type":"Polygon","coordinates":[[[174.6539,-36.8717],[174.6538,-36.8718],[174.654,-36.872],[174.6543,-36.8718],[174.6541,-36.8716],[174.6539,-36.8717]]]}},{"type":"Feature","properties":{},"geometry":{"type":"Polygon","coordinates":[[[174.6502,-36.8263],[174.6501,-36.8263],[174.6501,-36.8266],[174.6503,-36.8266],[174.6504,-36.8265],[174.6504,-36.8263],[174.6502,-36.8263]]]}},{"type":"Feature","properties":{},"geometry":{"type":"Polygon","coordinates":[[[175.2271,-36.9803],[175.2272,-36.9806],[175.2273,-36.9811],[175.2275,-36.9811],[175.2276,-36.9809],[175.2275,-36.9802],[175.2272,-36.9797],[175.2269,-36.9796],[175.2263,-36.9799],[175.2264,-36.98],[175.2268,-36.98],[175.2271,-36.9803]]]}},{"type":"Feature","properties":{},"geometry":{"type":"Polygon","coordinates":[[[175.2519,-36.9774],[175.2518,-36.9775],[175.2518,-36.9779],[175.2512,-36.9784],[175.2516,-36.9788],[175.2518,-36.979],[175.2526,-36.9788],[175.2528,-36.9786],[175.2528,-36.9783],[175.2526,-36.9781],[175.2527,-36.978],[175.2536,-36.9779],[175.2539,-36.9781],[175.2541,-36.9783],[175.2549,-36.9782],[175.2555,-36.977],[175.2551,-36.9768],[175.2538,-36.9768],[175.253,-36.9774],[175.2519,-36.9774]]]}},{"type":"Feature","properties":{},"geometry":{"type":"Polygon","coordinates":[[[174.7073,-36.4856],[174.707,-36.4857],[174.707,-36.4859],[174.7078,-36.4864],[174.708,-36.4862],[174.708,-36.4857],[174.7079,-36.4856],[174.7073,-36.4856]]]}},{"type":"Feature","properties":{},"geometry":{"type":"Polygon","coordinates":[[[174.7049,-36.522],[174.7046,-36.522],[174.7041,-36.5222],[174.704,-36.5221],[174.7037,-36.522],[174.7032,-36.5222],[174.7037,-36.5227],[174.7039,-36.523],[174.7038,-36.5231],[174.7037,-36.523],[174.7036,-36.5233],[174.704,-36.5237],[174.7042,-36.5238],[174.7046,-36.5234],[174.7051,-36.5235],[174.7052,-36.5234],[174.7052,-36.5231],[174.7046,-36.523],[174.7047,-36.5227],[174.7051,-36.5227],[174.7051,-36.5225],[174.7048,-36.5223],[174.7049,-36.522]]]}},{"type":"Feature","properties":{},"geometry":{"type":"Polygon","coordinates":[[[174.3177,-36.6101],[174.318,-36.6104],[174.3183,-36.6103],[174.319,-36.6097],[174.3191,-36.6093],[174.3189,-36.6093],[174.3178,-36.6097],[174.3177,-36.6101]]]}},{"type":"Feature","properties":{},"geometry":{"type":"Polygon","coordinates":[[[174.3188,-36.6032],[174.3188,-36.6037],[174.3187,-36.6039],[174.3189,-36.6042],[174.3199,-36.6042],[174.3203,-36.604],[174.3204,-36.6039],[174.3193,-36.6032],[174.3188,-36.6032]]]}},{"type":"Feature","properties":{},"geometry":{"type":"Polygon","coordinates":[[[174.3375,-36.6314],[174.337,-36.6317],[174.3366,-36.6321],[174.3366,-36.6322],[174.3386,-36.6323],[174.3388,-36.632],[174.3383,-36.6314],[174.3375,-36.6314]]]}},{"type":"Feature","properties":{},"geometry":{"type":"Polygon","coordinates":[[[174.3835,-36.6852],[174.383,-36.6853],[174.3832,-36.686],[174.3841,-36.6858],[174.3835,-36.6852]]]}},{"type":"Feature","properties":{},"geometry":{"type":"Polygon","coordinates":[[[174.3769,-36.6838],[174.3765,-36.6839],[174.3763,-36.6841],[174.3765,-36.6845],[174.3768,-36.6846],[174.3768,-36.6849],[174.3771,-36.685],[174.3779,-36.6848],[174.3795,-36.6849],[174.3797,-36.6847],[174.3797,-36.6846],[174.3795,-36.6845],[174.378,-36.6843],[174.378,-36.6842],[174.3782,-36.6841],[174.3791,-36.6842],[174.3796,-36.6838],[174.3796,-36.6835],[174.3782,-36.6836],[174.3769,-36.6838]]]}},{"type":"Feature","properties":{},"geometry":{"type":"Polygon","coordinates":[[[174.4706,-36.6336],[174.4704,-36.6338],[174.4706,-36.6343],[174.4715,-36.6345],[174.4716,-36.6344],[174.4719,-36.6342],[174.472,-36.634],[174.472,-36.6338],[174.4711,-36.6335],[174.4706,-36.6336]]]}},{"type":"Feature","properties":{},"geometry":{"type":"Polygon","coordinates":[[[174.4234,-36.7333],[174.422,-36.7333],[174.4218,-36.733],[174.4214,-36.733],[174.4213,-36.7332],[174.4213,-36.7339],[174.4212,-36.7341],[174.4213,-36.7344],[174.4218,-36.7343],[174.4219,-36.7342],[174.4217,-36.734],[174.4218,-36.7339],[174.4234,-36.7339],[174.4234,-36.7333]]]}},{"type":"Feature","properties":{},"geometry":{"type":"Polygon","coordinates":[[[174.4549,-36.2551],[174.4548,-36.256],[174.4562,-36.256],[174.456,-36.2556],[174.4559,-36.2552],[174.4553,-36.255],[174.4549,-36.2551]]]}},{"type":"Feature","properties":{},"geometry":{"type":"Polygon","coordinates":[[[174.4233,-36.3119],[174.423,-36.3121],[174.4227,-36.313],[174.4233,-36.3132],[174.4239,-36.312],[174.4233,-36.3119]]]}},{"type":"Feature","properties":{},"geometry":{"type":"Polygon","coordinates":[[[174.3424,-36.3226],[174.3423,-36.3229],[174.3423,-36.3234],[174.3421,-36.3238],[174.3421,-36.3251],[174.3419,-36.3254],[174.3429,-36.3254],[174.3436,-36.3252],[174.3435,-36.3249],[174.3437,-36.3232],[174.3433,-36.3227],[174.343,-36.3225],[174.3424,-36.3226]]]}},{"type":"Feature","properties":{},"geometry":{"type":"Polygon","coordinates":[[[174.3592,-36.3353],[174.3589,-36.3355],[174.359,-36.3357],[174.3592,-36.3359],[174.3594,-36.3359],[174.3597,-36.3356],[174.3596,-36.3354],[174.3592,-36.3353]]]}},{"type":"Feature","properties":{},"geometry":{"type":"Polygon","coordinates":[[[174.3672,-36.3111],[174.3666,-36.3108],[174.3663,-36.3106],[174.3661,-36.3107],[174.366,-36.3108],[174.366,-36.3115],[174.3663,-36.3115],[174.3672,-36.3111]]]}},{"type":"Feature","properties":{},"geometry":{"type":"Polygon","coordinates":[[[174.7933,-36.6287],[174.7935,-36.6289],[174.7937,-36.629],[174.7941,-36.6288],[174.7941,-36.6285],[174.7937,-36.6282],[174.7933,-36.6287]]]}},{"type":"Feature","properties":{},"geometry":{"type":"Polygon","coordinates":[[[174.7412,-36.647],[174.7405,-36.6471],[174.7403,-36.6472],[174.74,-36.6478],[174.7406,-36.6479],[174.741,-36.6479],[174.7414,-36.6473],[174.7412,-36.647]]]}},{"type":"Feature","properties":{},"geometry":{"type":"Polygon","coordinates":[[[174.7652,-36.6363],[174.7651,-36.6364],[174.7653,-36.6368],[174.7655,-36.6368],[174.7657,-36.6366],[174.7658,-36.6364],[174.7657,-36.6362],[174.7652,-36.6363]]]}},{"type":"Feature","properties":{},"geometry":{"type":"Polygon","coordinates":[[[174.6103,-36.8304],[174.6105,-36.8305],[174.6106,-36.8302],[174.6104,-36.8301],[174.6103,-36.8304]]]}},{"type":"Feature","properties":{},"geometry":{"type":"Polygon","coordinates":[[[174.6037,-36.8348],[174.6035,-36.8345],[174.6033,-36.8345],[174.6034,-36.8349],[174.6037,-36.8348]]]}},{"type":"Feature","properties":{},"geometry":{"type":"Polygon","coordinates":[[[174.6365,-36.8296],[174.6368,-36.8299],[174.6369,-36.8298],[174.6367,-36.8295],[174.6365,-36.8296]]]}},{"type":"Feature","properties":{},"geometry":{"type":"Polygon","coordinates":[[[174.601,-36.854],[174.6006,-36.8534],[174.5999,-36.8535],[174.5982,-36.8537],[174.5986,-36.8541],[174.5979,-36.8549],[174.5995,-36.8548],[174.601,-36.854]]]}},{"type":"Feature","properties":{},"geometry":{"type":"Polygon","coordinates":[[[174.6188,-36.8397],[174.6184,-36.8396],[174.6183,-36.8398],[174.6182,-36.8398],[174.6181,-36.84],[174.6177,-36.8399],[174.6173,-36.8409],[174.6184,-36.8408],[174.6188,-36.8397]]]}},{"type":"Feature","properties":{},"geometry":{"type":"Polygon","coordinates":[[[174.8907,-36.9922],[174.8906,-36.9926],[174.8907,-36.9927],[174.8908,-36.9928],[174.8916,-36.9929],[174.8917,-36.9925],[174.8915,-36.9922],[174.8911,-36.9921],[174.8907,-36.9922]]]}},{"type":"Feature","properties":{},"geometry":{"type":"Polygon","coordinates":[[[174.9058,-36.8891],[174.9046,-36.8889],[174.9047,-36.8886],[174.9029,-36.8883],[174.9027,-36.8884],[174.9028,-36.8887],[174.9025,-36.8893],[174.9024,-36.8895],[174.9028,-36.8907],[174.905,-36.8899],[174.9059,-36.8893],[174.9058,-36.8891]]]}},{"type":"Feature","properties":{},"geometry":{"type":"Polygon","coordinates":[[[175.0197,-36.8775],[175.0202,-36.8778],[175.0207,-36.8777],[175.0209,-36.8775],[175.021,-36.8771],[175.0205,-36.8771],[175.0204,-36.8772],[175.0204,-36.8773],[175.0203,-36.8773],[175.0199,-36.8773],[175.0197,-36.8775]]]}},{"type":"Feature","properties":{},"geometry":{"type":"Polygon","coordinates":[[[175.0821,-36.929],[175.0823,-36.9292],[175.0826,-36.9291],[175.0829,-36.9285],[175.0829,-36.9281],[175.0828,-36.9279],[175.0824,-36.9277],[175.0817,-36.9277],[175.0816,-36.9278],[175.0817,-36.9283],[175.0821,-36.929]]]}},{"type":"Feature","properties":{},"geometry":{"type":"Polygon","coordinates":[[[175.0802,-36.924],[175.0806,-36.9241],[175.0808,-36.9239],[175.0814,-36.923],[175.0815,-36.9224],[175.0812,-36.922],[175.0808,-36.9219],[175.0805,-36.9219],[175.0802,-36.9221],[175.0795,-36.9226],[175.0787,-36.9234],[175.0788,-36.9237],[175.0789,-36.9238],[175.0802,-36.924]]]}},{"type":"Feature","properties":{},"geometry":{"type":"Polygon","coordinates":[[[174.8296,-36.4391],[174.83,-36.4394],[174.8306,-36.4392],[174.8315,-36.4397],[174.8317,-36.4397],[174.8319,-36.4395],[174.832,-36.4392],[174.8315,-36.4391],[174.8308,-36.4387],[174.8306,-36.4383],[174.8301,-36.4381],[174.8296,-36.4391]]]}},{"type":"Feature","properties":{},"geometry":{"type":"Polygon","coordinates":[[[174.7215,-36.6725],[174.7214,-36.6725],[174.7217,-36.6731],[174.7215,-36.6727],[174.722,-36.6724],[174.7226,-36.6723],[174.7223,-36.6722],[174.7215,-36.6725]]]}},{"type":"Feature","properties":{},"geometry":{"type":"Polygon","coordinates":[[[174.7258,-36.6706],[174.7259,-36.6709],[174.726,-36.6709],[174.726,-36.6705],[174.7259,-36.6705],[174.7258,-36.6706]]]}},{"type":"Feature","properties":{},"geometry":{"type":"Polygon","coordinates":[[[174.7273,-36.6708],[174.7272,-36.6709],[174.7273,-36.671],[174.7276,-36.6709],[174.7276,-36.6708],[174.7273,-36.6708]]]}},{"type":"Feature","properties":{},"geometry":{"type":"Polygon","coordinates":[[[174.719,-36.5011],[174.7189,-36.501],[174.7186,-36.5005],[174.7178,-36.5006],[174.7177,-36.5012],[174.7179,-36.5014],[174.7191,-36.5012],[174.719,-36.5011]]]}},{"type":"Feature","properties":{},"geometry":{"type":"Polygon","coordinates":[[[174.7198,-36.507],[174.7204,-36.5067],[174.7211,-36.5064],[174.7214,-36.5061],[174.7213,-36.506],[174.7205,-36.5061],[174.7199,-36.5063],[174.7196,-36.5068],[174.7198,-36.507]]]}},{"type":"Feature","properties":{},"geometry":{"type":"Polygon","coordinates":[[[174.7137,-36.5252],[174.7139,-36.5254],[174.714,-36.526],[174.7143,-36.5262],[174.7148,-36.5263],[174.7148,-36.5255],[174.7144,-36.5249],[174.7137,-36.5252]]]}},{"type":"Feature","properties":{},"geometry":{"type":"Polygon","coordinates":[[[174.7248,-36.5181],[174.725,-36.5183],[174.7251,-36.5184],[174.7254,-36.5184],[174.7255,-36.5183],[174.7253,-36.518],[174.7248,-36.5181]]]}},{"type":"Feature","properties":{},"geometry":{"type":"Polygon","coordinates":[[[174.7164,-36.5243],[174.7163,-36.5248],[174.717,-36.525],[174.7172,-36.525],[174.7176,-36.5246],[174.7174,-36.5243],[174.7168,-36.5242],[174.7164,-36.5243]]]}},{"type":"Feature","properties":{},"geometry":{"type":"Polygon","coordinates":[[[174.6228,-36.9044],[174.6227,-36.9044],[174.6225,-36.9045],[174.6224,-36.9053],[174.6223,-36.9053],[174.6223,-36.9056],[174.6232,-36.9056],[174.6233,-36.9051],[174.6226,-36.9049],[174.6226,-36.9045],[174.6229,-36.9044],[174.6228,-36.9044]]]}},{"type":"Feature","properties":{},"geometry":{"type":"Polygon","coordinates":[[[174.7393,-36.8526],[174.7394,-36.8534],[174.7399,-36.8534],[174.7398,-36.8526],[174.7393,-36.8526]]]}},{"type":"Feature","properties":{},"geometry":{"type":"Polygon","coordinates":[[[174.6201,-37.1749],[174.6207,-37.1743],[174.621,-37.1741],[174.6216,-37.174],[174.6219,-37.1741],[174.6221,-37.1741],[174.6223,-37.1737],[174.6223,-37.1734],[174.6222,-37.1731],[174.6218,-37.1731],[174.6211,-37.1732],[174.6201,-37.1731],[174.6194,-37.1737],[174.6199,-37.174],[174.6194,-37.1743],[174.6201,-37.1749]]]}},{"type":"Feature","properties":{},"geometry":{"type":"Polygon","coordinates":[[[174.6188,-37.1837],[174.6179,-37.1838],[174.6178,-37.1848],[174.6186,-37.1852],[174.6194,-37.185],[174.6188,-37.1837]]]}},{"type":"Feature","properties":{},"geometry":{"type":"Polygon","coordinates":[[[174.4275,-36.8373],[174.428,-36.8373],[174.428,-36.837],[174.4278,-36.8369],[174.4278,-36.8367],[174.4275,-36.8366],[174.4272,-36.8368],[174.4275,-36.8373]]]}},{"type":"Feature","properties":{},"geometry":{"type":"Polygon","coordinates":[[[174.4279,-36.8349],[174.4275,-36.835],[174.4276,-36.8355],[174.4281,-36.8355],[174.4283,-36.8354],[174.4279,-36.8349]]]}},{"type":"Feature","properties":{},"geometry":{"type":"Polygon","coordinates":[[[174.7796,-36.4374],[174.7795,-36.4376],[174.7786,-36.4383],[174.7786,-36.4385],[174.7796,-36.4388],[174.7798,-36.4384],[174.7803,-36.438],[174.78,-36.4373],[174.7796,-36.4374]]]}},{"type":"Feature","properties":{},"geometry":{"type":"Polygon","coordinates":[[[174.7694,-36.4444],[174.7695,-36.4451],[174.7698,-36.4452],[174.7702,-36.4452],[174.7704,-36.4451],[174.7702,-36.4446],[174.77,-36.4444],[174.7694,-36.4444]]]}},{"type":"Feature","properties":{},"geometry":{"type":"Polygon","coordinates":[[[174.7691,-36.4416],[174.7694,-36.4412],[174.7688,-36.4409],[174.7685,-36.4413],[174.7691,-36.4416]]]}},{"type":"Feature","properties":{},"geometry":{"type":"Polygon","coordinates":[[[174.7382,-36.4871],[174.7385,-36.4877],[174.7389,-36.4879],[174.74,-36.4879],[174.7399,-36.4872],[174.7384,-36.4869],[174.7382,-36.4871]]]}},{"type":"Feature","properties":{},"geometry":{"type":"Polygon","coordinates":[[[174.9868,-37.1411],[174.9863,-37.1425],[174.9869,-37.143],[174.9878,-37.1425],[174.9881,-37.1428],[174.9894,-37.143],[174.9898,-37.1429],[174.9894,-37.1413],[174.9892,-37.1416],[174.989,-37.1417],[174.9877,-37.1417],[174.9873,-37.1415],[174.9868,-37.141],[174.9868,-37.1411]]]}},{"type":"Feature","properties":{},"geometry":{"type":"Polygon","coordinates":[[[174.7894,-37.1216],[174.7893,-37.1219],[174.7899,-37.122],[174.7899,-37.1217],[174.7894,-37.1216]]]}},{"type":"Feature","properties":{},"geometry":{"type":"Polygon","coordinates":[[[174.5631,-37.0067],[174.5633,-37.0076],[174.5639,-37.0077],[174.5639,-37.0069],[174.565,-37.0069],[174.5656,-37.0063],[174.5643,-37.0058],[174.5631,-37.0067]]]}},{"type":"Feature","properties":{},"geometry":{"type":"Polygon","coordinates":[[[174.7577,-36.3112],[174.7564,-36.3111],[174.7564,-36.3115],[174.756,-36.3119],[174.756,-36.3122],[174.7568,-36.3122],[174.7567,-36.3121],[174.7568,-36.3118],[174.7569,-36.3117],[174.7575,-36.3116],[174.7577,-36.3114],[174.7577,-36.3112]]]}},{"type":"Feature","properties":{},"geometry":{"type":"Polygon","coordinates":[[[174.7024,-36.7716],[174.7026,-36.7718],[174.703,-36.7715],[174.7027,-36.7713],[174.7024,-36.7716]]]}},{"type":"Feature","properties":{},"geometry":{"type":"Polygon","coordinates":[[[174.7134,-36.4775],[174.7131,-36.4778],[174.7124,-36.4779],[174.7124,-36.4776],[174.712,-36.4775],[174.7113,-36.4777],[174.7117,-36.4794],[174.7124,-36.4795],[174.713,-36.4804],[174.7143,-36.4804],[174.7143,-36.48],[174.7151,-36.4799],[174.7157,-36.4801],[174.7163,-36.48],[174.7166,-36.4803],[174.7169,-36.4802],[174.7165,-36.4796],[174.7158,-36.4796],[174.7134,-36.4775]]]}},{"type":"Feature","properties":{},"geometry":{"type":"Polygon","coordinates":[[[174.5593,-37.0445],[174.5599,-37.0453],[174.5639,-37.0431],[174.5634,-37.0425],[174.5623,-37.0428],[174.5616,-37.0431],[174.5603,-37.0441],[174.5593,-37.0445]]]}},{"type":"Feature","properties":{},"geometry":{"type":"Polygon","coordinates":[[[174.8046,-36.2868],[174.8044,-36.2871],[174.8045,-36.2871],[174.8046,-36.2879],[174.805,-36.288],[174.805,-36.2877],[174.8055,-36.2871],[174.8053,-36.2869],[174.8051,-36.2868],[174.8049,-36.287],[174.8047,-36.2869],[174.8046,-36.2868]]]}},{"type":"Feature","properties":{},"geometry":{"type":"Polygon","coordinates":[[[174.7846,-36.7968],[174.7844,-36.7969],[174.7847,-36.7968],[174.7849,-36.797],[174.7858,-36.7965],[174.7857,-36.7963],[174.7854,-36.7962],[174.7846,-36.7968]]]}},{"type":"Feature","properties":{},"geometry":{"type":"Polygon","coordinates":[[[174.7193,-36.5236],[174.7198,-36.5245],[174.7203,-36.5245],[174.7198,-36.5235],[174.7193,-36.5236]]]}},{"type":"Feature","properties":{},"geometry":{"type":"Polygon","coordinates":[[[174.7217,-36.5133],[174.7224,-36.5142],[174.723,-36.5142],[174.7229,-36.5134],[174.7224,-36.5129],[174.7217,-36.5133]]]}},{"type":"Feature","properties":{},"geometry":{"type":"Polygon","coordinates":[[[174.7265,-36.5176],[174.7275,-36.5176],[174.7275,-36.517],[174.7288,-36.5173],[174.7292,-36.5169],[174.7292,-36.5165],[174.7285,-36.5165],[174.7274,-36.5158],[174.7258,-36.5159],[174.7259,-36.5163],[174.7263,-36.5163],[174.7265,-36.5176]]]}},{"type":"Feature","properties":{},"geometry":{"type":"Polygon","coordinates":[[[174.7275,-36.517],[174.729,-36.5175],[174.7294,-36.5171],[174.7272,-36.5158],[174.7258,-36.5159],[174.7259,-36.5163],[174.7263,-36.5163],[174.7265,-36.5176],[174.7273,-36.5176],[174.7273,-36.5169],[174.7275,-36.517]]]}},{"type":"Feature","properties":{},"geometry":{"type":"Polygon","coordinates":[[[174.7188,-36.5113],[174.7176,-36.512],[174.7178,-36.5126],[174.719,-36.5127],[174.7197,-36.5121],[174.7191,-36.5117],[174.7188,-36.5113]]]}},{"type":"Feature","properties":{},"geometry":{"type":"Polygon","coordinates":[[[174.9138,-37.0777],[174.9129,-37.0782],[174.9142,-37.0797],[174.9151,-37.0792],[174.9138,-37.0777]]]}},{"type":"Feature","properties":{},"geometry":{"type":"Polygon","coordinates":[[[174.8373,-36.369],[174.8371,-36.3689],[174.837,-36.3685],[174.8368,-36.3684],[174.8366,-36.3684],[174.8366,-36.3685],[174.8363,-36.3686],[174.836,-36.3695],[174.8372,-36.3699],[174.8373,-36.3695],[174.837,-36.3693],[174.8373,-36.369]]]}},{"type":"Feature","properties":{},"geometry":{"type":"Polygon","coordinates":[[[174.8398,-36.3702],[174.8397,-36.3699],[174.8388,-36.37],[174.8386,-36.3702],[174.8387,-36.3705],[174.8389,-36.3706],[174.8398,-36.3702]]]}},{"type":"Feature","properties":{},"geometry":{"type":"Polygon","coordinates":[[[174.8394,-36.3776],[174.8393,-36.3773],[174.8391,-36.3774],[174.8386,-36.3773],[174.8385,-36.3775],[174.8385,-36.3776],[174.8387,-36.3778],[174.839,-36.3778],[174.8394,-36.3776]]]}},{"type":"Feature","properties":{},"geometry":{"type":"Polygon","coordinates":[[[174.8374,-36.3768],[174.8378,-36.3763],[174.8375,-36.3761],[174.837,-36.3763],[174.8369,-36.3765],[174.8374,-36.3768]]]}},{"type":"Feature","properties":{},"geometry":{"type":"Polygon","coordinates":[[[174.8169,-36.3744],[174.8163,-36.3744],[174.8162,-36.3746],[174.8166,-36.3749],[174.8169,-36.3748],[174.8169,-36.3744]]]}},{"type":"Feature","properties":{},"geometry":{"type":"Polygon","coordinates":[[[174.8217,-36.3711],[174.8217,-36.3708],[174.8213,-36.3708],[174.8213,-36.3711],[174.8214,-36.3712],[174.8217,-36.3711]]]}},{"type":"Feature","properties":{},"geometry":{"type":"Polygon","coordinates":[[[174.74,-36.4879],[174.7398,-36.4876],[174.7395,-36.4877],[174.7395,-36.4879],[174.74,-36.4879]]]}},{"type":"Feature","properties":{},"geometry":{"type":"Polygon","coordinates":[[[174.7413,-36.4881],[174.7409,-36.4881],[174.7408,-36.4882],[174.7408,-36.4895],[174.7409,-36.4896],[174.7415,-36.4896],[174.7416,-36.4895],[174.7415,-36.4883],[174.7413,-36.4881]]]}},{"type":"Feature","properties":{},"geometry":{"type":"Polygon","coordinates":[[[174.7421,-36.9919],[174.7418,-36.9923],[174.7417,-36.9924],[174.7417,-36.9927],[174.7419,-36.9932],[174.7423,-36.9938],[174.7424,-36.9939],[174.7423,-36.9941],[174.7425,-36.9941],[174.743,-36.9947],[174.7433,-36.9954],[174.7435,-36.9955],[174.7447,-36.995],[174.7447,-36.9941],[174.7447,-36.9939],[174.7446,-36.9937],[174.7441,-36.9937],[174.7441,-36.9934],[174.7439,-36.9934],[174.7437,-36.9928],[174.7437,-36.9925],[174.7436,-36.9924],[174.7437,-36.9921],[174.7434,-36.9916],[174.7431,-36.9914],[174.7424,-36.9917],[174.7421,-36.9919]]]}},{"type":"Feature","properties":{},"geometry":{"type":"Polygon","coordinates":[[[174.6926,-36.487],[174.6924,-36.4874],[174.6924,-36.4879],[174.6932,-36.4879],[174.6932,-36.487],[174.6926,-36.487]]]}},{"type":"Feature","properties":{},"geometry":{"type":"Polygon","coordinates":[[[174.7082,-36.5481],[174.7086,-36.5481],[174.7085,-36.5479],[174.7082,-36.5479],[174.7082,-36.5481]]]}},{"type":"Feature","properties":{},"geometry":{"type":"Polygon","coordinates":[[[175.1597,-36.9114],[175.1602,-36.9117],[175.1604,-36.9117],[175.1606,-36.9115],[175.1604,-36.9111],[175.16,-36.9109],[175.1597,-36.9114]]]}},{"type":"Feature","properties":{},"geometry":{"type":"Polygon","coordinates":[[[174.8948,-36.8353],[174.8946,-36.8356],[174.8949,-36.8363],[174.8956,-36.8361],[174.8953,-36.8354],[174.8948,-36.8353]]]}},{"type":"Feature","properties":{},"geometry":{"type":"Polygon","coordinates":[[[174.9434,-37.1034],[174.9438,-37.1037],[174.944,-37.1037],[174.9437,-37.1033],[174.9438,-37.1033],[174.9438,-37.1031],[174.9434,-37.1031],[174.9434,-37.1034]]]}},{"type":"Feature","properties":{},"geometry":{"type":"Polygon","coordinates":[[[174.7329,-36.3872],[174.7325,-36.3877],[174.7321,-36.3881],[174.7316,-36.3881],[174.7312,-36.3879],[174.7308,-36.3882],[174.7315,-36.3888],[174.7325,-36.3889],[174.7332,-36.3884],[174.7334,-36.3873],[174.7329,-36.3872]]]}},{"type":"Feature","properties":{},"geometry":{"type":"Polygon","coordinates":[[[174.7464,-36.6684],[174.7457,-36.6684],[174.7451,-36.6686],[174.7449,-36.6686],[174.7449,-36.6691],[174.7452,-36.6694],[174.7456,-36.6696],[174.7459,-36.6698],[174.7464,-36.67],[174.7464,-36.6702],[174.7465,-36.6704],[174.747,-36.6704],[174.747,-36.6702],[174.7464,-36.6684]]]}},{"type":"Feature","properties":{},"geometry":{"type":"Polygon","coordinates":[[[174.7397,-36.6641],[174.7396,-36.6642],[174.7398,-36.6645],[174.7403,-36.6642],[174.7407,-36.6642],[174.7408,-36.664],[174.7407,-36.6634],[174.7405,-36.6634],[174.7404,-36.6634],[174.7401,-36.6638],[174.7397,-36.6641]]]}},{"type":"Feature","properties":{},"geometry":{"type":"Polygon","coordinates":[[[174.8337,-36.3691],[174.8338,-36.3693],[174.8337,-36.3694],[174.8339,-36.3696],[174.8343,-36.3695],[174.8344,-36.3694],[174.8345,-36.3691],[174.834,-36.3689],[174.8337,-36.3691]]]}},{"type":"Feature","properties":{},"geometry":{"type":"Polygon","coordinates":[[[174.8274,-36.3687],[174.8276,-36.3689],[174.828,-36.3688],[174.8281,-36.3686],[174.8279,-36.3683],[174.8274,-36.3687]]]}},{"type":"Feature","properties":{},"geometry":{"type":"Polygon","coordinates":[[[174.829,-36.3768],[174.8287,-36.3773],[174.8287,-36.3775],[174.8288,-36.3776],[174.8293,-36.3775],[174.8296,-36.3771],[174.8296,-36.3769],[174.829,-36.3768]]]}},{"type":"Feature","properties":{},"geometry":{"type":"Polygon","coordinates":[[[174.8197,-36.3725],[174.8201,-36.3726],[174.8202,-36.3722],[174.8198,-36.3721],[174.8197,-36.3725]]]}},{"type":"Feature","properties":{},"geometry":{"type":"Polygon","coordinates":[[[174.5944,-36.9992],[174.5934,-36.9995],[174.5905,-37],[174.5905,-37.0003],[174.5925,-37.0015],[174.5923,-37.0055],[174.5934,-37.0074],[174.5943,-37.007],[174.594,-37.0065],[174.5936,-37.0067],[174.5931,-37.0057],[174.5932,-37.0023],[174.595,-37.0023],[174.5952,-37.0006],[174.5946,-36.9991],[174.5944,-36.9992]]]}},{"type":"Feature","properties":{},"geometry":{"type":"Polygon","coordinates":[[[174.7135,-36.5413],[174.7135,-36.5415],[174.7137,-36.5416],[174.7145,-36.5415],[174.7145,-36.5413],[174.7142,-36.5411],[174.7136,-36.5412],[174.7135,-36.5413]]]}},{"type":"Feature","properties":{},"geometry":{"type":"Polygon","coordinates":[[[174.7009,-36.5342],[174.7026,-36.5337],[174.7024,-36.5334],[174.7015,-36.5333],[174.7012,-36.5337],[174.7007,-36.5339],[174.7009,-36.5342]]]}},{"type":"Feature","properties":{},"geometry":{"type":"Polygon","coordinates":[[[174.7079,-36.538],[174.7079,-36.5376],[174.7073,-36.5375],[174.7071,-36.5373],[174.7071,-36.537],[174.7069,-36.5367],[174.7066,-36.5368],[174.7061,-36.5373],[174.7055,-36.5376],[174.7055,-36.5379],[174.7058,-36.5381],[174.7079,-36.538]]]}},{"type":"Feature","properties":{},"geometry":{"type":"Polygon","coordinates":[[[174.7087,-36.5381],[174.7087,-36.5377],[174.7082,-36.5376],[174.7076,-36.5376],[174.7075,-36.538],[174.7087,-36.5381]]]}},{"type":"Feature","properties":{},"geometry":{"type":"Polygon","coordinates":[[[174.7128,-36.5291],[174.7132,-36.5291],[174.7132,-36.5285],[174.7128,-36.5286],[174.7128,-36.5291]]]}},{"type":"Feature","properties":{},"geometry":{"type":"Polygon","coordinates":[[[174.7096,-36.5345],[174.7097,-36.5349],[174.7102,-36.5352],[174.711,-36.5353],[174.7111,-36.5346],[174.7104,-36.5344],[174.7096,-36.5345]]]}},{"type":"Feature","properties":{},"geometry":{"type":"Polygon","coordinates":[[[174.9015,-37.2005],[174.9013,-37.2006],[174.9013,-37.2009],[174.9015,-37.2009],[174.9015,-37.2005]]]}},{"type":"Feature","properties":{},"geometry":{"type":"Polygon","coordinates":[[[174.9081,-37.2044],[174.9082,-37.2047],[174.9087,-37.2046],[174.9086,-37.2043],[174.9081,-37.2044]]]}},{"type":"Feature","properties":{},"geometry":{"type":"Polygon","coordinates":[[[174.9043,-37.2012],[174.9043,-37.2008],[174.9041,-37.2007],[174.9041,-37.2011],[174.9043,-37.2012]]]}},{"type":"Feature","properties":{},"geometry":{"type":"Polygon","coordinates":[[[174.9476,-37.0128],[174.9476,-37.0129],[174.9478,-37.0134],[174.9485,-37.0132],[174.9482,-37.0126],[174.9476,-37.0128]]]}},{"type":"Feature","properties":{},"geometry":{"type":"Polygon","coordinates":[[[174.7214,-36.5102],[174.7199,-36.5101],[174.7199,-36.5106],[174.7204,-36.5108],[174.7214,-36.5107],[174.7214,-36.5102]]]}},{"type":"Feature","properties":{},"geometry":{"type":"Polygon","coordinates":[[[174.3959,-36.6466],[174.3967,-36.6478],[174.3979,-36.6473],[174.3984,-36.6465],[174.3982,-36.6464],[174.3959,-36.6466]]]}},{"type":"Feature","properties":{},"geometry":{"type":"Polygon","coordinates":[[[174.4899,-36.6515],[174.49,-36.6514],[174.4889,-36.6498],[174.4879,-36.6494],[174.4891,-36.652],[174.4899,-36.6515]]]}},{"type":"Feature","properties":{},"geometry":{"type":"Polygon","coordinates":[[[174.7287,-36.6588],[174.7284,-36.658],[174.7278,-36.6575],[174.7276,-36.6575],[174.7275,-36.6577],[174.7271,-36.6579],[174.7265,-36.6578],[174.7264,-36.6582],[174.7267,-36.6588],[174.7287,-36.6588]]]}},{"type":"Feature","properties":{},"geometry":{"type":"Polygon","coordinates":[[[174.8197,-36.6067],[174.8194,-36.6064],[174.819,-36.6069],[174.8194,-36.6071],[174.8197,-36.6067]]]}},{"type":"Feature","properties":{},"geometry":{"type":"Polygon","coordinates":[[[174.7596,-36.8511],[174.76,-36.8513],[174.7601,-36.8511],[174.7597,-36.851],[174.7596,-36.8511]]]}},{"type":"Feature","properties":{},"geometry":{"type":"Polygon","coordinates":[[[174.7604,-36.8517],[174.7605,-36.8514],[174.7603,-36.8514],[174.7601,-36.8516],[174.7604,-36.8517]]]}},{"type":"Feature","properties":{},"geometry":{"type":"Polygon","coordinates":[[[174.5157,-36.8104],[174.5158,-36.8126],[174.5179,-36.8126],[174.5178,-36.8104],[174.5157,-36.8104]]]}},{"type":"Feature","properties":{},"geometry":{"type":"Polygon","coordinates":[[[175.0414,-36.9862],[175.0421,-36.9867],[175.0424,-36.9863],[175.0417,-36.9859],[175.0414,-36.9862]]]}},{"type":"Feature","properties":{},"geometry":{"type":"Polygon","coordinates":[[[174.92,-36.8986],[174.9195,-36.8991],[174.9203,-36.8997],[174.921,-36.8992],[174.9202,-36.8985],[174.92,-36.8986]]]}},{"type":"Feature","properties":{},"geometry":{"type":"Polygon","coordinates":[[[174.9164,-36.9233],[174.9148,-36.923],[174.9145,-36.9238],[174.9132,-36.9236],[174.9132,-36.9241],[174.9161,-36.9246],[174.9164,-36.9233]]]}},{"type":"Feature","properties":{},"geometry":{"type":"Polygon","coordinates":[[[174.9358,-36.8993],[174.9356,-36.8992],[174.9356,-36.899],[174.9356,-36.8992],[174.9353,-36.8994],[174.9356,-36.8997],[174.9359,-36.8993],[174.9358,-36.8993]]]}},{"type":"Feature","properties":{},"geometry":{"type":"Polygon","coordinates":[[[174.9396,-36.8943],[174.9394,-36.8944],[174.9397,-36.8946],[174.9399,-36.8945],[174.9397,-36.8942],[174.9396,-36.8943]]]}},{"type":"Feature","properties":{},"geometry":{"type":"Polygon","coordinates":[[[174.8566,-36.9856],[174.8562,-36.9858],[174.8562,-36.9859],[174.8568,-36.9858],[174.8567,-36.9856],[174.8566,-36.9856]]]}},{"type":"Feature","properties":{},"geometry":{"type":"Polygon","coordinates":[[[174.8667,-36.9762],[174.8665,-36.9761],[174.8663,-36.9763],[174.8666,-36.9765],[174.8668,-36.9763],[174.8667,-36.9762]]]}},{"type":"Feature","properties":{},"geometry":{"type":"Polygon","coordinates":[[[174.7756,-36.8875],[174.7755,-36.8876],[174.7753,-36.8892],[174.7755,-36.8893],[174.776,-36.8892],[174.7763,-36.8889],[174.7765,-36.8886],[174.7766,-36.8881],[174.7761,-36.8877],[174.7756,-36.8875]]]}},{"type":"Feature","properties":{},"geometry":{"type":"Polygon","coordinates":[[[174.7613,-36.8856],[174.7612,-36.8859],[174.7621,-36.8861],[174.7622,-36.8858],[174.7613,-36.8856]]]}},{"type":"Feature","properties":{},"geometry":{"type":"Polygon","coordinates":[[[174.8004,-36.881],[174.8,-36.881],[174.7998,-36.8813],[174.8003,-36.8813],[174.8004,-36.881]]]}},{"type":"Feature","properties":{},"geometry":{"type":"Polygon","coordinates":[[[174.8024,-36.8814],[174.8024,-36.8813],[174.8021,-36.8812],[174.802,-36.8817],[174.8017,-36.8821],[174.8022,-36.8822],[174.8024,-36.8814]]]}},{"type":"Feature","properties":{},"geometry":{"type":"Polygon","coordinates":[[[174.8771,-36.8666],[174.8768,-36.8669],[174.8773,-36.867],[174.8775,-36.867],[174.8771,-36.8666]]]}},{"type":"Feature","properties":{},"geometry":{"type":"Polygon","coordinates":[[[174.7419,-36.8451],[174.7419,-36.8452],[174.7415,-36.8451],[174.7414,-36.8455],[174.7417,-36.8457],[174.742,-36.8454],[174.7421,-36.8454],[174.7422,-36.8452],[174.7419,-36.8451]]]}},{"type":"Feature","properties":{},"geometry":{"type":"Polygon","coordinates":[[[174.7226,-36.8729],[174.7229,-36.8725],[174.7227,-36.8725],[174.7226,-36.8726],[174.7225,-36.8727],[174.7226,-36.8729]]]}},{"type":"Feature","properties":{},"geometry":{"type":"Polygon","coordinates":[[[174.7608,-36.8713],[174.761,-36.8713],[174.7611,-36.871],[174.761,-36.8709],[174.7608,-36.8713]]]}},{"type":"Feature","properties":{},"geometry":{"type":"Polygon","coordinates":[[[174.7625,-36.8812],[174.7621,-36.8812],[174.7621,-36.8815],[174.7625,-36.8815],[174.7625,-36.8812]]]}},{"type":"Feature","properties":{},"geometry":{"type":"Polygon","coordinates":[[[174.7839,-36.8585],[174.7835,-36.858],[174.7832,-36.8581],[174.7831,-36.8583],[174.7834,-36.8587],[174.7839,-36.8585]]]}},{"type":"Feature","properties":{},"geometry":{"type":"Polygon","coordinates":[[[174.6998,-36.8981],[174.7003,-36.8984],[174.7005,-36.8982],[174.6999,-36.8978],[174.6997,-36.898],[174.6998,-36.8981]]]}},{"type":"Feature","properties":{},"geometry":{"type":"Polygon","coordinates":[[[174.7999,-36.882],[174.8,-36.882],[174.8,-36.8818],[174.7996,-36.8817],[174.7995,-36.882],[174.7999,-36.882]]]}},{"type":"Feature","properties":{},"geometry":{"type":"Polygon","coordinates":[[[174.7868,-36.8565],[174.7866,-36.8567],[174.7868,-36.8569],[174.787,-36.8568],[174.7869,-36.8566],[174.7868,-36.8565]]]}},{"type":"Feature","properties":{},"geometry":{"type":"Polygon","coordinates":[[[174.767,-36.8477],[174.7671,-36.8476],[174.7667,-36.8475],[174.7666,-36.8479],[174.767,-36.848],[174.767,-36.8477]]]}},{"type":"Feature","properties":{},"geometry":{"type":"Polygon","coordinates":[[[174.7707,-36.8525],[174.7708,-36.8528],[174.7711,-36.8525],[174.7707,-36.8525]]]}},{"type":"Feature","properties":{},"geometry":{"type":"Polygon","coordinates":[[[174.7711,-36.8525],[174.771,-36.8523],[174.7707,-36.8523],[174.7707,-36.8525],[174.7711,-36.8525]]]}},{"type":"Feature","properties":{},"geometry":{"type":"Polygon","coordinates":[[[174.6465,-36.8002],[174.6464,-36.8005],[174.6468,-36.8006],[174.6469,-36.8004],[174.6465,-36.8002]]]}},{"type":"Feature","properties":{},"geometry":{"type":"Polygon","coordinates":[[[174.6534,-36.9384],[174.6532,-36.9389],[174.6536,-36.9389],[174.6538,-36.9385],[174.6538,-36.9384],[174.6534,-36.9384]]]}},{"type":"Feature","properties":{},"geometry":{"type":"Polygon","coordinates":[[[174.6471,-36.9119],[174.6471,-36.9121],[174.6472,-36.9123],[174.647,-36.9126],[174.6475,-36.9127],[174.6476,-36.9125],[174.6479,-36.9126],[174.6482,-36.9124],[174.648,-36.9125],[174.6476,-36.9125],[174.6476,-36.9122],[174.6471,-36.9121],[174.6471,-36.9119]]]}},{"type":"Feature","properties":{},"geometry":{"type":"Polygon","coordinates":[[[174.5927,-36.8825],[174.5931,-36.8818],[174.5931,-36.8815],[174.5914,-36.8817],[174.5916,-36.8828],[174.5927,-36.8825]]]}},{"type":"Feature","properties":{},"geometry":{"type":"Polygon","coordinates":[[[174.6308,-36.8809],[174.6308,-36.8804],[174.6312,-36.8802],[174.6312,-36.8801],[174.6308,-36.8803],[174.6307,-36.88],[174.6305,-36.88],[174.6302,-36.8799],[174.6303,-36.8806],[174.6292,-36.8811],[174.6296,-36.8813],[174.6304,-36.8809],[174.6308,-36.8809]]]}},{"type":"Feature","properties":{},"geometry":{"type":"Polygon","coordinates":[[[174.6488,-36.9623],[174.6482,-36.9627],[174.6482,-36.9629],[174.649,-36.9624],[174.6488,-36.9623]]]}},{"type":"Feature","properties":{},"geometry":{"type":"Polygon","coordinates":[[[174.664,-36.9471],[174.6636,-36.9475],[174.6638,-36.9476],[174.6641,-36.9473],[174.664,-36.9471]]]}},{"type":"Feature","properties":{},"geometry":{"type":"Polygon","coordinates":[[[174.6276,-36.8871],[174.6275,-36.8873],[174.628,-36.8874],[174.628,-36.8873],[174.6276,-36.8871]]]}},{"type":"Feature","properties":{},"geometry":{"type":"Polygon","coordinates":[[[174.636,-36.884],[174.6359,-36.8843],[174.6361,-36.8843],[174.6363,-36.8842],[174.636,-36.884]]]}},{"type":"Feature","properties":{},"geometry":{"type":"Polygon","coordinates":[[[174.627,-36.8729],[174.6271,-36.8727],[174.6269,-36.8726],[174.6268,-36.8729],[174.627,-36.8729]]]}},{"type":"Feature","properties":{},"geometry":{"type":"Polygon","coordinates":[[[174.6265,-36.8737],[174.6264,-36.8743],[174.6264,-36.8744],[174.6265,-36.8739],[174.6267,-36.8739],[174.6268,-36.8738],[174.6268,-36.8737],[174.6265,-36.8737]]]}},{"type":"Feature","properties":{},"geometry":{"type":"Polygon","coordinates":[[[174.6508,-36.9103],[174.6511,-36.9104],[174.6512,-36.9102],[174.6509,-36.9101],[174.6508,-36.9103]]]}},{"type":"Feature","properties":{},"geometry":{"type":"Polygon","coordinates":[[[174.5732,-37.0021],[174.5728,-37.002],[174.5727,-37.0022],[174.5731,-37.0023],[174.5732,-37.0021]]]}},{"type":"Feature","properties":{},"geometry":{"type":"Polygon","coordinates":[[[174.6606,-36.9121],[174.6607,-36.9122],[174.661,-36.9121],[174.6608,-36.9119],[174.6607,-36.912],[174.6606,-36.9121]]]}},{"type":"Feature","properties":{},"geometry":{"type":"Polygon","coordinates":[[[174.562,-37.0084],[174.5619,-37.0087],[174.5629,-37.0089],[174.5629,-37.0088],[174.5626,-37.0085],[174.562,-37.0084]]]}},{"type":"Feature","properties":{},"geometry":{"type":"Polygon","coordinates":[[[174.7662,-36.9135],[174.7653,-36.9133],[174.7651,-36.9131],[174.7651,-36.9129],[174.7654,-36.9121],[174.7653,-36.9121],[174.766,-36.91],[174.7658,-36.91],[174.7657,-36.9104],[174.7652,-36.9106],[174.765,-36.9109],[174.7645,-36.9108],[174.7643,-36.9114],[174.764,-36.9114],[174.7644,-36.9102],[174.7642,-36.9102],[174.7644,-36.9097],[174.7643,-36.9097],[174.7637,-36.9115],[174.7634,-36.9115],[174.7634,-36.9116],[174.7628,-36.9118],[174.763,-36.9119],[174.7629,-36.9122],[174.7635,-36.9121],[174.7626,-36.9135],[174.7626,-36.9136],[174.7617,-36.9134],[174.7616,-36.9139],[174.7606,-36.9137],[174.7607,-36.9136],[174.7602,-36.9135],[174.7601,-36.9138],[174.7628,-36.9142],[174.763,-36.9147],[174.7634,-36.915],[174.7631,-36.9153],[174.7629,-36.9153],[174.7622,-36.9152],[174.7618,-36.9151],[174.7617,-36.9153],[174.7627,-36.9155],[174.7632,-36.9155],[174.7641,-36.9155],[174.764,-36.916],[174.7646,-36.9162],[174.765,-36.9162],[174.7649,-36.9159],[174.765,-36.9154],[174.7651,-36.9153],[174.7661,-36.9148],[174.7661,-36.9144],[174.7671,-36.9143],[174.7676,-36.9141],[174.7675,-36.9139],[174.767,-36.914],[174.767,-36.9136],[174.7675,-36.9137],[174.7675,-36.9135],[174.7669,-36.9134],[174.7662,-36.9135]]]}},{"type":"Feature","properties":{},"geometry":{"type":"Polygon","coordinates":[[[174.8006,-36.8302],[174.8002,-36.8302],[174.8002,-36.8305],[174.8007,-36.8305],[174.8006,-36.8302]]]}},{"type":"Feature","properties":{},"geometry":{"type":"Polygon","coordinates":[[[174.7926,-36.8294],[174.7928,-36.8294],[174.7929,-36.829],[174.7927,-36.829],[174.7926,-36.8293],[174.7926,-36.8294]]]}},{"type":"Feature","properties":{},"geometry":{"type":"Polygon","coordinates":[[[174.7945,-36.8318],[174.7951,-36.8307],[174.7944,-36.8318],[174.7945,-36.8318]]]}},{"type":"Feature","properties":{},"geometry":{"type":"Polygon","coordinates":[[[174.7977,-36.8291],[174.7974,-36.8291],[174.7974,-36.8293],[174.7978,-36.8293],[174.7977,-36.8291]]]}},{"type":"Feature","properties":{},"geometry":{"type":"Polygon","coordinates":[[[174.7974,-36.8296],[174.7974,-36.8298],[174.7978,-36.8298],[174.7978,-36.8296],[174.7974,-36.8296]]]}},{"type":"Feature","properties":{},"geometry":{"type":"Polygon","coordinates":[[[174.8014,-36.8262],[174.801,-36.8264],[174.8011,-36.8265],[174.8015,-36.8264],[174.8014,-36.8262]]]}},{"type":"Feature","properties":{},"geometry":{"type":"Polygon","coordinates":[[[174.7682,-36.8183],[174.768,-36.8181],[174.7677,-36.8184],[174.768,-36.8186],[174.7683,-36.8183],[174.7682,-36.8183]]]}},{"type":"Feature","properties":{},"geometry":{"type":"Polygon","coordinates":[[[174.7861,-36.8103],[174.7864,-36.8105],[174.7865,-36.8104],[174.7863,-36.8102],[174.7861,-36.8103]]]}},{"type":"Feature","properties":{},"geometry":{"type":"Polygon","coordinates":[[[174.7969,-36.8317],[174.7971,-36.8314],[174.7967,-36.8312],[174.7965,-36.8315],[174.7969,-36.8317]]]}},{"type":"Feature","properties":{},"geometry":{"type":"Polygon","coordinates":[[[174.7499,-36.7124],[174.7497,-36.7125],[174.7496,-36.713],[174.7497,-36.7132],[174.7499,-36.7131],[174.75,-36.7125],[174.7499,-36.7124]]]}},{"type":"Feature","properties":{},"geometry":{"type":"Polygon","coordinates":[[[174.6664,-36.7755],[174.666,-36.7758],[174.6663,-36.7759],[174.6664,-36.776],[174.6668,-36.776],[174.6672,-36.7756],[174.6674,-36.7752],[174.6672,-36.7751],[174.6669,-36.7753],[174.6668,-36.7752],[174.6664,-36.7755]]]}},{"type":"Feature","properties":{},"geometry":{"type":"Polygon","coordinates":[[[174.8098,-36.8279],[174.8099,-36.828],[174.8102,-36.8279],[174.8099,-36.8277],[174.8098,-36.8279]]]}},{"type":"Feature","properties":{},"geometry":{"type":"Polygon","coordinates":[[[174.8095,-36.8278],[174.8097,-36.8279],[174.8099,-36.8275],[174.8097,-36.8275],[174.8095,-36.8278]]]}},{"type":"Feature","properties":{},"geometry":{"type":"Polygon","coordinates":[[[174.8089,-36.8272],[174.809,-36.8272],[174.8088,-36.8275],[174.809,-36.8276],[174.8092,-36.8272],[174.8089,-36.8271],[174.8089,-36.8272]]]}},{"type":"Feature","properties":{},"geometry":{"type":"Polygon","coordinates":[[[174.7982,-36.8309],[174.7984,-36.831],[174.7986,-36.8306],[174.7984,-36.8306],[174.7982,-36.8309]]]}},{"type":"Feature","properties":{},"geometry":{"type":"Polygon","coordinates":[[[174.5015,-36.6244],[174.5015,-36.6249],[174.5018,-36.6247],[174.5016,-36.6244],[174.5015,-36.6244]]]}},{"type":"Feature","properties":{},"geometry":{"type":"Polygon","coordinates":[[[174.8391,-36.9465],[174.8388,-36.9466],[174.8387,-36.9465],[174.837,-36.9478],[174.8357,-36.9489],[174.8359,-36.949],[174.8356,-36.9493],[174.8361,-36.9496],[174.8364,-36.9494],[174.8365,-36.9495],[174.8385,-36.9479],[174.8391,-36.9472],[174.8393,-36.9472],[174.8396,-36.9473],[174.8398,-36.9471],[174.8399,-36.9468],[174.8393,-36.9468],[174.8391,-36.9465]]]}},{"type":"Feature","properties":{},"geometry":{"type":"Polygon","coordinates":[[[174.7694,-36.8489],[174.769,-36.8488],[174.7688,-36.849],[174.7693,-36.8491],[174.7694,-36.8489]]]}},{"type":"Feature","properties":{},"geometry":{"type":"Polygon","coordinates":[[[174.7688,-36.849],[174.7688,-36.8491],[174.7692,-36.8493],[174.7693,-36.8491],[174.7688,-36.849]]]}},{"type":"Feature","properties":{},"geometry":{"type":"Polygon","coordinates":[[[174.7691,-36.8496],[174.7686,-36.8495],[174.7685,-36.8498],[174.769,-36.8499],[174.7691,-36.8496]]]}},{"type":"Feature","properties":{},"geometry":{"type":"Polygon","coordinates":[[[174.7685,-36.8498],[174.7684,-36.85],[174.7688,-36.8502],[174.769,-36.8499],[174.7685,-36.8498]]]}},{"type":"Feature","properties":{},"geometry":{"type":"Polygon","coordinates":[[[174.7788,-36.8832],[174.7781,-36.8828],[174.7781,-36.8829],[174.7787,-36.8832],[174.7786,-36.8836],[174.7775,-36.8834],[174.7785,-36.8837],[174.7793,-36.8842],[174.7795,-36.8845],[174.78,-36.8846],[174.7801,-36.8848],[174.7806,-36.8846],[174.7812,-36.885],[174.7813,-36.8849],[174.7806,-36.8844],[174.7812,-36.884],[174.7816,-36.8831],[174.7813,-36.883],[174.7807,-36.8825],[174.7804,-36.8823],[174.7805,-36.8818],[174.7804,-36.8818],[174.7802,-36.8823],[174.7795,-36.8825],[174.7788,-36.8832]]]}},{"type":"Feature","properties":{},"geometry":{"type":"Polygon","coordinates":[[[174.7609,-36.8857],[174.7611,-36.8857],[174.7611,-36.8855],[174.7606,-36.8854],[174.7606,-36.8856],[174.7609,-36.8857]]]}},{"type":"Feature","properties":{},"geometry":{"type":"Polygon","coordinates":[[[174.8058,-36.9668],[174.8069,-36.9674],[174.8077,-36.9668],[174.8081,-36.9665],[174.8079,-36.9661],[174.8058,-36.9668]]]}},{"type":"Feature","properties":{},"geometry":{"type":"Polygon","coordinates":[[[174.4479,-36.4908],[174.4476,-36.4907],[174.4472,-36.4907],[174.4461,-36.4909],[174.446,-36.491],[174.4459,-36.4912],[174.4455,-36.4914],[174.445,-36.4913],[174.4447,-36.4913],[174.4443,-36.4917],[174.444,-36.4917],[174.4438,-36.4916],[174.4436,-36.4918],[174.4435,-36.4923],[174.4437,-36.4927],[174.4447,-36.4925],[174.4449,-36.4925],[174.445,-36.4927],[174.4481,-36.4924],[174.4479,-36.4908]]]}},{"type":"Feature","properties":{},"geometry":{"type":"Polygon","coordinates":[[[174.7653,-36.8592],[174.7657,-36.8588],[174.7644,-36.8578],[174.7639,-36.8581],[174.7636,-36.8587],[174.7636,-36.8588],[174.763,-36.86],[174.763,-36.8604],[174.7634,-36.8606],[174.7639,-36.8606],[174.7639,-36.8605],[174.7645,-36.8599],[174.7646,-36.8595],[174.7653,-36.8592]]]}},{"type":"Feature","properties":{},"geometry":{"type":"Polygon","coordinates":[[[174.7632,-36.8587],[174.7633,-36.8586],[174.7632,-36.8584],[174.7621,-36.858],[174.7612,-36.8596],[174.7617,-36.8597],[174.7624,-36.8601],[174.7632,-36.8587]]]}},{"type":"Feature","properties":{},"geometry":{"type":"Polygon","coordinates":[[[174.7311,-37.2512],[174.731,-37.2512],[174.731,-37.2514],[174.7316,-37.2515],[174.7316,-37.2513],[174.7311,-37.2512]]]}},{"type":"Feature","properties":{},"geometry":{"type":"Polygon","coordinates":[[[174.7736,-36.8486],[174.7737,-36.8488],[174.774,-36.8487],[174.7739,-36.8485],[174.7736,-36.8486]]]}},{"type":"Feature","properties":{},"geometry":{"type":"Polygon","coordinates":[[[174.84,-36.9497],[174.8399,-36.9495],[174.8401,-36.9494],[174.8399,-36.9492],[174.8387,-36.9502],[174.8387,-36.9503],[174.8389,-36.9505],[174.8384,-36.9509],[174.8385,-36.9511],[174.8387,-36.9509],[174.8388,-36.951],[174.8387,-36.9512],[174.8391,-36.9515],[174.8392,-36.9514],[174.8393,-36.9515],[174.8399,-36.9511],[174.84,-36.951],[174.8398,-36.9509],[174.8399,-36.9508],[174.8397,-36.9506],[174.8397,-36.9507],[174.8392,-36.9503],[174.8396,-36.95],[174.8394,-36.9499],[174.8396,-36.9498],[174.8397,-36.9499],[174.84,-36.9497]]]}},{"type":"Feature","properties":{},"geometry":{"type":"Polygon","coordinates":[[[174.8402,-36.9474],[174.8403,-36.9473],[174.8401,-36.9472],[174.8393,-36.9481],[174.8397,-36.9486],[174.8399,-36.9485],[174.8398,-36.9484],[174.8399,-36.9483],[174.8398,-36.9481],[174.8401,-36.9478],[174.8399,-36.9477],[174.8402,-36.9474]]]}},{"type":"Feature","properties":{},"geometry":{"type":"Polygon","coordinates":[[[174.9268,-36.8921],[174.9262,-36.8925],[174.9266,-36.8925],[174.928,-36.8926],[174.9292,-36.8924],[174.9285,-36.8918],[174.9276,-36.8918],[174.9268,-36.8921]]]}},{"type":"Feature","properties":{},"geometry":{"type":"Polygon","coordinates":[[[174.7094,-36.8732],[174.71,-36.8734],[174.7098,-36.8718],[174.7085,-36.8718],[174.7079,-36.8719],[174.7078,-36.8723],[174.7079,-36.8728],[174.7091,-36.8735],[174.7094,-36.8732]]]}},{"type":"Feature","properties":{},"geometry":{"type":"Polygon","coordinates":[[[174.7606,-36.8545],[174.7614,-36.8539],[174.7611,-36.8537],[174.7607,-36.854],[174.7606,-36.8539],[174.7604,-36.8541],[174.7606,-36.8542],[174.7604,-36.8544],[174.7605,-36.8546],[174.7606,-36.8545]]]}},{"type":"Feature","properties":{},"geometry":{"type":"Polygon","coordinates":[[[174.7632,-36.8507],[174.7628,-36.8516],[174.7631,-36.8516],[174.7635,-36.8507],[174.7632,-36.8507]]]}},{"type":"Feature","properties":{},"geometry":{"type":"Polygon","coordinates":[[[174.7563,-36.8463],[174.756,-36.8462],[174.7559,-36.8464],[174.7562,-36.8465],[174.7563,-36.8463]]]}},{"type":"Feature","properties":{},"geometry":{"type":"Polygon","coordinates":[[[174.7751,-36.8852],[174.775,-36.8857],[174.7755,-36.8858],[174.7755,-36.8852],[174.7751,-36.8852]]]}},{"type":"Feature","properties":{},"geometry":{"type":"Polygon","coordinates":[[[174.7683,-36.852],[174.7689,-36.8524],[174.7693,-36.852],[174.7692,-36.8519],[174.7694,-36.8517],[174.7692,-36.8516],[174.7689,-36.8518],[174.7687,-36.8517],[174.7686,-36.8516],[174.7683,-36.852]]]}},{"type":"Feature","properties":{},"geometry":{"type":"Polygon","coordinates":[[[174.7635,-36.853],[174.7638,-36.8523],[174.7637,-36.8523],[174.7632,-36.8526],[174.7632,-36.8527],[174.7627,-36.8531],[174.7634,-36.8533],[174.7635,-36.853]]]}},{"type":"Feature","properties":{},"geometry":{"type":"Polygon","coordinates":[[[174.7475,-36.6749],[174.747,-36.6751],[174.747,-36.6752],[174.7476,-36.6751],[174.7475,-36.6749]]]}},{"type":"Feature","properties":{},"geometry":{"type":"Polygon","coordinates":[[[174.7553,-36.7007],[174.7553,-36.7008],[174.7548,-36.7013],[174.7549,-36.7015],[174.7552,-36.7016],[174.7554,-36.7017],[174.7555,-36.7018],[174.7558,-36.7021],[174.7561,-36.7016],[174.756,-36.7015],[174.7561,-36.7014],[174.7559,-36.7012],[174.7557,-36.7012],[174.7553,-36.7007]]]}},{"type":"Feature","properties":{},"geometry":{"type":"Polygon","coordinates":[[[174.6889,-36.8101],[174.6888,-36.8101],[174.6885,-36.8104],[174.6888,-36.8104],[174.689,-36.8102],[174.6889,-36.8101]]]}},{"type":"Feature","properties":{},"geometry":{"type":"Polygon","coordinates":[[[174.9806,-37.0681],[174.9803,-37.0683],[174.9807,-37.0686],[174.9814,-37.069],[174.9817,-37.0687],[174.9816,-37.0686],[174.9812,-37.0684],[174.9807,-37.068],[174.9806,-37.0681]]]}},{"type":"Feature","properties":{},"geometry":{"type":"Polygon","coordinates":[[[174.9794,-37.0735],[174.9794,-37.0734],[174.9791,-37.073],[174.9786,-37.073],[174.9785,-37.0732],[174.9786,-37.0736],[174.9794,-37.0735]]]}},{"type":"Feature","properties":{},"geometry":{"type":"Polygon","coordinates":[[[174.8173,-36.6144],[174.8158,-36.6144],[174.8158,-36.6153],[174.8174,-36.6153],[174.8173,-36.6144]]]}},{"type":"Feature","properties":{},"geometry":{"type":"Polygon","coordinates":[[[174.8124,-36.6015],[174.8136,-36.6029],[174.8135,-36.6035],[174.8128,-36.6042],[174.8124,-36.6051],[174.8115,-36.6073],[174.8121,-36.6074],[174.8138,-36.6079],[174.8158,-36.5995],[174.8147,-36.6006],[174.814,-36.6011],[174.8124,-36.6015]]]}},{"type":"Feature","properties":{},"geometry":{"type":"Polygon","coordinates":[[[174.6591,-36.397],[174.6589,-36.397],[174.6589,-36.3973],[174.6592,-36.3973],[174.6591,-36.397]]]}},{"type":"Feature","properties":{},"geometry":{"type":"Polygon","coordinates":[[[174.666,-36.3978],[174.6658,-36.3979],[174.6661,-36.3981],[174.6662,-36.3979],[174.666,-36.3978]]]}},{"type":"Feature","properties":{},"geometry":{"type":"Polygon","coordinates":[[[174.6636,-36.3979],[174.6633,-36.3981],[174.6633,-36.3984],[174.6639,-36.3985],[174.6641,-36.3981],[174.6636,-36.3979]]]}},{"type":"Feature","properties":{},"geometry":{"type":"Polygon","coordinates":[[[174.6635,-36.4033],[174.6639,-36.4038],[174.6641,-36.4038],[174.6643,-36.4034],[174.6639,-36.4032],[174.6635,-36.4033]]]}},{"type":"Feature","properties":{},"geometry":{"type":"Polygon","coordinates":[[[174.68,-36.4074],[174.6795,-36.4072],[174.6791,-36.4069],[174.6789,-36.4069],[174.6788,-36.407],[174.6788,-36.4072],[174.6801,-36.4088],[174.682,-36.4098],[174.6821,-36.41],[174.6834,-36.4096],[174.6837,-36.41],[174.6841,-36.4098],[174.6825,-36.408],[174.6808,-36.4068],[174.68,-36.4074]]]}},{"type":"Feature","properties":{},"geometry":{"type":"Polygon","coordinates":[[[174.7171,-36.6343],[174.7173,-36.6345],[174.7177,-36.6345],[174.7176,-36.6343],[174.7171,-36.6343]]]}},{"type":"Feature","properties":{},"geometry":{"type":"Polygon","coordinates":[[[174.7956,-36.625],[174.7957,-36.6249],[174.7939,-36.6243],[174.7934,-36.6259],[174.7932,-36.6259],[174.793,-36.6261],[174.793,-36.6264],[174.7932,-36.6265],[174.7936,-36.6269],[174.7939,-36.6271],[174.7956,-36.6271],[174.7956,-36.625]]]}},{"type":"Feature","properties":{},"geometry":{"type":"Polygon","coordinates":[[[174.4916,-36.7642],[174.4916,-36.7647],[174.4922,-36.7647],[174.492,-36.7642],[174.4916,-36.7642]]]}},{"type":"Feature","properties":{},"geometry":{"type":"Polygon","coordinates":[[[174.4929,-36.7664],[174.4928,-36.7668],[174.4931,-36.7669],[174.4933,-36.7664],[174.4929,-36.7664]]]}},{"type":"Feature","properties":{},"geometry":{"type":"Polygon","coordinates":[[[174.5151,-36.8028],[174.5149,-36.8038],[174.516,-36.8037],[174.5153,-36.8032],[174.5151,-36.8028]]]}},{"type":"Feature","properties":{},"geometry":{"type":"Polygon","coordinates":[[[174.5151,-36.8022],[174.5153,-36.8031],[174.5158,-36.8034],[174.5158,-36.8026],[174.5151,-36.8022]]]}},{"type":"Feature","properties":{},"geometry":{"type":"Polygon","coordinates":[[[175.068,-37.005],[175.0669,-37.0039],[175.0666,-37.0039],[175.0665,-37.0042],[175.067,-37.0049],[175.068,-37.005]]]}},{"type":"Feature","properties":{},"geometry":{"type":"Polygon","coordinates":[[[175.0604,-37.0051],[175.0591,-37.0058],[175.0596,-37.0065],[175.06,-37.0069],[175.0614,-37.0061],[175.0604,-37.0051]]]}},{"type":"Feature","properties":{},"geometry":{"type":"Polygon","coordinates":[[[175.2597,-36.9759],[175.2598,-36.9764],[175.2594,-36.9769],[175.2597,-36.977],[175.26,-36.9768],[175.2607,-36.9768],[175.2611,-36.9771],[175.2617,-36.9769],[175.2617,-36.9768],[175.2614,-36.9767],[175.2614,-36.9766],[175.2611,-36.9764],[175.2609,-36.9761],[175.2603,-36.9757],[175.26,-36.9756],[175.2598,-36.9756],[175.2597,-36.9759]]]}},{"type":"Feature","properties":{},"geometry":{"type":"Polygon","coordinates":[[[175.1607,-36.9545],[175.1607,-36.9511],[175.1589,-36.9512],[175.1592,-36.9516],[175.1591,-36.9519],[175.1589,-36.9519],[175.159,-36.9523],[175.1586,-36.9528],[175.1586,-36.9544],[175.1607,-36.9545]]]}},{"type":"Feature","properties":{},"geometry":{"type":"Polygon","coordinates":[[[174.671,-36.7752],[174.6715,-36.7756],[174.672,-36.7753],[174.6713,-36.7748],[174.671,-36.7752]]]}},{"type":"Feature","properties":{},"geometry":{"type":"Polygon","coordinates":[[[174.671,-36.7742],[174.6708,-36.7744],[174.6711,-36.7748],[174.6714,-36.7743],[174.671,-36.7742]]]}},{"type":"Feature","properties":{},"geometry":{"type":"Polygon","coordinates":[[[174.8063,-36.8145],[174.8057,-36.8143],[174.8055,-36.8142],[174.8052,-36.814],[174.8048,-36.814],[174.8044,-36.8138],[174.8041,-36.8136],[174.8038,-36.8136],[174.8036,-36.8135],[174.803,-36.8137],[174.8039,-36.8157],[174.8041,-36.8161],[174.8056,-36.8153],[174.8059,-36.8156],[174.8067,-36.8153],[174.807,-36.8154],[174.8074,-36.816],[174.8075,-36.8167],[174.8077,-36.8167],[174.8077,-36.8165],[174.8079,-36.8162],[174.8078,-36.816],[174.808,-36.8158],[174.8079,-36.8157],[174.8075,-36.8152],[174.8074,-36.8149],[174.8068,-36.8148],[174.8063,-36.8145]]]}},{"type":"Feature","properties":{},"geometry":{"type":"Polygon","coordinates":[[[174.7972,-36.8311],[174.7973,-36.8311],[174.7974,-36.831],[174.797,-36.8308],[174.7969,-36.831],[174.7972,-36.8311]]]}},{"type":"Feature","properties":{},"geometry":{"type":"Polygon","coordinates":[[[174.7979,-36.8306],[174.7984,-36.8306],[174.7984,-36.8303],[174.7979,-36.8303],[174.7978,-36.8306],[174.7979,-36.8306]]]}},{"type":"Feature","properties":{},"geometry":{"type":"Polygon","coordinates":[[[174.7947,-36.8236],[174.7948,-36.8237],[174.7951,-36.8236],[174.795,-36.8234],[174.7947,-36.8236]]]}},{"type":"Feature","properties":{},"geometry":{"type":"Polygon","coordinates":[[[174.7302,-36.8167],[174.73,-36.8165],[174.7298,-36.8167],[174.7299,-36.8168],[174.7302,-36.8167]]]}},{"type":"Feature","properties":{},"geometry":{"type":"Polygon","coordinates":[[[174.7432,-36.8166],[174.7433,-36.8169],[174.7435,-36.817],[174.7434,-36.8166],[174.7432,-36.8166]]]}},{"type":"Feature","properties":{},"geometry":{"type":"Polygon","coordinates":[[[174.8059,-36.8174],[174.806,-36.8176],[174.8066,-36.8174],[174.8061,-36.8173],[174.8059,-36.8174]]]}},{"type":"Feature","properties":{},"geometry":{"type":"Polygon","coordinates":[[[174.7744,-36.8253],[174.7742,-36.8257],[174.7747,-36.8258],[174.7744,-36.8253]]]}},{"type":"Feature","properties":{},"geometry":{"type":"Polygon","coordinates":[[[174.7742,-36.8257],[174.7739,-36.826],[174.7747,-36.8259],[174.7742,-36.8257]]]}},{"type":"Feature","properties":{},"geometry":{"type":"Polygon","coordinates":[[[174.7943,-36.8057],[174.7945,-36.8059],[174.7949,-36.8057],[174.7947,-36.8056],[174.7943,-36.8057]]]}},{"type":"Feature","properties":{},"geometry":{"type":"Polygon","coordinates":[[[174.7783,-36.7927],[174.7782,-36.7925],[174.7779,-36.7926],[174.7781,-36.7929],[174.7784,-36.7927],[174.7783,-36.7927]]]}},{"type":"Feature","properties":{},"geometry":{"type":"Polygon","coordinates":[[[174.7799,-36.7984],[174.7798,-36.7983],[174.7797,-36.7984],[174.7801,-36.7987],[174.7802,-36.7985],[174.7799,-36.7984]]]}},{"type":"Feature","properties":{},"geometry":{"type":"Polygon","coordinates":[[[174.8004,-36.8311],[174.8002,-36.8311],[174.8002,-36.8316],[174.8005,-36.8315],[174.8004,-36.8311]]]}},{"type":"Feature","properties":{},"geometry":{"type":"Polygon","coordinates":[[[174.8086,-36.8279],[174.8085,-36.8282],[174.8087,-36.8282],[174.8089,-36.8279],[174.8086,-36.8278],[174.8086,-36.8279]]]}},{"type":"Feature","properties":{},"geometry":{"type":"Polygon","coordinates":[[[174.809,-36.8282],[174.8089,-36.8283],[174.8091,-36.8284],[174.8093,-36.8282],[174.8091,-36.8281],[174.809,-36.8282]]]}},{"type":"Feature","properties":{},"geometry":{"type":"Polygon","coordinates":[[[174.7977,-36.8254],[174.7978,-36.8255],[174.7975,-36.8256],[174.7977,-36.8259],[174.7985,-36.8253],[174.7983,-36.8249],[174.7976,-36.8253],[174.7977,-36.8254]]]}},{"type":"Feature","properties":{},"geometry":{"type":"Polygon","coordinates":[[[174.7284,-36.8136],[174.7286,-36.8137],[174.729,-36.8134],[174.7288,-36.8133],[174.7284,-36.8136]]]}},{"type":"Feature","properties":{},"geometry":{"type":"Polygon","coordinates":[[[174.726,-36.8094],[174.7258,-36.8094],[174.7257,-36.8099],[174.7263,-36.81],[174.7263,-36.8096],[174.7262,-36.8096],[174.7261,-36.8094],[174.726,-36.8094]]]}},{"type":"Feature","properties":{},"geometry":{"type":"Polygon","coordinates":[[[174.7263,-36.8129],[174.7267,-36.8127],[174.7264,-36.8125],[174.7263,-36.8129]]]}},{"type":"Feature","properties":{},"geometry":{"type":"Polygon","coordinates":[[[174.7341,-36.8189],[174.7339,-36.8191],[174.734,-36.8192],[174.7342,-36.8192],[174.7343,-36.8189],[174.7341,-36.8189]]]}},{"type":"Feature","properties":{},"geometry":{"type":"Polygon","coordinates":[[[174.7331,-36.8183],[174.7326,-36.8185],[174.7327,-36.8187],[174.7332,-36.8185],[174.7331,-36.8183]]]}},{"type":"Feature","properties":{},"geometry":{"type":"Polygon","coordinates":[[[174.7355,-36.8176],[174.7358,-36.8175],[174.7355,-36.8172],[174.7353,-36.8173],[174.7355,-36.8176]]]}},{"type":"Feature","properties":{},"geometry":{"type":"Polygon","coordinates":[[[174.7263,-36.8096],[174.7263,-36.81],[174.7265,-36.81],[174.7265,-36.8096],[174.7263,-36.8096]]]}},{"type":"Feature","properties":{},"geometry":{"type":"Polygon","coordinates":[[[174.7142,-36.8095],[174.7143,-36.8097],[174.7147,-36.8097],[174.7147,-36.8094],[174.7142,-36.8095]]]}},{"type":"Feature","properties":{},"geometry":{"type":"Polygon","coordinates":[[[174.7974,-36.83],[174.7978,-36.83],[174.7978,-36.8299],[174.7974,-36.8298],[174.7974,-36.83]]]}},{"type":"Feature","properties":{},"geometry":{"type":"Polygon","coordinates":[[[174.7664,-36.8566],[174.7661,-36.8569],[174.7667,-36.8572],[174.7668,-36.8569],[174.7664,-36.8566]]]}},{"type":"Feature","properties":{},"geometry":{"type":"Polygon","coordinates":[[[174.8364,-36.8594],[174.8365,-36.86],[174.8371,-36.86],[174.8367,-36.8594],[174.8364,-36.8594]]]}},{"type":"Feature","properties":{},"geometry":{"type":"Polygon","coordinates":[[[174.7664,-36.8458],[174.7671,-36.8459],[174.7671,-36.8457],[174.7664,-36.8457],[174.7664,-36.8458]]]}},{"type":"Feature","properties":{},"geometry":{"type":"Polygon","coordinates":[[[174.8387,-36.9581],[174.8374,-36.9586],[174.8376,-36.9589],[174.838,-36.9587],[174.8381,-36.959],[174.8386,-36.9588],[174.8387,-36.9588],[174.8384,-36.9584],[174.8388,-36.9583],[174.8387,-36.9581]]]}},{"type":"Feature","properties":{},"geometry":{"type":"Polygon","coordinates":[[[174.6308,-36.8811],[174.6309,-36.8822],[174.6312,-36.8821],[174.6312,-36.8811],[174.6308,-36.8811]]]}},{"type":"Feature","properties":{},"geometry":{"type":"Polygon","coordinates":[[[174.771,-36.8489],[174.7713,-36.8488],[174.7711,-36.8486],[174.7709,-36.8489],[174.771,-36.8489]]]}},{"type":"Feature","properties":{},"geometry":{"type":"Polygon","coordinates":[[[174.5777,-36.8654],[174.5779,-36.8654],[174.5779,-36.8651],[174.5777,-36.8651],[174.5777,-36.8654]]]}},{"type":"Feature","properties":{},"geometry":{"type":"Polygon","coordinates":[[[174.576,-36.8653],[174.576,-36.8655],[174.5764,-36.8656],[174.5764,-36.8653],[174.576,-36.8653]]]}},{"type":"Feature","properties":{},"geometry":{"type":"Polygon","coordinates":[[[174.7807,-36.855],[174.7806,-36.8549],[174.7803,-36.855],[174.7804,-36.8553],[174.7808,-36.8551],[174.7807,-36.855]]]}},{"type":"Feature","properties":{},"geometry":{"type":"Polygon","coordinates":[[[174.7888,-36.9226],[174.7887,-36.9222],[174.7876,-36.9222],[174.7877,-36.9226],[174.7878,-36.9226],[174.7888,-36.9226]]]}},{"type":"Feature","properties":{},"geometry":{"type":"Polygon","coordinates":[[[174.788,-36.9215],[174.7883,-36.9214],[174.7883,-36.9211],[174.788,-36.9212],[174.788,-36.9214],[174.7877,-36.9215],[174.7875,-36.9214],[174.7875,-36.9216],[174.788,-36.9215]]]}},{"type":"Feature","properties":{},"geometry":{"type":"Polygon","coordinates":[[[174.7832,-36.8991],[174.7826,-36.8992],[174.7823,-36.8994],[174.7821,-36.8997],[174.7821,-36.9],[174.7821,-36.9003],[174.7823,-36.9006],[174.7827,-36.9008],[174.7832,-36.9009],[174.7838,-36.9008],[174.7841,-36.9006],[174.7842,-36.9003],[174.7843,-36.9],[174.7842,-36.8995],[174.7839,-36.8993],[174.7836,-36.8991],[174.7832,-36.8991]]]}},{"type":"Feature","properties":{},"geometry":{"type":"Polygon","coordinates":[[[174.7857,-36.919],[174.785,-36.919],[174.785,-36.9193],[174.7857,-36.9192],[174.7857,-36.919]]]}},{"type":"Feature","properties":{},"geometry":{"type":"Polygon","coordinates":[[[174.7894,-36.8608],[174.7891,-36.8609],[174.7893,-36.8611],[174.7895,-36.861],[174.7894,-36.8608]]]}},{"type":"Feature","properties":{},"geometry":{"type":"Polygon","coordinates":[[[174.7822,-36.8571],[174.7817,-36.8572],[174.7818,-36.8573],[174.7823,-36.8573],[174.7822,-36.8571]]]}},{"type":"Feature","properties":{},"geometry":{"type":"Polygon","coordinates":[[[174.7882,-36.8566],[174.788,-36.8565],[174.7878,-36.8569],[174.7879,-36.8571],[174.7882,-36.8566]]]}},{"type":"Feature","properties":{},"geometry":{"type":"Polygon","coordinates":[[[174.8582,-36.8509],[174.8579,-36.851],[174.858,-36.8513],[174.8583,-36.8511],[174.8582,-36.8509]]]}},{"type":"Feature","properties":{},"geometry":{"type":"Polygon","coordinates":[[[174.777,-36.8675],[174.7767,-36.8674],[174.7765,-36.8677],[174.7769,-36.8677],[174.777,-36.8675]]]}},{"type":"Feature","properties":{},"geometry":{"type":"Polygon","coordinates":[[[174.7322,-36.8169],[174.7321,-36.8167],[174.7316,-36.8169],[174.7317,-36.817],[174.7322,-36.8169]]]}},{"type":"Feature","properties":{},"geometry":{"type":"Polygon","coordinates":[[[174.6919,-36.7971],[174.6921,-36.7971],[174.6922,-36.7968],[174.6919,-36.7968],[174.6919,-36.7971]]]}},{"type":"Feature","properties":{},"geometry":{"type":"Polygon","coordinates":[[[174.7382,-36.8199],[174.7382,-36.8202],[174.7386,-36.8202],[174.7385,-36.8198],[174.7382,-36.8199]]]}},{"type":"Feature","properties":{},"geometry":{"type":"Polygon","coordinates":[[[174.7324,-36.8155],[174.7321,-36.8157],[174.7325,-36.816],[174.7328,-36.8159],[174.7324,-36.8155]]]}},{"type":"Feature","properties":{},"geometry":{"type":"Polygon","coordinates":[[[174.7857,-36.8594],[174.7855,-36.8596],[174.7857,-36.8597],[174.7859,-36.8595],[174.7857,-36.8594]]]}},{"type":"Feature","properties":{},"geometry":{"type":"Polygon","coordinates":[[[174.9155,-37.0601],[174.9152,-37.0601],[174.9152,-37.0603],[174.9154,-37.0605],[174.9157,-37.0605],[174.9156,-37.0603],[174.9155,-37.0601]]]}},{"type":"Feature","properties":{},"geometry":{"type":"Polygon","coordinates":[[[174.9128,-37.0594],[174.9128,-37.0597],[174.9127,-37.0598],[174.9129,-37.06],[174.9132,-37.06],[174.9132,-37.0596],[174.9128,-37.0594]]]}},{"type":"Feature","properties":{},"geometry":{"type":"Polygon","coordinates":[[[174.9131,-37.0605],[174.9131,-37.06],[174.9126,-37.0601],[174.9127,-37.0605],[174.9131,-37.0605]]]}},{"type":"Feature","properties":{},"geometry":{"type":"Polygon","coordinates":[[[174.7698,-36.8513],[174.77,-36.8515],[174.7699,-36.8516],[174.7704,-36.8518],[174.7707,-36.8515],[174.7702,-36.8511],[174.7698,-36.8513]]]}},{"type":"Feature","properties":{},"geometry":{"type":"Polygon","coordinates":[[[174.6575,-36.8594],[174.6575,-36.8586],[174.6574,-36.8579],[174.6576,-36.8578],[174.6575,-36.8573],[174.6571,-36.8574],[174.6571,-36.8569],[174.6563,-36.857],[174.6561,-36.8572],[174.6557,-36.8572],[174.6558,-36.8581],[174.6563,-36.8584],[174.6565,-36.859],[174.6575,-36.8594]]]}},{"type":"Feature","properties":{},"geometry":{"type":"Polygon","coordinates":[[[174.8192,-36.6128],[174.8195,-36.6133],[174.8209,-36.6131],[174.8209,-36.6124],[174.8192,-36.6128]]]}},{"type":"Feature","properties":{},"geometry":{"type":"Polygon","coordinates":[[[174.8205,-36.6117],[174.8213,-36.6121],[174.8219,-36.612],[174.8219,-36.6116],[174.8212,-36.6112],[174.8206,-36.6113],[174.8205,-36.6117]]]}},{"type":"Feature","properties":{},"geometry":{"type":"Polygon","coordinates":[[[174.8214,-36.6097],[174.8217,-36.6104],[174.8216,-36.6116],[174.8223,-36.612],[174.823,-36.6117],[174.8231,-36.6107],[174.8239,-36.6104],[174.824,-36.6102],[174.8237,-36.6089],[174.8232,-36.6088],[174.8214,-36.6097]]]}},{"type":"Feature","properties":{},"geometry":{"type":"Polygon","coordinates":[[[174.8199,-36.6107],[174.8201,-36.611],[174.8205,-36.611],[174.8205,-36.6107],[174.8203,-36.6104],[174.8199,-36.6105],[174.8199,-36.6107]]]}},{"type":"Feature","properties":{},"geometry":{"type":"Polygon","coordinates":[[[174.8214,-36.6109],[174.8215,-36.6107],[174.8215,-36.6105],[174.8208,-36.6105],[174.8205,-36.6106],[174.8206,-36.6111],[174.8209,-36.6112],[174.8212,-36.6112],[174.8214,-36.6109]]]}},{"type":"Feature","properties":{},"geometry":{"type":"Polygon","coordinates":[[[174.8284,-36.6069],[174.8285,-36.6078],[174.829,-36.6081],[174.8298,-36.6073],[174.8295,-36.607],[174.8284,-36.6069]]]}},{"type":"Feature","properties":{},"geometry":{"type":"Polygon","coordinates":[[[174.7918,-36.9187],[174.7917,-36.9187],[174.7917,-36.9189],[174.7921,-36.9189],[174.792,-36.9187],[174.7918,-36.9187]]]}},{"type":"Feature","properties":{},"geometry":{"type":"Polygon","coordinates":[[[174.7934,-36.8071],[174.7935,-36.8066],[174.793,-36.8061],[174.7931,-36.8062],[174.793,-36.8063],[174.7926,-36.8065],[174.7927,-36.8066],[174.7934,-36.8066],[174.7934,-36.8071]]]}},{"type":"Feature","properties":{},"geometry":{"type":"Polygon","coordinates":[[[174.6703,-36.7882],[174.6703,-36.7885],[174.6712,-36.7886],[174.6713,-36.7883],[174.6711,-36.7881],[174.6707,-36.7875],[174.6704,-36.7874],[174.6702,-36.7872],[174.6697,-36.7879],[174.6701,-36.788],[174.6703,-36.7882]]]}},{"type":"Feature","properties":{},"geometry":{"type":"Polygon","coordinates":[[[174.7334,-37.2441],[174.733,-37.2442],[174.7331,-37.2446],[174.7335,-37.2444],[174.7334,-37.2441]]]}},{"type":"Feature","properties":{},"geometry":{"type":"Polygon","coordinates":[[[174.9087,-37.1999],[174.9083,-37.2002],[174.9085,-37.2004],[174.9089,-37.2001],[174.9087,-37.1999]]]}},{"type":"Feature","properties":{},"geometry":{"type":"Polygon","coordinates":[[[174.9113,-37.1988],[174.911,-37.199],[174.9113,-37.1993],[174.9116,-37.1992],[174.9113,-37.1988]]]}},{"type":"Feature","properties":{},"geometry":{"type":"Polygon","coordinates":[[[174.9114,-37.1988],[174.9113,-37.1988],[174.9115,-37.1991],[174.9117,-37.199],[174.9116,-37.1988],[174.9114,-37.1988]]]}},{"type":"Feature","properties":{},"geometry":{"type":"Polygon","coordinates":[[[174.811,-36.8805],[174.8115,-36.8801],[174.8112,-36.8799],[174.8111,-36.8799],[174.8111,-36.8802],[174.8109,-36.8805],[174.811,-36.8805]]]}},{"type":"Feature","properties":{},"geometry":{"type":"Polygon","coordinates":[[[174.9818,-37.1769],[174.9817,-37.1772],[174.982,-37.1774],[174.9823,-37.1771],[174.9818,-37.1769]]]}},{"type":"Feature","properties":{},"geometry":{"type":"Polygon","coordinates":[[[174.9274,-37.2272],[174.9271,-37.2272],[174.9273,-37.2275],[174.9274,-37.2275],[174.9274,-37.2272]]]}},{"type":"Feature","properties":{},"geometry":{"type":"Polygon","coordinates":[[[174.8896,-37.2102],[174.8896,-37.2105],[174.8899,-37.2106],[174.8899,-37.2102],[174.8896,-37.2102]]]}},{"type":"Feature","properties":{},"geometry":{"type":"Polygon","coordinates":[[[174.501,-36.6268],[174.5011,-36.6274],[174.5018,-36.6272],[174.5015,-36.6266],[174.501,-36.6268]]]}},{"type":"Feature","properties":{},"geometry":{"type":"Polygon","coordinates":[[[174.7687,-36.87],[174.7695,-36.8693],[174.7696,-36.8687],[174.7692,-36.8685],[174.7681,-36.8694],[174.768,-36.8696],[174.7687,-36.87]]]}},{"type":"Feature","properties":{},"geometry":{"type":"Polygon","coordinates":[[[174.7692,-36.8685],[174.7684,-36.8679],[174.7683,-36.8687],[174.7685,-36.8688],[174.7684,-36.8689],[174.7685,-36.869],[174.7692,-36.8685]]]}},{"type":"Feature","properties":{},"geometry":{"type":"Polygon","coordinates":[[[174.7613,-36.8657],[174.7615,-36.8656],[174.7612,-36.8653],[174.761,-36.8655],[174.7613,-36.8657]]]}},{"type":"Feature","properties":{},"geometry":{"type":"Polygon","coordinates":[[[174.4514,-36.6761],[174.4513,-36.6758],[174.4509,-36.6758],[174.4509,-36.6761],[174.4514,-36.6761]]]}},{"type":"Feature","properties":{},"geometry":{"type":"Polygon","coordinates":[[[174.7696,-36.8713],[174.7694,-36.8714],[174.7695,-36.8718],[174.7699,-36.8716],[174.7696,-36.8713]]]}},{"type":"Feature","properties":{},"geometry":{"type":"Polygon","coordinates":[[[174.4088,-36.3126],[174.4088,-36.3128],[174.4092,-36.3134],[174.4096,-36.313],[174.4093,-36.3126],[174.4088,-36.3126]]]}},{"type":"Feature","properties":{},"geometry":{"type":"Polygon","coordinates":[[[174.6988,-36.41],[174.6983,-36.4104],[174.6975,-36.4107],[174.6977,-36.4113],[174.699,-36.4109],[174.6987,-36.4105],[174.6989,-36.4103],[174.6988,-36.41]]]}},{"type":"Feature","properties":{},"geometry":{"type":"Polygon","coordinates":[[[174.4511,-36.6723],[174.4509,-36.6727],[174.4513,-36.6728],[174.4514,-36.6724],[174.4511,-36.6723]]]}},{"type":"Feature","properties":{},"geometry":{"type":"Polygon","coordinates":[[[174.451,-36.6744],[174.4508,-36.6745],[174.451,-36.6748],[174.4512,-36.6747],[174.451,-36.6744]]]}},{"type":"Feature","properties":{},"geometry":{"type":"Polygon","coordinates":[[[174.4509,-36.671],[174.4507,-36.671],[174.4508,-36.6709],[174.4506,-36.6708],[174.4502,-36.6728],[174.4504,-36.6729],[174.4505,-36.6726],[174.4508,-36.6716],[174.4509,-36.671]]]}},{"type":"Feature","properties":{},"geometry":{"type":"Polygon","coordinates":[[[174.4464,-36.6877],[174.4463,-36.6875],[174.4463,-36.687],[174.446,-36.6867],[174.4458,-36.6866],[174.4454,-36.6869],[174.4453,-36.6872],[174.4455,-36.688],[174.4458,-36.6881],[174.446,-36.6881],[174.4464,-36.6877]]]}},{"type":"Feature","properties":{},"geometry":{"type":"Polygon","coordinates":[[[174.4909,-36.7688],[174.491,-36.7693],[174.4913,-36.7692],[174.4912,-36.7688],[174.4909,-36.7688]]]}},{"type":"Feature","properties":{},"geometry":{"type":"Polygon","coordinates":[[[174.8329,-36.3714],[174.8331,-36.3712],[174.8331,-36.3711],[174.8329,-36.3709],[174.8322,-36.3709],[174.8322,-36.3714],[174.8329,-36.3714]]]}},{"type":"Feature","properties":{},"geometry":{"type":"Polygon","coordinates":[[[174.8275,-36.3747],[174.8258,-36.3747],[174.8248,-36.3751],[174.8241,-36.3749],[174.824,-36.3746],[174.8232,-36.3742],[174.8225,-36.375],[174.8237,-36.3757],[174.8257,-36.3763],[174.8273,-36.376],[174.8275,-36.3747]]]}},{"type":"Feature","properties":{},"geometry":{"type":"Polygon","coordinates":[[[174.8163,-36.373],[174.8157,-36.3734],[174.8163,-36.3735],[174.8168,-36.3734],[174.8168,-36.3731],[174.8166,-36.373],[174.8163,-36.373]]]}},{"type":"Feature","properties":{},"geometry":{"type":"Polygon","coordinates":[[[174.812,-36.3742],[174.8119,-36.3744],[174.8126,-36.3748],[174.8131,-36.3745],[174.8139,-36.3753],[174.8147,-36.3748],[174.8151,-36.3734],[174.8143,-36.3729],[174.812,-36.3742]]]}},{"type":"Feature","properties":{},"geometry":{"type":"Polygon","coordinates":[[[174.8613,-36.363],[174.8621,-36.3639],[174.8628,-36.3636],[174.8628,-36.3632],[174.8624,-36.3628],[174.8619,-36.3627],[174.8613,-36.363]]]}},{"type":"Feature","properties":{},"geometry":{"type":"Polygon","coordinates":[[[174.8169,-36.3603],[174.8169,-36.3605],[174.8172,-36.3608],[174.8175,-36.3609],[174.8177,-36.3608],[174.8177,-36.3606],[174.8171,-36.3601],[174.8169,-36.3603]]]}},{"type":"Feature","properties":{},"geometry":{"type":"Polygon","coordinates":[[[174.7304,-37.2501],[174.7303,-37.2501],[174.7299,-37.2502],[174.7301,-37.2504],[174.7308,-37.2504],[174.7308,-37.2502],[174.7307,-37.2499],[174.7304,-37.2501]]]}},{"type":"Feature","properties":{},"geometry":{"type":"Polygon","coordinates":[[[174.9465,-37.1886],[174.9461,-37.1882],[174.9458,-37.1883],[174.9459,-37.1887],[174.9465,-37.1886]]]}},{"type":"Feature","properties":{},"geometry":{"type":"Polygon","coordinates":[[[174.8125,-37.201],[174.8119,-37.2008],[174.8108,-37.2021],[174.8113,-37.2023],[174.8115,-37.2022],[174.8125,-37.201]]]}},{"type":"Feature","properties":{},"geometry":{"type":"Polygon","coordinates":[[[174.7313,-37.2508],[174.731,-37.2508],[174.731,-37.251],[174.7318,-37.2512],[174.7319,-37.251],[174.7316,-37.2509],[174.7313,-37.2508]]]}},{"type":"Feature","properties":{},"geometry":{"type":"Polygon","coordinates":[[[174.769,-36.8507],[174.7689,-36.8508],[174.7694,-36.851],[174.7695,-36.8508],[174.769,-36.8507]]]}},{"type":"Feature","properties":{},"geometry":{"type":"Polygon","coordinates":[[[174.9313,-36.8984],[174.9315,-36.8985],[174.9316,-36.8983],[174.9313,-36.8982],[174.9312,-36.8984],[174.9313,-36.8984]]]}},{"type":"Feature","properties":{},"geometry":{"type":"Polygon","coordinates":[[[174.9307,-36.8927],[174.9304,-36.893],[174.931,-36.8934],[174.9313,-36.8931],[174.9307,-36.8927]]]}},{"type":"Feature","properties":{},"geometry":{"type":"Polygon","coordinates":[[[174.9426,-36.8945],[174.9421,-36.8948],[174.9425,-36.8952],[174.9428,-36.8949],[174.9431,-36.8949],[174.9428,-36.8944],[174.9426,-36.8945]]]}},{"type":"Feature","properties":{},"geometry":{"type":"Polygon","coordinates":[[[174.9325,-36.8941],[174.9321,-36.8941],[174.932,-36.8942],[174.9324,-36.8944],[174.9326,-36.8942],[174.9325,-36.8942],[174.9325,-36.8941]]]}},{"type":"Feature","properties":{},"geometry":{"type":"Polygon","coordinates":[[[174.8072,-36.9647],[174.8071,-36.9644],[174.8061,-36.9648],[174.8063,-36.9651],[174.8072,-36.9647]]]}},{"type":"Feature","properties":{},"geometry":{"type":"Polygon","coordinates":[[[174.7878,-36.9448],[174.7878,-36.9445],[174.7872,-36.9446],[174.7872,-36.9449],[174.7878,-36.9448]]]}},{"type":"Feature","properties":{},"geometry":{"type":"Polygon","coordinates":[[[174.7579,-36.8764],[174.7577,-36.8765],[174.7578,-36.8767],[174.7588,-36.877],[174.7586,-36.8769],[174.7586,-36.8766],[174.7579,-36.8764]]]}},{"type":"Feature","properties":{},"geometry":{"type":"Polygon","coordinates":[[[174.766,-36.8555],[174.7659,-36.8555],[174.7658,-36.8561],[174.7662,-36.8558],[174.766,-36.8555]]]}},{"type":"Feature","properties":{},"geometry":{"type":"Polygon","coordinates":[[[174.7535,-36.8476],[174.7532,-36.8476],[174.7532,-36.848],[174.7535,-36.848],[174.7535,-36.8476]]]}},{"type":"Feature","properties":{},"geometry":{"type":"Polygon","coordinates":[[[174.7551,-36.8486],[174.7551,-36.8483],[174.7535,-36.8483],[174.7537,-36.8487],[174.7541,-36.8487],[174.7551,-36.8486]]]}},{"type":"Feature","properties":{},"geometry":{"type":"Polygon","coordinates":[[[174.7672,-36.8483],[174.7669,-36.8486],[174.7671,-36.8488],[174.7675,-36.8485],[174.7672,-36.8483]]]}},{"type":"Feature","properties":{},"geometry":{"type":"Polygon","coordinates":[[[174.7654,-36.8445],[174.7653,-36.8447],[174.7659,-36.8449],[174.766,-36.8446],[174.7654,-36.8445]]]}},{"type":"Feature","properties":{},"geometry":{"type":"Polygon","coordinates":[[[174.7719,-36.848],[174.772,-36.8479],[174.7718,-36.8477],[174.7716,-36.8478],[174.7719,-36.848]]]}},{"type":"Feature","properties":{},"geometry":{"type":"Polygon","coordinates":[[[174.8162,-36.8512],[174.8163,-36.8513],[174.8168,-36.851],[174.8167,-36.8509],[174.8162,-36.8512]]]}},{"type":"Feature","properties":{},"geometry":{"type":"Polygon","coordinates":[[[174.855,-36.8507],[174.8551,-36.8509],[174.8557,-36.8508],[174.8556,-36.8507],[174.855,-36.8507]]]}},{"type":"Feature","properties":{},"geometry":{"type":"Polygon","coordinates":[[[174.8333,-36.8487],[174.8342,-36.8487],[174.8343,-36.8484],[174.8342,-36.8483],[174.8333,-36.8484],[174.8333,-36.8487]]]}},{"type":"Feature","properties":{},"geometry":{"type":"Polygon","coordinates":[[[174.7807,-36.8504],[174.781,-36.8507],[174.782,-36.8504],[174.7819,-36.8501],[174.7811,-36.8498],[174.7807,-36.8504]]]}},{"type":"Feature","properties":{},"geometry":{"type":"Polygon","coordinates":[[[174.7792,-36.8625],[174.7788,-36.8628],[174.7791,-36.863],[174.7795,-36.8627],[174.7792,-36.8625]]]}},{"type":"Feature","properties":{},"geometry":{"type":"Polygon","coordinates":[[[174.7568,-36.8773],[174.7567,-36.8776],[174.7571,-36.8777],[174.7572,-36.8774],[174.7568,-36.8773]]]}},{"type":"Feature","properties":{},"geometry":{"type":"Polygon","coordinates":[[[174.7563,-36.9079],[174.7572,-36.9081],[174.7575,-36.9077],[174.7573,-36.9076],[174.7564,-36.9079],[174.7563,-36.9079]]]}},{"type":"Feature","properties":{},"geometry":{"type":"Polygon","coordinates":[[[174.8017,-36.8657],[174.802,-36.8658],[174.8025,-36.8645],[174.8012,-36.8643],[174.8013,-36.8657],[174.8017,-36.8657]]]}},{"type":"Feature","properties":{},"geometry":{"type":"Polygon","coordinates":[[[174.7324,-36.842],[174.7324,-36.8422],[174.7328,-36.8421],[174.7327,-36.8419],[174.7324,-36.842]]]}},{"type":"Feature","properties":{},"geometry":{"type":"Polygon","coordinates":[[[174.6778,-36.9149],[174.6776,-36.915],[174.678,-36.9153],[174.6781,-36.9152],[174.6778,-36.9149]]]}},{"type":"Feature","properties":{},"geometry":{"type":"Polygon","coordinates":[[[174.6762,-36.9091],[174.6762,-36.9095],[174.6765,-36.9095],[174.6765,-36.9091],[174.6762,-36.9091]]]}},{"type":"Feature","properties":{},"geometry":{"type":"Polygon","coordinates":[[[174.684,-36.9062],[174.6839,-36.9064],[174.6843,-36.9067],[174.6844,-36.9066],[174.684,-36.9062]]]}},{"type":"Feature","properties":{},"geometry":{"type":"Polygon","coordinates":[[[174.6804,-36.9111],[174.6806,-36.9111],[174.6806,-36.9109],[174.6802,-36.9109],[174.6801,-36.9112],[174.6804,-36.9111]]]}},{"type":"Feature","properties":{},"geometry":{"type":"Polygon","coordinates":[[[174.6816,-36.9158],[174.6814,-36.9162],[174.6816,-36.9163],[174.6818,-36.9158],[174.6816,-36.9158]]]}},{"type":"Feature","properties":{},"geometry":{"type":"Polygon","coordinates":[[[174.684,-36.9166],[174.6837,-36.9171],[174.684,-36.9169],[174.6842,-36.9166],[174.684,-36.9166]]]}},{"type":"Feature","properties":{},"geometry":{"type":"Polygon","coordinates":[[[174.7343,-36.8414],[174.7342,-36.8414],[174.7344,-36.8418],[174.7346,-36.8417],[174.7344,-36.8413],[174.7343,-36.8414]]]}},{"type":"Feature","properties":{},"geometry":{"type":"Polygon","coordinates":[[[174.802,-36.8623],[174.8022,-36.8635],[174.8028,-36.8635],[174.8028,-36.863],[174.8026,-36.8629],[174.8024,-36.8623],[174.802,-36.8623]]]}},{"type":"Feature","properties":{},"geometry":{"type":"Polygon","coordinates":[[[174.7893,-36.924],[174.7893,-36.9243],[174.79,-36.9243],[174.79,-36.9242],[174.7898,-36.9242],[174.7898,-36.924],[174.7893,-36.924]]]}},{"type":"Feature","properties":{},"geometry":{"type":"Polygon","coordinates":[[[175.0747,-36.9058],[175.0746,-36.9061],[175.075,-36.9061],[175.075,-36.9058],[175.0747,-36.9058]]]}},{"type":"Feature","properties":{},"geometry":{"type":"Polygon","coordinates":[[[174.7759,-36.8513],[174.7758,-36.8508],[174.7757,-36.8507],[174.7755,-36.8507],[174.7755,-36.8508],[174.7756,-36.8511],[174.7757,-36.8512],[174.7759,-36.8518],[174.7759,-36.852],[174.776,-36.8521],[174.7762,-36.852],[174.7761,-36.8517],[174.776,-36.8517],[174.7759,-36.8512],[174.7759,-36.8513]]]}},{"type":"Feature","properties":{},"geometry":{"type":"Polygon","coordinates":[[[174.7696,-36.8508],[174.7697,-36.8512],[174.77,-36.8516],[174.7697,-36.8508],[174.7696,-36.8508]]]}},{"type":"Feature","properties":{},"geometry":{"type":"Polygon","coordinates":[[[174.7588,-36.8567],[174.7588,-36.8565],[174.7584,-36.8565],[174.7583,-36.8567],[174.7586,-36.8568],[174.7588,-36.8567]]]}},{"type":"Feature","properties":{},"geometry":{"type":"Polygon","coordinates":[[[174.7596,-36.857],[174.7591,-36.857],[174.7591,-36.8574],[174.7594,-36.8573],[174.7594,-36.8572],[174.7598,-36.8572],[174.7597,-36.857],[174.7596,-36.857]]]}},{"type":"Feature","properties":{},"geometry":{"type":"Polygon","coordinates":[[[174.7921,-36.8703],[174.7925,-36.8706],[174.7926,-36.8704],[174.7921,-36.8701],[174.792,-36.8703],[174.7921,-36.8703]]]}},{"type":"Feature","properties":{},"geometry":{"type":"Polygon","coordinates":[[[174.7277,-36.8485],[174.7273,-36.8482],[174.7272,-36.8483],[174.7276,-36.8486],[174.7277,-36.8485]]]}},{"type":"Feature","properties":{},"geometry":{"type":"Polygon","coordinates":[[[174.7293,-36.8727],[174.7295,-36.8721],[174.7294,-36.872],[174.7288,-36.8724],[174.729,-36.8726],[174.7293,-36.8727]]]}},{"type":"Feature","properties":{},"geometry":{"type":"Polygon","coordinates":[[[174.762,-36.8503],[174.7618,-36.8502],[174.7617,-36.8505],[174.7619,-36.8505],[174.762,-36.8503]]]}},{"type":"Feature","properties":{},"geometry":{"type":"Polygon","coordinates":[[[174.7617,-36.8502],[174.761,-36.85],[174.7608,-36.8503],[174.7615,-36.8505],[174.7617,-36.8502]]]}},{"type":"Feature","properties":{},"geometry":{"type":"Polygon","coordinates":[[[174.622,-36.9108],[174.621,-36.9103],[174.6208,-36.9107],[174.6218,-36.911],[174.622,-36.9108]]]}},{"type":"Feature","properties":{},"geometry":{"type":"Polygon","coordinates":[[[174.4782,-36.9847],[174.4788,-36.985],[174.4792,-36.9849],[174.4794,-36.9845],[174.4785,-36.9843],[174.4782,-36.9847]]]}},{"type":"Feature","properties":{},"geometry":{"type":"Polygon","coordinates":[[[174.6548,-36.9385],[174.6549,-36.9388],[174.6553,-36.9387],[174.6555,-36.9385],[174.6548,-36.9385]]]}},{"type":"Feature","properties":{},"geometry":{"type":"Polygon","coordinates":[[[174.6345,-36.8855],[174.6344,-36.8856],[174.6349,-36.8858],[174.635,-36.8856],[174.6345,-36.8855]]]}},{"type":"Feature","properties":{},"geometry":{"type":"Polygon","coordinates":[[[174.6887,-36.9163],[174.6886,-36.9163],[174.6886,-36.9168],[174.689,-36.9168],[174.689,-36.9163],[174.6887,-36.9163]]]}},{"type":"Feature","properties":{},"geometry":{"type":"Polygon","coordinates":[[[174.6771,-36.9181],[174.6769,-36.9178],[174.6767,-36.9179],[174.677,-36.9182],[174.6771,-36.9181]]]}},{"type":"Feature","properties":{},"geometry":{"type":"Polygon","coordinates":[[[174.6792,-36.9173],[174.679,-36.9174],[174.6792,-36.9176],[174.6794,-36.9175],[174.6792,-36.9173]]]}},{"type":"Feature","properties":{},"geometry":{"type":"Polygon","coordinates":[[[174.6844,-36.9147],[174.6843,-36.915],[174.6845,-36.9151],[174.6846,-36.9148],[174.6844,-36.9147]]]}},{"type":"Feature","properties":{},"geometry":{"type":"Polygon","coordinates":[[[174.6462,-36.7941],[174.6459,-36.7942],[174.6461,-36.7947],[174.6465,-36.7946],[174.6462,-36.7941]]]}},{"type":"Feature","properties":{},"geometry":{"type":"Polygon","coordinates":[[[174.6462,-36.7941],[174.646,-36.7937],[174.6456,-36.7938],[174.6459,-36.7942],[174.6462,-36.7941]]]}},{"type":"Feature","properties":{},"geometry":{"type":"Polygon","coordinates":[[[174.6486,-36.9366],[174.6485,-36.9372],[174.6491,-36.9368],[174.6486,-36.9366]]]}},{"type":"Feature","properties":{},"geometry":{"type":"Polygon","coordinates":[[[174.5757,-36.8661],[174.5769,-36.8664],[174.577,-36.8661],[174.5757,-36.8658],[174.5757,-36.8661]]]}},{"type":"Feature","properties":{},"geometry":{"type":"Polygon","coordinates":[[[174.6359,-36.8843],[174.6358,-36.8844],[174.6363,-36.8846],[174.6364,-36.8844],[174.6359,-36.8843]]]}},{"type":"Feature","properties":{},"geometry":{"type":"Polygon","coordinates":[[[174.6353,-36.885],[174.6351,-36.8849],[174.635,-36.8852],[174.6352,-36.8853],[174.6353,-36.885]]]}},{"type":"Feature","properties":{},"geometry":{"type":"Polygon","coordinates":[[[174.6655,-36.8729],[174.6651,-36.8736],[174.6661,-36.8738],[174.6666,-36.8737],[174.6672,-36.8733],[174.6674,-36.8734],[174.6676,-36.873],[174.6673,-36.8729],[174.6655,-36.8729]]]}},{"type":"Feature","properties":{},"geometry":{"type":"Polygon","coordinates":[[[174.6196,-36.9119],[174.6192,-36.9121],[174.6195,-36.9125],[174.6199,-36.9123],[174.6196,-36.9119]]]}},{"type":"Feature","properties":{},"geometry":{"type":"Polygon","coordinates":[[[174.6198,-36.9126],[174.6196,-36.9126],[174.6195,-36.9129],[174.6197,-36.9131],[174.6197,-36.9134],[174.6203,-36.9135],[174.6202,-36.9131],[174.6199,-36.913],[174.6198,-36.9126]]]}},{"type":"Feature","properties":{},"geometry":{"type":"Polygon","coordinates":[[[174.6228,-36.9129],[174.6212,-36.9125],[174.6213,-36.9129],[174.6228,-36.9132],[174.6228,-36.9129]]]}},{"type":"Feature","properties":{},"geometry":{"type":"Polygon","coordinates":[[[174.6334,-36.9174],[174.6331,-36.9171],[174.633,-36.9172],[174.6332,-36.9175],[174.6334,-36.9175],[174.6334,-36.9174]]]}},{"type":"Feature","properties":{},"geometry":{"type":"Polygon","coordinates":[[[174.8087,-37.001],[174.8092,-37.0006],[174.809,-37.0005],[174.8089,-37.0002],[174.8086,-37.0003],[174.8085,-37.0005],[174.8087,-37.001]]]}},{"type":"Feature","properties":{},"geometry":{"type":"Polygon","coordinates":[[[174.7757,-36.7769],[174.7754,-36.7768],[174.7754,-36.777],[174.7759,-36.7771],[174.7759,-36.7769],[174.7757,-36.7769]]]}},{"type":"Feature","properties":{},"geometry":{"type":"Polygon","coordinates":[[[174.8905,-36.8714],[174.8879,-36.8707],[174.8866,-36.8701],[174.8847,-36.8691],[174.8831,-36.8681],[174.882,-36.8671],[174.8816,-36.8666],[174.8815,-36.8663],[174.8812,-36.8661],[174.8804,-36.8652],[174.8798,-36.8649],[174.8796,-36.8648],[174.8795,-36.8651],[174.8803,-36.8655],[174.8807,-36.866],[174.8811,-36.8672],[174.8815,-36.868],[174.881,-36.868],[174.8791,-36.8691],[174.8794,-36.8693],[174.88,-36.8692],[174.8809,-36.8693],[174.8812,-36.8695],[174.8814,-36.8702],[174.8817,-36.8705],[174.8817,-36.8713],[174.882,-36.8715],[174.8818,-36.8719],[174.882,-36.8721],[174.8818,-36.8728],[174.8833,-36.8728],[174.8836,-36.8729],[174.8838,-36.8729],[174.8848,-36.8729],[174.8851,-36.873],[174.8857,-36.8731],[174.8874,-36.8726],[174.8881,-36.8723],[174.8897,-36.8717],[174.8914,-36.8721],[174.892,-36.8717],[174.8905,-36.8714]]]}},{"type":"Feature","properties":{},"geometry":{"type":"Polygon","coordinates":[[[174.9031,-37.0145],[174.9027,-37.0146],[174.9026,-37.0146],[174.9026,-37.0145],[174.9017,-37.0147],[174.9018,-37.015],[174.9017,-37.0152],[174.9015,-37.0152],[174.9015,-37.0156],[174.9012,-37.016],[174.9016,-37.0168],[174.9018,-37.0167],[174.9015,-37.0161],[174.9022,-37.0158],[174.9025,-37.016],[174.9026,-37.0158],[174.9031,-37.0157],[174.903,-37.0155],[174.9035,-37.0154],[174.9036,-37.0156],[174.9037,-37.0156],[174.9035,-37.0152],[174.9036,-37.0151],[174.9045,-37.0147],[174.9045,-37.0146],[174.9047,-37.0145],[174.9044,-37.0138],[174.9038,-37.0137],[174.9031,-37.0145]]]}},{"type":"Feature","properties":{},"geometry":{"type":"Polygon","coordinates":[[[174.9121,-37.0026],[174.9121,-37.0028],[174.9122,-37.0029],[174.9125,-37.003],[174.9127,-37.0028],[174.9126,-37.0026],[174.9121,-37.0026]]]}},{"type":"Feature","properties":{},"geometry":{"type":"Polygon","coordinates":[[[174.7593,-36.9097],[174.759,-36.9097],[174.759,-36.91],[174.7592,-36.9099],[174.7593,-36.9102],[174.7597,-36.9102],[174.7598,-36.9099],[174.7597,-36.9097],[174.7593,-36.9097]]]}},{"type":"Feature","properties":{},"geometry":{"type":"Polygon","coordinates":[[[174.8184,-36.4296],[174.8186,-36.4301],[174.8186,-36.4303],[174.8189,-36.4303],[174.8191,-36.4303],[174.8188,-36.4301],[174.8186,-36.4296],[174.8184,-36.4296]]]}},{"type":"Feature","properties":{},"geometry":{"type":"Polygon","coordinates":[[[174.6623,-36.5141],[174.6626,-36.514],[174.6625,-36.5138],[174.6622,-36.5139],[174.6622,-36.5141],[174.6623,-36.5141]]]}},{"type":"Feature","properties":{},"geometry":{"type":"Polygon","coordinates":[[[174.7569,-36.9116],[174.7566,-36.9117],[174.7565,-36.9118],[174.757,-36.9121],[174.7572,-36.9121],[174.7573,-36.9119],[174.7569,-36.9116]]]}},{"type":"Feature","properties":{},"geometry":{"type":"Polygon","coordinates":[[[175.0194,-36.6012],[175.0191,-36.6009],[175.0187,-36.6008],[175.0182,-36.6008],[175.0178,-36.6009],[175.0174,-36.6011],[175.0172,-36.6014],[175.0171,-36.6018],[175.0171,-36.6021],[175.0174,-36.6025],[175.0178,-36.6028],[175.0184,-36.6028],[175.0189,-36.6027],[175.0194,-36.6025],[175.0196,-36.602],[175.0196,-36.6016],[175.0194,-36.6012]]]}},{"type":"Feature","properties":{},"geometry":{"type":"Polygon","coordinates":[[[174.6351,-36.8737],[174.6349,-36.874],[174.6349,-36.8744],[174.6359,-36.8756],[174.637,-36.876],[174.6376,-36.8753],[174.6351,-36.8737]]]}},{"type":"Feature","properties":{},"geometry":{"type":"Polygon","coordinates":[[[174.7843,-36.9526],[174.7851,-36.9519],[174.7856,-36.9515],[174.7867,-36.9501],[174.7874,-36.9495],[174.7877,-36.9493],[174.7876,-36.9488],[174.7872,-36.9482],[174.7867,-36.9465],[174.7861,-36.9466],[174.7853,-36.9464],[174.7853,-36.9462],[174.7809,-36.947],[174.7807,-36.9473],[174.7801,-36.9474],[174.7803,-36.9479],[174.78,-36.9486],[174.7795,-36.9488],[174.7792,-36.9489],[174.7792,-36.949],[174.7798,-36.949],[174.7797,-36.9492],[174.7806,-36.9522],[174.7824,-36.9532],[174.7842,-36.9528],[174.7843,-36.9526]]]}},{"type":"Feature","properties":{},"geometry":{"type":"Polygon","coordinates":[[[174.6903,-36.7225],[174.6902,-36.7225],[174.69,-36.7227],[174.6901,-36.7228],[174.6904,-36.7226],[174.6903,-36.7225]]]}},{"type":"Feature","properties":{},"geometry":{"type":"Polygon","coordinates":[[[174.736,-36.9111],[174.7352,-36.9121],[174.7359,-36.9132],[174.7369,-36.9137],[174.7371,-36.9139],[174.7381,-36.9137],[174.7385,-36.9124],[174.7391,-36.9125],[174.7392,-36.9117],[174.7391,-36.9115],[174.7375,-36.9108],[174.7365,-36.9106],[174.7363,-36.9106],[174.7358,-36.9104],[174.7356,-36.9105],[174.7361,-36.9108],[174.736,-36.9111]]]}},{"type":"Feature","properties":{},"geometry":{"type":"Polygon","coordinates":[[[174.7659,-36.8488],[174.7655,-36.8487],[174.7654,-36.849],[174.7658,-36.8491],[174.7659,-36.8489],[174.766,-36.849],[174.766,-36.8488],[174.7659,-36.8488]]]}},{"type":"Feature","properties":{},"geometry":{"type":"Polygon","coordinates":[[[174.7648,-36.8499],[174.7641,-36.8496],[174.7641,-36.8498],[174.7648,-36.85],[174.7648,-36.8499]]]}},{"type":"Feature","properties":{},"geometry":{"type":"Polygon","coordinates":[[[174.7651,-36.85],[174.765,-36.8501],[174.7656,-36.8503],[174.7656,-36.8501],[174.7651,-36.85]]]}},{"type":"Feature","properties":{},"geometry":{"type":"Polygon","coordinates":[[[174.763,-36.8539],[174.7631,-36.8539],[174.7631,-36.8538],[174.7627,-36.8536],[174.7626,-36.8538],[174.763,-36.8539]]]}},{"type":"Feature","properties":{},"geometry":{"type":"Polygon","coordinates":[[[174.8041,-36.2901],[174.8045,-36.2902],[174.8046,-36.29],[174.8042,-36.29],[174.8041,-36.2901]]]}},{"type":"Feature","properties":{},"geometry":{"type":"Polygon","coordinates":[[[174.7266,-36.492],[174.7269,-36.4922],[174.7271,-36.4921],[174.7273,-36.492],[174.7274,-36.4917],[174.7272,-36.4911],[174.7272,-36.4905],[174.7268,-36.489],[174.7267,-36.4888],[174.7263,-36.4887],[174.726,-36.489],[174.7255,-36.4892],[174.725,-36.4896],[174.7248,-36.4901],[174.7246,-36.4907],[174.7247,-36.4907],[174.725,-36.4907],[174.7255,-36.491],[174.726,-36.4915],[174.7262,-36.4918],[174.7266,-36.492]]]}},{"type":"Feature","properties":{},"geometry":{"type":"Polygon","coordinates":[[[174.7292,-36.4723],[174.7288,-36.473],[174.7298,-36.4734],[174.7302,-36.4725],[174.7292,-36.4723]]]}},{"type":"Feature","properties":{},"geometry":{"type":"Polygon","coordinates":[[[174.7296,-37.2567],[174.7294,-37.2565],[174.7292,-37.2568],[174.7295,-37.2568],[174.7296,-37.2567]]]}},{"type":"Feature","properties":{},"geometry":{"type":"Polygon","coordinates":[[[174.7299,-37.248],[174.7296,-37.2484],[174.7297,-37.2485],[174.7299,-37.2484],[174.73,-37.2486],[174.7301,-37.2486],[174.7299,-37.248]]]}},{"type":"Feature","properties":{},"geometry":{"type":"Polygon","coordinates":[[[174.7819,-36.8575],[174.782,-36.8577],[174.7827,-36.8576],[174.7827,-36.8574],[174.7819,-36.8575]]]}},{"type":"Feature","properties":{},"geometry":{"type":"Polygon","coordinates":[[[174.7826,-36.8578],[174.7822,-36.8579],[174.7824,-36.8582],[174.7826,-36.8581],[174.7826,-36.8578]]]}},{"type":"Feature","properties":{},"geometry":{"type":"Polygon","coordinates":[[[174.7835,-36.8599],[174.7834,-36.8599],[174.7834,-36.8597],[174.7833,-36.8589],[174.7831,-36.8591],[174.7829,-36.8605],[174.7834,-36.8606],[174.7836,-36.8605],[174.7836,-36.86],[174.7834,-36.86],[174.7835,-36.8599]]]}},{"type":"Feature","properties":{},"geometry":{"type":"Polygon","coordinates":[[[174.779,-36.8634],[174.7788,-36.8636],[174.7799,-36.8638],[174.7806,-36.8633],[174.7802,-36.863],[174.78,-36.8631],[174.7798,-36.8629],[174.7796,-36.8632],[174.7797,-36.8632],[174.7795,-36.8634],[174.779,-36.8634]]]}},{"type":"Feature","properties":{},"geometry":{"type":"Polygon","coordinates":[[[174.7679,-36.8736],[174.7676,-36.8737],[174.7675,-36.874],[174.7673,-36.874],[174.7673,-36.8743],[174.7676,-36.8743],[174.7675,-36.8741],[174.768,-36.8739],[174.768,-36.8737],[174.7681,-36.8735],[174.7679,-36.8736]]]}},{"type":"Feature","properties":{},"geometry":{"type":"Polygon","coordinates":[[[174.6673,-36.9054],[174.6671,-36.9056],[174.6675,-36.9058],[174.6676,-36.9055],[174.6673,-36.9054]]]}},{"type":"Feature","properties":{},"geometry":{"type":"Polygon","coordinates":[[[174.5815,-36.8738],[174.5813,-36.8739],[174.581,-36.8745],[174.5819,-36.8741],[174.5815,-36.8738]]]}},{"type":"Feature","properties":{},"geometry":{"type":"Polygon","coordinates":[[[174.5551,-36.8921],[174.5549,-36.8922],[174.5555,-36.8929],[174.5561,-36.8929],[174.5562,-36.8921],[174.5551,-36.8921]]]}},{"type":"Feature","properties":{},"geometry":{"type":"Polygon","coordinates":[[[174.7752,-36.793],[174.7747,-36.7933],[174.7749,-36.7935],[174.7754,-36.7933],[174.7752,-36.793]]]}},{"type":"Feature","properties":{},"geometry":{"type":"Polygon","coordinates":[[[174.764,-36.7856],[174.7639,-36.7856],[174.7635,-36.7861],[174.7639,-36.7863],[174.7642,-36.7857],[174.764,-36.7856]]]}},{"type":"Feature","properties":{},"geometry":{"type":"Polygon","coordinates":[[[174.7904,-36.8157],[174.7903,-36.8157],[174.7905,-36.8161],[174.7907,-36.816],[174.7906,-36.8157],[174.7904,-36.8157]]]}},{"type":"Feature","properties":{},"geometry":{"type":"Polygon","coordinates":[[[174.5241,-36.2946],[174.5238,-36.2948],[174.5237,-36.295],[174.5241,-36.295],[174.5241,-36.2946]]]}},{"type":"Feature","properties":{},"geometry":{"type":"Polygon","coordinates":[[[174.7589,-36.2636],[174.7583,-36.2638],[174.7585,-36.2648],[174.7596,-36.265],[174.7596,-36.264],[174.7595,-36.2638],[174.7589,-36.2636]]]}},{"type":"Feature","properties":{},"geometry":{"type":"Polygon","coordinates":[[[174.804,-36.2897],[174.8039,-36.2899],[174.8046,-36.29],[174.8046,-36.2898],[174.804,-36.2897]]]}},{"type":"Feature","properties":{},"geometry":{"type":"Polygon","coordinates":[[[174.7173,-36.3515],[174.7175,-36.3515],[174.7173,-36.3513],[174.7168,-36.3515],[174.717,-36.3516],[174.7173,-36.3515]]]}},{"type":"Feature","properties":{},"geometry":{"type":"Polygon","coordinates":[[[174.664,-36.403],[174.6639,-36.4032],[174.6643,-36.4034],[174.6644,-36.4032],[174.664,-36.403]]]}},{"type":"Feature","properties":{},"geometry":{"type":"Polygon","coordinates":[[[174.7801,-36.9256],[174.7801,-36.9259],[174.7804,-36.9259],[174.7803,-36.9256],[174.7801,-36.9256]]]}},{"type":"Feature","properties":{},"geometry":{"type":"Polygon","coordinates":[[[174.767,-36.8533],[174.7671,-36.8534],[174.7672,-36.8534],[174.7675,-36.8537],[174.7678,-36.8535],[174.7674,-36.8531],[174.767,-36.8533]]]}},{"type":"Feature","properties":{},"geometry":{"type":"Polygon","coordinates":[[[174.7354,-36.8455],[174.7355,-36.8459],[174.7357,-36.8459],[174.7356,-36.8455],[174.7354,-36.8455]]]}},{"type":"Feature","properties":{},"geometry":{"type":"Polygon","coordinates":[[[174.7949,-36.9957],[174.7944,-36.9953],[174.7942,-36.9953],[174.7942,-36.9958],[174.7939,-36.9958],[174.794,-36.9962],[174.7938,-36.9962],[174.7939,-36.9964],[174.7942,-36.9963],[174.7946,-36.9965],[174.7946,-36.9966],[174.7948,-36.9966],[174.7952,-36.9957],[174.7949,-36.9957]]]}},{"type":"Feature","properties":{},"geometry":{"type":"Polygon","coordinates":[[[174.7301,-36.855],[174.7298,-36.8552],[174.7299,-36.8553],[174.7302,-36.8552],[174.7301,-36.855]]]}},{"type":"Feature","properties":{},"geometry":{"type":"Polygon","coordinates":[[[174.7799,-36.8817],[174.7798,-36.8816],[174.7797,-36.8818],[174.7794,-36.8819],[174.7788,-36.8817],[174.7787,-36.8823],[174.7783,-36.8821],[174.7783,-36.8822],[174.7791,-36.8825],[174.7793,-36.882],[174.7798,-36.8819],[174.7799,-36.8817]]]}},{"type":"Feature","properties":{},"geometry":{"type":"Polygon","coordinates":[[[174.7563,-36.9094],[174.756,-36.9095],[174.7561,-36.9099],[174.7563,-36.9099],[174.7563,-36.9094]]]}},{"type":"Feature","properties":{},"geometry":{"type":"Polygon","coordinates":[[[174.742,-36.886],[174.7418,-36.8859],[174.7417,-36.8862],[174.7419,-36.8862],[174.742,-36.886]]]}},{"type":"Feature","properties":{},"geometry":{"type":"Polygon","coordinates":[[[174.8448,-36.9372],[174.8447,-36.9372],[174.8449,-36.9377],[174.8462,-36.9375],[174.8459,-36.9372],[174.8459,-36.937],[174.8448,-36.9372]]]}},{"type":"Feature","properties":{},"geometry":{"type":"Polygon","coordinates":[[[174.8909,-37.1494],[174.8904,-37.1494],[174.8904,-37.1496],[174.8908,-37.1496],[174.8909,-37.1494]]]}},{"type":"Feature","properties":{},"geometry":{"type":"Polygon","coordinates":[[[174.7611,-36.8467],[174.762,-36.8469],[174.7622,-36.8464],[174.7616,-36.8463],[174.7614,-36.8466],[174.7611,-36.8465],[174.7611,-36.8467]]]}},{"type":"Feature","properties":{},"geometry":{"type":"Polygon","coordinates":[[[174.7594,-36.8474],[174.7594,-36.8476],[174.7596,-36.8476],[174.7597,-36.8472],[174.7594,-36.8472],[174.7594,-36.8474]]]}},{"type":"Feature","properties":{},"geometry":{"type":"Polygon","coordinates":[[[174.7824,-36.9329],[174.7825,-36.9334],[174.7861,-36.933],[174.7861,-36.9327],[174.7853,-36.9328],[174.7858,-36.932],[174.7848,-36.9321],[174.7847,-36.9323],[174.7842,-36.9327],[174.7824,-36.9329]]]}},{"type":"Feature","properties":{},"geometry":{"type":"Polygon","coordinates":[[[174.7895,-36.8714],[174.7892,-36.8714],[174.7889,-36.8716],[174.7889,-36.8717],[174.7891,-36.8719],[174.7898,-36.8716],[174.7895,-36.8714]]]}},{"type":"Feature","properties":{},"geometry":{"type":"Polygon","coordinates":[[[174.7886,-36.8714],[174.7883,-36.8716],[174.7883,-36.8717],[174.7887,-36.872],[174.789,-36.8719],[174.7886,-36.8714]]]}},{"type":"Feature","properties":{},"geometry":{"type":"Polygon","coordinates":[[[174.7844,-36.8738],[174.7839,-36.8743],[174.7842,-36.8745],[174.7845,-36.8742],[174.7847,-36.8744],[174.7849,-36.8741],[174.7844,-36.8738]]]}},{"type":"Feature","properties":{},"geometry":{"type":"Polygon","coordinates":[[[174.7738,-36.8489],[174.7737,-36.8491],[174.7744,-36.8491],[174.7743,-36.8489],[174.7738,-36.8489]]]}},{"type":"Feature","properties":{},"geometry":{"type":"Polygon","coordinates":[[[174.7907,-36.8766],[174.7906,-36.8767],[174.791,-36.877],[174.7911,-36.8769],[174.7907,-36.8766]]]}},{"type":"Feature","properties":{},"geometry":{"type":"Polygon","coordinates":[[[174.792,-36.8709],[174.7921,-36.8706],[174.7919,-36.8705],[174.7917,-36.8707],[174.792,-36.8709]]]}},{"type":"Feature","properties":{},"geometry":{"type":"Polygon","coordinates":[[[174.7658,-36.8565],[174.7656,-36.8567],[174.7658,-36.8569],[174.7661,-36.8567],[174.7658,-36.8565]]]}},{"type":"Feature","properties":{},"geometry":{"type":"Polygon","coordinates":[[[174.762,-36.8551],[174.762,-36.8553],[174.7624,-36.8554],[174.7624,-36.8553],[174.762,-36.8551]]]}},{"type":"Feature","properties":{},"geometry":{"type":"Polygon","coordinates":[[[174.7418,-36.8445],[174.7417,-36.8447],[174.7421,-36.8448],[174.7421,-36.8446],[174.7418,-36.8445]]]}},{"type":"Feature","properties":{},"geometry":{"type":"Polygon","coordinates":[[[174.7671,-36.8467],[174.7669,-36.8467],[174.7668,-36.847],[174.7672,-36.8471],[174.7672,-36.847],[174.7671,-36.8469],[174.7671,-36.8467]]]}},{"type":"Feature","properties":{},"geometry":{"type":"Polygon","coordinates":[[[174.8559,-36.9765],[174.8557,-36.9765],[174.8556,-36.9768],[174.8561,-36.9767],[174.8561,-36.9765],[174.8559,-36.9765]]]}},{"type":"Feature","properties":{},"geometry":{"type":"Polygon","coordinates":[[[174.8627,-36.977],[174.8623,-36.9774],[174.8626,-36.9776],[174.863,-36.9772],[174.8627,-36.977]]]}},{"type":"Feature","properties":{},"geometry":{"type":"Polygon","coordinates":[[[174.8413,-36.9685],[174.8411,-36.9685],[174.841,-36.9689],[174.8414,-36.9689],[174.8415,-36.9685],[174.8413,-36.9685]]]}},{"type":"Feature","properties":{},"geometry":{"type":"Polygon","coordinates":[[[174.8573,-36.9734],[174.8569,-36.9733],[174.8568,-36.9735],[174.8572,-36.9736],[174.8573,-36.9734]]]}},{"type":"Feature","properties":{},"geometry":{"type":"Polygon","coordinates":[[[174.7683,-36.845],[174.7685,-36.845],[174.7686,-36.8448],[174.7684,-36.8447],[174.7683,-36.845]]]}},{"type":"Feature","properties":{},"geometry":{"type":"Polygon","coordinates":[[[174.7719,-36.8488],[174.7718,-36.8489],[174.7719,-36.8492],[174.7721,-36.8492],[174.7719,-36.8488]]]}},{"type":"Feature","properties":{},"geometry":{"type":"Polygon","coordinates":[[[174.7719,-36.8492],[174.7719,-36.849],[174.7716,-36.8491],[174.7717,-36.8493],[174.7719,-36.8492]]]}},{"type":"Feature","properties":{},"geometry":{"type":"Polygon","coordinates":[[[174.8104,-36.8995],[174.8103,-36.8998],[174.8104,-36.8998],[174.8106,-36.8995],[174.8105,-36.8994],[174.8104,-36.8995]]]}},{"type":"Feature","properties":{},"geometry":{"type":"Polygon","coordinates":[[[174.8112,-36.9001],[174.8114,-36.9001],[174.8115,-36.8999],[174.8112,-36.8998],[174.8112,-36.8999],[174.8112,-36.9001]]]}},{"type":"Feature","properties":{},"geometry":{"type":"Polygon","coordinates":[[[174.4684,-36.9695],[174.4671,-36.9703],[174.4676,-36.9709],[174.4688,-36.97],[174.4684,-36.9695]]]}},{"type":"Feature","properties":{},"geometry":{"type":"Polygon","coordinates":[[[174.7703,-36.849],[174.7699,-36.8487],[174.7696,-36.8491],[174.7699,-36.8493],[174.7702,-36.8493],[174.7703,-36.849]]]}},{"type":"Feature","properties":{},"geometry":{"type":"Polygon","coordinates":[[[174.7965,-36.8265],[174.7965,-36.8264],[174.7961,-36.8264],[174.7961,-36.8266],[174.7965,-36.8266],[174.7965,-36.8265]]]}},{"type":"Feature","properties":{},"geometry":{"type":"Polygon","coordinates":[[[174.8031,-36.8233],[174.8027,-36.8234],[174.8029,-36.8237],[174.8032,-36.8236],[174.8039,-36.8237],[174.8039,-36.8236],[174.8033,-36.8235],[174.8033,-36.8233],[174.8031,-36.8234],[174.803,-36.823],[174.8031,-36.8233]]]}},{"type":"Feature","properties":{},"geometry":{"type":"Polygon","coordinates":[[[174.8013,-36.829],[174.8012,-36.829],[174.8013,-36.8292],[174.8015,-36.8292],[174.8018,-36.829],[174.8019,-36.8292],[174.8019,-36.829],[174.8021,-36.8289],[174.8019,-36.8287],[174.8015,-36.8289],[174.8015,-36.8286],[174.8013,-36.8286],[174.8014,-36.8289],[174.8013,-36.829]]]}},{"type":"Feature","properties":{},"geometry":{"type":"Polygon","coordinates":[[[174.7927,-36.8297],[174.7928,-36.8297],[174.7929,-36.8295],[174.7926,-36.8294],[174.7925,-36.8296],[174.7927,-36.8297]]]}},{"type":"Feature","properties":{},"geometry":{"type":"Polygon","coordinates":[[[174.7928,-36.8797],[174.7932,-36.8798],[174.7934,-36.8794],[174.7933,-36.8793],[174.793,-36.8793],[174.7928,-36.8797]]]}},{"type":"Feature","properties":{},"geometry":{"type":"Polygon","coordinates":[[[174.7978,-36.8326],[174.798,-36.8321],[174.7985,-36.8316],[174.7973,-36.8319],[174.7969,-36.8326],[174.7978,-36.8326]]]}},{"type":"Feature","properties":{},"geometry":{"type":"Polygon","coordinates":[[[174.7978,-36.8316],[174.7988,-36.8313],[174.7976,-36.8309],[174.7973,-36.8316],[174.7974,-36.8317],[174.7978,-36.8316]]]}},{"type":"Feature","properties":{},"geometry":{"type":"Polygon","coordinates":[[[174.7873,-36.8307],[174.787,-36.8304],[174.7869,-36.8304],[174.7862,-36.8296],[174.7857,-36.8295],[174.7855,-36.8299],[174.7864,-36.8309],[174.7867,-36.831],[174.7873,-36.8307]]]}},{"type":"Feature","properties":{},"geometry":{"type":"Polygon","coordinates":[[[174.7336,-36.8099],[174.7336,-36.8102],[174.7353,-36.8103],[174.7353,-36.81],[174.7346,-36.8099],[174.7346,-36.8098],[174.7344,-36.8098],[174.7344,-36.8099],[174.7336,-36.8099]]]}},{"type":"Feature","properties":{},"geometry":{"type":"Polygon","coordinates":[[[174.7341,-36.808],[174.7341,-36.8083],[174.7344,-36.8083],[174.7344,-36.808],[174.7341,-36.808]]]}},{"type":"Feature","properties":{},"geometry":{"type":"Polygon","coordinates":[[[174.6725,-36.411],[174.6722,-36.4106],[174.6718,-36.4108],[174.6722,-36.4113],[174.6725,-36.411]]]}},{"type":"Feature","properties":{},"geometry":{"type":"Polygon","coordinates":[[[174.4509,-36.6748],[174.4506,-36.6746],[174.4504,-36.6749],[174.4509,-36.675],[174.4509,-36.6748]]]}},{"type":"Feature","properties":{},"geometry":{"type":"Polygon","coordinates":[[[174.7465,-36.8483],[174.7466,-36.8483],[174.7468,-36.8481],[174.7466,-36.848],[174.7464,-36.8482],[174.7465,-36.8483]]]}},{"type":"Feature","properties":{},"geometry":{"type":"Polygon","coordinates":[[[174.7992,-36.3003],[174.7992,-36.3004],[174.7991,-36.3005],[174.7991,-36.3009],[174.7995,-36.3009],[174.7997,-36.3005],[174.7992,-36.3003]]]}},{"type":"Feature","properties":{},"geometry":{"type":"Polygon","coordinates":[[[174.5628,-36.8091],[174.5628,-36.8092],[174.5641,-36.8095],[174.5643,-36.8092],[174.5637,-36.8091],[174.5628,-36.8091]]]}},{"type":"Feature","properties":{},"geometry":{"type":"Polygon","coordinates":[[[174.7998,-36.8813],[174.8,-36.8813],[174.8001,-36.8815],[174.8001,-36.8816],[174.8004,-36.8817],[174.8005,-36.8815],[174.8005,-36.8814],[174.7998,-36.8813]]]}},{"type":"Feature","properties":{},"geometry":{"type":"Polygon","coordinates":[[[174.7186,-36.8854],[174.7184,-36.8853],[174.718,-36.8856],[174.7183,-36.8858],[174.7186,-36.8854]]]}},{"type":"Feature","properties":{},"geometry":{"type":"Polygon","coordinates":[[[174.7858,-36.8712],[174.7858,-36.8715],[174.7855,-36.8715],[174.7856,-36.8718],[174.7862,-36.8717],[174.786,-36.8713],[174.7858,-36.8712]]]}},{"type":"Feature","properties":{},"geometry":{"type":"Polygon","coordinates":[[[174.7778,-36.8677],[174.7774,-36.8676],[174.7774,-36.8678],[174.7778,-36.8678],[174.7778,-36.8677]]]}},{"type":"Feature","properties":{},"geometry":{"type":"Polygon","coordinates":[[[174.7695,-36.8633],[174.7693,-36.8633],[174.7692,-36.8636],[174.7694,-36.8636],[174.7695,-36.8633]]]}},{"type":"Feature","properties":{},"geometry":{"type":"Polygon","coordinates":[[[174.7304,-36.8554],[174.7301,-36.8555],[174.7302,-36.8559],[174.7308,-36.8557],[174.7307,-36.8556],[174.7306,-36.8556],[174.7305,-36.8555],[174.7304,-36.8554]]]}},{"type":"Feature","properties":{},"geometry":{"type":"Polygon","coordinates":[[[174.6446,-36.9126],[174.6447,-36.9128],[174.6453,-36.9129],[174.6452,-36.9127],[174.6446,-36.9126]]]}},{"type":"Feature","properties":{},"geometry":{"type":"Polygon","coordinates":[[[174.3254,-36.3835],[174.3258,-36.3833],[174.3253,-36.3823],[174.3249,-36.3823],[174.3249,-36.3828],[174.3254,-36.3835]]]}},{"type":"Feature","properties":{},"geometry":{"type":"Polygon","coordinates":[[[174.3333,-36.3873],[174.3326,-36.3876],[174.3326,-36.3878],[174.3328,-36.3879],[174.3329,-36.3879],[174.3331,-36.3881],[174.3337,-36.3878],[174.3333,-36.3873]]]}},{"type":"Feature","properties":{},"geometry":{"type":"Polygon","coordinates":[[[174.2433,-36.474],[174.2429,-36.4743],[174.2428,-36.4749],[174.2437,-36.4751],[174.2439,-36.475],[174.2447,-36.4751],[174.2442,-36.4743],[174.2433,-36.474]]]}},{"type":"Feature","properties":{},"geometry":{"type":"Polygon","coordinates":[[[174.2474,-36.4618],[174.2473,-36.4615],[174.2464,-36.4611],[174.246,-36.4613],[174.2453,-36.4624],[174.2467,-36.4629],[174.2474,-36.4618]]]}},{"type":"Feature","properties":{},"geometry":{"type":"Polygon","coordinates":[[[174.2317,-36.4963],[174.2313,-36.4958],[174.231,-36.4957],[174.2306,-36.4956],[174.2304,-36.4958],[174.2303,-36.4963],[174.2305,-36.4966],[174.2311,-36.4964],[174.2317,-36.4966],[174.2317,-36.4963]]]}},{"type":"Feature","properties":{},"geometry":{"type":"Polygon","coordinates":[[[174.2453,-36.4794],[174.2453,-36.4807],[174.2471,-36.4807],[174.247,-36.4797],[174.2463,-36.4794],[174.2453,-36.4794]]]}},{"type":"Feature","properties":{},"geometry":{"type":"Polygon","coordinates":[[[174.2441,-36.4859],[174.2453,-36.4862],[174.2456,-36.4865],[174.2462,-36.4864],[174.2467,-36.4861],[174.2458,-36.486],[174.2455,-36.4856],[174.2447,-36.4852],[174.2439,-36.4852],[174.2441,-36.4859]]]}},{"type":"Feature","properties":{},"geometry":{"type":"Polygon","coordinates":[[[174.2708,-36.4964],[174.2708,-36.497],[174.2718,-36.4973],[174.2724,-36.4968],[174.2743,-36.4965],[174.2744,-36.4959],[174.2738,-36.4955],[174.2731,-36.4954],[174.2719,-36.4961],[174.2714,-36.4961],[174.2708,-36.4964]]]}},{"type":"Feature","properties":{},"geometry":{"type":"Polygon","coordinates":[[[174.8412,-36.9425],[174.841,-36.9426],[174.8413,-36.943],[174.8416,-36.9429],[174.8412,-36.9425]]]}},{"type":"Feature","properties":{},"geometry":{"type":"Polygon","coordinates":[[[174.7277,-36.8534],[174.7274,-36.8537],[174.728,-36.854],[174.7283,-36.8538],[174.7277,-36.8534]]]}},{"type":"Feature","properties":{},"geometry":{"type":"Polygon","coordinates":[[[174.7764,-36.8965],[174.7763,-36.8967],[174.7767,-36.8969],[174.7769,-36.8966],[174.7764,-36.8965]]]}},{"type":"Feature","properties":{},"geometry":{"type":"Polygon","coordinates":[[[174.7758,-36.896],[174.7757,-36.8962],[174.7762,-36.8964],[174.7763,-36.8961],[174.7758,-36.8959],[174.7758,-36.896]]]}},{"type":"Feature","properties":{},"geometry":{"type":"Polygon","coordinates":[[[174.744,-36.8661],[174.7435,-36.8662],[174.7446,-36.8683],[174.7454,-36.868],[174.7444,-36.8661],[174.7441,-36.8663],[174.744,-36.8661]]]}},{"type":"Feature","properties":{},"geometry":{"type":"Polygon","coordinates":[[[174.6507,-36.7987],[174.6506,-36.7994],[174.652,-36.8001],[174.653,-36.799],[174.6507,-36.7987]]]}},{"type":"Feature","properties":{},"geometry":{"type":"Polygon","coordinates":[[[174.5831,-36.8715],[174.5831,-36.8722],[174.5861,-36.8718],[174.586,-36.8711],[174.5831,-36.8715]]]}},{"type":"Feature","properties":{},"geometry":{"type":"Polygon","coordinates":[[[174.6486,-36.8019],[174.6484,-36.8025],[174.6486,-36.8028],[174.6484,-36.8031],[174.6486,-36.8033],[174.6506,-36.8015],[174.6504,-36.8011],[174.6504,-36.8009],[174.6497,-36.801],[174.6491,-36.8014],[174.6486,-36.8019]]]}},{"type":"Feature","properties":{},"geometry":{"type":"Polygon","coordinates":[[[175.0367,-36.9958],[175.0366,-36.9956],[175.0361,-36.9956],[175.036,-36.9959],[175.0367,-36.9958]]]}},{"type":"Feature","properties":{},"geometry":{"type":"Polygon","coordinates":[[[174.7856,-36.8794],[174.7868,-36.8802],[174.7876,-36.8791],[174.7884,-36.8787],[174.7896,-36.8787],[174.7892,-36.8782],[174.789,-36.8774],[174.7887,-36.8771],[174.7868,-36.876],[174.7865,-36.8769],[174.7859,-36.8767],[174.7854,-36.876],[174.7851,-36.8762],[174.7847,-36.876],[174.7844,-36.8763],[174.784,-36.876],[174.7839,-36.8761],[174.7843,-36.8764],[174.7834,-36.8775],[174.7837,-36.8778],[174.7833,-36.878],[174.7834,-36.8781],[174.7837,-36.8779],[174.7841,-36.8782],[174.7856,-36.8794]]]}},{"type":"Feature","properties":{},"geometry":{"type":"Polygon","coordinates":[[[174.8197,-36.8461],[174.8196,-36.8465],[174.8197,-36.8469],[174.8198,-36.847],[174.82,-36.847],[174.8203,-36.8469],[174.8204,-36.8468],[174.8203,-36.846],[174.8197,-36.8461]]]}},{"type":"Feature","properties":{},"geometry":{"type":"Polygon","coordinates":[[[174.5938,-36.6013],[174.5932,-36.6012],[174.5932,-36.6018],[174.5939,-36.6019],[174.5938,-36.6013]]]}},{"type":"Feature","properties":{},"geometry":{"type":"Polygon","coordinates":[[[174.5236,-36.2903],[174.5234,-36.2901],[174.523,-36.2904],[174.5232,-36.2906],[174.5236,-36.2903]]]}},{"type":"Feature","properties":{},"geometry":{"type":"Polygon","coordinates":[[[174.2817,-36.5644],[174.2817,-36.5639],[174.2804,-36.5639],[174.2802,-36.5642],[174.2803,-36.5645],[174.2817,-36.5644]]]}},{"type":"Feature","properties":{},"geometry":{"type":"Polygon","coordinates":[[[174.3512,-36.5515],[174.3523,-36.5512],[174.3507,-36.5499],[174.3497,-36.5497],[174.3496,-36.5507],[174.3503,-36.5509],[174.3506,-36.5511],[174.3509,-36.5515],[174.3512,-36.5515]]]}},{"type":"Feature","properties":{},"geometry":{"type":"Polygon","coordinates":[[[174.4499,-36.7811],[174.4502,-36.7808],[174.45,-36.7805],[174.4491,-36.781],[174.4499,-36.7811]]]}},{"type":"Feature","properties":{},"geometry":{"type":"Polygon","coordinates":[[[174.4462,-36.7834],[174.4461,-36.783],[174.4458,-36.7828],[174.4451,-36.7832],[174.4456,-36.7836],[174.4462,-36.7834]]]}},{"type":"Feature","properties":{},"geometry":{"type":"Polygon","coordinates":[[[174.6316,-36.8455],[174.6317,-36.8451],[174.6311,-36.845],[174.6309,-36.8454],[174.6316,-36.8455]]]}},{"type":"Feature","properties":{},"geometry":{"type":"Polygon","coordinates":[[[174.7316,-36.8484],[174.732,-36.8483],[174.7319,-36.8477],[174.731,-36.8484],[174.731,-36.8485],[174.7314,-36.8484],[174.7314,-36.8485],[174.7317,-36.8485],[174.7316,-36.8484]]]}},{"type":"Feature","properties":{},"geometry":{"type":"Polygon","coordinates":[[[174.79,-36.8504],[174.7901,-36.8499],[174.7896,-36.8498],[174.7891,-36.8498],[174.7887,-36.8499],[174.7885,-36.8503],[174.7899,-36.8509],[174.79,-36.8504]]]}},{"type":"Feature","properties":{},"geometry":{"type":"Polygon","coordinates":[[[174.9403,-37.0603],[174.9401,-37.0607],[174.9409,-37.0609],[174.9406,-37.0601],[174.9402,-37.0603],[174.9403,-37.0603]]]}},{"type":"Feature","properties":{},"geometry":{"type":"Polygon","coordinates":[[[174.9121,-37.0821],[174.9115,-37.0814],[174.9104,-37.082],[174.911,-37.0827],[174.9121,-37.0821]]]}},{"type":"Feature","properties":{},"geometry":{"type":"Polygon","coordinates":[[[174.9255,-37.0697],[174.9257,-37.0694],[174.9255,-37.0693],[174.9253,-37.0696],[174.9255,-37.0697]]]}},{"type":"Feature","properties":{},"geometry":{"type":"Polygon","coordinates":[[[174.5097,-36.2396],[174.5092,-36.24],[174.5089,-36.2404],[174.5094,-36.2407],[174.5103,-36.2414],[174.5108,-36.2402],[174.5097,-36.2396]]]}},{"type":"Feature","properties":{},"geometry":{"type":"Polygon","coordinates":[[[174.496,-36.6183],[174.4957,-36.6181],[174.4952,-36.6184],[174.4955,-36.6187],[174.496,-36.6183]]]}},{"type":"Feature","properties":{},"geometry":{"type":"Polygon","coordinates":[[[174.4329,-36.5192],[174.4319,-36.519],[174.4314,-36.5191],[174.4309,-36.5197],[174.4307,-36.5198],[174.4305,-36.52],[174.4302,-36.5205],[174.4304,-36.5205],[174.431,-36.5203],[174.4314,-36.5203],[174.4323,-36.5196],[174.4327,-36.5197],[174.433,-36.5196],[174.4329,-36.5192]]]}},{"type":"Feature","properties":{},"geometry":{"type":"Polygon","coordinates":[[[174.7072,-36.552],[174.7072,-36.553],[174.7074,-36.5536],[174.7075,-36.5547],[174.7095,-36.5555],[174.7099,-36.5551],[174.7098,-36.5533],[174.7094,-36.5527],[174.7077,-36.5525],[174.7075,-36.5523],[174.7072,-36.552]]]}},{"type":"Feature","properties":{},"geometry":{"type":"Polygon","coordinates":[[[174.7348,-36.3418],[174.7348,-36.3419],[174.7359,-36.3428],[174.7362,-36.3424],[174.7362,-36.3422],[174.7357,-36.3416],[174.7352,-36.3419],[174.7348,-36.3418]]]}},{"type":"Feature","properties":{},"geometry":{"type":"Polygon","coordinates":[[[174.6782,-36.6158],[174.6781,-36.6158],[174.6779,-36.6159],[174.677,-36.6165],[174.677,-36.6168],[174.6786,-36.6165],[174.6784,-36.616],[174.6782,-36.6158]]]}},{"type":"Feature","properties":{},"geometry":{"type":"Polygon","coordinates":[[[174.7371,-36.6241],[174.7372,-36.624],[174.7365,-36.6237],[174.7364,-36.6238],[174.7365,-36.6241],[174.7367,-36.6244],[174.7369,-36.6245],[174.7371,-36.6241]]]}},{"type":"Feature","properties":{},"geometry":{"type":"Polygon","coordinates":[[[174.7712,-36.8504],[174.7707,-36.8508],[174.7711,-36.851],[174.7715,-36.8507],[174.7712,-36.8504]]]}},{"type":"Feature","properties":{},"geometry":{"type":"Polygon","coordinates":[[[174.7703,-36.8509],[174.7708,-36.8513],[174.771,-36.8512],[174.7705,-36.8508],[174.7703,-36.8509]]]}},{"type":"Feature","properties":{},"geometry":{"type":"Polygon","coordinates":[[[174.8584,-36.9009],[174.8583,-36.9013],[174.8586,-36.9013],[174.8587,-36.901],[174.8584,-36.9009]]]}},{"type":"Feature","properties":{},"geometry":{"type":"Polygon","coordinates":[[[174.7672,-36.8456],[174.7665,-36.8454],[174.7665,-36.8455],[174.7672,-36.8457],[174.7672,-36.8456]]]}},{"type":"Feature","properties":{},"geometry":{"type":"Polygon","coordinates":[[[174.807,-36.8812],[174.8069,-36.8818],[174.8072,-36.882],[174.8073,-36.8813],[174.807,-36.8812]]]}},{"type":"Feature","properties":{},"geometry":{"type":"Polygon","coordinates":[[[174.7985,-36.8783],[174.7985,-36.8787],[174.7988,-36.8787],[174.7989,-36.8783],[174.7985,-36.8783]]]}},{"type":"Feature","properties":{},"geometry":{"type":"Polygon","coordinates":[[[174.7862,-36.8753],[174.7859,-36.8752],[174.7858,-36.8754],[174.786,-36.8755],[174.7862,-36.8753]]]}},{"type":"Feature","properties":{},"geometry":{"type":"Polygon","coordinates":[[[174.8064,-36.8819],[174.8063,-36.8823],[174.8067,-36.8825],[174.8068,-36.882],[174.8064,-36.8819]]]}},{"type":"Feature","properties":{},"geometry":{"type":"Polygon","coordinates":[[[174.7728,-36.8807],[174.7727,-36.8812],[174.773,-36.8812],[174.7731,-36.8808],[174.7728,-36.8807]]]}},{"type":"Feature","properties":{},"geometry":{"type":"Polygon","coordinates":[[[174.775,-36.8873],[174.775,-36.8876],[174.7753,-36.8876],[174.7753,-36.8873],[174.775,-36.8873]]]}},{"type":"Feature","properties":{},"geometry":{"type":"Polygon","coordinates":[[[174.7674,-36.8922],[174.7673,-36.8927],[174.7674,-36.8927],[174.7675,-36.8927],[174.7676,-36.8924],[174.7677,-36.8923],[174.7674,-36.8922]]]}},{"type":"Feature","properties":{},"geometry":{"type":"Polygon","coordinates":[[[174.7674,-36.8435],[174.7673,-36.8437],[174.7676,-36.8438],[174.7677,-36.8436],[174.7674,-36.8435]]]}},{"type":"Feature","properties":{},"geometry":{"type":"Polygon","coordinates":[[[174.7697,-36.847],[174.7696,-36.8473],[174.7698,-36.8473],[174.7699,-36.8471],[174.7697,-36.847]]]}},{"type":"Feature","properties":{},"geometry":{"type":"Polygon","coordinates":[[[174.7905,-36.8545],[174.7902,-36.8548],[174.7904,-36.8549],[174.7907,-36.8546],[174.7905,-36.8545]]]}},{"type":"Feature","properties":{},"geometry":{"type":"Polygon","coordinates":[[[174.7658,-36.8467],[174.7653,-36.8466],[174.7652,-36.8468],[174.7658,-36.847],[174.7658,-36.8467]]]}},{"type":"Feature","properties":{},"geometry":{"type":"Polygon","coordinates":[[[174.8018,-36.8804],[174.8017,-36.881],[174.8018,-36.881],[174.8018,-36.8808],[174.8027,-36.8809],[174.8023,-36.8807],[174.8024,-36.8804],[174.8018,-36.8804]]]}},{"type":"Feature","properties":{},"geometry":{"type":"Polygon","coordinates":[[[174.7426,-36.8642],[174.7425,-36.8641],[174.7423,-36.8642],[174.743,-36.8648],[174.7433,-36.8654],[174.7435,-36.8654],[174.7434,-36.8653],[174.7436,-36.8652],[174.7434,-36.8646],[174.7429,-36.8642],[174.7427,-36.8643],[174.7426,-36.8642]]]}},{"type":"Feature","properties":{},"geometry":{"type":"Polygon","coordinates":[[[174.7427,-36.8655],[174.743,-36.8654],[174.7428,-36.8649],[174.7421,-36.8643],[174.742,-36.8644],[174.7422,-36.8646],[174.742,-36.8647],[174.7424,-36.8651],[174.7426,-36.8655],[174.7427,-36.8655]]]}},{"type":"Feature","properties":{},"geometry":{"type":"Polygon","coordinates":[[[174.7418,-36.864],[174.7413,-36.8634],[174.7409,-36.8636],[174.7414,-36.8641],[174.7415,-36.864],[174.7418,-36.8643],[174.742,-36.8641],[174.7418,-36.864]]]}},{"type":"Feature","properties":{},"geometry":{"type":"Polygon","coordinates":[[[174.7423,-36.8639],[174.7421,-36.8637],[174.7423,-36.8635],[174.7418,-36.863],[174.7414,-36.8633],[174.7422,-36.864],[174.7423,-36.8639]]]}},{"type":"Feature","properties":{},"geometry":{"type":"Polygon","coordinates":[[[174.7459,-36.6795],[174.7459,-36.6802],[174.7464,-36.6804],[174.7469,-36.6801],[174.7471,-36.6799],[174.7472,-36.6796],[174.7471,-36.6794],[174.7459,-36.6795]]]}},{"type":"Feature","properties":{},"geometry":{"type":"Polygon","coordinates":[[[174.7504,-36.8585],[174.7502,-36.8588],[174.7504,-36.8589],[174.7508,-36.8587],[174.7504,-36.8585]]]}},{"type":"Feature","properties":{},"geometry":{"type":"Polygon","coordinates":[[[174.6096,-36.9189],[174.6105,-36.92],[174.6115,-36.9201],[174.6119,-36.9194],[174.6096,-36.9189]]]}},{"type":"Feature","properties":{},"geometry":{"type":"Polygon","coordinates":[[[174.7592,-36.8736],[174.759,-36.8741],[174.7595,-36.8743],[174.7596,-36.8737],[174.7592,-36.8736]]]}},{"type":"Feature","properties":{},"geometry":{"type":"Polygon","coordinates":[[[174.7664,-36.8742],[174.7662,-36.8733],[174.7653,-36.8728],[174.7648,-36.8723],[174.7635,-36.8717],[174.7623,-36.8722],[174.7622,-36.8728],[174.7623,-36.8734],[174.7623,-36.8745],[174.763,-36.8745],[174.7638,-36.876],[174.7628,-36.8763],[174.7623,-36.8767],[174.7617,-36.8766],[174.7615,-36.8767],[174.7614,-36.8772],[174.7618,-36.8772],[174.7618,-36.8774],[174.762,-36.8774],[174.762,-36.8786],[174.7624,-36.8786],[174.7624,-36.8788],[174.764,-36.8797],[174.7655,-36.8794],[174.7675,-36.8778],[174.766,-36.8768],[174.7665,-36.8748],[174.7664,-36.8742]]]}},{"type":"Feature","properties":{},"geometry":{"type":"Polygon","coordinates":[[[174.785,-36.8584],[174.7848,-36.8582],[174.7844,-36.8585],[174.7847,-36.8586],[174.785,-36.8584]]]}},{"type":"Feature","properties":{},"geometry":{"type":"Polygon","coordinates":[[[174.7071,-36.5358],[174.7071,-36.5362],[174.7078,-36.5362],[174.7078,-36.5358],[174.7071,-36.5358]]]}},{"type":"Feature","properties":{},"geometry":{"type":"Polygon","coordinates":[[[174.7138,-36.5416],[174.7136,-36.5414],[174.7131,-36.5414],[174.7132,-36.542],[174.7136,-36.542],[174.7138,-36.5416]]]}},{"type":"Feature","properties":{},"geometry":{"type":"Polygon","coordinates":[[[174.7123,-36.5277],[174.7123,-36.5281],[174.7127,-36.5281],[174.7129,-36.528],[174.7129,-36.5277],[174.7128,-36.5277],[174.7127,-36.5276],[174.7123,-36.5276],[174.7123,-36.5277]]]}},{"type":"Feature","properties":{},"geometry":{"type":"Polygon","coordinates":[[[174.7006,-36.5314],[174.7029,-36.5348],[174.7049,-36.5344],[174.705,-36.5337],[174.7046,-36.5335],[174.7041,-36.5328],[174.7038,-36.5322],[174.7025,-36.531],[174.7019,-36.5303],[174.7013,-36.5299],[174.701,-36.5295],[174.7005,-36.5293],[174.7003,-36.5293],[174.7003,-36.5294],[174.7006,-36.5307],[174.7006,-36.5314]]]}},{"type":"Feature","properties":{},"geometry":{"type":"Polygon","coordinates":[[[174.7907,-36.8974],[174.7904,-36.8975],[174.79,-36.898],[174.79,-36.8989],[174.7899,-36.8995],[174.789,-36.8998],[174.7886,-36.9008],[174.7871,-36.9004],[174.7875,-36.899],[174.7876,-36.8979],[174.7876,-36.8974],[174.7873,-36.8969],[174.7874,-36.8966],[174.7874,-36.8964],[174.7875,-36.8953],[174.787,-36.8942],[174.7868,-36.8931],[174.7868,-36.8929],[174.7822,-36.8931],[174.7789,-36.8991],[174.7784,-36.9016],[174.7776,-36.9045],[174.7748,-36.9059],[174.7753,-36.9079],[174.778,-36.9065],[174.7781,-36.9067],[174.7798,-36.9057],[174.7825,-36.9089],[174.7841,-36.9081],[174.7839,-36.9078],[174.7854,-36.907],[174.7857,-36.9073],[174.7856,-36.9074],[174.7859,-36.9072],[174.7856,-36.9069],[174.7883,-36.9056],[174.7889,-36.9049],[174.7893,-36.9051],[174.7897,-36.9046],[174.7893,-36.9044],[174.7911,-36.902],[174.7915,-36.9022],[174.7917,-36.9021],[174.7918,-36.9019],[174.7914,-36.9017],[174.7932,-36.8993],[174.7918,-36.899],[174.7922,-36.898],[174.7922,-36.8974],[174.7921,-36.8967],[174.7917,-36.8966],[174.7909,-36.8968],[174.791,-36.897],[174.7911,-36.8972],[174.7907,-36.8974]]]}},{"type":"Feature","properties":{},"geometry":{"type":"Polygon","coordinates":[[[174.8505,-36.8938],[174.8504,-36.8923],[174.8501,-36.8915],[174.8489,-36.891],[174.8497,-36.89],[174.8492,-36.8897],[174.849,-36.8893],[174.8486,-36.8893],[174.8482,-36.8892],[174.8481,-36.8894],[174.8453,-36.8904],[174.8443,-36.8908],[174.8427,-36.8929],[174.8426,-36.8931],[174.8437,-36.8934],[174.8435,-36.894],[174.8452,-36.8944],[174.8452,-36.8942],[174.8451,-36.8942],[174.8451,-36.894],[174.8456,-36.8939],[174.8464,-36.894],[174.8466,-36.8942],[174.8473,-36.8944],[174.847,-36.8948],[174.8478,-36.895],[174.8486,-36.8954],[174.849,-36.8948],[174.8494,-36.8949],[174.8505,-36.8938]]]}},{"type":"Feature","properties":{},"geometry":{"type":"Polygon","coordinates":[[[174.9121,-36.943],[174.912,-36.943],[174.9119,-36.9432],[174.9123,-36.9433],[174.9123,-36.9431],[174.9121,-36.943]]]}},{"type":"Feature","properties":{},"geometry":{"type":"Polygon","coordinates":[[[174.8749,-36.9565],[174.8731,-36.9562],[174.873,-36.9568],[174.8748,-36.9571],[174.8749,-36.9565]]]}},{"type":"Feature","properties":{},"geometry":{"type":"Polygon","coordinates":[[[174.7548,-36.8936],[174.7549,-36.8931],[174.753,-36.8928],[174.7528,-36.8931],[174.7524,-36.893],[174.7523,-36.8936],[174.7546,-36.8941],[174.7548,-36.8936]]]}},{"type":"Feature","properties":{},"geometry":{"type":"Polygon","coordinates":[[[174.7619,-36.8526],[174.7618,-36.8528],[174.7616,-36.8529],[174.7619,-36.8534],[174.7625,-36.8529],[174.7622,-36.8527],[174.7619,-36.8526]]]}},{"type":"Feature","properties":{},"geometry":{"type":"Polygon","coordinates":[[[174.763,-36.8532],[174.7629,-36.8534],[174.7633,-36.8535],[174.7634,-36.8533],[174.763,-36.8532]]]}},{"type":"Feature","properties":{},"geometry":{"type":"Polygon","coordinates":[[[174.7448,-36.878],[174.7411,-36.8773],[174.741,-36.8777],[174.7413,-36.8778],[174.7412,-36.8781],[174.7431,-36.8785],[174.7428,-36.8793],[174.7488,-36.8806],[174.7491,-36.8797],[174.7492,-36.8798],[174.7495,-36.8789],[174.745,-36.878],[174.745,-36.8781],[174.7448,-36.878]]]}},{"type":"Feature","properties":{},"geometry":{"type":"Polygon","coordinates":[[[174.7639,-36.8427],[174.7638,-36.8426],[174.7635,-36.8425],[174.7634,-36.8426],[174.7638,-36.8427],[174.7636,-36.8432],[174.7639,-36.8427]]]}},{"type":"Feature","properties":{},"geometry":{"type":"Polygon","coordinates":[[[175.1223,-36.949],[175.1222,-36.9492],[175.1229,-36.9495],[175.123,-36.9497],[175.1232,-36.9498],[175.1238,-36.9498],[175.124,-36.9495],[175.124,-36.9493],[175.1238,-36.9492],[175.1237,-36.949],[175.1235,-36.949],[175.123,-36.9487],[175.1228,-36.9487],[175.1223,-36.949]]]}},{"type":"Feature","properties":{},"geometry":{"type":"Polygon","coordinates":[[[174.7032,-36.8826],[174.7035,-36.8822],[174.7036,-36.8818],[174.7035,-36.8812],[174.7036,-36.8805],[174.7042,-36.8801],[174.7042,-36.8799],[174.7043,-36.8796],[174.7044,-36.879],[174.7041,-36.8786],[174.7045,-36.8781],[174.7046,-36.8774],[174.7049,-36.8769],[174.7051,-36.8761],[174.7053,-36.8757],[174.7053,-36.8748],[174.7055,-36.8743],[174.7055,-36.874],[174.7053,-36.8739],[174.7048,-36.8747],[174.7048,-36.8755],[174.7046,-36.8761],[174.7045,-36.8767],[174.7039,-36.8777],[174.7033,-36.8784],[174.7035,-36.8799],[174.7034,-36.88],[174.7031,-36.88],[174.7029,-36.88],[174.7027,-36.8802],[174.7028,-36.8804],[174.7029,-36.8806],[174.7028,-36.881],[174.7029,-36.8812],[174.7029,-36.8821],[174.7027,-36.8825],[174.7032,-36.8826]]]}},{"type":"Feature","properties":{},"geometry":{"type":"Polygon","coordinates":[[[174.9022,-37.1911],[174.9024,-37.1914],[174.9029,-37.1911],[174.9036,-37.1911],[174.9035,-37.1909],[174.903,-37.1908],[174.9027,-37.1908],[174.9022,-37.1911]]]}},{"type":"Feature","properties":{},"geometry":{"type":"Polygon","coordinates":[[[174.6332,-36.8912],[174.6333,-36.8915],[174.6335,-36.8915],[174.6334,-36.8912],[174.6332,-36.8912]]]}},{"type":"Feature","properties":{},"geometry":{"type":"Polygon","coordinates":[[[174.4829,-36.9526],[174.4837,-36.9524],[174.485,-36.9518],[174.4851,-36.9515],[174.4852,-36.951],[174.485,-36.9507],[174.4847,-36.9506],[174.4842,-36.9511],[174.4838,-36.951],[174.4833,-36.9513],[174.4829,-36.9526]]]}},{"type":"Feature","properties":{},"geometry":{"type":"Polygon","coordinates":[[[174.7465,-36.6788],[174.7463,-36.6795],[174.7466,-36.6798],[174.747,-36.6797],[174.7474,-36.679],[174.7465,-36.6788]]]}},{"type":"Feature","properties":{},"geometry":{"type":"Polygon","coordinates":[[[174.7469,-36.6801],[174.7468,-36.6798],[174.7463,-36.6799],[174.7463,-36.6801],[174.7464,-36.6803],[174.7469,-36.6801]]]}},{"type":"Feature","properties":{},"geometry":{"type":"Polygon","coordinates":[[[174.7494,-36.6883],[174.7498,-36.6878],[174.75,-36.6868],[174.7497,-36.6859],[174.7493,-36.6854],[174.7494,-36.6852],[174.7493,-36.685],[174.7485,-36.6843],[174.7471,-36.6838],[174.7468,-36.6837],[174.746,-36.684],[174.7451,-36.6846],[174.7445,-36.685],[174.7452,-36.6865],[174.7472,-36.686],[174.7472,-36.6865],[174.7479,-36.6865],[174.7478,-36.6873],[174.7479,-36.6875],[174.7479,-36.6882],[174.7483,-36.6884],[174.7483,-36.6889],[174.7489,-36.6889],[174.7494,-36.6883]]]}},{"type":"Feature","properties":{},"geometry":{"type":"Polygon","coordinates":[[[174.7561,-36.7024],[174.756,-36.7025],[174.7562,-36.7027],[174.7564,-36.7026],[174.7564,-36.7024],[174.7561,-36.7024]]]}},{"type":"Feature","properties":{},"geometry":{"type":"Polygon","coordinates":[[[174.4344,-36.7332],[174.4348,-36.7336],[174.4353,-36.7328],[174.4351,-36.7325],[174.4342,-36.7328],[174.4338,-36.7326],[174.4334,-36.7325],[174.4332,-36.7327],[174.434,-36.7333],[174.4344,-36.7332]]]}},{"type":"Feature","properties":{},"geometry":{"type":"Polygon","coordinates":[[[174.5132,-36.7395],[174.513,-36.739],[174.5111,-36.7395],[174.5111,-36.74],[174.5133,-36.7398],[174.5132,-36.7395]]]}},{"type":"Feature","properties":{},"geometry":{"type":"Polygon","coordinates":[[[174.5208,-36.8242],[174.521,-36.825],[174.5223,-36.8249],[174.5222,-36.8246],[174.5218,-36.8241],[174.5208,-36.8242]]]}},{"type":"Feature","properties":{},"geometry":{"type":"Polygon","coordinates":[[[174.5176,-36.8522],[174.5181,-36.8516],[174.5178,-36.8501],[174.5164,-36.8504],[174.5176,-36.8522]]]}},{"type":"Feature","properties":{},"geometry":{"type":"Polygon","coordinates":[[[174.54,-36.8515],[174.5398,-36.8512],[174.5394,-36.8514],[174.5396,-36.8517],[174.54,-36.8515]]]}},{"type":"Feature","properties":{},"geometry":{"type":"Polygon","coordinates":[[[174.7671,-36.3133],[174.7666,-36.3137],[174.767,-36.314],[174.7675,-36.3136],[174.7671,-36.3133]]]}},{"type":"Feature","properties":{},"geometry":{"type":"Polygon","coordinates":[[[174.4492,-36.3025],[174.4485,-36.3045],[174.4507,-36.305],[174.4514,-36.3031],[174.4492,-36.3025]]]}},{"type":"Feature","properties":{},"geometry":{"type":"Polygon","coordinates":[[[174.457,-36.284],[174.4561,-36.2836],[174.4557,-36.2841],[174.4565,-36.2844],[174.4567,-36.2844],[174.457,-36.284]]]}},{"type":"Feature","properties":{},"geometry":{"type":"Polygon","coordinates":[[[174.4439,-36.2836],[174.4437,-36.2833],[174.4437,-36.283],[174.4435,-36.283],[174.4431,-36.2832],[174.4431,-36.2835],[174.4431,-36.2836],[174.4439,-36.2836]]]}},{"type":"Feature","properties":{},"geometry":{"type":"Polygon","coordinates":[[[174.3963,-36.3168],[174.3961,-36.3168],[174.396,-36.317],[174.3962,-36.3171],[174.3967,-36.317],[174.3971,-36.3163],[174.3962,-36.3159],[174.3959,-36.3162],[174.3963,-36.3167],[174.3963,-36.3168]]]}},{"type":"Feature","properties":{},"geometry":{"type":"Polygon","coordinates":[[[174.6639,-36.4014],[174.6638,-36.4012],[174.6634,-36.4013],[174.6634,-36.4014],[174.6634,-36.4015],[174.6639,-36.4014]]]}},{"type":"Feature","properties":{},"geometry":{"type":"Polygon","coordinates":[[[174.6624,-36.3979],[174.6624,-36.398],[174.6628,-36.3981],[174.663,-36.398],[174.6624,-36.3979]]]}},{"type":"Feature","properties":{},"geometry":{"type":"Polygon","coordinates":[[[174.4676,-36.2762],[174.4675,-36.2762],[174.4668,-36.2787],[174.4667,-36.2795],[174.4709,-36.2789],[174.4702,-36.2774],[174.4676,-36.2762]]]}},{"type":"Feature","properties":{},"geometry":{"type":"Polygon","coordinates":[[[174.4847,-36.323],[174.484,-36.3217],[174.4835,-36.3218],[174.4837,-36.3225],[174.4835,-36.3225],[174.4839,-36.3233],[174.4847,-36.323]]]}},{"type":"Feature","properties":{},"geometry":{"type":"Polygon","coordinates":[[[174.7096,-36.4289],[174.709,-36.4279],[174.7091,-36.4277],[174.7089,-36.4274],[174.7087,-36.4273],[174.7074,-36.4281],[174.7074,-36.4286],[174.7079,-36.4289],[174.7082,-36.4289],[174.7088,-36.4293],[174.7096,-36.4289]]]}},{"type":"Feature","properties":{},"geometry":{"type":"Polygon","coordinates":[[[174.6603,-36.512],[174.6604,-36.5121],[174.6599,-36.5123],[174.6599,-36.5124],[174.6602,-36.513],[174.6603,-36.513],[174.6611,-36.5127],[174.6609,-36.5123],[174.6612,-36.5122],[174.661,-36.5118],[174.6603,-36.512]]]}},{"type":"Feature","properties":{},"geometry":{"type":"Polygon","coordinates":[[[174.6621,-36.5143],[174.6619,-36.5134],[174.6618,-36.5139],[174.6606,-36.5153],[174.66,-36.5159],[174.6599,-36.5161],[174.6623,-36.5163],[174.6621,-36.5143]]]}},{"type":"Feature","properties":{},"geometry":{"type":"Polygon","coordinates":[[[174.9074,-36.9488],[174.9074,-36.9491],[174.9077,-36.949],[174.9077,-36.9487],[174.9074,-36.9488]]]}},{"type":"Feature","properties":{},"geometry":{"type":"Polygon","coordinates":[[[174.7474,-36.8265],[174.7474,-36.8267],[174.7477,-36.8267],[174.7478,-36.8268],[174.7478,-36.827],[174.7477,-36.8273],[174.7483,-36.827],[174.7493,-36.8266],[174.749,-36.8263],[174.7485,-36.8265],[174.7474,-36.8265]]]}},{"type":"Feature","properties":{},"geometry":{"type":"Polygon","coordinates":[[[174.7359,-36.8195],[174.7356,-36.8194],[174.7355,-36.8196],[174.7358,-36.8197],[174.7359,-36.8195]]]}},{"type":"Feature","properties":{},"geometry":{"type":"Polygon","coordinates":[[[174.7355,-36.8178],[174.7353,-36.8179],[174.7353,-36.8181],[174.7356,-36.8181],[174.7358,-36.818],[174.7356,-36.8177],[174.7355,-36.8178]]]}},{"type":"Feature","properties":{},"geometry":{"type":"Polygon","coordinates":[[[174.8043,-36.8296],[174.8041,-36.8294],[174.8037,-36.8295],[174.8039,-36.8298],[174.8043,-36.8296]]]}},{"type":"Feature","properties":{},"geometry":{"type":"Polygon","coordinates":[[[174.7968,-36.8325],[174.7949,-36.8322],[174.7927,-36.8311],[174.7912,-36.8308],[174.7926,-36.8312],[174.7947,-36.8323],[174.7968,-36.8326],[174.7968,-36.8325]]]}},{"type":"Feature","properties":{},"geometry":{"type":"Polygon","coordinates":[[[174.8008,-36.8318],[174.8017,-36.8315],[174.8026,-36.831],[174.8017,-36.8315],[174.8004,-36.8318],[174.8001,-36.8318],[174.7988,-36.8316],[174.7984,-36.8318],[174.7985,-36.8318],[174.7988,-36.8317],[174.8002,-36.8319],[174.8008,-36.8318]]]}},{"type":"Feature","properties":{},"geometry":{"type":"Polygon","coordinates":[[[174.8054,-36.8293],[174.8055,-36.8294],[174.8057,-36.8293],[174.8058,-36.8291],[174.8055,-36.8291],[174.8053,-36.8292],[174.8054,-36.8293]]]}},{"type":"Feature","properties":{},"geometry":{"type":"Polygon","coordinates":[[[174.787,-36.8004],[174.7866,-36.8005],[174.7872,-36.8017],[174.7891,-36.8012],[174.7885,-36.8],[174.787,-36.8004]]]}},{"type":"Feature","properties":{},"geometry":{"type":"Polygon","coordinates":[[[174.8011,-36.8287],[174.8006,-36.8287],[174.8006,-36.8291],[174.8012,-36.8291],[174.8011,-36.8287]]]}},{"type":"Feature","properties":{},"geometry":{"type":"Polygon","coordinates":[[[174.803,-36.8223],[174.8031,-36.8225],[174.8035,-36.8223],[174.8035,-36.8222],[174.803,-36.8223]]]}},{"type":"Feature","properties":{},"geometry":{"type":"Polygon","coordinates":[[[174.797,-36.8211],[174.7962,-36.8196],[174.7949,-36.8174],[174.7948,-36.8178],[174.7968,-36.8212],[174.797,-36.8211]]]}},{"type":"Feature","properties":{},"geometry":{"type":"Polygon","coordinates":[[[174.7961,-36.8203],[174.7947,-36.8179],[174.7945,-36.818],[174.796,-36.8204],[174.7961,-36.8203]]]}},{"type":"Feature","properties":{},"geometry":{"type":"Polygon","coordinates":[[[174.7977,-36.8303],[174.7978,-36.8303],[174.7978,-36.8301],[174.7974,-36.8301],[174.7974,-36.8302],[174.7977,-36.8303]]]}},{"type":"Feature","properties":{},"geometry":{"type":"Polygon","coordinates":[[[174.7974,-36.8302],[174.7973,-36.8303],[174.7977,-36.8305],[174.7978,-36.8304],[174.7974,-36.8302]]]}},{"type":"Feature","properties":{},"geometry":{"type":"Polygon","coordinates":[[[174.798,-36.8292],[174.7983,-36.8292],[174.7983,-36.829],[174.7979,-36.829],[174.798,-36.8292]]]}},{"type":"Feature","properties":{},"geometry":{"type":"Polygon","coordinates":[[[174.7787,-36.7974],[174.7785,-36.7975],[174.7787,-36.7977],[174.7789,-36.7974],[174.7788,-36.7973],[174.7787,-36.7974]]]}},{"type":"Feature","properties":{},"geometry":{"type":"Polygon","coordinates":[[[174.7686,-36.7877],[174.7687,-36.7879],[174.7691,-36.7877],[174.7689,-36.7876],[174.7686,-36.7877]]]}},{"type":"Feature","properties":{},"geometry":{"type":"Polygon","coordinates":[[[174.768,-36.7878],[174.7683,-36.7877],[174.7676,-36.7868],[174.7673,-36.787],[174.768,-36.7878]]]}},{"type":"Feature","properties":{},"geometry":{"type":"Polygon","coordinates":[[[174.7744,-36.7826],[174.7743,-36.7828],[174.7746,-36.7829],[174.7746,-36.7827],[174.7744,-36.7826]]]}},{"type":"Feature","properties":{},"geometry":{"type":"Polygon","coordinates":[[[174.7742,-36.7917],[174.7738,-36.7919],[174.7743,-36.7925],[174.7747,-36.7922],[174.7742,-36.7917]]]}},{"type":"Feature","properties":{},"geometry":{"type":"Polygon","coordinates":[[[174.7732,-36.7888],[174.7729,-36.7887],[174.7728,-36.789],[174.7729,-36.789],[174.7732,-36.7889],[174.7732,-36.7888]]]}},{"type":"Feature","properties":{},"geometry":{"type":"Polygon","coordinates":[[[174.7663,-36.7553],[174.7652,-36.7543],[174.7644,-36.755],[174.7644,-36.7554],[174.7646,-36.7557],[174.765,-36.7561],[174.7658,-36.7564],[174.7661,-36.7562],[174.767,-36.7569],[174.7675,-36.7566],[174.7663,-36.7553]]]}},{"type":"Feature","properties":{},"geometry":{"type":"Polygon","coordinates":[[[174.6968,-36.7265],[174.6971,-36.7264],[174.6966,-36.7261],[174.6966,-36.7262],[174.6968,-36.7265]]]}},{"type":"Feature","properties":{},"geometry":{"type":"Polygon","coordinates":[[[174.6968,-36.7265],[174.6972,-36.7274],[174.6977,-36.7272],[174.6977,-36.7269],[174.6971,-36.7264],[174.6968,-36.7265]]]}},{"type":"Feature","properties":{},"geometry":{"type":"Polygon","coordinates":[[[174.708,-36.7419],[174.708,-36.7421],[174.7082,-36.7423],[174.7083,-36.7421],[174.7081,-36.7419],[174.708,-36.7419]]]}},{"type":"Feature","properties":{},"geometry":{"type":"Polygon","coordinates":[[[174.7226,-36.776],[174.7225,-36.7756],[174.7218,-36.7748],[174.7217,-36.7749],[174.7218,-36.7752],[174.7223,-36.7758],[174.7226,-36.776]]]}},{"type":"Feature","properties":{},"geometry":{"type":"Polygon","coordinates":[[[174.7561,-36.7535],[174.756,-36.7534],[174.7558,-36.7533],[174.7556,-36.7534],[174.7555,-36.7536],[174.7556,-36.7537],[174.7558,-36.7538],[174.756,-36.7537],[174.7561,-36.7535]]]}},{"type":"Feature","properties":{},"geometry":{"type":"Polygon","coordinates":[[[174.798,-36.8287],[174.798,-36.829],[174.7983,-36.829],[174.7983,-36.8287],[174.798,-36.8287]]]}},{"type":"Feature","properties":{},"geometry":{"type":"Polygon","coordinates":[[[174.8039,-36.8168],[174.8041,-36.817],[174.8044,-36.8168],[174.8043,-36.8167],[174.8039,-36.8168]]]}},{"type":"Feature","properties":{},"geometry":{"type":"Polygon","coordinates":[[[174.7883,-36.8281],[174.788,-36.828],[174.7879,-36.8282],[174.7883,-36.8283],[174.7883,-36.8281]]]}},{"type":"Feature","properties":{},"geometry":{"type":"Polygon","coordinates":[[[174.7836,-36.8121],[174.7837,-36.8123],[174.7843,-36.8121],[174.7841,-36.8119],[174.7836,-36.8121]]]}},{"type":"Feature","properties":{},"geometry":{"type":"Polygon","coordinates":[[[174.7722,-36.8161],[174.7723,-36.8166],[174.7725,-36.8165],[174.7724,-36.8161],[174.7722,-36.8161]]]}},{"type":"Feature","properties":{},"geometry":{"type":"Polygon","coordinates":[[[174.7986,-36.8277],[174.799,-36.8277],[174.799,-36.8275],[174.7987,-36.8275],[174.7986,-36.8277]]]}},{"type":"Feature","properties":{},"geometry":{"type":"Polygon","coordinates":[[[174.8074,-36.8222],[174.8076,-36.8224],[174.808,-36.8221],[174.8078,-36.822],[174.8074,-36.8222]]]}},{"type":"Feature","properties":{},"geometry":{"type":"Polygon","coordinates":[[[174.8067,-36.8224],[174.807,-36.8227],[174.8072,-36.8226],[174.8069,-36.8223],[174.8067,-36.8224]]]}},{"type":"Feature","properties":{},"geometry":{"type":"Polygon","coordinates":[[[174.7716,-36.8158],[174.7717,-36.8162],[174.772,-36.8162],[174.7718,-36.8157],[174.7716,-36.8158]]]}},{"type":"Feature","properties":{},"geometry":{"type":"Polygon","coordinates":[[[174.7452,-36.8169],[174.7448,-36.8169],[174.7447,-36.817],[174.7448,-36.8171],[174.7453,-36.8171],[174.7453,-36.817],[174.7452,-36.8169]]]}},{"type":"Feature","properties":{},"geometry":{"type":"Polygon","coordinates":[[[174.7422,-36.8025],[174.7421,-36.8024],[174.742,-36.8028],[174.7422,-36.8029],[174.7424,-36.8025],[174.7422,-36.8025]]]}},{"type":"Feature","properties":{},"geometry":{"type":"Polygon","coordinates":[[[174.7735,-36.782],[174.7732,-36.7819],[174.7729,-36.7824],[174.7732,-36.7825],[174.7735,-36.782]]]}},{"type":"Feature","properties":{},"geometry":{"type":"Polygon","coordinates":[[[174.7848,-36.8279],[174.7846,-36.8284],[174.7847,-36.8285],[174.785,-36.828],[174.7848,-36.8279]]]}},{"type":"Feature","properties":{},"geometry":{"type":"Polygon","coordinates":[[[174.7854,-36.828],[174.7858,-36.8281],[174.7859,-36.8277],[174.7856,-36.8276],[174.7854,-36.828]]]}},{"type":"Feature","properties":{},"geometry":{"type":"Polygon","coordinates":[[[174.799,-36.8297],[174.799,-36.8299],[174.7997,-36.8299],[174.7997,-36.8297],[174.799,-36.8297]]]}},{"type":"Feature","properties":{},"geometry":{"type":"Polygon","coordinates":[[[174.7704,-36.8149],[174.7705,-36.8153],[174.7708,-36.8153],[174.7706,-36.8148],[174.7704,-36.8149]]]}},{"type":"Feature","properties":{},"geometry":{"type":"Polygon","coordinates":[[[174.798,-36.8229],[174.7979,-36.8225],[174.7976,-36.8226],[174.7978,-36.8229],[174.798,-36.8229]]]}},{"type":"Feature","properties":{},"geometry":{"type":"Polygon","coordinates":[[[174.7426,-36.8114],[174.7419,-36.8114],[174.7424,-36.8118],[174.7425,-36.8117],[174.7428,-36.8117],[174.7428,-36.8114],[174.7426,-36.8114]]]}},{"type":"Feature","properties":{},"geometry":{"type":"Polygon","coordinates":[[[174.7401,-36.8105],[174.7401,-36.8102],[174.7397,-36.8101],[174.7397,-36.8105],[174.7401,-36.8105]]]}},{"type":"Feature","properties":{},"geometry":{"type":"Polygon","coordinates":[[[174.7438,-36.8152],[174.7435,-36.8155],[174.7438,-36.8155],[174.744,-36.8152],[174.7438,-36.8152]]]}},{"type":"Feature","properties":{},"geometry":{"type":"Polygon","coordinates":[[[174.6896,-36.7904],[174.6898,-36.7908],[174.6899,-36.7907],[174.6899,-36.7903],[174.6896,-36.7904]]]}},{"type":"Feature","properties":{},"geometry":{"type":"Polygon","coordinates":[[[174.7373,-36.8208],[174.737,-36.8211],[174.7372,-36.8214],[174.7374,-36.8212],[174.7376,-36.8211],[174.7375,-36.821],[174.7373,-36.8208]]]}},{"type":"Feature","properties":{},"geometry":{"type":"Polygon","coordinates":[[[174.7347,-36.819],[174.7342,-36.8196],[174.7344,-36.8194],[174.7346,-36.8196],[174.7349,-36.8194],[174.735,-36.8194],[174.7346,-36.8192],[174.7347,-36.819]]]}},{"type":"Feature","properties":{},"geometry":{"type":"Polygon","coordinates":[[[174.762,-36.8541],[174.7613,-36.8547],[174.7611,-36.8545],[174.7609,-36.8546],[174.7611,-36.8548],[174.7605,-36.8553],[174.7603,-36.8551],[174.7602,-36.8552],[174.7605,-36.8554],[174.7602,-36.8557],[174.76,-36.8562],[174.7601,-36.8563],[174.7601,-36.8568],[174.7598,-36.8568],[174.7599,-36.8571],[174.7603,-36.8572],[174.7603,-36.857],[174.7607,-36.8571],[174.7609,-36.8567],[174.7606,-36.8565],[174.7608,-36.8559],[174.7613,-36.856],[174.7614,-36.8557],[174.7622,-36.8559],[174.7624,-36.8554],[174.762,-36.8553],[174.7624,-36.8543],[174.7628,-36.8543],[174.762,-36.854],[174.762,-36.8541]]]}},{"type":"Feature","properties":{},"geometry":{"type":"Polygon","coordinates":[[[174.7877,-36.7985],[174.787,-36.7989],[174.7867,-36.7988],[174.7859,-36.7991],[174.7863,-36.7999],[174.7875,-36.7996],[174.7874,-36.7993],[174.7875,-36.7992],[174.7874,-36.7991],[174.7881,-36.7989],[174.7877,-36.7985]]]}},{"type":"Feature","properties":{},"geometry":{"type":"Polygon","coordinates":[[[174.7634,-36.7727],[174.7637,-36.7729],[174.7639,-36.7727],[174.7638,-36.7724],[174.7636,-36.7725],[174.7634,-36.7727]]]}},{"type":"Feature","properties":{},"geometry":{"type":"Polygon","coordinates":[[[174.8009,-36.9261],[174.7959,-36.9267],[174.7951,-36.9266],[174.7951,-36.9267],[174.7952,-36.9273],[174.795,-36.9291],[174.7953,-36.9312],[174.798,-36.9311],[174.7996,-36.9294],[174.7995,-36.9288],[174.8014,-36.9286],[174.8009,-36.9261]]]}},{"type":"Feature","properties":{},"geometry":{"type":"Polygon","coordinates":[[[174.7364,-36.8509],[174.738,-36.8508],[174.7372,-36.8454],[174.7344,-36.8456],[174.7345,-36.846],[174.7343,-36.846],[174.735,-36.8506],[174.736,-36.8505],[174.7361,-36.851],[174.7364,-36.8509]]]}},{"type":"Feature","properties":{},"geometry":{"type":"Polygon","coordinates":[[[174.748,-36.8454],[174.7477,-36.8453],[174.7471,-36.8453],[174.7471,-36.8458],[174.7478,-36.8457],[174.748,-36.8454]]]}},{"type":"Feature","properties":{},"geometry":{"type":"Polygon","coordinates":[[[174.6498,-36.9354],[174.6502,-36.9355],[174.6502,-36.9353],[174.6498,-36.9352],[174.6498,-36.9354]]]}},{"type":"Feature","properties":{},"geometry":{"type":"Polygon","coordinates":[[[174.7659,-36.8508],[174.7661,-36.8509],[174.7661,-36.8507],[174.7656,-36.8506],[174.7655,-36.8507],[174.7659,-36.8508]]]}},{"type":"Feature","properties":{},"geometry":{"type":"Polygon","coordinates":[[[174.782,-36.9295],[174.7817,-36.9296],[174.7817,-36.9299],[174.7821,-36.9299],[174.782,-36.9295]]]}},{"type":"Feature","properties":{},"geometry":{"type":"Polygon","coordinates":[[[174.6865,-36.7327],[174.6858,-36.7333],[174.6858,-36.7335],[174.6859,-36.7335],[174.6873,-36.7333],[174.6874,-36.7329],[174.6865,-36.7327]]]}},{"type":"Feature","properties":{},"geometry":{"type":"Polygon","coordinates":[[[174.7815,-36.8938],[174.7815,-36.8931],[174.7808,-36.8932],[174.7808,-36.8935],[174.7806,-36.8936],[174.7806,-36.8938],[174.7815,-36.8938]]]}},{"type":"Feature","properties":{},"geometry":{"type":"Polygon","coordinates":[[[174.7772,-36.8677],[174.7771,-36.8677],[174.7769,-36.8682],[174.7772,-36.8682],[174.7773,-36.8677],[174.7772,-36.8677]]]}},{"type":"Feature","properties":{},"geometry":{"type":"Polygon","coordinates":[[[174.8096,-36.8292],[174.8097,-36.8292],[174.8096,-36.829],[174.8096,-36.8287],[174.8092,-36.8283],[174.8085,-36.8288],[174.8099,-36.8307],[174.8103,-36.8306],[174.8104,-36.8297],[174.8101,-36.8296],[174.8099,-36.8293],[174.8096,-36.8292]]]}},{"type":"Feature","properties":{},"geometry":{"type":"Polygon","coordinates":[[[174.7937,-36.8682],[174.794,-36.8683],[174.794,-36.868],[174.7937,-36.868],[174.7937,-36.8682]]]}},{"type":"Feature","properties":{},"geometry":{"type":"Polygon","coordinates":[[[174.7587,-36.9909],[174.7577,-36.9904],[174.7569,-36.9912],[174.7577,-36.9917],[174.758,-36.9917],[174.7587,-36.9909]]]}},{"type":"Feature","properties":{},"geometry":{"type":"Polygon","coordinates":[[[174.7953,-36.9769],[174.7953,-36.9762],[174.7948,-36.9761],[174.7945,-36.9767],[174.7953,-36.9769]]]}},{"type":"Feature","properties":{},"geometry":{"type":"Polygon","coordinates":[[[174.792,-36.9748],[174.7919,-36.975],[174.7932,-36.9754],[174.7934,-36.9752],[174.792,-36.9748]]]}},{"type":"Feature","properties":{},"geometry":{"type":"Polygon","coordinates":[[[174.764,-36.9876],[174.7625,-36.9868],[174.7618,-36.9876],[174.7633,-36.9884],[174.764,-36.9876]]]}},{"type":"Feature","properties":{},"geometry":{"type":"Polygon","coordinates":[[[174.8259,-36.9647],[174.8255,-36.9648],[174.8253,-36.9652],[174.8257,-36.9654],[174.8262,-36.9658],[174.827,-36.9651],[174.8266,-36.965],[174.8263,-36.9649],[174.8259,-36.9647]]]}},{"type":"Feature","properties":{},"geometry":{"type":"Polygon","coordinates":[[[174.723,-36.8185],[174.7224,-36.8179],[174.7218,-36.8169],[174.7212,-36.8164],[174.722,-36.8181],[174.7231,-36.8188],[174.7232,-36.8188],[174.723,-36.8185]]]}},{"type":"Feature","properties":{},"geometry":{"type":"Polygon","coordinates":[[[174.7319,-36.8172],[174.732,-36.8173],[174.7324,-36.8171],[174.7322,-36.817],[174.7319,-36.8171],[174.7319,-36.8172]]]}},{"type":"Feature","properties":{},"geometry":{"type":"Polygon","coordinates":[[[174.7769,-36.9121],[174.7768,-36.9118],[174.7765,-36.9119],[174.7765,-36.912],[174.7769,-36.9121]]]}},{"type":"Feature","properties":{},"geometry":{"type":"Polygon","coordinates":[[[174.7485,-36.8229],[174.7486,-36.8229],[174.7486,-36.8225],[174.7482,-36.8225],[174.7482,-36.8229],[174.7485,-36.8229]]]}},{"type":"Feature","properties":{},"geometry":{"type":"Polygon","coordinates":[[[174.7447,-36.8176],[174.7446,-36.8178],[174.7443,-36.8177],[174.7443,-36.8181],[174.7446,-36.8182],[174.7447,-36.8176]]]}},{"type":"Feature","properties":{},"geometry":{"type":"Polygon","coordinates":[[[174.7988,-36.8313],[174.7978,-36.831],[174.7977,-36.8312],[174.7979,-36.8312],[174.7979,-36.8315],[174.7988,-36.8313]]]}},{"type":"Feature","properties":{},"geometry":{"type":"Polygon","coordinates":[[[174.7969,-36.8325],[174.7976,-36.8328],[174.798,-36.8321],[174.7988,-36.8313],[174.7978,-36.831],[174.7969,-36.8325]]]}},{"type":"Feature","properties":{},"geometry":{"type":"Polygon","coordinates":[[[174.9212,-37.0883],[174.9215,-37.0885],[174.9219,-37.0887],[174.9221,-37.0887],[174.9224,-37.0887],[174.9226,-37.0885],[174.9224,-37.088],[174.9218,-37.0881],[174.9212,-37.0883]]]}},{"type":"Feature","properties":{},"geometry":{"type":"Polygon","coordinates":[[[174.9434,-37.0988],[174.9436,-37.0982],[174.9434,-37.098],[174.943,-37.0982],[174.943,-37.0984],[174.9434,-37.0988]]]}},{"type":"Feature","properties":{},"geometry":{"type":"Polygon","coordinates":[[[174.8179,-36.3614],[174.8185,-36.3615],[174.8187,-36.3613],[174.8186,-36.3611],[174.8182,-36.3611],[174.8179,-36.3614]]]}},{"type":"Feature","properties":{},"geometry":{"type":"Polygon","coordinates":[[[174.8144,-36.3767],[174.8148,-36.3769],[174.8153,-36.3769],[174.8158,-36.3766],[174.8159,-36.3763],[174.8157,-36.3761],[174.8153,-36.3761],[174.8149,-36.3764],[174.8147,-36.3764],[174.8144,-36.3767]]]}},{"type":"Feature","properties":{},"geometry":{"type":"Polygon","coordinates":[[[174.8307,-36.3685],[174.8304,-36.3683],[174.8302,-36.3684],[174.8301,-36.3688],[174.8305,-36.3688],[174.8306,-36.3687],[174.8307,-36.3685]]]}},{"type":"Feature","properties":{},"geometry":{"type":"Polygon","coordinates":[[[174.8151,-36.3651],[174.8145,-36.3647],[174.8139,-36.3648],[174.8134,-36.3652],[174.8134,-36.3655],[174.8139,-36.3658],[174.814,-36.3664],[174.8146,-36.3664],[174.8147,-36.3661],[174.8145,-36.3657],[174.8145,-36.3655],[174.815,-36.3655],[174.8151,-36.3651]]]}},{"type":"Feature","properties":{},"geometry":{"type":"Polygon","coordinates":[[[174.8168,-36.3638],[174.8178,-36.3645],[174.8187,-36.3645],[174.8185,-36.3634],[174.8168,-36.3636],[174.8168,-36.3638]]]}},{"type":"Feature","properties":{},"geometry":{"type":"Polygon","coordinates":[[[174.8287,-36.3698],[174.8289,-36.3696],[174.8289,-36.369],[174.8285,-36.369],[174.8283,-36.3692],[174.8283,-36.3696],[174.8287,-36.3698]]]}},{"type":"Feature","properties":{},"geometry":{"type":"Polygon","coordinates":[[[174.4649,-36.5478],[174.4649,-36.548],[174.4659,-36.548],[174.4658,-36.5478],[174.4649,-36.5478]]]}},{"type":"Feature","properties":{},"geometry":{"type":"Polygon","coordinates":[[[174.736,-36.5002],[174.7357,-36.5001],[174.7356,-36.5002],[174.7358,-36.5004],[174.7355,-36.5008],[174.7357,-36.5008],[174.7357,-36.501],[174.7358,-36.501],[174.7359,-36.5008],[174.7361,-36.5007],[174.7365,-36.5001],[174.7364,-36.4999],[174.736,-36.5002]]]}},{"type":"Feature","properties":{},"geometry":{"type":"Polygon","coordinates":[[[174.5672,-36.993],[174.567,-36.9941],[174.5681,-36.9943],[174.5682,-36.9931],[174.5672,-36.993]]]}},{"type":"Feature","properties":{},"geometry":{"type":"Polygon","coordinates":[[[174.5226,-36.8833],[174.5226,-36.8834],[174.5235,-36.8834],[174.5235,-36.8833],[174.5226,-36.8833]]]}},{"type":"Feature","properties":{},"geometry":{"type":"Polygon","coordinates":[[[174.6333,-36.876],[174.6333,-36.8757],[174.6329,-36.8757],[174.6323,-36.8762],[174.6322,-36.8761],[174.632,-36.8763],[174.6321,-36.8766],[174.6322,-36.877],[174.6324,-36.877],[174.6333,-36.876]]]}},{"type":"Feature","properties":{},"geometry":{"type":"Polygon","coordinates":[[[174.492,-37.012],[174.4923,-37.0119],[174.493,-37.0119],[174.4935,-37.0121],[174.4938,-37.0117],[174.4934,-37.0115],[174.4921,-37.0112],[174.4918,-37.0114],[174.4917,-37.0117],[174.492,-37.012]]]}},{"type":"Feature","properties":{},"geometry":{"type":"Polygon","coordinates":[[[174.481,-37.0034],[174.4812,-37.0033],[174.481,-37.0028],[174.4807,-37.0029],[174.481,-37.0034]]]}},{"type":"Feature","properties":{},"geometry":{"type":"Polygon","coordinates":[[[174.4814,-37.0035],[174.4811,-37.0032],[174.4808,-37.0034],[174.4809,-37.0036],[174.4812,-37.0036],[174.4814,-37.0035]]]}},{"type":"Feature","properties":{},"geometry":{"type":"Polygon","coordinates":[[[174.5184,-37.0289],[174.5179,-37.0284],[174.5171,-37.0288],[174.5161,-37.03],[174.5166,-37.0302],[174.5171,-37.0302],[174.5172,-37.0296],[174.5184,-37.0289]]]}},{"type":"Feature","properties":{},"geometry":{"type":"Polygon","coordinates":[[[174.543,-36.9098],[174.5439,-36.9089],[174.5415,-36.9073],[174.5411,-36.9083],[174.5411,-36.9091],[174.5412,-36.9094],[174.5418,-36.9097],[174.5425,-36.9098],[174.5428,-36.91],[174.543,-36.9098]]]}},{"type":"Feature","properties":{},"geometry":{"type":"Polygon","coordinates":[[[174.5438,-36.9104],[174.544,-36.9103],[174.544,-36.9102],[174.544,-36.9101],[174.5438,-36.9101],[174.5436,-36.9101],[174.5436,-36.9102],[174.5437,-36.9104],[174.5438,-36.9104]]]}},{"type":"Feature","properties":{},"geometry":{"type":"Polygon","coordinates":[[[174.5964,-37.0033],[174.5959,-37.0034],[174.596,-37.0038],[174.5966,-37.0036],[174.5965,-37.0033],[174.5964,-37.0033]]]}},{"type":"Feature","properties":{},"geometry":{"type":"Polygon","coordinates":[[[174.8154,-36.602],[174.8155,-36.6023],[174.8158,-36.6023],[174.8161,-36.6023],[174.8164,-36.6023],[174.8165,-36.6018],[174.8161,-36.6018],[174.8156,-36.6019],[174.8154,-36.602]]]}},{"type":"Feature","properties":{},"geometry":{"type":"Polygon","coordinates":[[[174.7098,-36.5411],[174.7103,-36.5413],[174.7107,-36.5416],[174.7114,-36.5416],[174.7114,-36.5415],[174.7114,-36.5414],[174.7114,-36.5411],[174.7113,-36.5408],[174.7113,-36.5404],[174.7112,-36.5403],[174.7104,-36.5408],[174.7098,-36.5409],[174.7098,-36.5411]]]}},{"type":"Feature","properties":{},"geometry":{"type":"Polygon","coordinates":[[[174.9,-37.1982],[174.9,-37.1984],[174.9003,-37.1983],[174.9003,-37.1981],[174.9,-37.1982]]]}},{"type":"Feature","properties":{},"geometry":{"type":"Polygon","coordinates":[[[174.8996,-37.1966],[174.8995,-37.1966],[174.8995,-37.1968],[174.9,-37.1967],[174.9,-37.1966],[174.8996,-37.1966]]]}},{"type":"Feature","properties":{},"geometry":{"type":"Polygon","coordinates":[[[174.7802,-36.8968],[174.7797,-36.8966],[174.7792,-36.8973],[174.7798,-36.8975],[174.7802,-36.8968]]]}},{"type":"Feature","properties":{},"geometry":{"type":"Polygon","coordinates":[[[174.7839,-36.8977],[174.7842,-36.8976],[174.784,-36.8973],[174.7837,-36.8974],[174.7839,-36.8977]]]}},{"type":"Feature","properties":{},"geometry":{"type":"Polygon","coordinates":[[[174.7841,-36.8979],[174.7843,-36.8977],[174.7838,-36.8973],[174.7835,-36.8974],[174.7834,-36.8975],[174.7834,-36.8978],[174.7834,-36.8981],[174.7838,-36.8981],[174.7841,-36.8979]]]}},{"type":"Feature","properties":{},"geometry":{"type":"Polygon","coordinates":[[[174.739,-37.2273],[174.7389,-37.2273],[174.739,-37.2277],[174.7393,-37.2278],[174.7393,-37.2273],[174.739,-37.2273]]]}},{"type":"Feature","properties":{},"geometry":{"type":"Polygon","coordinates":[[[175.1227,-37.1204],[175.1225,-37.1204],[175.1227,-37.1213],[175.1231,-37.1218],[175.1236,-37.1217],[175.1259,-37.1218],[175.1254,-37.1216],[175.1249,-37.1205],[175.1242,-37.1199],[175.1227,-37.1204]]]}},{"type":"Feature","properties":{},"geometry":{"type":"Polygon","coordinates":[[[174.6554,-37.093],[174.6546,-37.0921],[174.6527,-37.0927],[174.6538,-37.0944],[174.6561,-37.0935],[174.6562,-37.0934],[174.6565,-37.0933],[174.6565,-37.093],[174.6564,-37.093],[174.6554,-37.093]]]}},{"type":"Feature","properties":{},"geometry":{"type":"Polygon","coordinates":[[[174.9038,-37.2021],[174.9037,-37.2021],[174.9036,-37.2029],[174.904,-37.203],[174.904,-37.2028],[174.9042,-37.2028],[174.9042,-37.2021],[174.9038,-37.2021]]]}},{"type":"Feature","properties":{},"geometry":{"type":"Polygon","coordinates":[[[174.9988,-37.0363],[174.9993,-37.0369],[174.9997,-37.0367],[174.9992,-37.0361],[174.9988,-37.0363]]]}},{"type":"Feature","properties":{},"geometry":{"type":"Polygon","coordinates":[[[174.745,-36.8716],[174.7446,-36.8717],[174.7447,-36.872],[174.7451,-36.8719],[174.745,-36.8716]]]}},{"type":"Feature","properties":{},"geometry":{"type":"Polygon","coordinates":[[[174.7483,-36.8453],[174.7479,-36.8459],[174.7487,-36.846],[174.7488,-36.8454],[174.7483,-36.8453]]]}},{"type":"Feature","properties":{},"geometry":{"type":"Polygon","coordinates":[[[174.7694,-36.8465],[174.7691,-36.8466],[174.7692,-36.8469],[174.7697,-36.8468],[174.7695,-36.8465],[174.7694,-36.8465]]]}},{"type":"Feature","properties":{},"geometry":{"type":"Polygon","coordinates":[[[174.6772,-36.9153],[174.677,-36.9154],[174.6772,-36.9156],[174.6774,-36.9155],[174.6772,-36.9153]]]}},{"type":"Feature","properties":{},"geometry":{"type":"Polygon","coordinates":[[[174.7989,-36.8264],[174.7992,-36.8265],[174.7993,-36.8263],[174.7992,-36.8262],[174.7988,-36.8262],[174.7987,-36.8263],[174.7989,-36.8264]]]}},{"type":"Feature","properties":{},"geometry":{"type":"Polygon","coordinates":[[[174.4335,-36.6635],[174.433,-36.6635],[174.433,-36.6642],[174.4335,-36.6642],[174.4335,-36.6635]]]}},{"type":"Feature","properties":{},"geometry":{"type":"Polygon","coordinates":[[[174.4331,-36.6608],[174.4325,-36.6616],[174.433,-36.6616],[174.4336,-36.6612],[174.4331,-36.6608]]]}},{"type":"Feature","properties":{},"geometry":{"type":"Polygon","coordinates":[[[174.4252,-36.6635],[174.4244,-36.6639],[174.4235,-36.6639],[174.4235,-36.6672],[174.4245,-36.6667],[174.4255,-36.6661],[174.4252,-36.6635]]]}},{"type":"Feature","properties":{},"geometry":{"type":"Polygon","coordinates":[[[174.598,-36.7592],[174.5976,-36.7591],[174.5975,-36.7595],[174.5979,-36.7595],[174.598,-36.7592]]]}},{"type":"Feature","properties":{},"geometry":{"type":"Polygon","coordinates":[[[174.6562,-36.444],[174.6562,-36.4427],[174.6559,-36.4415],[174.6558,-36.4409],[174.6556,-36.4407],[174.6555,-36.4409],[174.655,-36.441],[174.6543,-36.4412],[174.6542,-36.4411],[174.6539,-36.4419],[174.6549,-36.4432],[174.656,-36.444],[174.6562,-36.444]]]}},{"type":"Feature","properties":{},"geometry":{"type":"Polygon","coordinates":[[[174.7734,-36.4426],[174.7732,-36.4426],[174.7732,-36.4431],[174.7738,-36.4431],[174.7738,-36.4424],[174.7734,-36.4426]]]}},{"type":"Feature","properties":{},"geometry":{"type":"Polygon","coordinates":[[[174.7319,-36.4586],[174.7313,-36.4589],[174.7312,-36.459],[174.7314,-36.4591],[174.7321,-36.459],[174.7326,-36.4585],[174.7326,-36.4582],[174.7319,-36.4586]]]}},{"type":"Feature","properties":{},"geometry":{"type":"Polygon","coordinates":[[[174.7808,-36.7991],[174.7807,-36.799],[174.7806,-36.7992],[174.781,-36.7994],[174.7811,-36.7992],[174.7808,-36.7991]]]}},{"type":"Feature","properties":{},"geometry":{"type":"Polygon","coordinates":[[[174.7675,-36.7752],[174.7674,-36.7752],[174.7673,-36.7753],[174.7679,-36.7755],[174.7679,-36.7753],[174.7675,-36.7752]]]}},{"type":"Feature","properties":{},"geometry":{"type":"Polygon","coordinates":[[[174.9449,-36.8933],[174.9448,-36.8933],[174.9447,-36.8935],[174.9441,-36.8933],[174.944,-36.8934],[174.9442,-36.8935],[174.9448,-36.8935],[174.9449,-36.8935],[174.9449,-36.8933]]]}},{"type":"Feature","properties":{},"geometry":{"type":"Polygon","coordinates":[[[174.9408,-36.8925],[174.941,-36.8924],[174.9409,-36.8921],[174.9406,-36.8922],[174.9408,-36.8925]]]}},{"type":"Feature","properties":{},"geometry":{"type":"Polygon","coordinates":[[[174.9434,-36.8934],[174.9436,-36.8931],[174.9412,-36.8923],[174.941,-36.8926],[174.9434,-36.8934]]]}},{"type":"Feature","properties":{},"geometry":{"type":"Polygon","coordinates":[[[174.7806,-36.9445],[174.7804,-36.9446],[174.7803,-36.9443],[174.7805,-36.9451],[174.7809,-36.9451],[174.7806,-36.9442],[174.7807,-36.9445],[174.7806,-36.9445]]]}},{"type":"Feature","properties":{},"geometry":{"type":"Polygon","coordinates":[[[174.7615,-36.8656],[174.7613,-36.8657],[174.7615,-36.866],[174.7617,-36.8657],[174.7615,-36.8656]]]}},{"type":"Feature","properties":{},"geometry":{"type":"Polygon","coordinates":[[[174.7449,-36.8466],[174.7446,-36.8464],[174.7442,-36.8467],[174.7445,-36.8469],[174.7449,-36.8466]]]}},{"type":"Feature","properties":{},"geometry":{"type":"Polygon","coordinates":[[[174.4315,-36.6599],[174.4317,-36.66],[174.4319,-36.6598],[174.4318,-36.6597],[174.4315,-36.6599]]]}},{"type":"Feature","properties":{},"geometry":{"type":"Polygon","coordinates":[[[174.4515,-36.664],[174.4512,-36.664],[174.451,-36.6641],[174.4511,-36.6643],[174.4513,-36.6644],[174.4516,-36.6644],[174.4516,-36.6642],[174.4515,-36.664]]]}},{"type":"Feature","properties":{},"geometry":{"type":"Polygon","coordinates":[[[174.448,-36.6804],[174.4476,-36.6803],[174.4475,-36.681],[174.4478,-36.681],[174.4479,-36.6809],[174.448,-36.6804]]]}},{"type":"Feature","properties":{},"geometry":{"type":"Polygon","coordinates":[[[174.4531,-36.6743],[174.4527,-36.6744],[174.4529,-36.6747],[174.4532,-36.6745],[174.4531,-36.6743]]]}},{"type":"Feature","properties":{},"geometry":{"type":"Polygon","coordinates":[[[174.4514,-36.68],[174.4512,-36.6799],[174.4511,-36.6803],[174.4514,-36.6803],[174.4514,-36.68]]]}},{"type":"Feature","properties":{},"geometry":{"type":"Polygon","coordinates":[[[174.4521,-36.6755],[174.452,-36.6756],[174.4519,-36.676],[174.452,-36.6761],[174.4523,-36.6757],[174.4521,-36.6755]]]}},{"type":"Feature","properties":{},"geometry":{"type":"Polygon","coordinates":[[[174.7829,-36.8551],[174.7817,-36.8551],[174.7818,-36.8554],[174.7829,-36.8553],[174.7829,-36.8551]]]}},{"type":"Feature","properties":{},"geometry":{"type":"Polygon","coordinates":[[[174.7402,-36.8449],[174.7401,-36.8446],[174.7398,-36.8446],[174.7399,-36.8449],[174.7402,-36.8449]]]}},{"type":"Feature","properties":{},"geometry":{"type":"Polygon","coordinates":[[[174.7628,-36.8583],[174.763,-36.8585],[174.7633,-36.8587],[174.7634,-36.8586],[174.7633,-36.8584],[174.7628,-36.8583]]]}},{"type":"Feature","properties":{},"geometry":{"type":"Polygon","coordinates":[[[174.7695,-36.8519],[174.7696,-36.8517],[174.7694,-36.8516],[174.7693,-36.8519],[174.7695,-36.8519]]]}},{"type":"Feature","properties":{},"geometry":{"type":"Polygon","coordinates":[[[174.7637,-36.8467],[174.7639,-36.8463],[174.763,-36.846],[174.7629,-36.8462],[174.7626,-36.8462],[174.7626,-36.8464],[174.7637,-36.8467]]]}},{"type":"Feature","properties":{},"geometry":{"type":"Polygon","coordinates":[[[174.7623,-36.7909],[174.7616,-36.791],[174.7615,-36.7912],[174.7617,-36.7916],[174.7621,-36.7917],[174.7624,-36.791],[174.7623,-36.7909]]]}},{"type":"Feature","properties":{},"geometry":{"type":"Polygon","coordinates":[[[174.7861,-36.9236],[174.7856,-36.9237],[174.7856,-36.9238],[174.7862,-36.9238],[174.7861,-36.9236]]]}},{"type":"Feature","properties":{},"geometry":{"type":"Polygon","coordinates":[[[174.7597,-36.8489],[174.7594,-36.8493],[174.7598,-36.8495],[174.7601,-36.849],[174.7597,-36.8489]]]}},{"type":"Feature","properties":{},"geometry":{"type":"Polygon","coordinates":[[[174.7494,-36.8215],[174.7487,-36.8215],[174.7488,-36.8217],[174.7497,-36.8216],[174.7496,-36.8214],[174.7494,-36.8215]]]}},{"type":"Feature","properties":{},"geometry":{"type":"Polygon","coordinates":[[[174.7481,-36.8261],[174.7479,-36.8261],[174.7478,-36.8263],[174.7483,-36.8264],[174.7483,-36.8261],[174.7481,-36.8261]]]}},{"type":"Feature","properties":{},"geometry":{"type":"Polygon","coordinates":[[[174.7483,-36.8249],[174.748,-36.8248],[174.748,-36.825],[174.7484,-36.8251],[174.7485,-36.8249],[174.7483,-36.8249]]]}},{"type":"Feature","properties":{},"geometry":{"type":"Polygon","coordinates":[[[174.7478,-36.8239],[174.7473,-36.8239],[174.7474,-36.8241],[174.7479,-36.8241],[174.7478,-36.8239]]]}},{"type":"Feature","properties":{},"geometry":{"type":"Polygon","coordinates":[[[174.7472,-36.8192],[174.7468,-36.8194],[174.7469,-36.8195],[174.7473,-36.8193],[174.7472,-36.8192]]]}},{"type":"Feature","properties":{},"geometry":{"type":"Polygon","coordinates":[[[175.0338,-36.9952],[175.0336,-36.9936],[175.0341,-36.9924],[175.0329,-36.9922],[175.0315,-36.992],[175.031,-36.9922],[175.0309,-36.993],[175.0312,-36.994],[175.0312,-36.9953],[175.0338,-36.9952]]]}},{"type":"Feature","properties":{},"geometry":{"type":"Polygon","coordinates":[[[174.6498,-36.9354],[174.6497,-36.9355],[174.6501,-36.9357],[174.6502,-36.9355],[174.6498,-36.9354]]]}},{"type":"Feature","properties":{},"geometry":{"type":"Polygon","coordinates":[[[174.7567,-36.3153],[174.7567,-36.3155],[174.7572,-36.3155],[174.7572,-36.3153],[174.7569,-36.3151],[174.7567,-36.3153]]]}},{"type":"Feature","properties":{},"geometry":{"type":"Polygon","coordinates":[[[174.6555,-36.7699],[174.6553,-36.77],[174.6554,-36.7701],[174.6554,-36.7702],[174.6559,-36.7703],[174.6559,-36.7702],[174.6555,-36.7699]]]}},{"type":"Feature","properties":{},"geometry":{"type":"Polygon","coordinates":[[[174.8035,-36.8304],[174.8037,-36.8307],[174.8039,-36.8306],[174.8036,-36.8302],[174.8035,-36.8304]]]}},{"type":"Feature","properties":{},"geometry":{"type":"Polygon","coordinates":[[[174.8063,-36.8544],[174.8058,-36.854],[174.8057,-36.8537],[174.8057,-36.8535],[174.8051,-36.8535],[174.8051,-36.8538],[174.8055,-36.8544],[174.8057,-36.8546],[174.806,-36.8547],[174.8063,-36.8544]]]}},{"type":"Feature","properties":{},"geometry":{"type":"Polygon","coordinates":[[[174.7963,-37.1038],[174.7957,-37.1053],[174.7969,-37.1058],[174.7979,-37.1047],[174.7963,-37.1038]]]}},{"type":"Feature","properties":{},"geometry":{"type":"Polygon","coordinates":[[[174.7342,-37.2477],[174.7346,-37.2473],[174.7344,-37.2472],[174.7342,-37.2468],[174.7337,-37.2469],[174.734,-37.2479],[174.7342,-37.2477]]]}},{"type":"Feature","properties":{},"geometry":{"type":"Polygon","coordinates":[[[174.6423,-36.8405],[174.6422,-36.8405],[174.6425,-36.8406],[174.6428,-36.8402],[174.6425,-36.8401],[174.6423,-36.8405]]]}},{"type":"Feature","properties":{},"geometry":{"type":"Polygon","coordinates":[[[174.7633,-36.8467],[174.7632,-36.847],[174.7635,-36.8471],[174.7636,-36.8468],[174.7633,-36.8467]]]}},{"type":"Feature","properties":{},"geometry":{"type":"Polygon","coordinates":[[[174.7692,-36.8496],[174.7693,-36.8493],[174.7688,-36.8491],[174.7686,-36.8495],[174.7692,-36.8496]]]}},{"type":"Feature","properties":{},"geometry":{"type":"Polygon","coordinates":[[[174.7664,-36.843],[174.7673,-36.8432],[174.7674,-36.843],[174.7665,-36.8428],[174.7664,-36.843]]]}},{"type":"Feature","properties":{},"geometry":{"type":"Polygon","coordinates":[[[174.7671,-36.8452],[174.7666,-36.845],[174.7665,-36.8452],[174.7672,-36.8454],[174.7674,-36.845],[174.7671,-36.8449],[174.7671,-36.8452]]]}},{"type":"Feature","properties":{},"geometry":{"type":"Polygon","coordinates":[[[174.764,-36.8514],[174.7641,-36.8514],[174.7643,-36.8509],[174.7637,-36.8507],[174.7634,-36.8511],[174.7636,-36.8514],[174.7638,-36.8513],[174.764,-36.8514]]]}},{"type":"Feature","properties":{},"geometry":{"type":"Polygon","coordinates":[[[174.7638,-36.8513],[174.7637,-36.8515],[174.764,-36.8516],[174.7641,-36.8514],[174.7638,-36.8513]]]}},{"type":"Feature","properties":{},"geometry":{"type":"Polygon","coordinates":[[[174.6573,-36.8418],[174.6573,-36.8422],[174.6576,-36.8421],[174.6579,-36.8419],[174.6573,-36.8418]]]}},{"type":"Feature","properties":{},"geometry":{"type":"Polygon","coordinates":[[[174.9293,-36.8825],[174.9294,-36.8824],[174.9294,-36.882],[174.9292,-36.882],[174.9291,-36.8824],[174.9293,-36.8825]]]}},{"type":"Feature","properties":{},"geometry":{"type":"Polygon","coordinates":[[[174.9506,-36.8997],[174.9505,-36.899],[174.9501,-36.8991],[174.9498,-36.8993],[174.9502,-36.8998],[174.9506,-36.8997]]]}},{"type":"Feature","properties":{},"geometry":{"type":"Polygon","coordinates":[[[174.9524,-36.9014],[174.952,-36.9013],[174.9516,-36.9017],[174.9521,-36.9018],[174.9524,-36.9014]]]}},{"type":"Feature","properties":{},"geometry":{"type":"Polygon","coordinates":[[[174.9025,-36.9068],[174.9024,-36.907],[174.9022,-36.9081],[174.9023,-36.9082],[174.9036,-36.9083],[174.9039,-36.9077],[174.9043,-36.9075],[174.9045,-36.9072],[174.9044,-36.9071],[174.9036,-36.9071],[174.9033,-36.9066],[174.9029,-36.9065],[174.9025,-36.9065],[174.9025,-36.9068]]]}},{"type":"Feature","properties":{},"geometry":{"type":"Polygon","coordinates":[[[174.903,-36.8968],[174.9028,-36.8969],[174.9028,-36.897],[174.903,-36.8971],[174.9033,-36.8969],[174.9033,-36.8968],[174.9031,-36.8969],[174.903,-36.8968]]]}},{"type":"Feature","properties":{},"geometry":{"type":"Polygon","coordinates":[[[174.894,-36.8974],[174.8937,-36.8973],[174.8936,-36.8976],[174.8939,-36.8977],[174.894,-36.8974]]]}},{"type":"Feature","properties":{},"geometry":{"type":"Polygon","coordinates":[[[174.8985,-36.9005],[174.8981,-36.9007],[174.8984,-36.901],[174.8988,-36.9008],[174.8985,-36.9005]]]}},{"type":"Feature","properties":{},"geometry":{"type":"Polygon","coordinates":[[[174.7672,-36.8438],[174.7671,-36.8438],[174.767,-36.8442],[174.7679,-36.8445],[174.7681,-36.844],[174.7672,-36.8438]]]}},{"type":"Feature","properties":{},"geometry":{"type":"Polygon","coordinates":[[[174.7906,-36.9544],[174.7899,-36.9542],[174.79,-36.9546],[174.7903,-36.9546],[174.7902,-36.9547],[174.7906,-36.9548],[174.7908,-36.9544],[174.7906,-36.9544]]]}},{"type":"Feature","properties":{},"geometry":{"type":"Polygon","coordinates":[[[174.7773,-36.9415],[174.777,-36.9413],[174.7769,-36.9415],[174.777,-36.9415],[174.777,-36.9416],[174.7769,-36.9417],[174.7771,-36.9418],[174.7773,-36.9415]]]}},{"type":"Feature","properties":{},"geometry":{"type":"Polygon","coordinates":[[[174.8306,-36.9622],[174.8304,-36.9624],[174.8313,-36.9628],[174.8313,-36.9625],[174.8306,-36.9622]]]}},{"type":"Feature","properties":{},"geometry":{"type":"Polygon","coordinates":[[[174.7047,-36.9014],[174.7042,-36.9013],[174.7042,-36.9021],[174.7048,-36.9021],[174.7047,-36.9015],[174.7047,-36.9014]]]}},{"type":"Feature","properties":{},"geometry":{"type":"Polygon","coordinates":[[[174.7722,-36.8708],[174.772,-36.8717],[174.7726,-36.8718],[174.7727,-36.8715],[174.7722,-36.8708]]]}},{"type":"Feature","properties":{},"geometry":{"type":"Polygon","coordinates":[[[174.7874,-36.8727],[174.7876,-36.873],[174.7878,-36.8729],[174.7877,-36.8726],[174.7874,-36.8727]]]}},{"type":"Feature","properties":{},"geometry":{"type":"Polygon","coordinates":[[[174.7708,-36.9461],[174.7709,-36.9459],[174.7713,-36.946],[174.7714,-36.9458],[174.7706,-36.9454],[174.7705,-36.9458],[174.7705,-36.946],[174.7708,-36.9461]]]}},{"type":"Feature","properties":{},"geometry":{"type":"Polygon","coordinates":[[[174.7813,-36.9422],[174.7809,-36.9423],[174.781,-36.9427],[174.7816,-36.9426],[174.7815,-36.9422],[174.7813,-36.9422]]]}},{"type":"Feature","properties":{},"geometry":{"type":"Polygon","coordinates":[[[174.7767,-36.9512],[174.7764,-36.9513],[174.7764,-36.9515],[174.7772,-36.9514],[174.7771,-36.9512],[174.7767,-36.9512]]]}},{"type":"Feature","properties":{},"geometry":{"type":"Polygon","coordinates":[[[174.7781,-36.9433],[174.7779,-36.9432],[174.7778,-36.9434],[174.7782,-36.9436],[174.7783,-36.9434],[174.7781,-36.9433]]]}},{"type":"Feature","properties":{},"geometry":{"type":"Polygon","coordinates":[[[174.7778,-36.9448],[174.7776,-36.945],[174.778,-36.9452],[174.7779,-36.9447],[174.7778,-36.9448]]]}},{"type":"Feature","properties":{},"geometry":{"type":"Polygon","coordinates":[[[174.7827,-36.943],[174.7825,-36.943],[174.7827,-36.9437],[174.783,-36.9436],[174.7828,-36.943],[174.7827,-36.943]]]}},{"type":"Feature","properties":{},"geometry":{"type":"Polygon","coordinates":[[[174.7868,-36.9528],[174.7865,-36.9527],[174.7864,-36.9529],[174.7867,-36.953],[174.7868,-36.9528]]]}},{"type":"Feature","properties":{},"geometry":{"type":"Polygon","coordinates":[[[174.6851,-36.9165],[174.6848,-36.9167],[174.6852,-36.917],[174.6853,-36.9169],[174.6851,-36.9165]]]}},{"type":"Feature","properties":{},"geometry":{"type":"Polygon","coordinates":[[[174.77,-36.9051],[174.7697,-36.9051],[174.7696,-36.9054],[174.77,-36.9054],[174.7701,-36.9052],[174.77,-36.9051]]]}},{"type":"Feature","properties":{},"geometry":{"type":"Polygon","coordinates":[[[174.8525,-36.9802],[174.8527,-36.9802],[174.8527,-36.9797],[174.8524,-36.9797],[174.8525,-36.9802]]]}},{"type":"Feature","properties":{},"geometry":{"type":"Polygon","coordinates":[[[174.8517,-36.9907],[174.8516,-36.9907],[174.8519,-36.9913],[174.8524,-36.9912],[174.8521,-36.9906],[174.8517,-36.9907]]]}},{"type":"Feature","properties":{},"geometry":{"type":"Polygon","coordinates":[[[174.8644,-36.9737],[174.8643,-36.9736],[174.8642,-36.9736],[174.8641,-36.9739],[174.8643,-36.974],[174.8644,-36.9738],[174.8644,-36.9737]]]}},{"type":"Feature","properties":{},"geometry":{"type":"Polygon","coordinates":[[[174.8598,-36.9671],[174.8594,-36.967],[174.8594,-36.9673],[174.8592,-36.9672],[174.8589,-36.9675],[174.8594,-36.9681],[174.8599,-36.9678],[174.8601,-36.9671],[174.8598,-36.9671]]]}},{"type":"Feature","properties":{},"geometry":{"type":"Polygon","coordinates":[[[174.8514,-36.9804],[174.8513,-36.9798],[174.8507,-36.98],[174.8511,-36.9805],[174.8514,-36.9804]]]}},{"type":"Feature","properties":{},"geometry":{"type":"Polygon","coordinates":[[[174.8554,-36.9808],[174.8548,-36.9809],[174.8549,-36.9812],[174.8555,-36.9812],[174.8555,-36.9808],[174.8554,-36.9808]]]}},{"type":"Feature","properties":{},"geometry":{"type":"Polygon","coordinates":[[[174.6539,-36.9091],[174.6535,-36.9096],[174.6539,-36.9096],[174.6539,-36.9092],[174.6539,-36.9091]]]}},{"type":"Feature","properties":{},"geometry":{"type":"Polygon","coordinates":[[[174.6763,-36.919],[174.6758,-36.9185],[174.6757,-36.9186],[174.6761,-36.9191],[174.6763,-36.919]]]}},{"type":"Feature","properties":{},"geometry":{"type":"Polygon","coordinates":[[[174.6775,-36.9184],[174.6774,-36.9185],[174.6776,-36.9187],[174.6778,-36.9186],[174.6775,-36.9184]]]}},{"type":"Feature","properties":{},"geometry":{"type":"Polygon","coordinates":[[[174.6823,-36.9141],[174.6821,-36.9145],[174.6826,-36.9147],[174.6829,-36.9142],[174.6823,-36.9141]]]}},{"type":"Feature","properties":{},"geometry":{"type":"Polygon","coordinates":[[[174.681,-36.9152],[174.6809,-36.9152],[174.6809,-36.9154],[174.6813,-36.9155],[174.6814,-36.9154],[174.681,-36.9152]]]}},{"type":"Feature","properties":{},"geometry":{"type":"Polygon","coordinates":[[[174.6813,-36.9145],[174.6812,-36.9146],[174.6819,-36.9149],[174.682,-36.9147],[174.6813,-36.9145]]]}},{"type":"Feature","properties":{},"geometry":{"type":"Polygon","coordinates":[[[174.7105,-36.8706],[174.7103,-36.8707],[174.7106,-36.871],[174.7107,-36.871],[174.7105,-36.8706]]]}},{"type":"Feature","properties":{},"geometry":{"type":"Polygon","coordinates":[[[174.845,-36.9502],[174.8451,-36.9497],[174.8447,-36.9502],[174.845,-36.9502]]]}},{"type":"Feature","properties":{},"geometry":{"type":"Polygon","coordinates":[[[174.7857,-36.8818],[174.786,-36.8817],[174.7851,-36.8808],[174.7849,-36.881],[174.7857,-36.8818]]]}},{"type":"Feature","properties":{},"geometry":{"type":"Polygon","coordinates":[[[174.7783,-36.8931],[174.7777,-36.893],[174.7756,-36.8931],[174.7754,-36.8932],[174.7783,-36.8931]]]}},{"type":"Feature","properties":{},"geometry":{"type":"Polygon","coordinates":[[[174.6649,-36.4046],[174.6648,-36.4048],[174.665,-36.4052],[174.6653,-36.4048],[174.6649,-36.4046]]]}},{"type":"Feature","properties":{},"geometry":{"type":"Polygon","coordinates":[[[174.6779,-36.6205],[174.6772,-36.6208],[174.6774,-36.621],[174.6775,-36.621],[174.6781,-36.6207],[174.6779,-36.6205]]]}},{"type":"Feature","properties":{},"geometry":{"type":"Polygon","coordinates":[[[174.4528,-36.6767],[174.453,-36.6767],[174.4533,-36.6767],[174.4532,-36.6762],[174.4531,-36.6761],[174.4528,-36.6763],[174.4528,-36.6767]]]}},{"type":"Feature","properties":{},"geometry":{"type":"Polygon","coordinates":[[[174.4497,-36.6805],[174.4492,-36.6804],[174.4493,-36.6807],[174.4496,-36.6808],[174.4497,-36.6805]]]}},{"type":"Feature","properties":{},"geometry":{"type":"Polygon","coordinates":[[[174.7339,-36.8623],[174.7335,-36.8623],[174.7334,-36.8628],[174.7335,-36.8629],[174.7339,-36.8627],[174.7339,-36.8626],[174.7339,-36.8623]]]}},{"type":"Feature","properties":{},"geometry":{"type":"Polygon","coordinates":[[[174.7596,-36.8497],[174.7596,-36.8496],[174.7594,-36.8496],[174.7593,-36.8499],[174.7595,-36.8499],[174.7596,-36.8497]]]}},{"type":"Feature","properties":{},"geometry":{"type":"Polygon","coordinates":[[[174.8447,-36.9503],[174.8445,-36.9506],[174.8449,-36.9506],[174.845,-36.9503],[174.8447,-36.9503]]]}},{"type":"Feature","properties":{},"geometry":{"type":"Polygon","coordinates":[[[174.759,-36.8728],[174.759,-36.873],[174.7598,-36.8732],[174.7599,-36.873],[174.759,-36.8728]]]}},{"type":"Feature","properties":{},"geometry":{"type":"Polygon","coordinates":[[[174.7525,-36.9088],[174.7527,-36.9086],[174.7525,-36.9085],[174.7526,-36.9084],[174.7524,-36.9083],[174.7523,-36.9088],[174.7525,-36.9088]]]}},{"type":"Feature","properties":{},"geometry":{"type":"Polygon","coordinates":[[[174.7678,-36.8454],[174.7681,-36.8455],[174.7683,-36.8452],[174.768,-36.8451],[174.7678,-36.8454]]]}},{"type":"Feature","properties":{},"geometry":{"type":"Polygon","coordinates":[[[174.4656,-36.9532],[174.4654,-36.9531],[174.4651,-36.9532],[174.4649,-36.9535],[174.4649,-36.9544],[174.465,-36.9545],[174.4653,-36.9545],[174.4651,-36.9546],[174.4652,-36.9549],[174.4663,-36.9545],[174.4668,-36.9542],[174.4671,-36.9543],[174.4675,-36.9539],[174.4676,-36.9535],[174.4674,-36.9534],[174.4669,-36.9532],[174.4656,-36.9532]]]}},{"type":"Feature","properties":{},"geometry":{"type":"Polygon","coordinates":[[[174.4747,-36.988],[174.4745,-36.9881],[174.4747,-36.9883],[174.4749,-36.9882],[174.4747,-36.988]]]}},{"type":"Feature","properties":{},"geometry":{"type":"Polygon","coordinates":[[[174.9914,-37.1867],[174.9905,-37.187],[174.9906,-37.1871],[174.9903,-37.1872],[174.9904,-37.1874],[174.9914,-37.1871],[174.9914,-37.1867]]]}},{"type":"Feature","properties":{},"geometry":{"type":"Polygon","coordinates":[[[174.8825,-37.0225],[174.8821,-37.0222],[174.8817,-37.0226],[174.882,-37.0228],[174.8819,-37.023],[174.882,-37.0231],[174.8821,-37.0229],[174.8825,-37.0231],[174.8828,-37.0226],[174.8825,-37.0225]]]}},{"type":"Feature","properties":{},"geometry":{"type":"Polygon","coordinates":[[[174.7823,-36.942],[174.7822,-36.9421],[174.7823,-36.9425],[174.7825,-36.9425],[174.7824,-36.942],[174.7823,-36.942]]]}},{"type":"Feature","properties":{},"geometry":{"type":"Polygon","coordinates":[[[174.8614,-37.0441],[174.8613,-37.0444],[174.8615,-37.0445],[174.8616,-37.0441],[174.8614,-37.0441]]]}},{"type":"Feature","properties":{},"geometry":{"type":"Polygon","coordinates":[[[174.9004,-37.0158],[174.9002,-37.0153],[174.8997,-37.0155],[174.9,-37.0161],[174.9001,-37.0159],[174.9004,-37.0158]]]}},{"type":"Feature","properties":{},"geometry":{"type":"Polygon","coordinates":[[[174.8633,-37.0458],[174.8628,-37.0457],[174.8627,-37.0462],[174.8634,-37.0463],[174.8635,-37.0458],[174.8633,-37.0458]]]}},{"type":"Feature","properties":{},"geometry":{"type":"Polygon","coordinates":[[[174.8795,-37.0304],[174.8784,-37.0308],[174.8792,-37.0322],[174.8803,-37.0318],[174.8795,-37.0304]]]}},{"type":"Feature","properties":{},"geometry":{"type":"Polygon","coordinates":[[[174.7301,-36.8588],[174.7304,-36.8591],[174.7307,-36.8588],[174.7303,-36.8586],[174.73,-36.8587],[174.7301,-36.8587],[174.7301,-36.8588]]]}},{"type":"Feature","properties":{},"geometry":{"type":"Polygon","coordinates":[[[174.7024,-36.9313],[174.7025,-36.9313],[174.7024,-36.9312],[174.7018,-36.931],[174.7011,-36.9303],[174.7008,-36.9303],[174.7007,-36.93],[174.7008,-36.9298],[174.7014,-36.9296],[174.7015,-36.9295],[174.701,-36.9296],[174.7006,-36.9297],[174.7005,-36.9299],[174.7006,-36.9304],[174.701,-36.9305],[174.7016,-36.9311],[174.7019,-36.9313],[174.7024,-36.9313]]]}},{"type":"Feature","properties":{},"geometry":{"type":"Polygon","coordinates":[[[174.8893,-37.0022],[174.8882,-37.0026],[174.8884,-37.0029],[174.8893,-37.0025],[174.8893,-37.0022]]]}},{"type":"Feature","properties":{},"geometry":{"type":"Polygon","coordinates":[[[174.7582,-36.8463],[174.7594,-36.8462],[174.7594,-36.846],[174.7593,-36.8461],[174.7581,-36.8463],[174.7581,-36.8465],[174.7582,-36.8463]]]}},{"type":"Feature","properties":{},"geometry":{"type":"Polygon","coordinates":[[[174.7637,-36.8585],[174.7668,-36.8604],[174.7669,-36.8603],[174.7637,-36.8584],[174.7637,-36.8585]]]}},{"type":"Feature","properties":{},"geometry":{"type":"Polygon","coordinates":[[[174.7735,-36.849],[174.7718,-36.8494],[174.7717,-36.8495],[174.7724,-36.8501],[174.7733,-36.8494],[174.7735,-36.849]]]}},{"type":"Feature","properties":{},"geometry":{"type":"Polygon","coordinates":[[[174.7703,-36.8754],[174.7697,-36.8754],[174.7698,-36.8756],[174.7704,-36.8756],[174.7703,-36.8754]]]}},{"type":"Feature","properties":{},"geometry":{"type":"Polygon","coordinates":[[[175.0365,-36.9922],[175.0372,-36.9924],[175.0373,-36.9921],[175.0366,-36.992],[175.0365,-36.9922]]]}},{"type":"Feature","properties":{},"geometry":{"type":"Polygon","coordinates":[[[175.0357,-36.9971],[175.0355,-36.9971],[175.0354,-36.9974],[175.0358,-36.9975],[175.0361,-36.9974],[175.0357,-36.9971]]]}},{"type":"Feature","properties":{},"geometry":{"type":"Polygon","coordinates":[[[175.0352,-36.9968],[175.0348,-36.9968],[175.0351,-36.9974],[175.0354,-36.9968],[175.0352,-36.9968]]]}},{"type":"Feature","properties":{},"geometry":{"type":"Polygon","coordinates":[[[174.6525,-36.9406],[174.6527,-36.9409],[174.6529,-36.9408],[174.6529,-36.9405],[174.6525,-36.9406]]]}},{"type":"Feature","properties":{},"geometry":{"type":"Polygon","coordinates":[[[174.5797,-36.8656],[174.5796,-36.8653],[174.5794,-36.8653],[174.5795,-36.8657],[174.5797,-36.8656]]]}},{"type":"Feature","properties":{},"geometry":{"type":"Polygon","coordinates":[[[174.5798,-36.8658],[174.5796,-36.8658],[174.5797,-36.8662],[174.5799,-36.8662],[174.5798,-36.8658]]]}},{"type":"Feature","properties":{},"geometry":{"type":"Polygon","coordinates":[[[174.7675,-36.8448],[174.7678,-36.8448],[174.768,-36.8446],[174.7676,-36.8445],[174.7675,-36.8448]]]}},{"type":"Feature","properties":{},"geometry":{"type":"Polygon","coordinates":[[[174.7638,-36.8504],[174.7637,-36.8505],[174.7641,-36.8506],[174.7641,-36.8504],[174.7638,-36.8504]]]}},{"type":"Feature","properties":{},"geometry":{"type":"Polygon","coordinates":[[[174.7632,-36.8501],[174.763,-36.8503],[174.7636,-36.8505],[174.7637,-36.8503],[174.7632,-36.8501]]]}},{"type":"Feature","properties":{},"geometry":{"type":"Polygon","coordinates":[[[174.6897,-36.7927],[174.69,-36.7926],[174.6899,-36.7924],[174.6896,-36.7925],[174.6897,-36.7927]]]}},{"type":"Feature","properties":{},"geometry":{"type":"Polygon","coordinates":[[[174.5072,-37.0397],[174.5074,-37.0397],[174.5078,-37.0395],[174.5084,-37.0391],[174.5089,-37.0392],[174.5091,-37.0389],[174.5098,-37.0384],[174.5099,-37.0382],[174.5101,-37.0381],[174.5105,-37.0376],[174.5102,-37.0376],[174.5087,-37.0382],[174.5081,-37.0383],[174.5076,-37.0381],[174.5074,-37.0375],[174.507,-37.0374],[174.507,-37.0377],[174.5069,-37.038],[174.5069,-37.0383],[174.5072,-37.0387],[174.5071,-37.0391],[174.5072,-37.0397]]]}},{"type":"Feature","properties":{},"geometry":{"type":"Polygon","coordinates":[[[174.6213,-36.7866],[174.6211,-36.787],[174.6229,-36.7873],[174.623,-36.7869],[174.6213,-36.7866]]]}},{"type":"Feature","properties":{},"geometry":{"type":"Polygon","coordinates":[[[174.6182,-36.7879],[174.6207,-36.7884],[174.6206,-36.7881],[174.6204,-36.7878],[174.6198,-36.7874],[174.6193,-36.7873],[174.6186,-36.7875],[174.6182,-36.7878],[174.6182,-36.7879]]]}},{"type":"Feature","properties":{},"geometry":{"type":"Polygon","coordinates":[[[174.5096,-37.0455],[174.5108,-37.0459],[174.5109,-37.0462],[174.5113,-37.0463],[174.5118,-37.047],[174.5121,-37.0467],[174.5116,-37.0461],[174.511,-37.0457],[174.5097,-37.0452],[174.5096,-37.0455]]]}},{"type":"Feature","properties":{},"geometry":{"type":"Polygon","coordinates":[[[174.6548,-36.9385],[174.6555,-36.9385],[174.6559,-36.9381],[174.6549,-36.9383],[174.6548,-36.9385]]]}},{"type":"Feature","properties":{},"geometry":{"type":"Polygon","coordinates":[[[174.6788,-36.9142],[174.6792,-36.9146],[174.6794,-36.9145],[174.6794,-36.914],[174.6792,-36.9139],[174.6788,-36.9142]]]}},{"type":"Feature","properties":{},"geometry":{"type":"Polygon","coordinates":[[[174.6588,-36.9045],[174.6585,-36.9049],[174.6586,-36.905],[174.6587,-36.9048],[174.659,-36.9046],[174.6588,-36.9045]]]}},{"type":"Feature","properties":{},"geometry":{"type":"Polygon","coordinates":[[[174.6545,-36.9142],[174.6546,-36.914],[174.6541,-36.9139],[174.654,-36.9142],[174.6545,-36.9142]]]}},{"type":"Feature","properties":{},"geometry":{"type":"Polygon","coordinates":[[[174.6398,-36.9121],[174.6398,-36.9123],[174.6402,-36.9123],[174.6402,-36.9122],[174.6398,-36.9121]]]}},{"type":"Feature","properties":{},"geometry":{"type":"Polygon","coordinates":[[[174.6395,-36.9127],[174.6394,-36.9128],[174.64,-36.9129],[174.64,-36.9128],[174.6395,-36.9127]]]}},{"type":"Feature","properties":{},"geometry":{"type":"Polygon","coordinates":[[[174.6418,-36.9122],[174.6417,-36.9125],[174.6419,-36.9125],[174.642,-36.9123],[174.6418,-36.9122]]]}},{"type":"Feature","properties":{},"geometry":{"type":"Polygon","coordinates":[[[174.6393,-36.909],[174.6391,-36.9094],[174.6394,-36.9094],[174.6395,-36.909],[174.6393,-36.909]]]}},{"type":"Feature","properties":{},"geometry":{"type":"Polygon","coordinates":[[[174.6593,-36.8863],[174.659,-36.8866],[174.6592,-36.8867],[174.6595,-36.8864],[174.6593,-36.8863]]]}},{"type":"Feature","properties":{},"geometry":{"type":"Polygon","coordinates":[[[174.6593,-36.8863],[174.6591,-36.886],[174.6588,-36.8864],[174.659,-36.8866],[174.6593,-36.8863]]]}},{"type":"Feature","properties":{},"geometry":{"type":"Polygon","coordinates":[[[174.6437,-36.9144],[174.6437,-36.9146],[174.6441,-36.9147],[174.6442,-36.9145],[174.6437,-36.9144]]]}},{"type":"Feature","properties":{},"geometry":{"type":"Polygon","coordinates":[[[174.6472,-36.7941],[174.6466,-36.7943],[174.6468,-36.7946],[174.6473,-36.7944],[174.6472,-36.7941]]]}},{"type":"Feature","properties":{},"geometry":{"type":"Polygon","coordinates":[[[174.6465,-36.7946],[174.6461,-36.7947],[174.6464,-36.7951],[174.6468,-36.7949],[174.6465,-36.7946]]]}},{"type":"Feature","properties":{},"geometry":{"type":"Polygon","coordinates":[[[174.6076,-36.9334],[174.6073,-36.9338],[174.6082,-36.934],[174.6084,-36.9337],[174.6076,-36.9334]]]}},{"type":"Feature","properties":{},"geometry":{"type":"Polygon","coordinates":[[[174.611,-36.9315],[174.6114,-36.9305],[174.6115,-36.9301],[174.6093,-36.9294],[174.6092,-36.93],[174.6091,-36.9309],[174.611,-36.9315]]]}},{"type":"Feature","properties":{},"geometry":{"type":"Polygon","coordinates":[[[174.6119,-36.9198],[174.6117,-36.9201],[174.6125,-36.9202],[174.6126,-36.92],[174.6119,-36.9198]]]}},{"type":"Feature","properties":{},"geometry":{"type":"Polygon","coordinates":[[[174.5705,-36.9297],[174.5711,-36.9295],[174.5713,-36.9293],[174.5705,-36.9282],[174.5697,-36.9287],[174.5705,-36.9297]]]}},{"type":"Feature","properties":{},"geometry":{"type":"Polygon","coordinates":[[[174.8717,-36.8636],[174.8709,-36.8633],[174.8691,-36.863],[174.8691,-36.8632],[174.8686,-36.8633],[174.8682,-36.8639],[174.8684,-36.8649],[174.8686,-36.8654],[174.8703,-36.8655],[174.8718,-36.8645],[174.8717,-36.8636]]]}},{"type":"Feature","properties":{},"geometry":{"type":"Polygon","coordinates":[[[174.7001,-36.9303],[174.7006,-36.9311],[174.6999,-36.9312],[174.7001,-36.9317],[174.7026,-36.9317],[174.7024,-36.9313],[174.7018,-36.9311],[174.7012,-36.9304],[174.7007,-36.9303],[174.7005,-36.93],[174.7003,-36.93],[174.7001,-36.9301],[174.7001,-36.9303]]]}},{"type":"Feature","properties":{},"geometry":{"type":"Polygon","coordinates":[[[174.6363,-36.8804],[174.636,-36.8807],[174.6362,-36.8808],[174.6365,-36.8805],[174.6363,-36.8804]]]}},{"type":"Feature","properties":{},"geometry":{"type":"Polygon","coordinates":[[[174.784,-36.9417],[174.7827,-36.942],[174.7829,-36.9428],[174.7844,-36.9425],[174.7842,-36.9417],[174.784,-36.9417]]]}},{"type":"Feature","properties":{},"geometry":{"type":"Polygon","coordinates":[[[174.7896,-36.9482],[174.7891,-36.9485],[174.7893,-36.9488],[174.7898,-36.9486],[174.7896,-36.9482]]]}},{"type":"Feature","properties":{},"geometry":{"type":"Polygon","coordinates":[[[174.784,-36.8729],[174.7836,-36.8733],[174.7841,-36.8736],[174.7845,-36.8732],[174.784,-36.8729]]]}},{"type":"Feature","properties":{},"geometry":{"type":"Polygon","coordinates":[[[174.7613,-36.8572],[174.7607,-36.857],[174.7607,-36.8574],[174.7614,-36.8576],[174.7615,-36.8573],[174.7613,-36.8572]]]}},{"type":"Feature","properties":{},"geometry":{"type":"Polygon","coordinates":[[[174.8278,-36.9654],[174.828,-36.9653],[174.8276,-36.965],[174.8274,-36.9651],[174.8278,-36.9654]]]}},{"type":"Feature","properties":{},"geometry":{"type":"Polygon","coordinates":[[[174.7582,-36.8568],[174.7585,-36.8564],[174.7582,-36.8563],[174.758,-36.8567],[174.7582,-36.8568]]]}},{"type":"Feature","properties":{},"geometry":{"type":"Polygon","coordinates":[[[174.6318,-36.876],[174.6321,-36.8766],[174.6316,-36.8768],[174.6311,-36.8768],[174.6314,-36.877],[174.6321,-36.8769],[174.6324,-36.8767],[174.6324,-36.8765],[174.6325,-36.8764],[174.6318,-36.876]]]}},{"type":"Feature","properties":{},"geometry":{"type":"Polygon","coordinates":[[[174.6376,-36.8698],[174.6378,-36.8704],[174.6381,-36.8703],[174.638,-36.8698],[174.6376,-36.8698]]]}},{"type":"Feature","properties":{},"geometry":{"type":"Polygon","coordinates":[[[174.646,-36.7933],[174.646,-36.7934],[174.6463,-36.794],[174.647,-36.7938],[174.6465,-36.7931],[174.646,-36.7933]]]}},{"type":"Feature","properties":{},"geometry":{"type":"Polygon","coordinates":[[[174.6299,-36.878],[174.6303,-36.8786],[174.6306,-36.8784],[174.6307,-36.8782],[174.6302,-36.8778],[174.6299,-36.878]]]}},{"type":"Feature","properties":{},"geometry":{"type":"Polygon","coordinates":[[[174.7941,-36.9234],[174.7941,-36.9236],[174.7945,-36.9235],[174.7944,-36.9234],[174.7941,-36.9234]]]}},{"type":"Feature","properties":{},"geometry":{"type":"Polygon","coordinates":[[[174.6428,-36.9341],[174.6425,-36.9347],[174.6429,-36.9352],[174.643,-36.9351],[174.6431,-36.9352],[174.6433,-36.9346],[174.6428,-36.9341]]]}},{"type":"Feature","properties":{},"geometry":{"type":"Polygon","coordinates":[[[174.5308,-37.0302],[174.5307,-37.0302],[174.5306,-37.0304],[174.5307,-37.0305],[174.5308,-37.0305],[174.531,-37.0305],[174.531,-37.0303],[174.531,-37.0302],[174.5308,-37.0302]]]}},{"type":"Feature","properties":{},"geometry":{"type":"Polygon","coordinates":[[[174.7195,-36.8681],[174.7186,-36.8681],[174.7186,-36.8683],[174.7185,-36.8685],[174.7182,-36.8687],[174.7182,-36.8691],[174.7194,-36.8688],[174.7195,-36.8681]]]}},{"type":"Feature","properties":{},"geometry":{"type":"Polygon","coordinates":[[[174.8098,-36.8852],[174.8093,-36.8852],[174.8093,-36.8855],[174.8098,-36.8855],[174.8098,-36.8852]]]}},{"type":"Feature","properties":{},"geometry":{"type":"Polygon","coordinates":[[[174.6439,-36.9481],[174.6438,-36.9485],[174.6439,-36.9484],[174.6442,-36.9486],[174.6445,-36.9485],[174.6446,-36.9486],[174.6447,-36.9484],[174.6445,-36.9482],[174.6443,-36.9483],[174.6439,-36.9481]]]}},{"type":"Feature","properties":{},"geometry":{"type":"Polygon","coordinates":[[[174.6587,-36.9522],[174.6584,-36.9523],[174.6583,-36.9525],[174.6586,-36.9526],[174.6587,-36.9525],[174.6587,-36.9523],[174.6587,-36.9522]]]}},{"type":"Feature","properties":{},"geometry":{"type":"Polygon","coordinates":[[[174.6879,-36.9164],[174.6877,-36.9164],[174.6877,-36.9168],[174.6881,-36.9168],[174.6881,-36.9165],[174.6879,-36.9164]]]}},{"type":"Feature","properties":{},"geometry":{"type":"Polygon","coordinates":[[[174.7429,-36.8459],[174.7427,-36.8458],[174.7424,-36.8461],[174.7426,-36.8462],[174.7429,-36.8459]]]}},{"type":"Feature","properties":{},"geometry":{"type":"Polygon","coordinates":[[[174.7591,-36.8574],[174.7592,-36.8576],[174.7597,-36.8577],[174.7597,-36.8575],[174.7594,-36.8573],[174.7591,-36.8574]]]}},{"type":"Feature","properties":{},"geometry":{"type":"Polygon","coordinates":[[[174.7665,-36.8519],[174.7669,-36.8509],[174.7668,-36.8506],[174.7664,-36.8505],[174.7659,-36.8514],[174.7665,-36.8519]]]}},{"type":"Feature","properties":{},"geometry":{"type":"Polygon","coordinates":[[[174.7633,-36.8439],[174.7628,-36.8437],[174.7627,-36.844],[174.7631,-36.8441],[174.7632,-36.8441],[174.7633,-36.8439]]]}},{"type":"Feature","properties":{},"geometry":{"type":"Polygon","coordinates":[[[174.9341,-36.8954],[174.9336,-36.8954],[174.9335,-36.8955],[174.9336,-36.8961],[174.9342,-36.896],[174.9341,-36.8954]]]}},{"type":"Feature","properties":{},"geometry":{"type":"Polygon","coordinates":[[[174.7714,-36.847],[174.7715,-36.847],[174.7714,-36.8468],[174.771,-36.8469],[174.7711,-36.8471],[174.7714,-36.847]]]}},{"type":"Feature","properties":{},"geometry":{"type":"Polygon","coordinates":[[[174.7595,-36.8582],[174.7595,-36.8579],[174.7592,-36.8578],[174.7591,-36.8584],[174.7594,-36.8585],[174.7595,-36.8582]]]}},{"type":"Feature","properties":{},"geometry":{"type":"Polygon","coordinates":[[[174.7653,-36.8522],[174.7653,-36.8521],[174.7649,-36.8522],[174.7652,-36.8527],[174.7655,-36.8526],[174.7653,-36.8522]]]}},{"type":"Feature","properties":{},"geometry":{"type":"Polygon","coordinates":[[[174.7622,-36.8506],[174.7621,-36.8505],[174.762,-36.8507],[174.7623,-36.8508],[174.7624,-36.8506],[174.7622,-36.8506]]]}},{"type":"Feature","properties":{},"geometry":{"type":"Polygon","coordinates":[[[174.7694,-36.8478],[174.7692,-36.8481],[174.7698,-36.8482],[174.7699,-36.8479],[174.7694,-36.8478]]]}},{"type":"Feature","properties":{},"geometry":{"type":"Polygon","coordinates":[[[174.7448,-36.8499],[174.7444,-36.8499],[174.7445,-36.8501],[174.7452,-36.8499],[174.7451,-36.8498],[174.7448,-36.8499]]]}},{"type":"Feature","properties":{},"geometry":{"type":"Polygon","coordinates":[[[174.747,-36.8509],[174.7466,-36.851],[174.7466,-36.8512],[174.7471,-36.8511],[174.747,-36.8509]]]}},{"type":"Feature","properties":{},"geometry":{"type":"Polygon","coordinates":[[[174.7516,-36.8586],[174.7517,-36.8587],[174.7515,-36.8589],[174.7519,-36.8591],[174.7521,-36.8589],[174.7516,-36.8586]]]}},{"type":"Feature","properties":{},"geometry":{"type":"Polygon","coordinates":[[[174.8788,-36.9101],[174.8787,-36.9096],[174.8782,-36.9097],[174.8782,-36.9101],[174.8788,-36.9101]]]}},{"type":"Feature","properties":{},"geometry":{"type":"Polygon","coordinates":[[[174.8459,-36.9474],[174.8459,-36.9476],[174.8467,-36.9475],[174.8466,-36.9473],[174.8459,-36.9474]]]}},{"type":"Feature","properties":{},"geometry":{"type":"Polygon","coordinates":[[[174.7962,-36.8128],[174.7962,-36.8125],[174.7959,-36.8125],[174.7959,-36.8128],[174.7962,-36.8128]]]}},{"type":"Feature","properties":{},"geometry":{"type":"Polygon","coordinates":[[[174.7955,-36.8128],[174.7957,-36.8128],[174.7957,-36.8125],[174.7954,-36.8125],[174.7954,-36.8128],[174.7955,-36.8128]]]}},{"type":"Feature","properties":{},"geometry":{"type":"Polygon","coordinates":[[[174.842,-36.8732],[174.8418,-36.8731],[174.8416,-36.8736],[174.8411,-36.8735],[174.8409,-36.8738],[174.8418,-36.874],[174.842,-36.8732]]]}},{"type":"Feature","properties":{},"geometry":{"type":"Polygon","coordinates":[[[174.8407,-36.8735],[174.8401,-36.8733],[174.8399,-36.8736],[174.8406,-36.8738],[174.8407,-36.8735]]]}},{"type":"Feature","properties":{},"geometry":{"type":"Polygon","coordinates":[[[174.777,-36.8158],[174.7768,-36.8159],[174.7768,-36.816],[174.7772,-36.8161],[174.777,-36.8158]]]}},{"type":"Feature","properties":{},"geometry":{"type":"Polygon","coordinates":[[[174.7757,-36.8162],[174.7759,-36.8163],[174.7761,-36.8163],[174.776,-36.816],[174.7757,-36.8161],[174.7757,-36.8162]]]}},{"type":"Feature","properties":{},"geometry":{"type":"Polygon","coordinates":[[[174.8075,-36.8279],[174.8076,-36.8279],[174.8076,-36.8274],[174.8073,-36.8274],[174.8073,-36.8279],[174.8075,-36.8279]]]}},{"type":"Feature","properties":{},"geometry":{"type":"Polygon","coordinates":[[[174.807,-36.8279],[174.8073,-36.8279],[174.8073,-36.8274],[174.807,-36.8275],[174.807,-36.8279]]]}},{"type":"Feature","properties":{},"geometry":{"type":"Polygon","coordinates":[[[174.7991,-36.8287],[174.7988,-36.8287],[174.7987,-36.829],[174.7991,-36.829],[174.7992,-36.8287],[174.7991,-36.8287]]]}},{"type":"Feature","properties":{},"geometry":{"type":"Polygon","coordinates":[[[174.7417,-36.8163],[174.7413,-36.8161],[174.7413,-36.8164],[174.7417,-36.8166],[174.7417,-36.8163]]]}},{"type":"Feature","properties":{},"geometry":{"type":"Polygon","coordinates":[[[174.7377,-36.8205],[174.7379,-36.8207],[174.7382,-36.8207],[174.738,-36.8204],[174.7377,-36.8205]]]}},{"type":"Feature","properties":{},"geometry":{"type":"Polygon","coordinates":[[[174.7333,-36.8176],[174.733,-36.8178],[174.7331,-36.8179],[174.7334,-36.8178],[174.7333,-36.8176]]]}},{"type":"Feature","properties":{},"geometry":{"type":"Polygon","coordinates":[[[174.7313,-36.8166],[174.7312,-36.8166],[174.7313,-36.8168],[174.7319,-36.8165],[174.7318,-36.8164],[174.7313,-36.8166]]]}},{"type":"Feature","properties":{},"geometry":{"type":"Polygon","coordinates":[[[174.7409,-36.8857],[174.7408,-36.8863],[174.741,-36.8863],[174.7411,-36.8858],[174.7409,-36.8857]]]}},{"type":"Feature","properties":{},"geometry":{"type":"Polygon","coordinates":[[[174.6802,-36.41],[174.6794,-36.4097],[174.6792,-36.4098],[174.6791,-36.4103],[174.68,-36.4104],[174.6802,-36.41]]]}},{"type":"Feature","properties":{},"geometry":{"type":"Polygon","coordinates":[[[174.5469,-36.406],[174.547,-36.4063],[174.5472,-36.4062],[174.547,-36.4059],[174.5469,-36.406]]]}},{"type":"Feature","properties":{},"geometry":{"type":"Polygon","coordinates":[[[174.6644,-36.4006],[174.664,-36.4004],[174.6638,-36.4007],[174.6642,-36.401],[174.6643,-36.4008],[174.6645,-36.4009],[174.6646,-36.4007],[174.6644,-36.4006]]]}},{"type":"Feature","properties":{},"geometry":{"type":"Polygon","coordinates":[[[174.6657,-36.3982],[174.6655,-36.3984],[174.6657,-36.3985],[174.6659,-36.3983],[174.6657,-36.3982]]]}},{"type":"Feature","properties":{},"geometry":{"type":"Polygon","coordinates":[[[174.6608,-36.5139],[174.6608,-36.514],[174.6613,-36.5141],[174.6614,-36.5138],[174.6613,-36.5138],[174.6608,-36.5139]]]}},{"type":"Feature","properties":{},"geometry":{"type":"Polygon","coordinates":[[[174.6772,-36.6025],[174.6772,-36.6026],[174.677,-36.6027],[174.6773,-36.6028],[174.6779,-36.6027],[174.6777,-36.6024],[174.6775,-36.6023],[174.6774,-36.6025],[174.6772,-36.6025]]]}},{"type":"Feature","properties":{},"geometry":{"type":"Polygon","coordinates":[[[174.6769,-36.6182],[174.6769,-36.6184],[174.6772,-36.6183],[174.6772,-36.618],[174.6769,-36.6182]]]}},{"type":"Feature","properties":{},"geometry":{"type":"Polygon","coordinates":[[[174.7724,-36.8486],[174.7719,-36.8488],[174.7721,-36.8492],[174.7723,-36.8491],[174.7723,-36.849],[174.7726,-36.8489],[174.7724,-36.8486]]]}},{"type":"Feature","properties":{},"geometry":{"type":"Polygon","coordinates":[[[174.762,-36.8784],[174.7614,-36.8784],[174.7614,-36.8786],[174.762,-36.8786],[174.762,-36.8784]]]}},{"type":"Feature","properties":{},"geometry":{"type":"Polygon","coordinates":[[[174.804,-36.874],[174.8045,-36.874],[174.8045,-36.8739],[174.8042,-36.8738],[174.804,-36.874]]]}},{"type":"Feature","properties":{},"geometry":{"type":"Polygon","coordinates":[[[174.766,-36.8624],[174.7656,-36.8621],[174.765,-36.8627],[174.7658,-36.8628],[174.766,-36.8624]]]}},{"type":"Feature","properties":{},"geometry":{"type":"Polygon","coordinates":[[[174.7291,-36.878],[174.7287,-36.8782],[174.7295,-36.8789],[174.7298,-36.8787],[174.7291,-36.878]]]}},{"type":"Feature","properties":{},"geometry":{"type":"Polygon","coordinates":[[[174.7193,-36.8842],[174.7191,-36.8841],[174.7188,-36.8843],[174.719,-36.8845],[174.7193,-36.8842]]]}},{"type":"Feature","properties":{},"geometry":{"type":"Polygon","coordinates":[[[174.7608,-36.8708],[174.7605,-36.8704],[174.7602,-36.871],[174.76,-36.871],[174.7599,-36.8712],[174.7606,-36.8713],[174.7608,-36.8708]]]}},{"type":"Feature","properties":{},"geometry":{"type":"Polygon","coordinates":[[[174.7439,-36.8456],[174.7436,-36.8458],[174.744,-36.846],[174.7441,-36.8459],[174.7439,-36.8456]]]}},{"type":"Feature","properties":{},"geometry":{"type":"Polygon","coordinates":[[[174.6368,-36.9004],[174.6364,-36.9007],[174.6361,-36.9006],[174.6368,-36.901],[174.637,-36.9008],[174.6372,-36.9008],[174.6373,-36.9007],[174.6368,-36.9004]]]}},{"type":"Feature","properties":{},"geometry":{"type":"Polygon","coordinates":[[[174.8919,-37.2274],[174.8919,-37.2282],[174.8932,-37.2283],[174.8932,-37.228],[174.8948,-37.2281],[174.8949,-37.228],[174.8932,-37.2279],[174.8932,-37.2275],[174.8919,-37.2274]]]}},{"type":"Feature","properties":{},"geometry":{"type":"Polygon","coordinates":[[[174.7199,-36.8821],[174.7188,-36.8823],[174.719,-36.8827],[174.7195,-36.883],[174.7202,-36.8823],[174.7199,-36.8821]]]}},{"type":"Feature","properties":{},"geometry":{"type":"Polygon","coordinates":[[[174.6299,-36.872],[174.6299,-36.8721],[174.63,-36.8723],[174.6304,-36.8721],[174.6305,-36.8722],[174.6301,-36.8718],[174.6299,-36.8719],[174.6299,-36.872]]]}},{"type":"Feature","properties":{},"geometry":{"type":"Polygon","coordinates":[[[174.7828,-36.9196],[174.7828,-36.9199],[174.7837,-36.9198],[174.7837,-36.9195],[174.7828,-36.9196]]]}},{"type":"Feature","properties":{},"geometry":{"type":"Polygon","coordinates":[[[174.7597,-36.879],[174.7597,-36.8793],[174.7602,-36.8794],[174.7602,-36.8802],[174.7602,-36.8791],[174.7597,-36.879]]]}},{"type":"Feature","properties":{},"geometry":{"type":"Polygon","coordinates":[[[174.7645,-36.8475],[174.7644,-36.8475],[174.7643,-36.8476],[174.7647,-36.8477],[174.7648,-36.8476],[174.7645,-36.8475]]]}},{"type":"Feature","properties":{},"geometry":{"type":"Polygon","coordinates":[[[174.7696,-36.8694],[174.7695,-36.8694],[174.7699,-36.8698],[174.77,-36.8698],[174.77,-36.8694],[174.7696,-36.8694]]]}},{"type":"Feature","properties":{},"geometry":{"type":"Polygon","coordinates":[[[174.7827,-36.8583],[174.7826,-36.8585],[174.7827,-36.8586],[174.7832,-36.8583],[174.7831,-36.8583],[174.7827,-36.8583]]]}},{"type":"Feature","properties":{},"geometry":{"type":"Polygon","coordinates":[[[174.785,-36.8572],[174.7847,-36.8573],[174.7848,-36.8574],[174.7854,-36.8572],[174.7852,-36.857],[174.785,-36.8572]]]}},{"type":"Feature","properties":{},"geometry":{"type":"Polygon","coordinates":[[[174.7663,-36.8601],[174.7662,-36.8603],[174.7666,-36.8605],[174.7667,-36.8604],[174.7663,-36.8601]]]}},{"type":"Feature","properties":{},"geometry":{"type":"Polygon","coordinates":[[[174.7901,-36.8867],[174.7899,-36.8866],[174.7896,-36.8869],[174.7897,-36.887],[174.7901,-36.8867]]]}},{"type":"Feature","properties":{},"geometry":{"type":"Polygon","coordinates":[[[174.7644,-36.8444],[174.7651,-36.8446],[174.7651,-36.8444],[174.7649,-36.8443],[174.7644,-36.8444]]]}},{"type":"Feature","properties":{},"geometry":{"type":"Polygon","coordinates":[[[174.5898,-36.793],[174.5892,-36.7937],[174.5896,-36.7943],[174.59,-36.7941],[174.5899,-36.794],[174.591,-36.794],[174.5909,-36.7938],[174.5909,-36.7933],[174.5898,-36.793]]]}},{"type":"Feature","properties":{},"geometry":{"type":"Polygon","coordinates":[[[174.6674,-36.4012],[174.6673,-36.4014],[174.6677,-36.4015],[174.6678,-36.4014],[174.6674,-36.4012]]]}},{"type":"Feature","properties":{},"geometry":{"type":"Polygon","coordinates":[[[174.7193,-36.8811],[174.7191,-36.8814],[174.7193,-36.8815],[174.7194,-36.8814],[174.7198,-36.8814],[174.7196,-36.881],[174.7193,-36.8811]]]}},{"type":"Feature","properties":{},"geometry":{"type":"Polygon","coordinates":[[[174.812,-36.8834],[174.8117,-36.8834],[174.8115,-36.8837],[174.8116,-36.8838],[174.812,-36.8834]]]}},{"type":"Feature","properties":{},"geometry":{"type":"Polygon","coordinates":[[[174.4515,-36.6708],[174.4515,-36.6709],[174.4518,-36.671],[174.4519,-36.6708],[174.4515,-36.6708]]]}},{"type":"Feature","properties":{},"geometry":{"type":"Polygon","coordinates":[[[174.4534,-36.677],[174.4531,-36.677],[174.4532,-36.6773],[174.4535,-36.6773],[174.4534,-36.677]]]}},{"type":"Feature","properties":{},"geometry":{"type":"Polygon","coordinates":[[[174.7962,-36.8793],[174.7962,-36.8796],[174.7965,-36.8796],[174.7966,-36.8793],[174.7962,-36.8793]]]}},{"type":"Feature","properties":{},"geometry":{"type":"Polygon","coordinates":[[[174.4533,-36.6745],[174.4531,-36.6746],[174.4534,-36.6748],[174.4535,-36.6747],[174.4533,-36.6745]]]}},{"type":"Feature","properties":{},"geometry":{"type":"Polygon","coordinates":[[[174.2146,-36.4412],[174.2136,-36.4419],[174.214,-36.4422],[174.215,-36.4415],[174.2146,-36.4412]]]}},{"type":"Feature","properties":{},"geometry":{"type":"Polygon","coordinates":[[[174.2244,-36.434],[174.2239,-36.434],[174.2233,-36.4344],[174.223,-36.4347],[174.223,-36.4349],[174.2231,-36.435],[174.2245,-36.4346],[174.2247,-36.4344],[174.2244,-36.434]]]}},{"type":"Feature","properties":{},"geometry":{"type":"Polygon","coordinates":[[[174.2364,-36.447],[174.2354,-36.448],[174.2353,-36.449],[174.2357,-36.4493],[174.2376,-36.4484],[174.2385,-36.4476],[174.238,-36.4474],[174.2364,-36.447]]]}},{"type":"Feature","properties":{},"geometry":{"type":"Polygon","coordinates":[[[174.2495,-36.4604],[174.2497,-36.4611],[174.2502,-36.4612],[174.251,-36.4608],[174.2517,-36.4602],[174.2525,-36.4596],[174.2512,-36.4585],[174.2503,-36.4601],[174.2495,-36.4604]]]}},{"type":"Feature","properties":{},"geometry":{"type":"Polygon","coordinates":[[[174.2581,-36.4563],[174.2589,-36.4571],[174.2602,-36.4562],[174.26,-36.4559],[174.2601,-36.4556],[174.2599,-36.4555],[174.2586,-36.4559],[174.2581,-36.4563]]]}},{"type":"Feature","properties":{},"geometry":{"type":"Polygon","coordinates":[[[174.2664,-36.4786],[174.2654,-36.4789],[174.2653,-36.4794],[174.2626,-36.4811],[174.2629,-36.4814],[174.2653,-36.4816],[174.2674,-36.4807],[174.2676,-36.4801],[174.2664,-36.4786]]]}},{"type":"Feature","properties":{},"geometry":{"type":"Polygon","coordinates":[[[174.266,-36.4777],[174.2653,-36.4773],[174.265,-36.4773],[174.2649,-36.478],[174.2641,-36.4785],[174.2643,-36.4788],[174.265,-36.4785],[174.2653,-36.4782],[174.2658,-36.4784],[174.266,-36.4777]]]}},{"type":"Feature","properties":{},"geometry":{"type":"Polygon","coordinates":[[[174.4235,-36.3717],[174.4228,-36.3722],[174.4238,-36.3731],[174.4242,-36.3731],[174.4244,-36.3728],[174.4246,-36.3726],[174.4242,-36.3721],[174.4235,-36.3717]]]}},{"type":"Feature","properties":{},"geometry":{"type":"Polygon","coordinates":[[[174.7681,-36.4391],[174.7677,-36.4395],[174.7672,-36.4397],[174.767,-36.4401],[174.7686,-36.4405],[174.7684,-36.4398],[174.7684,-36.4392],[174.7685,-36.4391],[174.7683,-36.439],[174.7681,-36.4391]]]}},{"type":"Feature","properties":{},"geometry":{"type":"Polygon","coordinates":[[[174.8063,-36.468],[174.8068,-36.4686],[174.8071,-36.4687],[174.8076,-36.4687],[174.8079,-36.469],[174.8086,-36.4676],[174.8084,-36.4676],[174.8074,-36.4674],[174.8072,-36.4674],[174.8063,-36.468]]]}},{"type":"Feature","properties":{},"geometry":{"type":"Polygon","coordinates":[[[174.2372,-36.5183],[174.2367,-36.5183],[174.2357,-36.5186],[174.2356,-36.5188],[174.2359,-36.519],[174.2377,-36.5194],[174.2395,-36.5194],[174.2394,-36.5182],[174.2385,-36.5184],[174.2372,-36.5183]]]}},{"type":"Feature","properties":{},"geometry":{"type":"Polygon","coordinates":[[[174.2347,-36.5204],[174.2351,-36.5197],[174.2345,-36.5198],[174.2343,-36.52],[174.2343,-36.5202],[174.2345,-36.5203],[174.2347,-36.5204]]]}},{"type":"Feature","properties":{},"geometry":{"type":"Polygon","coordinates":[[[174.3005,-36.5781],[174.3,-36.5782],[174.2999,-36.5794],[174.3002,-36.5799],[174.3006,-36.58],[174.3006,-36.5809],[174.3004,-36.5812],[174.3009,-36.5813],[174.3025,-36.5813],[174.3033,-36.5809],[174.3027,-36.5801],[174.303,-36.5793],[174.3044,-36.5784],[174.3043,-36.5779],[174.3031,-36.5772],[174.3029,-36.5772],[174.3027,-36.5784],[174.302,-36.5783],[174.3016,-36.5783],[174.3019,-36.5795],[174.301,-36.5796],[174.3005,-36.5781]]]}},{"type":"Feature","properties":{},"geometry":{"type":"Polygon","coordinates":[[[174.6973,-36.7299],[174.6984,-36.7298],[174.6983,-36.7297],[174.6981,-36.7294],[174.6979,-36.7294],[174.6976,-36.7291],[174.6973,-36.729],[174.6973,-36.7299]]]}},{"type":"Feature","properties":{},"geometry":{"type":"Polygon","coordinates":[[[174.7911,-36.8494],[174.792,-36.8495],[174.7921,-36.8494],[174.7923,-36.849],[174.7911,-36.8488],[174.791,-36.8493],[174.7911,-36.8494]]]}},{"type":"Feature","properties":{},"geometry":{"type":"Polygon","coordinates":[[[174.7297,-36.8553],[174.7295,-36.8552],[174.7292,-36.8555],[174.7295,-36.8557],[174.7298,-36.8555],[174.7298,-36.8554],[174.7297,-36.8553]]]}},{"type":"Feature","properties":{},"geometry":{"type":"Polygon","coordinates":[[[174.7615,-36.8753],[174.761,-36.8752],[174.7608,-36.8758],[174.7615,-36.8759],[174.7615,-36.8753]]]}},{"type":"Feature","properties":{},"geometry":{"type":"Polygon","coordinates":[[[174.7308,-36.8557],[174.7302,-36.8559],[174.7303,-36.8564],[174.731,-36.856],[174.7308,-36.8557]]]}},{"type":"Feature","properties":{},"geometry":{"type":"Polygon","coordinates":[[[174.7343,-36.9303],[174.7344,-36.9304],[174.7344,-36.9305],[174.7345,-36.9306],[174.7348,-36.9304],[174.7348,-36.9303],[174.7347,-36.9304],[174.7345,-36.9302],[174.7343,-36.9303]]]}},{"type":"Feature","properties":{},"geometry":{"type":"Polygon","coordinates":[[[174.846,-36.9539],[174.8464,-36.9543],[174.8461,-36.9544],[174.8467,-36.955],[174.847,-36.9557],[174.8475,-36.9557],[174.8475,-36.9554],[174.8469,-36.9552],[174.8473,-36.9552],[174.8476,-36.9552],[174.8478,-36.9553],[174.8479,-36.9547],[174.8483,-36.9544],[174.8472,-36.9537],[174.8467,-36.9541],[174.8463,-36.9538],[174.8463,-36.9537],[174.846,-36.9539]]]}},{"type":"Feature","properties":{},"geometry":{"type":"Polygon","coordinates":[[[174.7679,-36.8458],[174.7677,-36.8458],[174.7676,-36.8461],[174.7678,-36.8461],[174.7679,-36.8458]]]}},{"type":"Feature","properties":{},"geometry":{"type":"Polygon","coordinates":[[[174.7847,-36.9255],[174.7848,-36.926],[174.7852,-36.926],[174.7851,-36.9255],[174.7847,-36.9255]]]}},{"type":"Feature","properties":{},"geometry":{"type":"Polygon","coordinates":[[[174.9406,-37.0066],[174.9404,-37.0066],[174.9403,-37.0067],[174.9404,-37.0069],[174.9406,-37.0069],[174.9407,-37.0069],[174.9408,-37.0067],[174.9407,-37.0066],[174.9406,-37.0066]]]}},{"type":"Feature","properties":{},"geometry":{"type":"Polygon","coordinates":[[[174.7713,-36.8442],[174.7673,-36.8431],[174.7673,-36.8432],[174.7713,-36.8443],[174.7713,-36.8442]]]}},{"type":"Feature","properties":{},"geometry":{"type":"Polygon","coordinates":[[[174.7644,-36.8424],[174.7652,-36.8426],[174.7653,-36.8426],[174.7662,-36.8429],[174.7666,-36.8429],[174.7657,-36.8427],[174.7653,-36.8425],[174.7652,-36.8426],[174.7644,-36.8424]]]}},{"type":"Feature","properties":{},"geometry":{"type":"Polygon","coordinates":[[[174.7443,-36.8484],[174.7444,-36.8489],[174.7454,-36.8488],[174.7454,-36.8487],[174.7456,-36.8487],[174.746,-36.8488],[174.7462,-36.8485],[174.7452,-36.8484],[174.7443,-36.8484]]]}},{"type":"Feature","properties":{},"geometry":{"type":"Polygon","coordinates":[[[174.736,-36.8204],[174.7361,-36.8205],[174.7366,-36.8202],[174.7364,-36.8201],[174.736,-36.8204]]]}},{"type":"Feature","properties":{},"geometry":{"type":"Polygon","coordinates":[[[174.7888,-36.8285],[174.7888,-36.8287],[174.7889,-36.8288],[174.789,-36.8283],[174.7889,-36.8283],[174.7888,-36.8285]]]}},{"type":"Feature","properties":{},"geometry":{"type":"Polygon","coordinates":[[[174.7594,-36.8562],[174.7597,-36.8559],[174.7594,-36.8558],[174.759,-36.8561],[174.7591,-36.8566],[174.7594,-36.8567],[174.7594,-36.8562]]]}},{"type":"Feature","properties":{},"geometry":{"type":"Polygon","coordinates":[[[175.2551,-36.9733],[175.2543,-36.9728],[175.2539,-36.9725],[175.2527,-36.9728],[175.2529,-36.9729],[175.253,-36.9733],[175.2533,-36.9735],[175.2538,-36.9739],[175.2543,-36.9741],[175.2551,-36.9733]]]}},{"type":"Feature","properties":{},"geometry":{"type":"Polygon","coordinates":[[[174.613,-37.1387],[174.6127,-37.1388],[174.613,-37.1393],[174.6146,-37.1391],[174.6143,-37.139],[174.614,-37.1384],[174.613,-37.1387]]]}},{"type":"Feature","properties":{},"geometry":{"type":"Polygon","coordinates":[[[174.926,-36.8926],[174.9259,-36.8927],[174.9259,-36.8928],[174.9266,-36.893],[174.9266,-36.8927],[174.926,-36.8926]]]}},{"type":"Feature","properties":{},"geometry":{"type":"Polygon","coordinates":[[[174.547,-36.7731],[174.5472,-36.7725],[174.5465,-36.7725],[174.5467,-36.773],[174.547,-36.7731]]]}},{"type":"Feature","properties":{},"geometry":{"type":"Polygon","coordinates":[[[174.3728,-36.6774],[174.3723,-36.6776],[174.3716,-36.6776],[174.3713,-36.6778],[174.3713,-36.678],[174.3715,-36.6781],[174.372,-36.6779],[174.3722,-36.678],[174.3722,-36.6786],[174.3724,-36.6787],[174.3732,-36.6785],[174.3731,-36.6781],[174.3732,-36.6779],[174.3747,-36.6777],[174.3746,-36.6775],[174.3738,-36.6773],[174.373,-36.6775],[174.3728,-36.6774]]]}},{"type":"Feature","properties":{},"geometry":{"type":"Polygon","coordinates":[[[174.7807,-36.8727],[174.7804,-36.8724],[174.7797,-36.8731],[174.78,-36.8733],[174.7807,-36.8727]]]}},{"type":"Feature","properties":{},"geometry":{"type":"Polygon","coordinates":[[[174.8115,-36.8255],[174.8102,-36.8271],[174.8113,-36.8296],[174.8125,-36.8295],[174.8129,-36.8292],[174.8135,-36.8286],[174.8138,-36.8279],[174.8137,-36.827],[174.8134,-36.8268],[174.8134,-36.8259],[174.8127,-36.8257],[174.8125,-36.8253],[174.8118,-36.8255],[174.8115,-36.8255]]]}},{"type":"Feature","properties":{},"geometry":{"type":"Polygon","coordinates":[[[174.827,-36.9163],[174.8278,-36.9173],[174.8275,-36.9175],[174.8311,-36.9218],[174.8304,-36.9221],[174.8317,-36.9235],[174.8328,-36.9242],[174.8322,-36.925],[174.8323,-36.925],[174.8331,-36.9238],[174.8359,-36.9237],[174.8372,-36.923],[174.8365,-36.9222],[174.8372,-36.9215],[174.8372,-36.9201],[174.8379,-36.9184],[174.8359,-36.9175],[174.8346,-36.9172],[174.8344,-36.9173],[174.8337,-36.9175],[174.8325,-36.9176],[174.8316,-36.9174],[174.831,-36.9171],[174.8292,-36.9166],[174.8274,-36.9159],[174.8272,-36.9159],[174.8273,-36.9161],[174.827,-36.9163]]]}},{"type":"Feature","properties":{},"geometry":{"type":"Polygon","coordinates":[[[174.7866,-36.9296],[174.7863,-36.9295],[174.7862,-36.9297],[174.7869,-36.9297],[174.7869,-36.9296],[174.7866,-36.9296]]]}},{"type":"Feature","properties":{},"geometry":{"type":"Polygon","coordinates":[[[174.7859,-36.9185],[174.786,-36.9189],[174.787,-36.9188],[174.787,-36.9184],[174.7859,-36.9185]]]}},{"type":"Feature","properties":{},"geometry":{"type":"Polygon","coordinates":[[[174.8938,-37.0249],[174.8933,-37.0251],[174.8935,-37.0253],[174.8939,-37.0251],[174.8938,-37.0249]]]}},{"type":"Feature","properties":{},"geometry":{"type":"Polygon","coordinates":[[[174.6666,-36.3976],[174.6664,-36.3978],[174.6666,-36.3979],[174.6668,-36.3977],[174.6666,-36.3976]]]}},{"type":"Feature","properties":{},"geometry":{"type":"Polygon","coordinates":[[[174.6625,-36.398],[174.662,-36.3978],[174.6618,-36.3981],[174.6622,-36.3983],[174.6625,-36.398]]]}},{"type":"Feature","properties":{},"geometry":{"type":"Polygon","coordinates":[[[174.2861,-36.5859],[174.2848,-36.5864],[174.2849,-36.5866],[174.2865,-36.5864],[174.2861,-36.5859]]]}},{"type":"Feature","properties":{},"geometry":{"type":"Polygon","coordinates":[[[174.305,-36.5894],[174.305,-36.5902],[174.3053,-36.5903],[174.3054,-36.59],[174.306,-36.5896],[174.3068,-36.5893],[174.3067,-36.5891],[174.305,-36.5894]]]}},{"type":"Feature","properties":{},"geometry":{"type":"Polygon","coordinates":[[[174.3099,-36.5819],[174.3099,-36.5825],[174.3103,-36.5825],[174.3104,-36.5829],[174.3107,-36.5829],[174.3108,-36.5828],[174.3117,-36.5827],[174.312,-36.5818],[174.3112,-36.5816],[174.3099,-36.5819]]]}},{"type":"Feature","properties":{},"geometry":{"type":"Polygon","coordinates":[[[174.3287,-36.5906],[174.3296,-36.5911],[174.3295,-36.5919],[174.3301,-36.5918],[174.331,-36.5923],[174.3315,-36.592],[174.3317,-36.5915],[174.3319,-36.5913],[174.3314,-36.5909],[174.3287,-36.5906]]]}},{"type":"Feature","properties":{},"geometry":{"type":"Polygon","coordinates":[[[174.3139,-36.6021],[174.3139,-36.6023],[174.3148,-36.6031],[174.317,-36.6025],[174.317,-36.6018],[174.3168,-36.6015],[174.3162,-36.6015],[174.3139,-36.6021]]]}},{"type":"Feature","properties":{},"geometry":{"type":"Polygon","coordinates":[[[174.4172,-36.4831],[174.4182,-36.4837],[174.4187,-36.4832],[174.4176,-36.4827],[174.4172,-36.4831]]]}},{"type":"Feature","properties":{},"geometry":{"type":"Polygon","coordinates":[[[174.6558,-36.7886],[174.6562,-36.7883],[174.6559,-36.7881],[174.6557,-36.7882],[174.6555,-36.7883],[174.6558,-36.7886]]]}},{"type":"Feature","properties":{},"geometry":{"type":"Polygon","coordinates":[[[174.9158,-37.1992],[174.9162,-37.1995],[174.9164,-37.1999],[174.9176,-37.2005],[174.918,-37.2001],[174.9178,-37.1991],[174.9168,-37.1991],[174.9158,-37.1992]]]}},{"type":"Feature","properties":{},"geometry":{"type":"Polygon","coordinates":[[[174.682,-36.9153],[174.6817,-36.9152],[174.6815,-36.9156],[174.6819,-36.9157],[174.682,-36.9153]]]}},{"type":"Feature","properties":{},"geometry":{"type":"Polygon","coordinates":[[[174.4467,-36.7659],[174.4462,-36.7655],[174.4465,-36.7652],[174.4462,-36.765],[174.4456,-36.7654],[174.4459,-36.7657],[174.446,-36.7656],[174.4465,-36.7661],[174.4467,-36.7659]]]}},{"type":"Feature","properties":{},"geometry":{"type":"Polygon","coordinates":[[[174.5632,-37.0064],[174.5625,-37.0079],[174.5627,-37.0084],[174.5631,-37.0088],[174.5634,-37.0083],[174.5634,-37.0081],[174.5636,-37.0076],[174.5635,-37.0076],[174.5635,-37.007],[174.564,-37.0066],[174.5632,-37.0064]]]}},{"type":"Feature","properties":{},"geometry":{"type":"Polygon","coordinates":[[[174.7634,-36.9151],[174.7631,-36.9153],[174.7629,-36.9153],[174.7622,-36.9152],[174.7618,-36.9151],[174.7617,-36.9153],[174.7627,-36.9155],[174.7632,-36.9155],[174.7641,-36.9155],[174.764,-36.916],[174.7645,-36.9161],[174.7645,-36.916],[174.7643,-36.9157],[174.7643,-36.9155],[174.7647,-36.9155],[174.7647,-36.9151],[174.7651,-36.9147],[174.7659,-36.9144],[174.7665,-36.9143],[174.7669,-36.9136],[174.7675,-36.9137],[174.7675,-36.9135],[174.7669,-36.9134],[174.7662,-36.9135],[174.7656,-36.9134],[174.7651,-36.9131],[174.7651,-36.9129],[174.7654,-36.9121],[174.7642,-36.9118],[174.7643,-36.9114],[174.764,-36.9114],[174.7641,-36.9113],[174.7639,-36.9112],[174.7643,-36.9097],[174.7637,-36.9115],[174.7634,-36.9115],[174.7634,-36.9116],[174.7628,-36.9118],[174.763,-36.9119],[174.7629,-36.9122],[174.7635,-36.9121],[174.7626,-36.9135],[174.7626,-36.9136],[174.7617,-36.9134],[174.7616,-36.914],[174.7611,-36.9145],[174.761,-36.9147],[174.7619,-36.9149],[174.762,-36.9145],[174.7627,-36.9147],[174.7629,-36.9146],[174.7634,-36.915],[174.7634,-36.9151]]]}},{"type":"Feature","properties":{},"geometry":{"type":"Polygon","coordinates":[[[174.7543,-36.8559],[174.7541,-36.8559],[174.754,-36.8564],[174.7544,-36.8563],[174.7543,-36.8559]]]}},{"type":"Feature","properties":{},"geometry":{"type":"Polygon","coordinates":[[[174.7534,-36.8571],[174.7532,-36.8571],[174.7532,-36.8575],[174.7536,-36.8575],[174.7536,-36.8576],[174.7546,-36.8573],[174.7545,-36.857],[174.754,-36.8569],[174.7539,-36.8567],[174.7533,-36.8567],[174.7534,-36.8571]]]}},{"type":"Feature","properties":{},"geometry":{"type":"Polygon","coordinates":[[[174.7963,-36.8207],[174.7961,-36.8203],[174.7952,-36.8206],[174.7951,-36.8214],[174.795,-36.8216],[174.7954,-36.8223],[174.7959,-36.822],[174.796,-36.8222],[174.7969,-36.8218],[174.7967,-36.8214],[174.7963,-36.8215],[174.7962,-36.8213],[174.7964,-36.8213],[174.7961,-36.8208],[174.7964,-36.8208],[174.7963,-36.8207]]]}},{"type":"Feature","properties":{},"geometry":{"type":"Polygon","coordinates":[[[174.8627,-36.9628],[174.8614,-36.9626],[174.8603,-36.9625],[174.8601,-36.9633],[174.8596,-36.9633],[174.8596,-36.9635],[174.86,-36.9635],[174.8598,-36.9639],[174.8608,-36.964],[174.8607,-36.9644],[174.8608,-36.9647],[174.861,-36.9641],[174.8613,-36.9644],[174.8623,-36.9631],[174.8627,-36.9628]]]}},{"type":"Feature","properties":{},"geometry":{"type":"Polygon","coordinates":[[[174.8838,-36.9934],[174.8839,-36.9932],[174.8839,-36.9929],[174.8837,-36.9929],[174.8836,-36.9929],[174.8837,-36.9932],[174.8838,-36.9934]]]}},{"type":"Feature","properties":{},"geometry":{"type":"Polygon","coordinates":[[[174.7259,-36.8847],[174.7263,-36.885],[174.7264,-36.8849],[174.7251,-36.8841],[174.7243,-36.8849],[174.7248,-36.8852],[174.725,-36.885],[174.7255,-36.8853],[174.7258,-36.885],[174.7257,-36.885],[174.7259,-36.8847]]]}},{"type":"Feature","properties":{},"geometry":{"type":"Polygon","coordinates":[[[174.6526,-36.9103],[174.6532,-36.9105],[174.6533,-36.9102],[174.6525,-36.91],[174.6524,-36.9102],[174.6526,-36.9103]]]}},{"type":"Feature","properties":{},"geometry":{"type":"Polygon","coordinates":[[[174.7618,-36.9475],[174.7618,-36.947],[174.7615,-36.9456],[174.7612,-36.9453],[174.7608,-36.9451],[174.7606,-36.9447],[174.7606,-36.9442],[174.7596,-36.9417],[174.7593,-36.9412],[174.759,-36.9408],[174.7588,-36.9408],[174.7585,-36.9408],[174.7585,-36.9409],[174.7586,-36.9411],[174.7583,-36.9412],[174.7582,-36.9411],[174.7582,-36.941],[174.7578,-36.9407],[174.7577,-36.9409],[174.7578,-36.9414],[174.7575,-36.9416],[174.7573,-36.9419],[174.7569,-36.9419],[174.7568,-36.9417],[174.7565,-36.9417],[174.756,-36.9419],[174.7559,-36.942],[174.756,-36.9422],[174.7564,-36.9424],[174.7568,-36.943],[174.7566,-36.9431],[174.7567,-36.9432],[174.7567,-36.9433],[174.7562,-36.9433],[174.756,-36.9435],[174.7562,-36.9437],[174.7561,-36.9438],[174.7564,-36.9439],[174.756,-36.9441],[174.7559,-36.9444],[174.7555,-36.9445],[174.7556,-36.9447],[174.7555,-36.9449],[174.7557,-36.9453],[174.7555,-36.9458],[174.7552,-36.9459],[174.7551,-36.946],[174.7554,-36.946],[174.7559,-36.9463],[174.7554,-36.9467],[174.7554,-36.9471],[174.7557,-36.9473],[174.7557,-36.9476],[174.756,-36.9476],[174.7558,-36.9478],[174.756,-36.9479],[174.7562,-36.9483],[174.7564,-36.9484],[174.7564,-36.9485],[174.7568,-36.9486],[174.7589,-36.9487],[174.7601,-36.9488],[174.7608,-36.9488],[174.7613,-36.9486],[174.7618,-36.9482],[174.7618,-36.9475]]]}},{"type":"Feature","properties":{},"geometry":{"type":"Polygon","coordinates":[[[174.7727,-36.9525],[174.7722,-36.953],[174.7722,-36.9533],[174.772,-36.9537],[174.772,-36.954],[174.7721,-36.9542],[174.7727,-36.9546],[174.7725,-36.9556],[174.7726,-36.9559],[174.7732,-36.9559],[174.7739,-36.9557],[174.7754,-36.9551],[174.7765,-36.9543],[174.7769,-36.9541],[174.7786,-36.9542],[174.7796,-36.9541],[174.7799,-36.9542],[174.7802,-36.9543],[174.7806,-36.9541],[174.7806,-36.9539],[174.7806,-36.9538],[174.779,-36.9529],[174.7789,-36.9529],[174.7785,-36.9541],[174.7783,-36.9541],[174.7787,-36.9527],[174.7775,-36.952],[174.7772,-36.9514],[174.7764,-36.9515],[174.7762,-36.9508],[174.7747,-36.9511],[174.7738,-36.9514],[174.7727,-36.9525]]]}},{"type":"Feature","properties":{},"geometry":{"type":"Polygon","coordinates":[[[174.7811,-36.7999],[174.781,-36.7999],[174.7807,-36.8004],[174.7808,-36.8005],[174.7812,-36.8],[174.7811,-36.7999]]]}},{"type":"Feature","properties":{},"geometry":{"type":"Polygon","coordinates":[[[174.8028,-36.825],[174.803,-36.8245],[174.8026,-36.8239],[174.802,-36.8239],[174.8011,-36.8244],[174.8016,-36.8253],[174.8011,-36.8254],[174.8013,-36.8258],[174.803,-36.8257],[174.8031,-36.8256],[174.8027,-36.8256],[174.8026,-36.8254],[174.8026,-36.8252],[174.8027,-36.825],[174.8028,-36.825]]]}},{"type":"Feature","properties":{},"geometry":{"type":"Polygon","coordinates":[[[174.7782,-36.9258],[174.7783,-36.9257],[174.7783,-36.9256],[174.7785,-36.9255],[174.776,-36.9233],[174.7743,-36.9227],[174.7717,-36.9227],[174.7714,-36.9225],[174.7712,-36.9226],[174.7762,-36.9254],[174.7789,-36.9268],[174.7784,-36.9258],[174.7782,-36.9258]]]}},{"type":"Feature","properties":{},"geometry":{"type":"Polygon","coordinates":[[[174.7206,-36.8892],[174.7196,-36.8889],[174.7178,-36.8906],[174.7202,-36.8922],[174.7192,-36.8932],[174.7195,-36.8934],[174.7203,-36.8927],[174.7207,-36.8925],[174.7222,-36.891],[174.7214,-36.8895],[174.7215,-36.8894],[174.7213,-36.8893],[174.7206,-36.8892]]]}},{"type":"Feature","properties":{},"geometry":{"type":"Polygon","coordinates":[[[174.683,-36.3682],[174.6818,-36.368],[174.6818,-36.3683],[174.6816,-36.3683],[174.6815,-36.3685],[174.6829,-36.3686],[174.683,-36.3682]]]}},{"type":"Feature","properties":{},"geometry":{"type":"Polygon","coordinates":[[[174.6486,-36.9105],[174.6484,-36.9106],[174.6495,-36.9109],[174.6497,-36.9108],[174.6486,-36.9105]]]}},{"type":"Feature","properties":{},"geometry":{"type":"Polygon","coordinates":[[[174.827,-36.9664],[174.8262,-36.9661],[174.8259,-36.9663],[174.8268,-36.9667],[174.827,-36.9664]]]}},{"type":"Feature","properties":{},"geometry":{"type":"Polygon","coordinates":[[[174.7786,-36.8531],[174.7787,-36.8533],[174.779,-36.8532],[174.7788,-36.853],[174.7786,-36.8531]]]}},{"type":"Feature","properties":{},"geometry":{"type":"Polygon","coordinates":[[[174.7639,-36.8534],[174.7637,-36.8532],[174.7635,-36.8535],[174.7637,-36.8535],[174.7639,-36.8534]]]}},{"type":"Feature","properties":{},"geometry":{"type":"Polygon","coordinates":[[[174.7786,-36.8526],[174.7785,-36.8524],[174.7782,-36.8525],[174.7783,-36.8527],[174.7786,-36.8526]]]}},{"type":"Feature","properties":{},"geometry":{"type":"Polygon","coordinates":[[[174.9037,-37.2017],[174.9037,-37.2019],[174.9042,-37.2019],[174.9043,-37.2018],[174.9037,-37.2017]]]}},{"type":"Feature","properties":{},"geometry":{"type":"Polygon","coordinates":[[[174.5006,-36.6199],[174.5006,-36.6204],[174.5007,-36.6207],[174.5003,-36.621],[174.5011,-36.6216],[174.5021,-36.622],[174.5021,-36.6214],[174.5017,-36.6206],[174.5006,-36.6199]]]}},{"type":"Feature","properties":{},"geometry":{"type":"Polygon","coordinates":[[[174.8013,-36.8296],[174.8014,-36.8298],[174.8017,-36.8297],[174.8017,-36.8294],[174.8013,-36.8296]]]}},{"type":"Feature","properties":{},"geometry":{"type":"Polygon","coordinates":[[[174.8058,-36.8225],[174.8058,-36.8224],[174.8052,-36.8225],[174.8052,-36.8227],[174.8058,-36.8225]]]}},{"type":"Feature","properties":{},"geometry":{"type":"Polygon","coordinates":[[[174.7857,-36.8274],[174.7862,-36.8275],[174.7863,-36.8274],[174.7858,-36.8272],[174.7857,-36.8274]]]}},{"type":"Feature","properties":{},"geometry":{"type":"Polygon","coordinates":[[[174.7756,-36.8269],[174.7759,-36.8273],[174.7762,-36.8272],[174.7759,-36.8268],[174.7756,-36.8269]]]}},{"type":"Feature","properties":{},"geometry":{"type":"Polygon","coordinates":[[[174.7759,-36.8268],[174.7762,-36.8272],[174.7764,-36.8271],[174.7761,-36.8267],[174.7759,-36.8268]]]}},{"type":"Feature","properties":{},"geometry":{"type":"Polygon","coordinates":[[[174.7769,-36.8264],[174.7776,-36.8277],[174.7778,-36.8272],[174.7773,-36.8263],[174.7769,-36.8264]]]}},{"type":"Feature","properties":{},"geometry":{"type":"Polygon","coordinates":[[[174.6965,-36.8997],[174.6968,-36.8997],[174.6969,-36.8992],[174.6966,-36.8992],[174.6965,-36.8993],[174.6965,-36.8997]]]}},{"type":"Feature","properties":{},"geometry":{"type":"Polygon","coordinates":[[[174.7655,-36.8934],[174.7654,-36.8939],[174.7659,-36.894],[174.7661,-36.8935],[174.7655,-36.8934]]]}},{"type":"Feature","properties":{},"geometry":{"type":"Polygon","coordinates":[[[174.7702,-36.8928],[174.7701,-36.8931],[174.7705,-36.8932],[174.7705,-36.8929],[174.7702,-36.8928]]]}},{"type":"Feature","properties":{},"geometry":{"type":"Polygon","coordinates":[[[175.0476,-37.0043],[175.0475,-37.0042],[175.047,-37.0043],[175.0471,-37.0045],[175.0476,-37.0043]]]}},{"type":"Feature","properties":{},"geometry":{"type":"Polygon","coordinates":[[[175.0459,-37.0052],[175.046,-37.0052],[175.0465,-37.005],[175.047,-37.0059],[175.0478,-37.0056],[175.0477,-37.0054],[175.0477,-37.0049],[175.0473,-37.0045],[175.0464,-37.0048],[175.0465,-37.005],[175.0459,-37.0052]]]}},{"type":"Feature","properties":{},"geometry":{"type":"Polygon","coordinates":[[[175.0409,-37.0017],[175.0409,-37.0019],[175.0405,-37.0021],[175.0405,-37.0022],[175.0407,-37.0023],[175.0412,-37.002],[175.0414,-37.002],[175.0409,-37.0017]]]}},{"type":"Feature","properties":{},"geometry":{"type":"Polygon","coordinates":[[[174.7602,-36.8578],[174.7604,-36.8572],[174.7601,-36.8572],[174.76,-36.8578],[174.7602,-36.8578]]]}},{"type":"Feature","properties":{},"geometry":{"type":"Polygon","coordinates":[[[174.7699,-36.878],[174.7696,-36.878],[174.7698,-36.8784],[174.7701,-36.8784],[174.7699,-36.878]]]}},{"type":"Feature","properties":{},"geometry":{"type":"Polygon","coordinates":[[[174.7855,-36.8739],[174.7854,-36.8743],[174.7857,-36.8743],[174.7859,-36.874],[174.7855,-36.8739]]]}},{"type":"Feature","properties":{},"geometry":{"type":"Polygon","coordinates":[[[174.7596,-36.8889],[174.7595,-36.8888],[174.7595,-36.889],[174.76,-36.8892],[174.7601,-36.889],[174.7596,-36.8889]]]}},{"type":"Feature","properties":{},"geometry":{"type":"Polygon","coordinates":[[[174.7696,-36.8471],[174.7691,-36.8481],[174.7684,-36.8481],[174.7675,-36.8484],[174.767,-36.8489],[174.7667,-36.8493],[174.7665,-36.8498],[174.7657,-36.8516],[174.766,-36.8521],[174.7664,-36.8522],[174.7672,-36.853],[174.7676,-36.8527],[174.7685,-36.8519],[174.769,-36.8507],[174.7698,-36.8509],[174.7702,-36.8505],[174.7699,-36.8503],[174.7698,-36.8501],[174.7699,-36.8498],[174.7695,-36.8497],[174.7695,-36.8496],[174.77,-36.8497],[174.7701,-36.8499],[174.7708,-36.8506],[174.7713,-36.8503],[174.7717,-36.8502],[174.7728,-36.8511],[174.7731,-36.8509],[174.7733,-36.8513],[174.7733,-36.8521],[174.7736,-36.8524],[174.7738,-36.8522],[174.7741,-36.8508],[174.7743,-36.8506],[174.7743,-36.8503],[174.7731,-36.8499],[174.7735,-36.8495],[174.7738,-36.8489],[174.7734,-36.8488],[174.7728,-36.849],[174.7727,-36.8486],[174.7724,-36.8486],[174.7718,-36.8489],[174.7719,-36.849],[174.7714,-36.8492],[174.7701,-36.8482],[174.7705,-36.8473],[174.771,-36.8474],[174.7711,-36.8472],[174.7709,-36.8466],[174.7705,-36.8465],[174.7696,-36.8469],[174.7696,-36.8471]]]}},{"type":"Feature","properties":{},"geometry":{"type":"Polygon","coordinates":[[[174.8037,-36.9258],[174.8034,-36.9259],[174.8034,-36.926],[174.8035,-36.926],[174.8036,-36.9261],[174.8038,-36.9261],[174.8037,-36.9258]]]}},{"type":"Feature","properties":{},"geometry":{"type":"Polygon","coordinates":[[[174.7616,-36.8419],[174.762,-36.842],[174.7621,-36.8418],[174.7617,-36.8417],[174.7616,-36.8419]]]}},{"type":"Feature","properties":{},"geometry":{"type":"Polygon","coordinates":[[[174.7697,-36.8441],[174.7695,-36.844],[174.7694,-36.8443],[174.7696,-36.8443],[174.7697,-36.8441]]]}},{"type":"Feature","properties":{},"geometry":{"type":"Polygon","coordinates":[[[174.7659,-36.8451],[174.7658,-36.8453],[174.7662,-36.8455],[174.7663,-36.8452],[174.7659,-36.8451]]]}},{"type":"Feature","properties":{},"geometry":{"type":"Polygon","coordinates":[[[174.7685,-36.8544],[174.7683,-36.8542],[174.768,-36.8545],[174.7684,-36.8548],[174.7686,-36.8545],[174.7685,-36.8544]]]}},{"type":"Feature","properties":{},"geometry":{"type":"Polygon","coordinates":[[[174.7646,-36.8576],[174.7644,-36.8577],[174.7647,-36.8579],[174.7649,-36.8578],[174.7646,-36.8576]]]}},{"type":"Feature","properties":{},"geometry":{"type":"Polygon","coordinates":[[[174.7797,-36.8534],[174.7794,-36.8535],[174.7795,-36.8537],[174.7798,-36.8536],[174.7797,-36.8534]]]}},{"type":"Feature","properties":{},"geometry":{"type":"Polygon","coordinates":[[[174.7836,-36.8581],[174.7839,-36.8585],[174.7842,-36.8583],[174.784,-36.858],[174.7836,-36.8581]]]}},{"type":"Feature","properties":{},"geometry":{"type":"Polygon","coordinates":[[[175.0378,-36.9916],[175.0377,-36.9916],[175.0376,-36.9918],[175.0378,-36.9919],[175.0379,-36.9917],[175.0378,-36.9916]]]}},{"type":"Feature","properties":{},"geometry":{"type":"Polygon","coordinates":[[[174.4934,-36.3104],[174.491,-36.3102],[174.4922,-36.3125],[174.4942,-36.3121],[174.4941,-36.3117],[174.4938,-36.3113],[174.4938,-36.311],[174.4934,-36.3104]]]}},{"type":"Feature","properties":{},"geometry":{"type":"Polygon","coordinates":[[[174.4533,-36.2832],[174.4524,-36.2833],[174.4524,-36.2837],[174.4534,-36.2836],[174.4533,-36.2832]]]}},{"type":"Feature","properties":{},"geometry":{"type":"Polygon","coordinates":[[[174.8589,-36.8545],[174.8588,-36.8545],[174.8587,-36.8547],[174.859,-36.8551],[174.86,-36.8548],[174.8596,-36.8549],[174.8595,-36.8548],[174.8599,-36.8547],[174.8598,-36.8546],[174.8593,-36.8548],[174.8593,-36.8546],[174.8592,-36.8545],[174.859,-36.8546],[174.8589,-36.8545]]]}},{"type":"Feature","properties":{},"geometry":{"type":"Polygon","coordinates":[[[174.7698,-36.8767],[174.7689,-36.8767],[174.7689,-36.8773],[174.7699,-36.8773],[174.7699,-36.8771],[174.7698,-36.8771],[174.7698,-36.8767]]]}},{"type":"Feature","properties":{},"geometry":{"type":"Polygon","coordinates":[[[174.7384,-36.866],[174.7381,-36.8658],[174.7379,-36.866],[174.7382,-36.8662],[174.7384,-36.866]]]}},{"type":"Feature","properties":{},"geometry":{"type":"Polygon","coordinates":[[[174.7852,-36.9224],[174.7842,-36.9225],[174.7842,-36.9229],[174.7853,-36.9228],[174.7852,-36.9224]]]}},{"type":"Feature","properties":{},"geometry":{"type":"Polygon","coordinates":[[[174.6776,-36.6141],[174.6772,-36.6146],[174.6776,-36.6151],[174.6781,-36.6145],[174.6776,-36.6141]]]}},{"type":"Feature","properties":{},"geometry":{"type":"Polygon","coordinates":[[[174.7661,-36.8728],[174.7658,-36.873],[174.7661,-36.8732],[174.7662,-36.8731],[174.7661,-36.8731],[174.7662,-36.8729],[174.7661,-36.8728]]]}},{"type":"Feature","properties":{},"geometry":{"type":"Polygon","coordinates":[[[174.784,-36.9187],[174.7837,-36.9187],[174.7837,-36.9191],[174.7841,-36.9191],[174.784,-36.9187]]]}},{"type":"Feature","properties":{},"geometry":{"type":"Polygon","coordinates":[[[174.6539,-36.8594],[174.6538,-36.8594],[174.6534,-36.8597],[174.6539,-36.8599],[174.6541,-36.8595],[174.6539,-36.8594]]]}},{"type":"Feature","properties":{},"geometry":{"type":"Polygon","coordinates":[[[174.7817,-36.8608],[174.7815,-36.8607],[174.7813,-36.8608],[174.7814,-36.8609],[174.7814,-36.8611],[174.7816,-36.8612],[174.7817,-36.8608]]]}},{"type":"Feature","properties":{},"geometry":{"type":"Polygon","coordinates":[[[174.8571,-36.9052],[174.8572,-36.9057],[174.8573,-36.9058],[174.8578,-36.9058],[174.8578,-36.9052],[174.8571,-36.9052]]]}},{"type":"Feature","properties":{},"geometry":{"type":"Polygon","coordinates":[[[174.7904,-36.8551],[174.79,-36.8549],[174.7894,-36.8557],[174.7894,-36.8559],[174.79,-36.8561],[174.7902,-36.8558],[174.7904,-36.8558],[174.7906,-36.8555],[174.791,-36.8555],[174.7909,-36.8552],[174.7908,-36.8553],[174.7904,-36.8551]]]}},{"type":"Feature","properties":{},"geometry":{"type":"Polygon","coordinates":[[[174.7698,-36.8648],[174.7694,-36.8647],[174.7693,-36.8649],[174.7698,-36.8649],[174.7698,-36.8648]]]}},{"type":"Feature","properties":{},"geometry":{"type":"Polygon","coordinates":[[[174.7867,-36.8731],[174.7864,-36.8733],[174.7867,-36.8736],[174.787,-36.8734],[174.7867,-36.8731]]]}},{"type":"Feature","properties":{},"geometry":{"type":"Polygon","coordinates":[[[174.7188,-36.8814],[174.7187,-36.8815],[174.7189,-36.8817],[174.7194,-36.882],[174.7196,-36.882],[174.7188,-36.8814]]]}},{"type":"Feature","properties":{},"geometry":{"type":"Polygon","coordinates":[[[174.7815,-36.9189],[174.7811,-36.9189],[174.7811,-36.9193],[174.7815,-36.9193],[174.7815,-36.9189]]]}},{"type":"Feature","properties":{},"geometry":{"type":"Polygon","coordinates":[[[174.7841,-36.8623],[174.7835,-36.8627],[174.7838,-36.8629],[174.7845,-36.8624],[174.7841,-36.8623]]]}},{"type":"Feature","properties":{},"geometry":{"type":"Polygon","coordinates":[[[174.4536,-36.6774],[174.4532,-36.6774],[174.4531,-36.6776],[174.4536,-36.6777],[174.4536,-36.6774]]]}},{"type":"Feature","properties":{},"geometry":{"type":"Polygon","coordinates":[[[174.7245,-36.8833],[174.7246,-36.8837],[174.7247,-36.8838],[174.7251,-36.8834],[174.7249,-36.8833],[174.7245,-36.8833]]]}},{"type":"Feature","properties":{},"geometry":{"type":"Polygon","coordinates":[[[174.654,-36.3954],[174.6538,-36.3953],[174.6536,-36.3954],[174.6536,-36.3956],[174.654,-36.3954]]]}},{"type":"Feature","properties":{},"geometry":{"type":"Polygon","coordinates":[[[174.7564,-36.8743],[174.7559,-36.8742],[174.7558,-36.8745],[174.7562,-36.8746],[174.7563,-36.8744],[174.7564,-36.8743]]]}},{"type":"Feature","properties":{},"geometry":{"type":"Polygon","coordinates":[[[174.776,-36.8715],[174.7746,-36.8712],[174.7744,-36.8721],[174.7755,-36.8723],[174.776,-36.8715]]]}},{"type":"Feature","properties":{},"geometry":{"type":"Polygon","coordinates":[[[174.8489,-36.9436],[174.849,-36.944],[174.8499,-36.9438],[174.8498,-36.9434],[174.8489,-36.9436]]]}},{"type":"Feature","properties":{},"geometry":{"type":"Polygon","coordinates":[[[174.7402,-36.8451],[174.74,-36.8451],[174.74,-36.8454],[174.7402,-36.8454],[174.7402,-36.8451]]]}},{"type":"Feature","properties":{},"geometry":{"type":"Polygon","coordinates":[[[174.73,-36.8778],[174.73,-36.8781],[174.7303,-36.8778],[174.7302,-36.8777],[174.73,-36.8778]]]}},{"type":"Feature","properties":{},"geometry":{"type":"Polygon","coordinates":[[[174.7889,-36.8787],[174.789,-36.8789],[174.7889,-36.8791],[174.7891,-36.8791],[174.7896,-36.8792],[174.79,-36.8791],[174.7902,-36.8791],[174.7901,-36.8791],[174.7897,-36.8792],[174.7893,-36.8791],[174.7894,-36.879],[174.7893,-36.8787],[174.7889,-36.8787]]]}},{"type":"Feature","properties":{},"geometry":{"type":"Polygon","coordinates":[[[174.4268,-36.8311],[174.4259,-36.8314],[174.4259,-36.8315],[174.4261,-36.8318],[174.4262,-36.8322],[174.4263,-36.8323],[174.4265,-36.8323],[174.4267,-36.8322],[174.4267,-36.8317],[174.4269,-36.8313],[174.4269,-36.8312],[174.4268,-36.8311]]]}},{"type":"Feature","properties":{},"geometry":{"type":"Polygon","coordinates":[[[174.4401,-36.3984],[174.4397,-36.3981],[174.4381,-36.399],[174.4381,-36.3994],[174.439,-36.4005],[174.4402,-36.4],[174.4401,-36.3984]]]}},{"type":"Feature","properties":{},"geometry":{"type":"Polygon","coordinates":[[[174.4486,-36.4352],[174.4485,-36.4353],[174.4479,-36.436],[174.4481,-36.4363],[174.4483,-36.4363],[174.4489,-36.4359],[174.4489,-36.4352],[174.4486,-36.4352]]]}},{"type":"Feature","properties":{},"geometry":{"type":"Polygon","coordinates":[[[174.4531,-36.4295],[174.4527,-36.4296],[174.4525,-36.4299],[174.4528,-36.4304],[174.4532,-36.4304],[174.4531,-36.43],[174.4532,-36.4297],[174.4531,-36.4295]]]}},{"type":"Feature","properties":{},"geometry":{"type":"Polygon","coordinates":[[[174.4471,-36.4308],[174.4479,-36.4305],[174.4485,-36.4298],[174.4487,-36.4296],[174.4482,-36.4292],[174.4476,-36.4297],[174.4474,-36.4302],[174.4469,-36.4304],[174.4471,-36.4308]]]}},{"type":"Feature","properties":{},"geometry":{"type":"Polygon","coordinates":[[[174.4632,-36.4221],[174.4628,-36.4218],[174.4615,-36.4227],[174.4618,-36.423],[174.4626,-36.4228],[174.4632,-36.4221]]]}},{"type":"Feature","properties":{},"geometry":{"type":"Polygon","coordinates":[[[174.4628,-36.4239],[174.4635,-36.4234],[174.4634,-36.4232],[174.4631,-36.4231],[174.4625,-36.4236],[174.4628,-36.4239]]]}},{"type":"Feature","properties":{},"geometry":{"type":"Polygon","coordinates":[[[174.4772,-36.4175],[174.4772,-36.4179],[174.4786,-36.4177],[174.4787,-36.4175],[174.4772,-36.4175]]]}},{"type":"Feature","properties":{},"geometry":{"type":"Polygon","coordinates":[[[174.4723,-36.4355],[174.4724,-36.4366],[174.4731,-36.4365],[174.4734,-36.4361],[174.4731,-36.4358],[174.473,-36.4355],[174.4723,-36.4355]]]}},{"type":"Feature","properties":{},"geometry":{"type":"Polygon","coordinates":[[[174.2505,-36.5295],[174.2495,-36.5294],[174.2491,-36.5296],[174.249,-36.5297],[174.2501,-36.5299],[174.2505,-36.5297],[174.2505,-36.5295]]]}},{"type":"Feature","properties":{},"geometry":{"type":"Polygon","coordinates":[[[174.2375,-36.5326],[174.2373,-36.5323],[174.2367,-36.5324],[174.236,-36.5326],[174.2363,-36.533],[174.237,-36.533],[174.2375,-36.5326]]]}},{"type":"Feature","properties":{},"geometry":{"type":"Polygon","coordinates":[[[174.2453,-36.5255],[174.2452,-36.5258],[174.246,-36.5259],[174.2464,-36.5252],[174.2459,-36.5251],[174.2453,-36.5255]]]}},{"type":"Feature","properties":{},"geometry":{"type":"Polygon","coordinates":[[[174.2666,-36.5396],[174.2673,-36.5396],[174.2698,-36.5379],[174.2687,-36.5375],[174.2681,-36.5379],[174.2666,-36.5396]]]}},{"type":"Feature","properties":{},"geometry":{"type":"Polygon","coordinates":[[[174.2702,-36.5286],[174.2693,-36.5283],[174.2689,-36.5285],[174.2688,-36.5287],[174.2691,-36.5289],[174.2695,-36.5288],[174.27,-36.5289],[174.2702,-36.5286]]]}},{"type":"Feature","properties":{},"geometry":{"type":"Polygon","coordinates":[[[174.2987,-36.5262],[174.2989,-36.5267],[174.2996,-36.5264],[174.2997,-36.5262],[174.2998,-36.5259],[174.2987,-36.5262]]]}},{"type":"Feature","properties":{},"geometry":{"type":"Polygon","coordinates":[[[174.2903,-36.5453],[174.2898,-36.5457],[174.2902,-36.5461],[174.2906,-36.546],[174.291,-36.5456],[174.2907,-36.5453],[174.2903,-36.5453]]]}},{"type":"Feature","properties":{},"geometry":{"type":"Polygon","coordinates":[[[174.2903,-36.5391],[174.2893,-36.5396],[174.2896,-36.54],[174.2906,-36.5394],[174.2903,-36.5391]]]}},{"type":"Feature","properties":{},"geometry":{"type":"Polygon","coordinates":[[[174.2789,-36.5495],[174.2782,-36.55],[174.2787,-36.5503],[174.2795,-36.55],[174.2795,-36.5494],[174.2789,-36.5495]]]}},{"type":"Feature","properties":{},"geometry":{"type":"Polygon","coordinates":[[[174.4522,-36.5946],[174.4518,-36.5949],[174.4518,-36.5958],[174.452,-36.596],[174.4528,-36.5959],[174.4527,-36.5953],[174.453,-36.5948],[174.4522,-36.5946]]]}},{"type":"Feature","properties":{},"geometry":{"type":"Polygon","coordinates":[[[174.5035,-36.5529],[174.5035,-36.5533],[174.5033,-36.5535],[174.5034,-36.5537],[174.5036,-36.5535],[174.5041,-36.5535],[174.5041,-36.5529],[174.5035,-36.5529]]]}},{"type":"Feature","properties":{},"geometry":{"type":"Polygon","coordinates":[[[174.5173,-36.5491],[174.5171,-36.549],[174.5164,-36.5486],[174.5161,-36.5486],[174.5158,-36.5489],[174.5163,-36.5495],[174.5169,-36.5498],[174.5172,-36.5497],[174.5175,-36.5493],[174.5173,-36.5491]]]}},{"type":"Feature","properties":{},"geometry":{"type":"Polygon","coordinates":[[[174.7014,-36.5471],[174.7003,-36.5471],[174.699,-36.5478],[174.698,-36.5474],[174.6967,-36.5477],[174.6952,-36.5476],[174.6932,-36.5484],[174.6936,-36.5488],[174.6951,-36.5483],[174.6966,-36.5483],[174.6976,-36.5481],[174.6988,-36.5484],[174.7003,-36.5477],[174.7016,-36.5478],[174.7016,-36.5472],[174.7014,-36.5471]]]}},{"type":"Feature","properties":{},"geometry":{"type":"Polygon","coordinates":[[[174.4432,-36.7675],[174.4437,-36.7682],[174.4461,-36.7671],[174.4463,-36.7668],[174.4462,-36.7666],[174.4456,-36.7666],[174.4432,-36.7675]]]}},{"type":"Feature","properties":{},"geometry":{"type":"Polygon","coordinates":[[[174.7144,-36.4861],[174.7138,-36.4862],[174.7137,-36.4869],[174.7132,-36.4869],[174.7135,-36.4875],[174.7141,-36.4877],[174.7145,-36.4876],[174.7147,-36.4873],[174.7146,-36.4869],[174.7144,-36.4861]]]}},{"type":"Feature","properties":{},"geometry":{"type":"Polygon","coordinates":[[[174.3604,-36.6282],[174.3604,-36.6286],[174.3612,-36.6285],[174.3611,-36.6281],[174.3604,-36.6282]]]}},{"type":"Feature","properties":{},"geometry":{"type":"Polygon","coordinates":[[[174.3367,-36.6378],[174.3364,-36.6379],[174.3357,-36.6378],[174.3357,-36.638],[174.3363,-36.6382],[174.3363,-36.6385],[174.3353,-36.6389],[174.3354,-36.6393],[174.3358,-36.6393],[174.3373,-36.6398],[174.3379,-36.6397],[174.3391,-36.6392],[174.3391,-36.6385],[174.3396,-36.6378],[174.3393,-36.6377],[174.3387,-36.6381],[174.3374,-36.6381],[174.3367,-36.6378]]]}},{"type":"Feature","properties":{},"geometry":{"type":"Polygon","coordinates":[[[174.3517,-36.6299],[174.3506,-36.6302],[174.3506,-36.6305],[174.3512,-36.6306],[174.3515,-36.6305],[174.3518,-36.6302],[174.3518,-36.6299],[174.3517,-36.6299]]]}},{"type":"Feature","properties":{},"geometry":{"type":"Polygon","coordinates":[[[174.4379,-36.6281],[174.4377,-36.6282],[174.4376,-36.6285],[174.4378,-36.6287],[174.438,-36.6287],[174.4384,-36.6285],[174.4388,-36.6286],[174.4393,-36.6285],[174.4383,-36.6275],[174.4381,-36.6281],[174.4379,-36.6281]]]}},{"type":"Feature","properties":{},"geometry":{"type":"Polygon","coordinates":[[[174.3806,-36.6276],[174.3801,-36.6276],[174.38,-36.6274],[174.3791,-36.6278],[174.3786,-36.6278],[174.3785,-36.6279],[174.3787,-36.6283],[174.3787,-36.6284],[174.3786,-36.6285],[174.3787,-36.6287],[174.3789,-36.6287],[174.3798,-36.6287],[174.3802,-36.6285],[174.3808,-36.6279],[174.3806,-36.6276]]]}},{"type":"Feature","properties":{},"geometry":{"type":"Polygon","coordinates":[[[174.4394,-36.7801],[174.439,-36.7806],[174.4385,-36.7807],[174.4384,-36.7809],[174.4384,-36.7812],[174.4389,-36.7813],[174.4394,-36.7811],[174.4398,-36.7808],[174.44,-36.7801],[174.4397,-36.7799],[174.4394,-36.7801]]]}},{"type":"Feature","properties":{},"geometry":{"type":"Polygon","coordinates":[[[174.4386,-36.7759],[174.4382,-36.7758],[174.4373,-36.776],[174.4373,-36.7765],[174.4381,-36.7765],[174.4386,-36.7762],[174.4386,-36.7759]]]}},{"type":"Feature","properties":{},"geometry":{"type":"Polygon","coordinates":[[[174.4364,-36.7745],[174.4365,-36.775],[174.4375,-36.7752],[174.4384,-36.7745],[174.4384,-36.774],[174.4381,-36.774],[174.4376,-36.7743],[174.4372,-36.7742],[174.4369,-36.7742],[174.4367,-36.7744],[174.4364,-36.7745]]]}},{"type":"Feature","properties":{},"geometry":{"type":"Polygon","coordinates":[[[174.4234,-36.7972],[174.4233,-36.7977],[174.4235,-36.7979],[174.4237,-36.7979],[174.4241,-36.7976],[174.4249,-36.7973],[174.4257,-36.7972],[174.4261,-36.797],[174.4273,-36.7967],[174.4275,-36.7968],[174.4261,-36.7982],[174.4263,-36.7987],[174.4265,-36.7987],[174.4272,-36.798],[174.4275,-36.798],[174.428,-36.7977],[174.4286,-36.7965],[174.4283,-36.7963],[174.4275,-36.7962],[174.4266,-36.7964],[174.4252,-36.7962],[174.4248,-36.7962],[174.4234,-36.7972]]]}},{"type":"Feature","properties":{},"geometry":{"type":"Polygon","coordinates":[[[174.4386,-36.8177],[174.4382,-36.8179],[174.4381,-36.8182],[174.4384,-36.8183],[174.4388,-36.8182],[174.4388,-36.8181],[174.4388,-36.8179],[174.4386,-36.8177]]]}},{"type":"Feature","properties":{},"geometry":{"type":"Polygon","coordinates":[[[174.4447,-36.8731],[174.4446,-36.873],[174.444,-36.8734],[174.4433,-36.8741],[174.4434,-36.8742],[174.4441,-36.8739],[174.4444,-36.8736],[174.4447,-36.8731]]]}},{"type":"Feature","properties":{},"geometry":{"type":"Polygon","coordinates":[[[174.6972,-36.3258],[174.6968,-36.3258],[174.6971,-36.3265],[174.6985,-36.3296],[174.6991,-36.3303],[174.6994,-36.3308],[174.6997,-36.3323],[174.7001,-36.3334],[174.7,-36.3342],[174.7001,-36.3347],[174.7006,-36.3355],[174.7009,-36.3357],[174.7012,-36.336],[174.7018,-36.3377],[174.7027,-36.3384],[174.7029,-36.3386],[174.7033,-36.3411],[174.7034,-36.3413],[174.7035,-36.3413],[174.7029,-36.3386],[174.7028,-36.3383],[174.7019,-36.3377],[174.7012,-36.3358],[174.7007,-36.3355],[174.7002,-36.3348],[174.7001,-36.3343],[174.7002,-36.3335],[174.6998,-36.3321],[174.6995,-36.3309],[174.6992,-36.3303],[174.6985,-36.3295],[174.6972,-36.3263],[174.697,-36.326],[174.6972,-36.3258]]]}},{"type":"Feature","properties":{},"geometry":{"type":"Polygon","coordinates":[[[174.6561,-36.8907],[174.656,-36.8908],[174.6564,-36.8911],[174.6566,-36.891],[174.6561,-36.8907]]]}},{"type":"Feature","properties":{},"geometry":{"type":"Polygon","coordinates":[[[174.6558,-36.891],[174.6557,-36.8911],[174.6562,-36.8914],[174.6563,-36.8912],[174.6559,-36.8909],[174.6558,-36.891]]]}},{"type":"Feature","properties":{},"geometry":{"type":"Polygon","coordinates":[[[174.8561,-36.8575],[174.8559,-36.8576],[174.8558,-36.8579],[174.8559,-36.8582],[174.8562,-36.8583],[174.8563,-36.8578],[174.8561,-36.8575]]]}},{"type":"Feature","properties":{},"geometry":{"type":"Polygon","coordinates":[[[174.8173,-36.8634],[174.8174,-36.8636],[174.8181,-36.8638],[174.8185,-36.8644],[174.8189,-36.8646],[174.8194,-36.8651],[174.8203,-36.8651],[174.8209,-36.8654],[174.8215,-36.8652],[174.8222,-36.8653],[174.823,-36.865],[174.8232,-36.8646],[174.8236,-36.8647],[174.8239,-36.8643],[174.8241,-36.8639],[174.8241,-36.8635],[174.824,-36.8628],[174.8235,-36.8623],[174.823,-36.8621],[174.8224,-36.8621],[174.8221,-36.8623],[174.821,-36.864],[174.8205,-36.864],[174.8205,-36.8634],[174.8203,-36.8632],[174.8197,-36.863],[174.8202,-36.8623],[174.8204,-36.8619],[174.8197,-36.862],[174.8173,-36.8634]]]}},{"type":"Feature","properties":{},"geometry":{"type":"Polygon","coordinates":[[[174.8292,-36.8475],[174.8299,-36.8477],[174.83,-36.8475],[174.8303,-36.8475],[174.8304,-36.8472],[174.8295,-36.847],[174.8292,-36.8475]]]}},{"type":"Feature","properties":{},"geometry":{"type":"Polygon","coordinates":[[[174.8186,-36.8496],[174.8191,-36.8507],[174.8196,-36.8514],[174.8203,-36.8508],[174.8204,-36.8499],[174.8186,-36.8496]]]}},{"type":"Feature","properties":{},"geometry":{"type":"Polygon","coordinates":[[[174.7671,-36.9458],[174.7668,-36.9459],[174.7665,-36.9462],[174.7663,-36.9468],[174.7662,-36.9475],[174.7663,-36.9477],[174.7664,-36.948],[174.7666,-36.9482],[174.7674,-36.9484],[174.7679,-36.949],[174.7686,-36.951],[174.7682,-36.9512],[174.7677,-36.951],[174.7672,-36.9512],[174.7672,-36.9514],[174.7673,-36.9518],[174.7678,-36.9523],[174.7687,-36.9526],[174.7702,-36.9528],[174.7716,-36.9526],[174.7718,-36.9525],[174.7714,-36.9523],[174.7717,-36.952],[174.7714,-36.9519],[174.7702,-36.9518],[174.7704,-36.9509],[174.7724,-36.951],[174.7725,-36.9501],[174.7714,-36.9472],[174.7707,-36.9471],[174.7708,-36.9466],[174.7671,-36.9458]]]}},{"type":"Feature","properties":{},"geometry":{"type":"Polygon","coordinates":[[[174.2973,-36.575],[174.2978,-36.5752],[174.298,-36.5749],[174.2983,-36.5748],[174.2984,-36.5745],[174.2987,-36.5745],[174.2987,-36.5744],[174.2986,-36.5742],[174.2981,-36.5743],[174.2973,-36.575]]]}},{"type":"Feature","properties":{},"geometry":{"type":"Polygon","coordinates":[[[174.2973,-36.575],[174.2966,-36.5753],[174.2963,-36.5753],[174.2962,-36.5754],[174.2966,-36.5757],[174.297,-36.5762],[174.2982,-36.576],[174.2981,-36.5755],[174.298,-36.5752],[174.2973,-36.575]]]}},{"type":"Feature","properties":{},"geometry":{"type":"Polygon","coordinates":[[[174.2897,-36.5505],[174.2893,-36.5514],[174.2905,-36.5518],[174.2913,-36.5518],[174.2929,-36.5513],[174.2927,-36.5507],[174.291,-36.551],[174.2897,-36.5505]]]}},{"type":"Feature","properties":{},"geometry":{"type":"Polygon","coordinates":[[[174.2829,-36.5522],[174.2819,-36.5525],[174.2817,-36.5526],[174.2817,-36.5528],[174.2825,-36.5531],[174.2835,-36.5526],[174.2835,-36.5523],[174.2835,-36.5522],[174.2833,-36.5521],[174.2829,-36.5522]]]}},{"type":"Feature","properties":{},"geometry":{"type":"Polygon","coordinates":[[[174.7087,-36.4787],[174.7092,-36.4792],[174.7098,-36.4791],[174.7101,-36.4786],[174.7099,-36.4779],[174.709,-36.4781],[174.7087,-36.4787]]]}},{"type":"Feature","properties":{},"geometry":{"type":"Polygon","coordinates":[[[174.7134,-36.4765],[174.7135,-36.4762],[174.713,-36.4762],[174.713,-36.4765],[174.7134,-36.4765]]]}},{"type":"Feature","properties":{},"geometry":{"type":"Polygon","coordinates":[[[174.7123,-36.4756],[174.7122,-36.4758],[174.7122,-36.476],[174.7124,-36.4761],[174.7132,-36.476],[174.7132,-36.4757],[174.7123,-36.4756]]]}},{"type":"Feature","properties":{},"geometry":{"type":"Polygon","coordinates":[[[174.7149,-36.4799],[174.7151,-36.4805],[174.7155,-36.4808],[174.7165,-36.4801],[174.7171,-36.48],[174.7174,-36.4796],[174.7172,-36.4794],[174.7168,-36.4795],[174.7165,-36.4799],[174.7162,-36.48],[174.7157,-36.48],[174.7152,-36.4799],[174.7149,-36.4799]]]}},{"type":"Feature","properties":{},"geometry":{"type":"Polygon","coordinates":[[[174.3349,-36.6244],[174.3349,-36.6247],[174.336,-36.6244],[174.3366,-36.6243],[174.3365,-36.6237],[174.3358,-36.6239],[174.3349,-36.6244]]]}},{"type":"Feature","properties":{},"geometry":{"type":"Polygon","coordinates":[[[174.3485,-36.6459],[174.3475,-36.646],[174.3472,-36.6472],[174.3466,-36.6478],[174.3469,-36.6481],[174.3477,-36.6476],[174.3478,-36.6472],[174.3483,-36.6471],[174.3488,-36.6467],[174.3488,-36.6462],[174.3485,-36.6459]]]}},{"type":"Feature","properties":{},"geometry":{"type":"Polygon","coordinates":[[[174.3448,-36.6394],[174.3447,-36.6394],[174.3447,-36.6396],[174.3449,-36.6398],[174.3452,-36.6398],[174.3455,-36.6395],[174.3459,-36.6397],[174.3462,-36.6397],[174.3463,-36.6394],[174.3461,-36.6393],[174.3453,-36.6393],[174.3451,-36.6395],[174.3448,-36.6394]]]}},{"type":"Feature","properties":{},"geometry":{"type":"Polygon","coordinates":[[[174.3716,-36.6642],[174.3713,-36.6646],[174.3712,-36.6653],[174.3718,-36.6655],[174.3737,-36.6644],[174.3741,-36.6638],[174.3739,-36.6635],[174.3728,-36.6638],[174.3716,-36.6642]]]}},{"type":"Feature","properties":{},"geometry":{"type":"Polygon","coordinates":[[[174.3685,-36.6627],[174.3683,-36.6627],[174.3681,-36.6629],[174.3678,-36.6635],[174.3679,-36.6637],[174.3687,-36.6637],[174.3687,-36.663],[174.3685,-36.6627]]]}},{"type":"Feature","properties":{},"geometry":{"type":"Polygon","coordinates":[[[174.3737,-36.6738],[174.3729,-36.6737],[174.3724,-36.6738],[174.3719,-36.6741],[174.3715,-36.6742],[174.3715,-36.6745],[174.3721,-36.6746],[174.3731,-36.6746],[174.3737,-36.6745],[174.3741,-36.6743],[174.3741,-36.6741],[174.3737,-36.6738]]]}},{"type":"Feature","properties":{},"geometry":{"type":"Polygon","coordinates":[[[174.4046,-36.7049],[174.404,-36.7054],[174.4043,-36.7058],[174.4052,-36.7058],[174.4053,-36.7053],[174.4049,-36.7052],[174.4046,-36.7049]]]}},{"type":"Feature","properties":{},"geometry":{"type":"Polygon","coordinates":[[[174.3783,-36.6885],[174.3791,-36.6884],[174.3794,-36.6882],[174.3795,-36.6878],[174.3795,-36.6864],[174.3791,-36.6863],[174.3783,-36.6875],[174.378,-36.6875],[174.3777,-36.688],[174.3772,-36.6885],[174.3764,-36.6886],[174.3766,-36.6892],[174.3775,-36.689],[174.3783,-36.6885]]]}},{"type":"Feature","properties":{},"geometry":{"type":"Polygon","coordinates":[[[174.422,-36.7434],[174.4215,-36.7429],[174.4209,-36.743],[174.4196,-36.7441],[174.4193,-36.7447],[174.4202,-36.7452],[174.421,-36.7442],[174.422,-36.7434]]]}},{"type":"Feature","properties":{},"geometry":{"type":"Polygon","coordinates":[[[174.4095,-36.7184],[174.4091,-36.7185],[174.4088,-36.7188],[174.4088,-36.7191],[174.4082,-36.7194],[174.4081,-36.7197],[174.4082,-36.7199],[174.4087,-36.7197],[174.4091,-36.7195],[174.4098,-36.7194],[174.4105,-36.7195],[174.411,-36.7194],[174.411,-36.7192],[174.411,-36.7191],[174.4098,-36.7188],[174.4095,-36.7184]]]}},{"type":"Feature","properties":{},"geometry":{"type":"Polygon","coordinates":[[[174.4381,-36.7627],[174.4377,-36.7625],[174.4373,-36.7628],[174.4366,-36.763],[174.4366,-36.7635],[174.437,-36.7636],[174.4375,-36.7633],[174.4381,-36.7627]]]}},{"type":"Feature","properties":{},"geometry":{"type":"Polygon","coordinates":[[[174.4498,-36.8763],[174.4497,-36.8764],[174.4496,-36.8767],[174.4502,-36.8767],[174.4502,-36.8763],[174.45,-36.8762],[174.4498,-36.8763]]]}},{"type":"Feature","properties":{},"geometry":{"type":"Polygon","coordinates":[[[174.437,-36.8862],[174.4367,-36.8862],[174.4365,-36.8865],[174.4364,-36.8868],[174.4364,-36.8871],[174.4368,-36.8872],[174.4374,-36.887],[174.4374,-36.8863],[174.437,-36.8862]]]}},{"type":"Feature","properties":{},"geometry":{"type":"Polygon","coordinates":[[[174.4368,-36.8899],[174.4369,-36.8903],[174.438,-36.8901],[174.4381,-36.89],[174.4382,-36.8895],[174.4379,-36.8889],[174.438,-36.8888],[174.438,-36.8886],[174.4377,-36.8885],[174.4372,-36.8886],[174.4368,-36.8899]]]}},{"type":"Feature","properties":{},"geometry":{"type":"Polygon","coordinates":[[[174.3436,-36.3368],[174.3428,-36.3371],[174.3431,-36.3375],[174.3432,-36.3375],[174.3433,-36.3377],[174.3437,-36.3376],[174.3438,-36.3373],[174.3437,-36.3372],[174.344,-36.3371],[174.3439,-36.3368],[174.3436,-36.3368]]]}},{"type":"Feature","properties":{},"geometry":{"type":"Polygon","coordinates":[[[174.3277,-36.3541],[174.328,-36.3545],[174.3292,-36.3552],[174.3291,-36.3555],[174.3298,-36.3555],[174.3298,-36.355],[174.3304,-36.354],[174.3299,-36.3536],[174.3292,-36.3543],[174.3283,-36.3539],[174.3277,-36.3541]]]}},{"type":"Feature","properties":{},"geometry":{"type":"Polygon","coordinates":[[[174.7334,-36.4061],[174.7332,-36.4059],[174.7323,-36.406],[174.7318,-36.4062],[174.7313,-36.4069],[174.7317,-36.407],[174.732,-36.4073],[174.7324,-36.4073],[174.7329,-36.407],[174.7334,-36.4061]]]}},{"type":"Feature","properties":{},"geometry":{"type":"Polygon","coordinates":[[[174.7156,-36.2388],[174.7156,-36.2389],[174.7159,-36.2393],[174.7166,-36.239],[174.7168,-36.2388],[174.7168,-36.2386],[174.7166,-36.2384],[174.7163,-36.2384],[174.7159,-36.2385],[174.7156,-36.2388]]]}},{"type":"Feature","properties":{},"geometry":{"type":"Polygon","coordinates":[[[174.7277,-36.2464],[174.729,-36.2458],[174.7279,-36.245],[174.7274,-36.2449],[174.7271,-36.245],[174.7271,-36.2452],[174.7272,-36.2456],[174.7273,-36.2462],[174.7277,-36.2464]]]}},{"type":"Feature","properties":{},"geometry":{"type":"Polygon","coordinates":[[[174.768,-36.261],[174.7679,-36.2612],[174.7682,-36.2617],[174.7687,-36.2617],[174.7687,-36.2616],[174.7689,-36.2615],[174.7687,-36.261],[174.7685,-36.2609],[174.768,-36.261]]]}},{"type":"Feature","properties":{},"geometry":{"type":"Polygon","coordinates":[[[174.7237,-36.3334],[174.7227,-36.3337],[174.7227,-36.334],[174.7232,-36.3345],[174.7238,-36.3347],[174.7241,-36.3347],[174.7244,-36.3346],[174.7247,-36.3341],[174.7248,-36.3339],[174.7246,-36.3337],[174.7242,-36.3335],[174.7237,-36.3334]]]}},{"type":"Feature","properties":{},"geometry":{"type":"Polygon","coordinates":[[[174.7568,-36.3152],[174.7564,-36.3149],[174.7562,-36.3148],[174.7551,-36.315],[174.7546,-36.3153],[174.7541,-36.316],[174.7542,-36.3162],[174.7547,-36.3161],[174.7553,-36.3158],[174.7562,-36.3154],[174.7567,-36.3153],[174.7568,-36.3152]]]}},{"type":"Feature","properties":{},"geometry":{"type":"Polygon","coordinates":[[[174.7934,-36.35],[174.7931,-36.3503],[174.7936,-36.3507],[174.7948,-36.3507],[174.795,-36.3503],[174.7938,-36.3499],[174.7934,-36.35]]]}},{"type":"Feature","properties":{},"geometry":{"type":"Polygon","coordinates":[[[174.7745,-36.6066],[174.7744,-36.6069],[174.7742,-36.6071],[174.7742,-36.6073],[174.7755,-36.6074],[174.7756,-36.6071],[174.7753,-36.6071],[174.7748,-36.6067],[174.7745,-36.6066]]]}},{"type":"Feature","properties":{},"geometry":{"type":"Polygon","coordinates":[[[174.7195,-36.5184],[174.7209,-36.519],[174.7213,-36.5179],[174.7208,-36.5176],[174.7203,-36.5176],[174.7195,-36.5184]]]}},{"type":"Feature","properties":{},"geometry":{"type":"Polygon","coordinates":[[[174.8369,-36.4199],[174.8367,-36.4202],[174.8368,-36.4205],[174.8367,-36.4213],[174.8372,-36.4213],[174.8373,-36.421],[174.8375,-36.4207],[174.8376,-36.4203],[174.8369,-36.4199]]]}},{"type":"Feature","properties":{},"geometry":{"type":"Polygon","coordinates":[[[174.8223,-36.4279],[174.8219,-36.4285],[174.8215,-36.4286],[174.8218,-36.4288],[174.8226,-36.429],[174.8228,-36.4289],[174.8226,-36.4286],[174.8225,-36.428],[174.8223,-36.4279]]]}},{"type":"Feature","properties":{},"geometry":{"type":"Polygon","coordinates":[[[174.6494,-36.8766],[174.6491,-36.8766],[174.6492,-36.877],[174.6495,-36.8769],[174.6494,-36.8766]]]}},{"type":"Feature","properties":{},"geometry":{"type":"Polygon","coordinates":[[[174.6511,-36.8416],[174.6511,-36.8414],[174.6511,-36.8413],[174.6509,-36.8413],[174.6509,-36.8416],[174.6511,-36.8416]]]}},{"type":"Feature","properties":{},"geometry":{"type":"Polygon","coordinates":[[[174.6472,-36.8849],[174.6472,-36.8852],[174.6474,-36.8852],[174.6474,-36.8849],[174.6472,-36.8849]]]}},{"type":"Feature","properties":{},"geometry":{"type":"Polygon","coordinates":[[[174.6568,-36.8425],[174.6564,-36.8425],[174.6553,-36.8421],[174.6547,-36.8424],[174.6555,-36.8427],[174.6558,-36.843],[174.6564,-36.8431],[174.6565,-36.8435],[174.6591,-36.8455],[174.6595,-36.8452],[174.6594,-36.8447],[174.6597,-36.8442],[174.6598,-36.8441],[174.6599,-36.8437],[174.6601,-36.8434],[174.66,-36.8433],[174.6602,-36.8431],[174.6603,-36.8427],[174.6607,-36.8423],[174.6568,-36.8425]]]}},{"type":"Feature","properties":{},"geometry":{"type":"Polygon","coordinates":[[[174.7567,-36.8997],[174.7566,-36.8996],[174.7565,-36.9001],[174.7556,-36.9004],[174.755,-36.9004],[174.7549,-36.9002],[174.755,-36.9004],[174.7546,-36.9006],[174.7544,-36.9008],[174.7545,-36.901],[174.7546,-36.9009],[174.7555,-36.9011],[174.7553,-36.9016],[174.7552,-36.9017],[174.7551,-36.9017],[174.755,-36.9014],[174.7551,-36.9017],[174.755,-36.9017],[174.7546,-36.9017],[174.7542,-36.9015],[174.7544,-36.902],[174.7542,-36.9022],[174.7539,-36.9019],[174.7541,-36.9022],[174.7536,-36.9024],[174.7532,-36.9027],[174.7524,-36.9024],[174.7522,-36.9029],[174.7524,-36.903],[174.7525,-36.9034],[174.7524,-36.9037],[174.7525,-36.9038],[174.7522,-36.9042],[174.7524,-36.9043],[174.7526,-36.9039],[174.7537,-36.904],[174.7546,-36.9037],[174.7551,-36.9037],[174.7553,-36.9039],[174.7553,-36.9043],[174.7567,-36.8997]]]}},{"type":"Feature","properties":{},"geometry":{"type":"Polygon","coordinates":[[[174.8097,-36.864],[174.8098,-36.8639],[174.8098,-36.8637],[174.8092,-36.8638],[174.8089,-36.8641],[174.8085,-36.8645],[174.8078,-36.866],[174.8085,-36.8662],[174.8085,-36.8666],[174.8086,-36.8671],[174.8082,-36.8675],[174.8085,-36.8677],[174.8089,-36.867],[174.8089,-36.8662],[174.8091,-36.8657],[174.8095,-36.8651],[174.8095,-36.8646],[174.8096,-36.8642],[174.8097,-36.864]]]}},{"type":"Feature","properties":{},"geometry":{"type":"Polygon","coordinates":[[[174.863,-36.8447],[174.8631,-36.8448],[174.8641,-36.8444],[174.8655,-36.8448],[174.8654,-36.8449],[174.8661,-36.845],[174.866,-36.8454],[174.8666,-36.8455],[174.8665,-36.8459],[174.8671,-36.8457],[174.8676,-36.8457],[174.8681,-36.8458],[174.8686,-36.8461],[174.869,-36.8463],[174.8693,-36.8462],[174.8695,-36.8457],[174.8714,-36.846],[174.8727,-36.8465],[174.8735,-36.8466],[174.875,-36.8467],[174.8755,-36.8467],[174.8754,-36.8466],[174.8746,-36.8465],[174.8743,-36.8464],[174.874,-36.8465],[174.8733,-36.8465],[174.8717,-36.8459],[174.8703,-36.8456],[174.8697,-36.8455],[174.8682,-36.8452],[174.8671,-36.8449],[174.8668,-36.8447],[174.8661,-36.8446],[174.866,-36.8444],[174.8655,-36.8442],[174.865,-36.8442],[174.8645,-36.844],[174.8643,-36.8438],[174.8638,-36.8436],[174.8637,-36.8439],[174.8635,-36.8441],[174.8632,-36.8443],[174.8629,-36.8443],[174.8628,-36.8444],[174.863,-36.8447]]]}},{"type":"Feature","properties":{},"geometry":{"type":"Polygon","coordinates":[[[174.9034,-36.849],[174.9032,-36.8485],[174.9024,-36.8479],[174.9023,-36.8473],[174.9024,-36.847],[174.9018,-36.8464],[174.9016,-36.8462],[174.9011,-36.8462],[174.9005,-36.8464],[174.9004,-36.8467],[174.9007,-36.8472],[174.9004,-36.8477],[174.9001,-36.8479],[174.9,-36.848],[174.9003,-36.8483],[174.9003,-36.8487],[174.9,-36.8491],[174.9009,-36.8491],[174.9021,-36.8495],[174.9022,-36.8493],[174.9034,-36.849]]]}},{"type":"Feature","properties":{},"geometry":{"type":"Polygon","coordinates":[[[175.051,-36.8815],[175.0509,-36.8817],[175.051,-36.8818],[175.0512,-36.882],[175.052,-36.8819],[175.0524,-36.882],[175.0526,-36.8819],[175.0526,-36.8817],[175.0523,-36.8811],[175.0522,-36.881],[175.0518,-36.881],[175.0515,-36.8812],[175.051,-36.8815]]]}},{"type":"Feature","properties":{},"geometry":{"type":"Polygon","coordinates":[[[175.1478,-36.9406],[175.1496,-36.9428],[175.1496,-36.9426],[175.15,-36.9424],[175.1499,-36.9421],[175.15,-36.9416],[175.1508,-36.9412],[175.151,-36.941],[175.1513,-36.9409],[175.1519,-36.9409],[175.1523,-36.9408],[175.1524,-36.9405],[175.1522,-36.9403],[175.1518,-36.9403],[175.1514,-36.9402],[175.1515,-36.9401],[175.1511,-36.9397],[175.1508,-36.9397],[175.1502,-36.9398],[175.1499,-36.9397],[175.1494,-36.9397],[175.1492,-36.9396],[175.1491,-36.9396],[175.1492,-36.94],[175.1491,-36.9401],[175.1489,-36.9401],[175.1489,-36.9403],[175.1485,-36.9406],[175.1478,-36.9406]]]}},{"type":"Feature","properties":{},"geometry":{"type":"Polygon","coordinates":[[[175.0967,-36.9407],[175.0955,-36.9401],[175.0953,-36.9401],[175.0953,-36.9403],[175.096,-36.9412],[175.096,-36.9418],[175.0966,-36.9417],[175.0971,-36.9413],[175.0973,-36.9408],[175.0967,-36.9407]]]}},{"type":"Feature","properties":{},"geometry":{"type":"Polygon","coordinates":[[[175.0939,-36.9443],[175.0938,-36.9446],[175.0939,-36.9447],[175.0943,-36.9448],[175.0944,-36.9447],[175.0945,-36.9443],[175.0944,-36.9438],[175.0943,-36.9438],[175.0942,-36.9438],[175.0939,-36.9443]]]}},{"type":"Feature","properties":{},"geometry":{"type":"Polygon","coordinates":[[[175.0951,-36.9009],[175.0956,-36.9019],[175.0961,-36.9015],[175.0967,-36.9016],[175.0976,-36.9013],[175.0979,-36.9011],[175.0987,-36.9011],[175.0991,-36.901],[175.0991,-36.9009],[175.0987,-36.9004],[175.0988,-36.9002],[175.0986,-36.9001],[175.0983,-36.9002],[175.0981,-36.9004],[175.0976,-36.9006],[175.097,-36.9006],[175.0959,-36.9009],[175.0951,-36.9009]]]}},{"type":"Feature","properties":{},"geometry":{"type":"Polygon","coordinates":[[[175.262,-36.9975],[175.2616,-36.9974],[175.2613,-36.9976],[175.2612,-36.9978],[175.2613,-36.9981],[175.262,-36.9988],[175.2623,-36.9989],[175.2627,-36.9989],[175.2631,-36.9986],[175.263,-36.9983],[175.2625,-36.9978],[175.262,-36.9975]]]}},{"type":"Feature","properties":{},"geometry":{"type":"Polygon","coordinates":[[[175.2139,-36.981],[175.2138,-36.9801],[175.2141,-36.9796],[175.2139,-36.9794],[175.2135,-36.9796],[175.2134,-36.9799],[175.2136,-36.9812],[175.2133,-36.9816],[175.2133,-36.9818],[175.2134,-36.9819],[175.2136,-36.982],[175.2138,-36.9819],[175.2139,-36.9815],[175.2139,-36.981]]]}},{"type":"Feature","properties":{},"geometry":{"type":"Polygon","coordinates":[[[174.9008,-36.9219],[174.9003,-36.9218],[174.8998,-36.922],[174.9002,-36.9223],[174.9007,-36.9223],[174.9008,-36.9221],[174.9008,-36.9219]]]}},{"type":"Feature","properties":{},"geometry":{"type":"Polygon","coordinates":[[[174.8452,-36.3783],[174.8449,-36.3785],[174.8456,-36.3793],[174.8459,-36.3793],[174.8464,-36.379],[174.8463,-36.3787],[174.8458,-36.3786],[174.8452,-36.3783]]]}},{"type":"Feature","properties":{},"geometry":{"type":"Polygon","coordinates":[[[174.8315,-36.6137],[174.8297,-36.6131],[174.8282,-36.6159],[174.8299,-36.617],[174.8315,-36.6137]]]}},{"type":"Feature","properties":{},"geometry":{"type":"Polygon","coordinates":[[[174.7189,-36.6736],[174.7182,-36.6738],[174.7175,-36.6743],[174.7178,-36.6745],[174.7185,-36.6739],[174.7201,-36.6733],[174.7205,-36.673],[174.7204,-36.6729],[174.7201,-36.6732],[174.7192,-36.6734],[174.7191,-36.6735],[174.7189,-36.6736]]]}},{"type":"Feature","properties":{},"geometry":{"type":"Polygon","coordinates":[[[175.2582,-36.9755],[175.2581,-36.9758],[175.2582,-36.9759],[175.2584,-36.9758],[175.2585,-36.9756],[175.2583,-36.9755],[175.2582,-36.9755]]]}},{"type":"Feature","properties":{},"geometry":{"type":"Polygon","coordinates":[[[174.7306,-36.6707],[174.7307,-36.6707],[174.7307,-36.6704],[174.7304,-36.6701],[174.7302,-36.6701],[174.7301,-36.6702],[174.7306,-36.6707]]]}},{"type":"Feature","properties":{},"geometry":{"type":"Polygon","coordinates":[[[174.7317,-36.6702],[174.7317,-36.6703],[174.732,-36.6703],[174.7321,-36.6702],[174.7322,-36.6701],[174.732,-36.6701],[174.7317,-36.6702]]]}},{"type":"Feature","properties":{},"geometry":{"type":"Polygon","coordinates":[[[174.729,-36.6929],[174.7284,-36.693],[174.7285,-36.6938],[174.7293,-36.6936],[174.729,-36.6929]]]}},{"type":"Feature","properties":{},"geometry":{"type":"Polygon","coordinates":[[[174.7439,-36.6849],[174.7435,-36.6848],[174.7431,-36.6848],[174.743,-36.6849],[174.7429,-36.6851],[174.743,-36.6852],[174.7439,-36.6853],[174.744,-36.6851],[174.744,-36.685],[174.7439,-36.6849]]]}},{"type":"Feature","properties":{},"geometry":{"type":"Polygon","coordinates":[[[174.7437,-36.6862],[174.7436,-36.6864],[174.7436,-36.6867],[174.7437,-36.6869],[174.744,-36.687],[174.7445,-36.687],[174.7452,-36.6868],[174.7458,-36.6864],[174.7459,-36.6857],[174.7455,-36.6854],[174.7448,-36.6853],[174.7443,-36.6856],[174.7437,-36.6862]]]}},{"type":"Feature","properties":{},"geometry":{"type":"Polygon","coordinates":[[[174.7215,-36.5064],[174.7216,-36.5068],[174.7218,-36.5069],[174.7221,-36.5069],[174.7222,-36.5067],[174.722,-36.5062],[174.7215,-36.5064]]]}},{"type":"Feature","properties":{},"geometry":{"type":"Polygon","coordinates":[[[174.7078,-36.5268],[174.7088,-36.5257],[174.7088,-36.5256],[174.7076,-36.5255],[174.7071,-36.526],[174.707,-36.5265],[174.7078,-36.5268]]]}},{"type":"Feature","properties":{},"geometry":{"type":"Polygon","coordinates":[[[174.7101,-36.5252],[174.7097,-36.5228],[174.7093,-36.5225],[174.709,-36.5225],[174.7088,-36.5229],[174.709,-36.5244],[174.7089,-36.5245],[174.7091,-36.5255],[174.7101,-36.5252]]]}},{"type":"Feature","properties":{},"geometry":{"type":"Polygon","coordinates":[[[174.9712,-36.9412],[174.9709,-36.942],[174.9713,-36.942],[174.9719,-36.9418],[174.9724,-36.9412],[174.9712,-36.9412]]]}},{"type":"Feature","properties":{},"geometry":{"type":"Polygon","coordinates":[[[174.964,-36.9454],[174.9642,-36.9454],[174.9644,-36.9451],[174.9642,-36.945],[174.964,-36.9454]]]}},{"type":"Feature","properties":{},"geometry":{"type":"Polygon","coordinates":[[[174.9643,-36.9457],[174.964,-36.9456],[174.9639,-36.9457],[174.9638,-36.9459],[174.9638,-36.9462],[174.9644,-36.9462],[174.9643,-36.9457]]]}},{"type":"Feature","properties":{},"geometry":{"type":"Polygon","coordinates":[[[174.9694,-36.9421],[174.9692,-36.9421],[174.9694,-36.943],[174.9692,-36.9431],[174.9693,-36.9433],[174.9697,-36.9433],[174.9697,-36.9429],[174.9695,-36.9429],[174.9694,-36.9423],[174.9694,-36.9421]]]}},{"type":"Feature","properties":{},"geometry":{"type":"Polygon","coordinates":[[[174.9673,-36.9431],[174.9671,-36.9436],[174.9672,-36.9438],[174.9676,-36.9436],[174.9673,-36.9431]]]}},{"type":"Feature","properties":{},"geometry":{"type":"Polygon","coordinates":[[[174.9519,-36.9129],[174.9522,-36.9134],[174.9518,-36.9135],[174.9524,-36.9145],[174.9526,-36.9145],[174.9536,-36.9133],[174.9536,-36.9132],[174.953,-36.9126],[174.9519,-36.9129]]]}},{"type":"Feature","properties":{},"geometry":{"type":"Polygon","coordinates":[[[174.5453,-36.8412],[174.5454,-36.8415],[174.5461,-36.8415],[174.5465,-36.8418],[174.5461,-36.8409],[174.5456,-36.8409],[174.5453,-36.8412]]]}},{"type":"Feature","properties":{},"geometry":{"type":"Polygon","coordinates":[[[174.9686,-36.9246],[174.9685,-36.9247],[174.9687,-36.9256],[174.9688,-36.9261],[174.9691,-36.9265],[174.9694,-36.9263],[174.969,-36.9259],[174.9695,-36.9255],[174.9701,-36.9254],[174.9702,-36.9247],[174.9701,-36.9245],[174.97,-36.9245],[174.9686,-36.9246]]]}},{"type":"Feature","properties":{},"geometry":{"type":"Polygon","coordinates":[[[174.7245,-36.4855],[174.7246,-36.486],[174.7253,-36.4866],[174.7262,-36.4875],[174.7268,-36.4875],[174.7268,-36.4854],[174.7245,-36.4855]]]}},{"type":"Feature","properties":{},"geometry":{"type":"Polygon","coordinates":[[[174.7255,-36.4825],[174.7247,-36.4828],[174.7247,-36.483],[174.7252,-36.4833],[174.7261,-36.483],[174.7258,-36.4826],[174.7255,-36.4825]]]}},{"type":"Feature","properties":{},"geometry":{"type":"Polygon","coordinates":[[[174.7254,-36.4841],[174.725,-36.484],[174.7248,-36.4842],[174.7251,-36.4844],[174.7254,-36.4841]]]}},{"type":"Feature","properties":{},"geometry":{"type":"Polygon","coordinates":[[[174.7247,-36.4842],[174.725,-36.4844],[174.7254,-36.4841],[174.725,-36.4839],[174.7247,-36.4842]]]}},{"type":"Feature","properties":{},"geometry":{"type":"Polygon","coordinates":[[[174.7244,-36.4851],[174.724,-36.4856],[174.724,-36.4858],[174.7246,-36.4858],[174.725,-36.4854],[174.7244,-36.4851]]]}},{"type":"Feature","properties":{},"geometry":{"type":"Polygon","coordinates":[[[174.426,-36.8312],[174.4258,-36.8314],[174.426,-36.8324],[174.427,-36.8324],[174.4275,-36.8312],[174.4269,-36.8308],[174.426,-36.8312]]]}},{"type":"Feature","properties":{},"geometry":{"type":"Polygon","coordinates":[[[174.4256,-36.8335],[174.426,-36.8332],[174.426,-36.833],[174.4257,-36.8329],[174.4254,-36.8332],[174.4256,-36.8335]]]}},{"type":"Feature","properties":{},"geometry":{"type":"Polygon","coordinates":[[[174.4271,-36.8359],[174.4272,-36.8366],[174.4278,-36.8366],[174.4277,-36.8359],[174.4271,-36.8359]]]}},{"type":"Feature","properties":{},"geometry":{"type":"Polygon","coordinates":[[[174.9703,-36.9389],[174.9701,-36.9382],[174.97,-36.9379],[174.9698,-36.9377],[174.9693,-36.9378],[174.9693,-36.9381],[174.9686,-36.9389],[174.97,-36.9403],[174.9702,-36.9403],[174.9704,-36.9402],[174.9708,-36.9399],[174.9708,-36.9397],[174.9703,-36.9389]]]}},{"type":"Feature","properties":{},"geometry":{"type":"Polygon","coordinates":[[[174.9697,-36.9409],[174.9696,-36.941],[174.9696,-36.9412],[174.9699,-36.9413],[174.97,-36.941],[174.9697,-36.9409]]]}},{"type":"Feature","properties":{},"geometry":{"type":"Polygon","coordinates":[[[174.9712,-36.9413],[174.9712,-36.9414],[174.9714,-36.9415],[174.9715,-36.9413],[174.9713,-36.9412],[174.9712,-36.9413]]]}},{"type":"Feature","properties":{},"geometry":{"type":"Polygon","coordinates":[[[174.7163,-37.2166],[174.7165,-37.2174],[174.7166,-37.2195],[174.717,-37.2197],[174.7171,-37.2201],[174.717,-37.2204],[174.7172,-37.2205],[174.7186,-37.22],[174.7187,-37.2198],[174.719,-37.2196],[174.719,-37.2194],[174.7191,-37.2193],[174.7192,-37.2187],[174.7194,-37.218],[174.7194,-37.2178],[174.7196,-37.2177],[174.7195,-37.2174],[174.7195,-37.217],[174.7194,-37.2169],[174.7194,-37.2163],[174.7191,-37.216],[174.7188,-37.2159],[174.7184,-37.2157],[174.7178,-37.2157],[174.7175,-37.2159],[174.7172,-37.2162],[174.7165,-37.2164],[174.7163,-37.2166]]]}},{"type":"Feature","properties":{},"geometry":{"type":"Polygon","coordinates":[[[174.5976,-36.7558],[174.5981,-36.7553],[174.5971,-36.7545],[174.5967,-36.7548],[174.5956,-36.7543],[174.5955,-36.7544],[174.5967,-36.7549],[174.597,-36.7552],[174.5969,-36.7553],[174.5972,-36.7555],[174.5973,-36.7554],[174.5973,-36.7555],[174.5973,-36.7558],[174.5976,-36.7558]]]}},{"type":"Feature","properties":{},"geometry":{"type":"Polygon","coordinates":[[[174.8925,-36.9244],[174.8924,-36.9245],[174.8924,-36.9246],[174.8926,-36.9248],[174.8926,-36.9254],[174.8928,-36.9257],[174.8925,-36.9258],[174.8925,-36.9259],[174.893,-36.926],[174.8932,-36.9258],[174.893,-36.9254],[174.893,-36.9248],[174.8929,-36.9246],[174.8925,-36.9244]]]}},{"type":"Feature","properties":{},"geometry":{"type":"Polygon","coordinates":[[[174.8589,-36.9084],[174.8586,-36.9086],[174.8589,-36.9088],[174.8591,-36.9087],[174.8589,-36.9084]]]}},{"type":"Feature","properties":{},"geometry":{"type":"Polygon","coordinates":[[[174.7678,-36.8189],[174.7674,-36.8193],[174.7673,-36.8215],[174.768,-36.8215],[174.7681,-36.8197],[174.7685,-36.8194],[174.7683,-36.8193],[174.7682,-36.8193],[174.768,-36.8191],[174.7678,-36.819],[174.7678,-36.8189]]]}},{"type":"Feature","properties":{},"geometry":{"type":"Polygon","coordinates":[[[174.6789,-36.7897],[174.6781,-36.79],[174.6783,-36.7903],[174.6791,-36.79],[174.6789,-36.7897]]]}},{"type":"Feature","properties":{},"geometry":{"type":"Polygon","coordinates":[[[174.8597,-36.9061],[174.8595,-36.9059],[174.8593,-36.9061],[174.8595,-36.9062],[174.8597,-36.9061]]]}},{"type":"Feature","properties":{},"geometry":{"type":"Polygon","coordinates":[[[174.7967,-36.4736],[174.7957,-36.4739],[174.7963,-36.4751],[174.7971,-36.4747],[174.7974,-36.4744],[174.7974,-36.4742],[174.7971,-36.4741],[174.7969,-36.4739],[174.7967,-36.4736]]]}},{"type":"Feature","properties":{},"geometry":{"type":"Polygon","coordinates":[[[174.7264,-36.4628],[174.726,-36.4629],[174.7259,-36.4632],[174.7261,-36.4635],[174.7264,-36.4636],[174.7267,-36.4634],[174.7268,-36.4632],[174.7267,-36.4629],[174.7264,-36.4628]]]}},{"type":"Feature","properties":{},"geometry":{"type":"Polygon","coordinates":[[[174.874,-36.7646],[174.8727,-36.7665],[174.8763,-36.7677],[174.8776,-36.7706],[174.8896,-36.7703],[174.8899,-36.7717],[174.8919,-36.7762],[174.8973,-36.7761],[174.8973,-36.7742],[174.8906,-36.7688],[174.8904,-36.7672],[174.8795,-36.7673],[174.874,-36.7646]]]}},{"type":"Feature","properties":{},"geometry":{"type":"Polygon","coordinates":[[[174.8403,-37.0189],[174.8413,-37.0193],[174.8419,-37.0189],[174.8415,-37.0182],[174.8402,-37.0178],[174.8397,-37.0183],[174.8403,-37.0189]]]}},{"type":"Feature","properties":{},"geometry":{"type":"Polygon","coordinates":[[[174.8968,-36.756],[174.8962,-36.7558],[174.8956,-36.756],[174.8946,-36.7565],[174.8944,-36.7575],[174.8956,-36.7582],[174.8963,-36.7581],[174.8966,-36.7583],[174.8967,-36.7585],[174.8971,-36.7583],[174.8968,-36.756]]]}},{"type":"Feature","properties":{},"geometry":{"type":"Polygon","coordinates":[[[174.8076,-36.4685],[174.8075,-36.4687],[174.8077,-36.4696],[174.8079,-36.4697],[174.8085,-36.4695],[174.809,-36.4694],[174.8094,-36.4698],[174.8101,-36.4696],[174.8096,-36.4689],[174.8091,-36.469],[174.8087,-36.469],[174.8085,-36.4689],[174.8084,-36.4685],[174.8076,-36.4685]]]}},{"type":"Feature","properties":{},"geometry":{"type":"Polygon","coordinates":[[[174.969,-36.9486],[174.9693,-36.9489],[174.9704,-36.9484],[174.9701,-36.948],[174.969,-36.9486]]]}},{"type":"Feature","properties":{},"geometry":{"type":"Polygon","coordinates":[[[174.7801,-36.8253],[174.7803,-36.825],[174.7785,-36.8244],[174.7768,-36.8242],[174.7768,-36.8245],[174.7772,-36.8247],[174.7782,-36.8248],[174.7784,-36.8248],[174.7795,-36.825],[174.7801,-36.8253]]]}},{"type":"Feature","properties":{},"geometry":{"type":"Polygon","coordinates":[[[174.6807,-36.7805],[174.6806,-36.7805],[174.6806,-36.781],[174.681,-36.7818],[174.6807,-36.7835],[174.681,-36.7833],[174.6815,-36.7827],[174.6817,-36.7823],[174.6823,-36.7818],[174.6815,-36.7802],[174.6807,-36.7805]]]}},{"type":"Feature","properties":{},"geometry":{"type":"Polygon","coordinates":[[[174.7333,-36.6694],[174.7336,-36.6692],[174.7334,-36.669],[174.7331,-36.6692],[174.7333,-36.6694]]]}},{"type":"Feature","properties":{},"geometry":{"type":"Polygon","coordinates":[[[174.6786,-36.7835],[174.6783,-36.7838],[174.6774,-36.7836],[174.6775,-36.7837],[174.6786,-36.7839],[174.6789,-36.7842],[174.6801,-36.7834],[174.6801,-36.783],[174.6798,-36.7827],[174.6786,-36.7835]]]}},{"type":"Feature","properties":{},"geometry":{"type":"Polygon","coordinates":[[[174.7662,-36.7866],[174.766,-36.7863],[174.7657,-36.7863],[174.7656,-36.7864],[174.7656,-36.7866],[174.7662,-36.7866]]]}},{"type":"Feature","properties":{},"geometry":{"type":"Polygon","coordinates":[[[174.7387,-36.8193],[174.739,-36.8201],[174.739,-36.8199],[174.7396,-36.8197],[174.7397,-36.8195],[174.7395,-36.8195],[174.739,-36.8194],[174.7387,-36.8193]]]}},{"type":"Feature","properties":{},"geometry":{"type":"Polygon","coordinates":[[[174.7194,-36.5108],[174.7193,-36.5111],[174.7195,-36.5113],[174.7199,-36.5112],[174.72,-36.5109],[174.7194,-36.5108]]]}},{"type":"Feature","properties":{},"geometry":{"type":"Polygon","coordinates":[[[174.7069,-36.5268],[174.7072,-36.5277],[174.7085,-36.5274],[174.7084,-36.527],[174.708,-36.5268],[174.7075,-36.5269],[174.7074,-36.5267],[174.7069,-36.5268]]]}},{"type":"Feature","properties":{},"geometry":{"type":"Polygon","coordinates":[[[174.7161,-36.5189],[174.716,-36.5193],[174.7174,-36.5198],[174.7178,-36.5195],[174.7172,-36.5189],[174.7163,-36.5187],[174.7161,-36.5189]]]}},{"type":"Feature","properties":{},"geometry":{"type":"Polygon","coordinates":[[[174.7144,-36.5249],[174.7137,-36.5252],[174.7139,-36.5255],[174.714,-36.526],[174.7142,-36.5261],[174.7148,-36.526],[174.7148,-36.5255],[174.7144,-36.5249]]]}},{"type":"Feature","properties":{},"geometry":{"type":"Polygon","coordinates":[[[174.7212,-36.5164],[174.7215,-36.5166],[174.7215,-36.5167],[174.7218,-36.5167],[174.7218,-36.5163],[174.7215,-36.5162],[174.7212,-36.5164]]]}},{"type":"Feature","properties":{},"geometry":{"type":"Polygon","coordinates":[[[174.7175,-36.5269],[174.7186,-36.5276],[174.721,-36.527],[174.7219,-36.5257],[174.7216,-36.5247],[174.72,-36.5238],[174.7188,-36.5246],[174.7175,-36.5269]]]}},{"type":"Feature","properties":{},"geometry":{"type":"Polygon","coordinates":[[[174.7883,-36.8724],[174.7885,-36.8727],[174.7888,-36.8726],[174.7886,-36.8723],[174.7883,-36.8724]]]}},{"type":"Feature","properties":{},"geometry":{"type":"Polygon","coordinates":[[[174.7776,-36.9011],[174.7777,-36.9015],[174.7784,-36.9013],[174.7785,-36.9012],[174.7782,-36.9011],[174.7776,-36.9011]]]}},{"type":"Feature","properties":{},"geometry":{"type":"Polygon","coordinates":[[[174.8098,-36.8833],[174.8097,-36.8837],[174.8102,-36.8835],[174.8102,-36.8833],[174.8098,-36.8833]]]}},{"type":"Feature","properties":{},"geometry":{"type":"Polygon","coordinates":[[[174.9824,-37.1047],[174.9823,-37.1044],[174.9818,-37.1044],[174.9814,-37.1042],[174.9811,-37.1042],[174.9813,-37.1048],[174.9824,-37.1047]]]}},{"type":"Feature","properties":{},"geometry":{"type":"Polygon","coordinates":[[[174.9802,-37.1036],[174.9802,-37.104],[174.9806,-37.104],[174.9807,-37.1037],[174.9813,-37.1034],[174.9811,-37.1032],[174.9805,-37.1032],[174.9802,-37.1036]]]}},{"type":"Feature","properties":{},"geometry":{"type":"Polygon","coordinates":[[[174.7402,-36.4963],[174.7406,-36.4966],[174.7411,-36.4961],[174.7407,-36.4958],[174.7402,-36.4963]]]}},{"type":"Feature","properties":{},"geometry":{"type":"Polygon","coordinates":[[[174.7389,-36.4948],[174.7389,-36.495],[174.7392,-36.495],[174.7392,-36.4948],[174.7389,-36.4948]]]}},{"type":"Feature","properties":{},"geometry":{"type":"Polygon","coordinates":[[[174.738,-36.4946],[174.7381,-36.4948],[174.7388,-36.4948],[174.7388,-36.4941],[174.7385,-36.4942],[174.738,-36.4946]]]}},{"type":"Feature","properties":{},"geometry":{"type":"Polygon","coordinates":[[[174.7397,-36.4931],[174.738,-36.4947],[174.7382,-36.495],[174.7393,-36.4946],[174.7408,-36.4945],[174.7411,-36.4936],[174.7407,-36.493],[174.7397,-36.4931]]]}},{"type":"Feature","properties":{},"geometry":{"type":"Polygon","coordinates":[[[174.7402,-36.4945],[174.7406,-36.4944],[174.7407,-36.4943],[174.7407,-36.4941],[174.7405,-36.4941],[174.7402,-36.4942],[174.7402,-36.4945]]]}},{"type":"Feature","properties":{},"geometry":{"type":"Polygon","coordinates":[[[174.7406,-36.4872],[174.7406,-36.4874],[174.7408,-36.4874],[174.741,-36.4874],[174.741,-36.4872],[174.7406,-36.4872]]]}},{"type":"Feature","properties":{},"geometry":{"type":"Polygon","coordinates":[[[174.7437,-36.4886],[174.7436,-36.4887],[174.7436,-36.4892],[174.7437,-36.4894],[174.744,-36.4894],[174.7443,-36.4892],[174.7443,-36.4888],[174.7442,-36.4886],[174.7437,-36.4886]]]}},{"type":"Feature","properties":{},"geometry":{"type":"Polygon","coordinates":[[[174.7271,-36.4871],[174.7265,-36.4868],[174.7262,-36.4869],[174.7261,-36.4874],[174.7264,-36.4877],[174.7271,-36.4871]]]}},{"type":"Feature","properties":{},"geometry":{"type":"Polygon","coordinates":[[[175.084,-36.9519],[175.0845,-36.9523],[175.0854,-36.9513],[175.086,-36.9509],[175.086,-36.9505],[175.0855,-36.9506],[175.084,-36.9519]]]}},{"type":"Feature","properties":{},"geometry":{"type":"Polygon","coordinates":[[[175.0836,-36.9524],[175.0832,-36.9528],[175.0831,-36.9534],[175.0832,-36.9539],[175.0833,-36.954],[175.0837,-36.9536],[175.0839,-36.953],[175.0842,-36.9527],[175.0836,-36.9524]]]}},{"type":"Feature","properties":{},"geometry":{"type":"Polygon","coordinates":[[[174.5456,-37.0738],[174.5456,-37.0742],[174.5459,-37.0751],[174.5463,-37.0755],[174.5468,-37.0755],[174.547,-37.0753],[174.5471,-37.0744],[174.5474,-37.0738],[174.5481,-37.0734],[174.5479,-37.0731],[174.5468,-37.0722],[174.5457,-37.0725],[174.5457,-37.0728],[174.5464,-37.0729],[174.5456,-37.0738]]]}},{"type":"Feature","properties":{},"geometry":{"type":"Polygon","coordinates":[[[174.5437,-37.0746],[174.5437,-37.0749],[174.5441,-37.0749],[174.5441,-37.0746],[174.5437,-37.0746]]]}},{"type":"Feature","properties":{},"geometry":{"type":"Polygon","coordinates":[[[174.6085,-37.1487],[174.6081,-37.1488],[174.6083,-37.1493],[174.6087,-37.1496],[174.6096,-37.15],[174.6099,-37.1496],[174.6095,-37.1494],[174.609,-37.1494],[174.6089,-37.1491],[174.6085,-37.1487]]]}},{"type":"Feature","properties":{},"geometry":{"type":"Polygon","coordinates":[[[174.6683,-37.2316],[174.6677,-37.2308],[174.6672,-37.2308],[174.6663,-37.2313],[174.6661,-37.2318],[174.6664,-37.232],[174.6683,-37.2316]]]}},{"type":"Feature","properties":{},"geometry":{"type":"Polygon","coordinates":[[[174.5825,-37.1148],[174.582,-37.1156],[174.5822,-37.1167],[174.5826,-37.1172],[174.5831,-37.1173],[174.5851,-37.1165],[174.5851,-37.1156],[174.5845,-37.1152],[174.5837,-37.1152],[174.5834,-37.1149],[174.5844,-37.1138],[174.5843,-37.1133],[174.584,-37.1132],[174.5837,-37.1133],[174.5835,-37.1135],[174.5825,-37.1148]]]}},{"type":"Feature","properties":{},"geometry":{"type":"Polygon","coordinates":[[[174.7063,-37.1502],[174.705,-37.1496],[174.7043,-37.1509],[174.704,-37.1519],[174.7045,-37.152],[174.7065,-37.1521],[174.7063,-37.1502]]]}},{"type":"Feature","properties":{},"geometry":{"type":"Polygon","coordinates":[[[175.0271,-36.8058],[175.0274,-36.8065],[175.0278,-36.8072],[175.0284,-36.807],[175.0276,-36.8056],[175.0271,-36.8058]]]}},{"type":"Feature","properties":{},"geometry":{"type":"Polygon","coordinates":[[[174.9478,-36.7248],[174.9476,-36.7257],[174.9485,-36.7254],[174.9484,-36.7263],[174.9491,-36.7263],[174.9492,-36.7253],[174.9502,-36.7251],[174.9502,-36.7249],[174.949,-36.7246],[174.9478,-36.7248]]]}},{"type":"Feature","properties":{},"geometry":{"type":"Polygon","coordinates":[[[174.8895,-36.8293],[174.8887,-36.8295],[174.8891,-36.8301],[174.8897,-36.8303],[174.8901,-36.8302],[174.8901,-36.8295],[174.8898,-36.8295],[174.8895,-36.8293]]]}},{"type":"Feature","properties":{},"geometry":{"type":"Polygon","coordinates":[[[174.7098,-36.8252],[174.7097,-36.8255],[174.7093,-36.8257],[174.7091,-36.826],[174.7091,-36.8261],[174.7101,-36.8262],[174.7103,-36.8262],[174.7106,-36.8257],[174.71,-36.8253],[174.7098,-36.8252]]]}},{"type":"Feature","properties":{},"geometry":{"type":"Polygon","coordinates":[[[174.77,-36.7595],[174.7698,-36.7589],[174.7695,-36.7585],[174.7691,-36.7587],[174.7688,-36.7591],[174.7687,-36.7593],[174.7688,-36.7595],[174.7696,-36.7599],[174.7702,-36.76],[174.77,-36.7595]]]}},{"type":"Feature","properties":{},"geometry":{"type":"Polygon","coordinates":[[[174.8273,-36.3681],[174.827,-36.3679],[174.8267,-36.3679],[174.8264,-36.3677],[174.8261,-36.3677],[174.826,-36.3679],[174.8263,-36.3683],[174.8267,-36.3684],[174.8269,-36.3684],[174.8273,-36.3681]]]}},{"type":"Feature","properties":{},"geometry":{"type":"Polygon","coordinates":[[[174.8329,-36.3762],[174.8328,-36.3765],[174.8332,-36.3768],[174.8334,-36.3768],[174.8336,-36.3766],[174.8346,-36.3763],[174.8344,-36.3759],[174.8338,-36.3761],[174.8329,-36.3762]]]}},{"type":"Feature","properties":{},"geometry":{"type":"Polygon","coordinates":[[[174.8653,-36.3694],[174.8655,-36.3696],[174.8657,-36.3696],[174.8659,-36.3695],[174.8657,-36.3691],[174.8653,-36.3687],[174.865,-36.3689],[174.865,-36.369],[174.8653,-36.3692],[174.8653,-36.3694]]]}},{"type":"Feature","properties":{},"geometry":{"type":"Polygon","coordinates":[[[174.5575,-36.9337],[174.559,-36.93],[174.5548,-36.9291],[174.5539,-36.9312],[174.552,-36.931],[174.5519,-36.9316],[174.5575,-36.9337]]]}},{"type":"Feature","properties":{},"geometry":{"type":"Polygon","coordinates":[[[174.8296,-36.6199],[174.8307,-36.6195],[174.8297,-36.6184],[174.8295,-36.6175],[174.829,-36.6176],[174.8286,-36.6189],[174.8294,-36.6199],[174.8296,-36.6199]]]}},{"type":"Feature","properties":{},"geometry":{"type":"Polygon","coordinates":[[[174.8261,-36.6138],[174.8264,-36.6139],[174.8267,-36.6137],[174.8266,-36.6135],[174.826,-36.6136],[174.8261,-36.6138]]]}},{"type":"Feature","properties":{},"geometry":{"type":"Polygon","coordinates":[[[174.8283,-36.614],[174.8287,-36.614],[174.829,-36.6137],[174.829,-36.6135],[174.8287,-36.6134],[174.8282,-36.6137],[174.8283,-36.614]]]}},{"type":"Feature","properties":{},"geometry":{"type":"Polygon","coordinates":[[[174.8266,-36.6135],[174.8269,-36.6138],[174.8273,-36.6133],[174.8269,-36.6132],[174.8267,-36.6134],[174.8266,-36.6135]]]}},{"type":"Feature","properties":{},"geometry":{"type":"Polygon","coordinates":[[[174.8185,-36.6158],[174.82,-36.6148],[174.82,-36.6134],[174.8192,-36.6135],[174.8185,-36.6158]]]}},{"type":"Feature","properties":{},"geometry":{"type":"Polygon","coordinates":[[[174.8141,-36.6085],[174.8146,-36.6094],[174.8157,-36.6091],[174.8156,-36.6083],[174.8141,-36.6085]]]}},{"type":"Feature","properties":{},"geometry":{"type":"Polygon","coordinates":[[[174.8144,-36.6061],[174.8138,-36.6074],[174.8139,-36.6077],[174.8145,-36.6079],[174.815,-36.6076],[174.8154,-36.6066],[174.8153,-36.6062],[174.8151,-36.6061],[174.8144,-36.6061]]]}},{"type":"Feature","properties":{},"geometry":{"type":"Polygon","coordinates":[[[174.8142,-36.6062],[174.8138,-36.6074],[174.8142,-36.6079],[174.815,-36.6076],[174.8154,-36.6068],[174.8153,-36.6062],[174.8142,-36.6062]]]}},{"type":"Feature","properties":{},"geometry":{"type":"Polygon","coordinates":[[[174.811,-36.6022],[174.8091,-36.6024],[174.8091,-36.6032],[174.8095,-36.6033],[174.8108,-36.603],[174.8111,-36.6025],[174.811,-36.6022]]]}},{"type":"Feature","properties":{},"geometry":{"type":"Polygon","coordinates":[[[174.8141,-36.6059],[174.8144,-36.6062],[174.8148,-36.6063],[174.8149,-36.6059],[174.8148,-36.6056],[174.8144,-36.6055],[174.8141,-36.6057],[174.8141,-36.6059]]]}},{"type":"Feature","properties":{},"geometry":{"type":"Polygon","coordinates":[[[174.8146,-36.6039],[174.8144,-36.6042],[174.8147,-36.6046],[174.8151,-36.6046],[174.8154,-36.6043],[174.8149,-36.6039],[174.8146,-36.6039]]]}},{"type":"Feature","properties":{},"geometry":{"type":"Polygon","coordinates":[[[174.7107,-36.5409],[174.7104,-36.5412],[174.7105,-36.5413],[174.7109,-36.5415],[174.7114,-36.5415],[174.7115,-36.5414],[174.7109,-36.5408],[174.7107,-36.5409]]]}},{"type":"Feature","properties":{},"geometry":{"type":"Polygon","coordinates":[[[174.7077,-36.5362],[174.7078,-36.5364],[174.7084,-36.5363],[174.7084,-36.5359],[174.7078,-36.536],[174.7077,-36.5362]]]}},{"type":"Feature","properties":{},"geometry":{"type":"Polygon","coordinates":[[[174.6552,-36.902],[174.6482,-36.8974],[174.6462,-36.8975],[174.6462,-36.898],[174.6455,-36.8987],[174.6438,-36.8995],[174.644,-36.9005],[174.6435,-36.9021],[174.6427,-36.9026],[174.6419,-36.9026],[174.6418,-36.9024],[174.6419,-36.902],[174.6418,-36.902],[174.6419,-36.9015],[174.642,-36.9009],[174.6415,-36.9007],[174.6383,-36.9042],[174.6399,-36.9056],[174.6427,-36.9065],[174.644,-36.9071],[174.6457,-36.9073],[174.6464,-36.9078],[174.6472,-36.9081],[174.6473,-36.908],[174.6482,-36.9083],[174.6502,-36.9087],[174.6513,-36.909],[174.6515,-36.9087],[174.6514,-36.9086],[174.6517,-36.9085],[174.6515,-36.9079],[174.6548,-36.9026],[174.6552,-36.902]]]}},{"type":"Feature","properties":{},"geometry":{"type":"Polygon","coordinates":[[[174.7026,-36.5343],[174.7028,-36.5349],[174.7031,-36.5349],[174.7033,-36.5343],[174.7026,-36.5343]]]}},{"type":"Feature","properties":{},"geometry":{"type":"Polygon","coordinates":[[[174.7097,-36.5396],[174.7102,-36.5395],[174.7102,-36.5393],[174.71,-36.5392],[174.71,-36.5389],[174.7095,-36.5389],[174.7095,-36.5391],[174.7096,-36.5392],[174.7097,-36.5396]]]}},{"type":"Feature","properties":{},"geometry":{"type":"Polygon","coordinates":[[[174.997,-37.1848],[174.9965,-37.1849],[174.9969,-37.1854],[174.9973,-37.1853],[174.9972,-37.1849],[174.997,-37.1848]]]}},{"type":"Feature","properties":{},"geometry":{"type":"Polygon","coordinates":[[[174.8992,-37.1997],[174.899,-37.1998],[174.8991,-37.1999],[174.8994,-37.1998],[174.8995,-37.1998],[174.8996,-37.1997],[174.8995,-37.1995],[174.8992,-37.1997]]]}},{"type":"Feature","properties":{},"geometry":{"type":"Polygon","coordinates":[[[174.9112,-37.2019],[174.9114,-37.2028],[174.9117,-37.2027],[174.9117,-37.2024],[174.9121,-37.2023],[174.912,-37.2018],[174.9112,-37.2019]]]}},{"type":"Feature","properties":{},"geometry":{"type":"Polygon","coordinates":[[[174.9319,-37.1104],[174.9321,-37.1109],[174.9326,-37.1107],[174.9324,-37.1103],[174.9319,-37.1104]]]}},{"type":"Feature","properties":{},"geometry":{"type":"Polygon","coordinates":[[[174.9401,-37.0171],[174.9399,-37.0172],[174.94,-37.0174],[174.9406,-37.0172],[174.9405,-37.0169],[174.9401,-37.0171]]]}},{"type":"Feature","properties":{},"geometry":{"type":"Polygon","coordinates":[[[174.9504,-37.1028],[174.9502,-37.1029],[174.9504,-37.1034],[174.9508,-37.1034],[174.9505,-37.1027],[174.9504,-37.1028]]]}},{"type":"Feature","properties":{},"geometry":{"type":"Polygon","coordinates":[[[174.4516,-36.6738],[174.4519,-36.6742],[174.4521,-36.674],[174.4521,-36.6738],[174.4519,-36.6739],[174.4518,-36.6737],[174.4516,-36.6738]]]}},{"type":"Feature","properties":{},"geometry":{"type":"Polygon","coordinates":[[[174.4541,-36.6783],[174.454,-36.6783],[174.4541,-36.6785],[174.4545,-36.6788],[174.4548,-36.6787],[174.4546,-36.6781],[174.4541,-36.6783]]]}},{"type":"Feature","properties":{},"geometry":{"type":"Polygon","coordinates":[[[174.4513,-36.6787],[174.4511,-36.6786],[174.4511,-36.6788],[174.4508,-36.6788],[174.4507,-36.679],[174.4512,-36.6791],[174.4513,-36.6787]]]}},{"type":"Feature","properties":{},"geometry":{"type":"Polygon","coordinates":[[[174.4513,-36.6741],[174.4509,-36.6743],[174.4512,-36.6747],[174.4515,-36.6745],[174.4513,-36.6741]]]}},{"type":"Feature","properties":{},"geometry":{"type":"Polygon","coordinates":[[[174.4544,-36.6807],[174.4544,-36.6805],[174.454,-36.6804],[174.4539,-36.6806],[174.4544,-36.6807]]]}},{"type":"Feature","properties":{},"geometry":{"type":"Polygon","coordinates":[[[174.4539,-36.6773],[174.4538,-36.6773],[174.4538,-36.6775],[174.4544,-36.6774],[174.4543,-36.6772],[174.4539,-36.6773]]]}},{"type":"Feature","properties":{},"geometry":{"type":"Polygon","coordinates":[[[174.8187,-36.3766],[174.818,-36.3768],[174.818,-36.378],[174.8183,-36.3783],[174.8187,-36.3776],[174.8187,-36.3766]]]}},{"type":"Feature","properties":{},"geometry":{"type":"Polygon","coordinates":[[[174.7112,-36.534],[174.7114,-36.5339],[174.7114,-36.5336],[174.7115,-36.5333],[174.7114,-36.5332],[174.7112,-36.5331],[174.711,-36.5333],[174.7112,-36.534]]]}},{"type":"Feature","properties":{},"geometry":{"type":"Polygon","coordinates":[[[174.8193,-36.6128],[174.8187,-36.6125],[174.8183,-36.613],[174.8187,-36.6133],[174.8193,-36.6128]]]}},{"type":"Feature","properties":{},"geometry":{"type":"Polygon","coordinates":[[[174.8141,-36.6009],[174.8137,-36.6012],[174.8133,-36.6013],[174.8139,-36.6013],[174.8141,-36.6009]]]}},{"type":"Feature","properties":{},"geometry":{"type":"Polygon","coordinates":[[[174.4444,-36.3202],[174.4442,-36.3196],[174.4432,-36.3198],[174.4434,-36.3205],[174.4444,-36.3202]]]}},{"type":"Feature","properties":{},"geometry":{"type":"Polygon","coordinates":[[[174.7168,-36.3522],[174.7169,-36.3524],[174.7175,-36.3522],[174.7173,-36.3521],[174.7168,-36.3522]]]}},{"type":"Feature","properties":{},"geometry":{"type":"Polygon","coordinates":[[[174.718,-36.3511],[174.7178,-36.3507],[174.7169,-36.351],[174.7171,-36.3513],[174.7167,-36.3514],[174.7168,-36.3515],[174.718,-36.3511]]]}},{"type":"Feature","properties":{},"geometry":{"type":"Polygon","coordinates":[[[174.7173,-36.3535],[174.7175,-36.3535],[174.7179,-36.3534],[174.7179,-36.3533],[174.7178,-36.3532],[174.7175,-36.3532],[174.7173,-36.3535]]]}},{"type":"Feature","properties":{},"geometry":{"type":"Polygon","coordinates":[[[174.6648,-36.3993],[174.6645,-36.3996],[174.6649,-36.3998],[174.6651,-36.3995],[174.6648,-36.3993]]]}},{"type":"Feature","properties":{},"geometry":{"type":"Polygon","coordinates":[[[174.6652,-36.3991],[174.665,-36.399],[174.6649,-36.3992],[174.6652,-36.3993],[174.6652,-36.3991]]]}},{"type":"Feature","properties":{},"geometry":{"type":"Polygon","coordinates":[[[174.6597,-36.3952],[174.6598,-36.3955],[174.6601,-36.3954],[174.66,-36.3951],[174.6597,-36.3952]]]}},{"type":"Feature","properties":{},"geometry":{"type":"Polygon","coordinates":[[[174.665,-36.3976],[174.6647,-36.3981],[174.665,-36.3983],[174.6654,-36.3981],[174.6654,-36.3976],[174.665,-36.3976]]]}},{"type":"Feature","properties":{},"geometry":{"type":"Polygon","coordinates":[[[175.0452,-36.9895],[175.0448,-36.9897],[175.0448,-36.99],[175.0461,-36.9895],[175.0459,-36.9892],[175.0452,-36.9895]]]}},{"type":"Feature","properties":{},"geometry":{"type":"Polygon","coordinates":[[[175.1044,-36.9506],[175.1039,-36.9511],[175.1039,-36.9512],[175.1046,-36.9515],[175.105,-36.9509],[175.1044,-36.9506]]]}},{"type":"Feature","properties":{},"geometry":{"type":"Polygon","coordinates":[[[174.9942,-36.9872],[174.9942,-36.9873],[174.9945,-36.9875],[174.9949,-36.9873],[174.9945,-36.987],[174.9942,-36.9872]]]}},{"type":"Feature","properties":{},"geometry":{"type":"Polygon","coordinates":[[[174.9078,-36.9619],[174.908,-36.9622],[174.9082,-36.962],[174.9084,-36.9614],[174.9079,-36.9613],[174.9079,-36.9612],[174.9078,-36.9611],[174.9077,-36.9615],[174.9078,-36.9619]]]}},{"type":"Feature","properties":{},"geometry":{"type":"Polygon","coordinates":[[[174.8884,-36.9605],[174.8883,-36.9602],[174.8881,-36.9605],[174.8881,-36.9606],[174.8884,-36.9605]]]}},{"type":"Feature","properties":{},"geometry":{"type":"Polygon","coordinates":[[[174.8727,-36.9545],[174.8727,-36.9542],[174.8721,-36.9541],[174.8719,-36.9548],[174.8725,-36.9549],[174.8727,-36.9551],[174.8731,-36.9549],[174.873,-36.9546],[174.8727,-36.9545]]]}},{"type":"Feature","properties":{},"geometry":{"type":"Polygon","coordinates":[[[174.914,-36.9592],[174.9135,-36.9595],[174.9133,-36.9601],[174.9142,-36.9602],[174.9143,-36.9601],[174.9147,-36.9598],[174.9147,-36.9597],[174.914,-36.9592]]]}},{"type":"Feature","properties":{},"geometry":{"type":"Polygon","coordinates":[[[174.9329,-36.8951],[174.9327,-36.8953],[174.9327,-36.8955],[174.9332,-36.8954],[174.9332,-36.8953],[174.9329,-36.8951]]]}},{"type":"Feature","properties":{},"geometry":{"type":"Polygon","coordinates":[[[174.9247,-36.8844],[174.9245,-36.8845],[174.9248,-36.8848],[174.925,-36.8847],[174.9247,-36.8843],[174.9247,-36.8844]]]}},{"type":"Feature","properties":{},"geometry":{"type":"Polygon","coordinates":[[[174.9451,-36.8938],[174.9449,-36.8942],[174.9454,-36.8939],[174.9453,-36.8938],[174.9451,-36.8938]]]}},{"type":"Feature","properties":{},"geometry":{"type":"Polygon","coordinates":[[[174.9205,-36.8981],[174.9204,-36.8983],[174.9206,-36.8986],[174.9209,-36.8984],[174.9206,-36.8981],[174.9205,-36.8981]]]}},{"type":"Feature","properties":{},"geometry":{"type":"Polygon","coordinates":[[[174.9255,-36.8927],[174.9254,-36.8928],[174.9254,-36.893],[174.9257,-36.893],[174.9257,-36.8927],[174.9255,-36.8927]]]}},{"type":"Feature","properties":{},"geometry":{"type":"Polygon","coordinates":[[[174.7911,-36.9525],[174.791,-36.9526],[174.7914,-36.9528],[174.7914,-36.9526],[174.7911,-36.9525]]]}},{"type":"Feature","properties":{},"geometry":{"type":"Polygon","coordinates":[[[174.7908,-36.9514],[174.7905,-36.9515],[174.7906,-36.9517],[174.7909,-36.9517],[174.7911,-36.9517],[174.791,-36.9514],[174.7908,-36.9514]]]}},{"type":"Feature","properties":{},"geometry":{"type":"Polygon","coordinates":[[[174.7737,-36.9726],[174.7737,-36.9727],[174.7734,-36.9724],[174.7735,-36.9723],[174.7729,-36.9725],[174.773,-36.9743],[174.7736,-36.9741],[174.7741,-36.9741],[174.7742,-36.9724],[174.7737,-36.9726]]]}},{"type":"Feature","properties":{},"geometry":{"type":"Polygon","coordinates":[[[174.7871,-36.9471],[174.7868,-36.9471],[174.787,-36.9476],[174.7872,-36.9476],[174.7875,-36.9473],[174.7874,-36.947],[174.7871,-36.9471]]]}},{"type":"Feature","properties":{},"geometry":{"type":"Polygon","coordinates":[[[174.7003,-36.9306],[174.7003,-36.93],[174.6996,-36.93],[174.6994,-36.9302],[174.6994,-36.9306],[174.6997,-36.9308],[174.7003,-36.9306]]]}},{"type":"Feature","properties":{},"geometry":{"type":"Polygon","coordinates":[[[174.8114,-36.8994],[174.8113,-36.8997],[174.8114,-36.8998],[174.8116,-36.8995],[174.8114,-36.8994]]]}},{"type":"Feature","properties":{},"geometry":{"type":"Polygon","coordinates":[[[174.8118,-36.8999],[174.812,-36.8996],[174.8118,-36.8996],[174.8116,-36.8998],[174.8118,-36.8999]]]}},{"type":"Feature","properties":{},"geometry":{"type":"Polygon","coordinates":[[[174.7738,-36.8745],[174.774,-36.8743],[174.7746,-36.8745],[174.7747,-36.874],[174.7746,-36.874],[174.7746,-36.8739],[174.7744,-36.8739],[174.7744,-36.8738],[174.7739,-36.8737],[174.7738,-36.8745]]]}},{"type":"Feature","properties":{},"geometry":{"type":"Polygon","coordinates":[[[174.7712,-36.8816],[174.7717,-36.8817],[174.7717,-36.8815],[174.7707,-36.8813],[174.7706,-36.8817],[174.7706,-36.8818],[174.7708,-36.8818],[174.7707,-36.882],[174.771,-36.8821],[174.7712,-36.8816]]]}},{"type":"Feature","properties":{},"geometry":{"type":"Polygon","coordinates":[[[174.7716,-36.8867],[174.771,-36.8865],[174.7709,-36.8869],[174.7715,-36.887],[174.7716,-36.8867]]]}},{"type":"Feature","properties":{},"geometry":{"type":"Polygon","coordinates":[[[174.7705,-36.8874],[174.7708,-36.8865],[174.7708,-36.8863],[174.7679,-36.8858],[174.7674,-36.8873],[174.7704,-36.8879],[174.7705,-36.8874]]]}},{"type":"Feature","properties":{},"geometry":{"type":"Polygon","coordinates":[[[174.7181,-36.8885],[174.7179,-36.8883],[174.7175,-36.8888],[174.7177,-36.8889],[174.7181,-36.8885]]]}},{"type":"Feature","properties":{},"geometry":{"type":"Polygon","coordinates":[[[174.7444,-36.6242],[174.7443,-36.6243],[174.7444,-36.6245],[174.7447,-36.6245],[174.7446,-36.6241],[174.7444,-36.6242]]]}},{"type":"Feature","properties":{},"geometry":{"type":"Polygon","coordinates":[[[174.7245,-36.8896],[174.7243,-36.8899],[174.7244,-36.8904],[174.7251,-36.8902],[174.7249,-36.8898],[174.7245,-36.8896]]]}},{"type":"Feature","properties":{},"geometry":{"type":"Polygon","coordinates":[[[174.7849,-36.9186],[174.785,-36.9188],[174.7853,-36.9187],[174.7853,-36.9186],[174.7849,-36.9186]]]}},{"type":"Feature","properties":{},"geometry":{"type":"Polygon","coordinates":[[[174.841,-36.9529],[174.8408,-36.9519],[174.8393,-36.9519],[174.8396,-36.9532],[174.8408,-36.953],[174.841,-36.9529]]]}},{"type":"Feature","properties":{},"geometry":{"type":"Polygon","coordinates":[[[174.7788,-36.8799],[174.7785,-36.88],[174.7785,-36.8802],[174.7788,-36.8802],[174.7788,-36.8799]]]}},{"type":"Feature","properties":{},"geometry":{"type":"Polygon","coordinates":[[[174.763,-36.8653],[174.7632,-36.8646],[174.7627,-36.8645],[174.7625,-36.8653],[174.763,-36.8653]]]}},{"type":"Feature","properties":{},"geometry":{"type":"Polygon","coordinates":[[[174.8374,-36.8517],[174.8367,-36.8517],[174.8363,-36.8531],[174.8371,-36.8531],[174.8375,-36.8517],[174.8374,-36.8517]]]}},{"type":"Feature","properties":{},"geometry":{"type":"Polygon","coordinates":[[[174.8094,-36.8963],[174.8093,-36.8965],[174.8092,-36.8968],[174.8094,-36.8968],[174.8098,-36.8962],[174.8096,-36.8961],[174.8094,-36.8963]]]}},{"type":"Feature","properties":{},"geometry":{"type":"Polygon","coordinates":[[[174.7667,-36.8666],[174.7653,-36.867],[174.7644,-36.8673],[174.7639,-36.8676],[174.7638,-36.8677],[174.7639,-36.8679],[174.7647,-36.8676],[174.7653,-36.8684],[174.7658,-36.8684],[174.7659,-36.8685],[174.7683,-36.8678],[174.7678,-36.8674],[174.7673,-36.8664],[174.7667,-36.8666]]]}},{"type":"Feature","properties":{},"geometry":{"type":"Polygon","coordinates":[[[174.7591,-36.8941],[174.7592,-36.8937],[174.7589,-36.8937],[174.7588,-36.894],[174.7591,-36.8941]]]}},{"type":"Feature","properties":{},"geometry":{"type":"Polygon","coordinates":[[[174.7451,-36.8527],[174.7448,-36.8527],[174.7449,-36.853],[174.7452,-36.853],[174.7451,-36.8527]]]}},{"type":"Feature","properties":{},"geometry":{"type":"Polygon","coordinates":[[[174.744,-36.8481],[174.744,-36.8483],[174.7445,-36.8484],[174.7445,-36.8482],[174.744,-36.8481]]]}},{"type":"Feature","properties":{},"geometry":{"type":"Polygon","coordinates":[[[174.7653,-36.8837],[174.7655,-36.8833],[174.7651,-36.8833],[174.765,-36.8836],[174.7653,-36.8837]]]}},{"type":"Feature","properties":{},"geometry":{"type":"Polygon","coordinates":[[[174.7847,-36.9255],[174.7851,-36.9255],[174.7852,-36.9253],[174.7847,-36.9253],[174.7847,-36.9255]]]}},{"type":"Feature","properties":{},"geometry":{"type":"Polygon","coordinates":[[[174.7796,-36.9185],[174.7795,-36.9185],[174.7797,-36.9189],[174.7804,-36.9188],[174.7804,-36.9184],[174.7796,-36.9185]]]}},{"type":"Feature","properties":{},"geometry":{"type":"Polygon","coordinates":[[[174.8574,-36.9016],[174.8576,-36.9017],[174.8578,-36.9013],[174.8573,-36.9013],[174.8573,-36.9014],[174.8574,-36.9016]]]}},{"type":"Feature","properties":{},"geometry":{"type":"Polygon","coordinates":[[[174.7787,-36.885],[174.7786,-36.8854],[174.779,-36.8854],[174.779,-36.885],[174.7787,-36.885]]]}},{"type":"Feature","properties":{},"geometry":{"type":"Polygon","coordinates":[[[174.7751,-36.8513],[174.7754,-36.8514],[174.7757,-36.8511],[174.7753,-36.851],[174.7751,-36.8513]]]}},{"type":"Feature","properties":{},"geometry":{"type":"Polygon","coordinates":[[[174.8304,-36.847],[174.83,-36.8477],[174.8308,-36.848],[174.8311,-36.8473],[174.8304,-36.847]]]}},{"type":"Feature","properties":{},"geometry":{"type":"Polygon","coordinates":[[[174.7096,-36.888],[174.7096,-36.8883],[174.7101,-36.8882],[174.71,-36.8879],[174.7096,-36.888]]]}},{"type":"Feature","properties":{},"geometry":{"type":"Polygon","coordinates":[[[174.7594,-36.8459],[174.7591,-36.846],[174.7591,-36.8462],[174.7593,-36.8461],[174.7594,-36.8462],[174.7594,-36.8459]]]}},{"type":"Feature","properties":{},"geometry":{"type":"Polygon","coordinates":[[[174.767,-36.8491],[174.7663,-36.8507],[174.7667,-36.8509],[174.7665,-36.8519],[174.7674,-36.8526],[174.7676,-36.8524],[174.7681,-36.8519],[174.7697,-36.8483],[174.7689,-36.8482],[174.7681,-36.8483],[174.7675,-36.8487],[174.767,-36.8491]]]}},{"type":"Feature","properties":{},"geometry":{"type":"Polygon","coordinates":[[[175.0371,-36.9925],[175.0367,-36.9925],[175.0367,-36.9926],[175.0371,-36.9927],[175.0371,-36.9925]]]}},{"type":"Feature","properties":{},"geometry":{"type":"Polygon","coordinates":[[[175.0369,-36.9932],[175.0365,-36.9931],[175.0365,-36.9933],[175.0368,-36.9933],[175.0369,-36.9932]]]}},{"type":"Feature","properties":{},"geometry":{"type":"Polygon","coordinates":[[[175.0367,-36.9935],[175.0363,-36.9934],[175.0362,-36.9936],[175.0367,-36.9937],[175.0367,-36.9935]]]}},{"type":"Feature","properties":{},"geometry":{"type":"Polygon","coordinates":[[[175.0358,-36.9943],[175.0364,-36.9944],[175.0364,-36.9942],[175.0359,-36.9941],[175.0358,-36.9943]]]}},{"type":"Feature","properties":{},"geometry":{"type":"Polygon","coordinates":[[[175.0374,-36.9924],[175.0387,-36.9929],[175.0393,-36.993],[175.0394,-36.9922],[175.0389,-36.9919],[175.0379,-36.9922],[175.0379,-36.9925],[175.0374,-36.9924]]]}},{"type":"Feature","properties":{},"geometry":{"type":"Polygon","coordinates":[[[174.6498,-36.7984],[174.6501,-36.7984],[174.6503,-36.7979],[174.6499,-36.7979],[174.6498,-36.7984]]]}},{"type":"Feature","properties":{},"geometry":{"type":"Polygon","coordinates":[[[174.6385,-36.9385],[174.6382,-36.9386],[174.6381,-36.9389],[174.6383,-36.9396],[174.642,-36.9389],[174.6416,-36.9381],[174.6416,-36.938],[174.6415,-36.9379],[174.6401,-36.9381],[174.6385,-36.9385]]]}},{"type":"Feature","properties":{},"geometry":{"type":"Polygon","coordinates":[[[174.6418,-36.9469],[174.6414,-36.9472],[174.6414,-36.9474],[174.6415,-36.9475],[174.6419,-36.9475],[174.6421,-36.9473],[174.6423,-36.9471],[174.6423,-36.9469],[174.6421,-36.9467],[174.6419,-36.9467],[174.6418,-36.9469]]]}},{"type":"Feature","properties":{},"geometry":{"type":"Polygon","coordinates":[[[174.47,-36.984],[174.4699,-36.9839],[174.4695,-36.9841],[174.4692,-36.9843],[174.469,-36.9848],[174.4686,-36.9854],[174.4691,-36.9848],[174.4692,-36.9844],[174.4695,-36.9842],[174.47,-36.984]]]}},{"type":"Feature","properties":{},"geometry":{"type":"Polygon","coordinates":[[[174.6289,-36.8777],[174.6287,-36.8779],[174.6289,-36.878],[174.6291,-36.8779],[174.6289,-36.8777]]]}},{"type":"Feature","properties":{},"geometry":{"type":"Polygon","coordinates":[[[174.5582,-37.0165],[174.5582,-37.0169],[174.5586,-37.0169],[174.5588,-37.0164],[174.5582,-37.0165]]]}},{"type":"Feature","properties":{},"geometry":{"type":"Polygon","coordinates":[[[174.6051,-37.0119],[174.6051,-37.0121],[174.6076,-37.0119],[174.6076,-37.0117],[174.6051,-37.0119]]]}},{"type":"Feature","properties":{},"geometry":{"type":"Polygon","coordinates":[[[174.655,-36.8],[174.6554,-36.8004],[174.656,-36.7997],[174.6556,-36.7995],[174.655,-36.8]]]}},{"type":"Feature","properties":{},"geometry":{"type":"Polygon","coordinates":[[[174.6216,-36.9092],[174.622,-36.9092],[174.6227,-36.9103],[174.6238,-36.9098],[174.6237,-36.9095],[174.6238,-36.9091],[174.6229,-36.9084],[174.6216,-36.9092]]]}},{"type":"Feature","properties":{},"geometry":{"type":"Polygon","coordinates":[[[174.7413,-36.7275],[174.7412,-36.7275],[174.7413,-36.7278],[174.7417,-36.7277],[174.7415,-36.7274],[174.7413,-36.7275]]]}},{"type":"Feature","properties":{},"geometry":{"type":"Polygon","coordinates":[[[174.7501,-36.6864],[174.75,-36.6858],[174.7494,-36.6859],[174.7496,-36.6865],[174.7501,-36.6864]]]}},{"type":"Feature","properties":{},"geometry":{"type":"Polygon","coordinates":[[[174.7474,-36.6793],[174.7472,-36.6791],[174.747,-36.6793],[174.7472,-36.6795],[174.7474,-36.6793]]]}},{"type":"Feature","properties":{},"geometry":{"type":"Polygon","coordinates":[[[174.7517,-36.6968],[174.7514,-36.6969],[174.7512,-36.6972],[174.7516,-36.6972],[174.7519,-36.6968],[174.7517,-36.6968]]]}},{"type":"Feature","properties":{},"geometry":{"type":"Polygon","coordinates":[[[174.684,-36.9176],[174.6841,-36.9175],[174.6835,-36.9173],[174.6835,-36.9175],[174.684,-36.9176]]]}},{"type":"Feature","properties":{},"geometry":{"type":"Polygon","coordinates":[[[174.6836,-36.9172],[174.6835,-36.9173],[174.6841,-36.9175],[174.6841,-36.9174],[174.6836,-36.9172]]]}},{"type":"Feature","properties":{},"geometry":{"type":"Polygon","coordinates":[[[174.6846,-36.9168],[174.6845,-36.9171],[174.6848,-36.9172],[174.6849,-36.917],[174.6846,-36.9168]]]}},{"type":"Feature","properties":{},"geometry":{"type":"Polygon","coordinates":[[[174.6429,-36.9099],[174.6429,-36.9101],[174.6434,-36.9102],[174.6433,-36.91],[174.6429,-36.9099]]]}},{"type":"Feature","properties":{},"geometry":{"type":"Polygon","coordinates":[[[174.6436,-36.9123],[174.6436,-36.9125],[174.6444,-36.9126],[174.6443,-36.9124],[174.6436,-36.9123]]]}},{"type":"Feature","properties":{},"geometry":{"type":"Polygon","coordinates":[[[174.6344,-36.8773],[174.6347,-36.8776],[174.6351,-36.8774],[174.6347,-36.877],[174.6344,-36.8773]]]}},{"type":"Feature","properties":{},"geometry":{"type":"Polygon","coordinates":[[[174.6658,-36.9212],[174.6656,-36.9213],[174.6658,-36.9215],[174.666,-36.9213],[174.6658,-36.9212]]]}},{"type":"Feature","properties":{},"geometry":{"type":"Polygon","coordinates":[[[174.6028,-37.0157],[174.6026,-37.0157],[174.6026,-37.0159],[174.6025,-37.0163],[174.6027,-37.0166],[174.6029,-37.0169],[174.6033,-37.017],[174.6038,-37.0173],[174.6047,-37.0177],[174.6057,-37.0176],[174.606,-37.0175],[174.6064,-37.0171],[174.6071,-37.0169],[174.6072,-37.0169],[174.6074,-37.0168],[174.6074,-37.0166],[174.6069,-37.0166],[174.6067,-37.0167],[174.606,-37.0174],[174.6057,-37.0175],[174.6048,-37.0175],[174.6044,-37.0174],[174.6033,-37.0169],[174.603,-37.0168],[174.6028,-37.0166],[174.6027,-37.0163],[174.6028,-37.0157]]]}},{"type":"Feature","properties":{},"geometry":{"type":"Polygon","coordinates":[[[174.6195,-36.8759],[174.6193,-36.876],[174.6197,-36.8764],[174.6199,-36.8762],[174.6195,-36.8759]]]}},{"type":"Feature","properties":{},"geometry":{"type":"Polygon","coordinates":[[[174.9719,-37.0517],[174.9721,-37.0519],[174.9723,-37.0518],[174.9728,-37.0514],[174.9726,-37.0512],[174.9723,-37.0511],[174.9717,-37.0514],[174.9719,-37.0517]]]}},{"type":"Feature","properties":{},"geometry":{"type":"Polygon","coordinates":[[[174.7648,-36.8472],[174.7644,-36.8471],[174.7645,-36.8471],[174.7644,-36.8474],[174.7646,-36.8475],[174.7647,-36.8472],[174.7648,-36.8472]]]}},{"type":"Feature","properties":{},"geometry":{"type":"Polygon","coordinates":[[[174.7921,-36.8503],[174.7925,-36.8492],[174.7922,-36.8491],[174.7921,-36.8494],[174.792,-36.8495],[174.7911,-36.8494],[174.7917,-36.85],[174.7917,-36.8501],[174.7921,-36.8503]]]}},{"type":"Feature","properties":{},"geometry":{"type":"Polygon","coordinates":[[[174.6741,-36.9083],[174.6737,-36.9083],[174.6736,-36.9085],[174.6744,-36.9085],[174.6745,-36.9083],[174.6741,-36.9083]]]}},{"type":"Feature","properties":{},"geometry":{"type":"Polygon","coordinates":[[[174.7027,-36.873],[174.7025,-36.8733],[174.7032,-36.8739],[174.7033,-36.8742],[174.7035,-36.8742],[174.7038,-36.8737],[174.704,-36.8738],[174.7041,-36.8736],[174.7038,-36.8733],[174.703,-36.873],[174.7027,-36.873]]]}},{"type":"Feature","properties":{},"geometry":{"type":"Polygon","coordinates":[[[174.8865,-36.9272],[174.8866,-36.9274],[174.8869,-36.9273],[174.8868,-36.9271],[174.8865,-36.9272]]]}},{"type":"Feature","properties":{},"geometry":{"type":"Polygon","coordinates":[[[174.7928,-36.8298],[174.7925,-36.8297],[174.7924,-36.8299],[174.7928,-36.83],[174.7929,-36.8298],[174.7928,-36.8298]]]}},{"type":"Feature","properties":{},"geometry":{"type":"Polygon","coordinates":[[[174.7839,-36.826],[174.7835,-36.8259],[174.7834,-36.8261],[174.7839,-36.8263],[174.7841,-36.826],[174.7839,-36.826]]]}},{"type":"Feature","properties":{},"geometry":{"type":"Polygon","coordinates":[[[174.8097,-36.8243],[174.8098,-36.8244],[174.8099,-36.8243],[174.81,-36.8242],[174.8097,-36.824],[174.8095,-36.8242],[174.8097,-36.8243]]]}},{"type":"Feature","properties":{},"geometry":{"type":"Polygon","coordinates":[[[174.7692,-36.8452],[174.7694,-36.8453],[174.7695,-36.845],[174.7693,-36.845],[174.7692,-36.8452]]]}},{"type":"Feature","properties":{},"geometry":{"type":"Polygon","coordinates":[[[174.7206,-36.7983],[174.7195,-36.7984],[174.7198,-36.7996],[174.7236,-36.7992],[174.7237,-36.7991],[174.7233,-36.7983],[174.7216,-36.7985],[174.7216,-36.7982],[174.7206,-36.7983]]]}},{"type":"Feature","properties":{},"geometry":{"type":"Polygon","coordinates":[[[174.747,-36.819],[174.7468,-36.8188],[174.7465,-36.819],[174.7467,-36.8192],[174.747,-36.819]]]}},{"type":"Feature","properties":{},"geometry":{"type":"Polygon","coordinates":[[[174.7439,-36.8113],[174.744,-36.8121],[174.7446,-36.8121],[174.7445,-36.8115],[174.7441,-36.8115],[174.744,-36.8113],[174.7439,-36.8112],[174.7439,-36.8113]]]}},{"type":"Feature","properties":{},"geometry":{"type":"Polygon","coordinates":[[[174.7623,-36.7934],[174.7623,-36.7939],[174.7629,-36.7939],[174.7629,-36.7934],[174.7623,-36.7934]]]}},{"type":"Feature","properties":{},"geometry":{"type":"Polygon","coordinates":[[[174.7674,-36.7856],[174.7674,-36.7857],[174.7676,-36.7856],[174.7679,-36.7856],[174.768,-36.7854],[174.7677,-36.7851],[174.7673,-36.7854],[174.7673,-36.7855],[174.7674,-36.7856]]]}},{"type":"Feature","properties":{},"geometry":{"type":"Polygon","coordinates":[[[174.7759,-36.7783],[174.7757,-36.7783],[174.7756,-36.7785],[174.7757,-36.7786],[174.7757,-36.7788],[174.7759,-36.7788],[174.7761,-36.7784],[174.7765,-36.7784],[174.7766,-36.7784],[174.7759,-36.7783]]]}},{"type":"Feature","properties":{},"geometry":{"type":"Polygon","coordinates":[[[174.7576,-36.7788],[174.758,-36.7788],[174.7581,-36.7785],[174.7578,-36.7784],[174.7576,-36.7788]]]}},{"type":"Feature","properties":{},"geometry":{"type":"Polygon","coordinates":[[[174.8091,-36.8257],[174.8089,-36.8256],[174.8087,-36.8258],[174.8091,-36.826],[174.8093,-36.8257],[174.8091,-36.8257]]]}},{"type":"Feature","properties":{},"geometry":{"type":"Polygon","coordinates":[[[174.7974,-36.8317],[174.7978,-36.8309],[174.7976,-36.8309],[174.7972,-36.8316],[174.7973,-36.8317],[174.7974,-36.8317]]]}},{"type":"Feature","properties":{},"geometry":{"type":"Polygon","coordinates":[[[174.7811,-36.8108],[174.7803,-36.8112],[174.7812,-36.8124],[174.7827,-36.8117],[174.7811,-36.8094],[174.7808,-36.8094],[174.7806,-36.8096],[174.7807,-36.8096],[174.7807,-36.81],[174.7805,-36.81],[174.7811,-36.8108]]]}},{"type":"Feature","properties":{},"geometry":{"type":"Polygon","coordinates":[[[174.7585,-36.8569],[174.7586,-36.8567],[174.7585,-36.8566],[174.7584,-36.8567],[174.7583,-36.8566],[174.7582,-36.8568],[174.7585,-36.8569]]]}},{"type":"Feature","properties":{},"geometry":{"type":"Polygon","coordinates":[[[174.7467,-36.8196],[174.7461,-36.82],[174.7463,-36.8201],[174.7469,-36.8197],[174.7468,-36.8196],[174.7467,-36.8196]]]}},{"type":"Feature","properties":{},"geometry":{"type":"Polygon","coordinates":[[[174.7458,-36.8175],[174.7455,-36.8175],[174.7454,-36.8178],[174.7457,-36.8178],[174.7458,-36.8175]]]}},{"type":"Feature","properties":{},"geometry":{"type":"Polygon","coordinates":[[[174.7452,-36.8158],[174.7451,-36.8159],[174.7451,-36.8161],[174.7454,-36.816],[174.7454,-36.8158],[174.7452,-36.8158]]]}},{"type":"Feature","properties":{},"geometry":{"type":"Polygon","coordinates":[[[174.7465,-36.8176],[174.7463,-36.8176],[174.7463,-36.8179],[174.7465,-36.8179],[174.7466,-36.8176],[174.7465,-36.8176]]]}},{"type":"Feature","properties":{},"geometry":{"type":"Polygon","coordinates":[[[174.774,-36.7827],[174.7743,-36.7828],[174.7744,-36.7826],[174.774,-36.7826],[174.774,-36.7827]]]}},{"type":"Feature","properties":{},"geometry":{"type":"Polygon","coordinates":[[[174.7449,-36.8177],[174.7447,-36.8179],[174.7452,-36.8181],[174.7453,-36.8178],[174.7449,-36.8177]]]}},{"type":"Feature","properties":{},"geometry":{"type":"Polygon","coordinates":[[[174.7453,-36.8175],[174.745,-36.8174],[174.745,-36.8176],[174.7453,-36.8177],[174.7453,-36.8175]]]}},{"type":"Feature","properties":{},"geometry":{"type":"Polygon","coordinates":[[[174.7151,-36.7861],[174.7149,-36.7862],[174.7151,-36.7863],[174.7155,-36.7861],[174.7154,-36.7859],[174.7151,-36.7861]]]}},{"type":"Feature","properties":{},"geometry":{"type":"Polygon","coordinates":[[[174.7858,-36.8019],[174.7857,-36.8018],[174.7855,-36.802],[174.7859,-36.8021],[174.786,-36.802],[174.7858,-36.8019]]]}},{"type":"Feature","properties":{},"geometry":{"type":"Polygon","coordinates":[[[174.7802,-36.7951],[174.7801,-36.795],[174.78,-36.7952],[174.7804,-36.7954],[174.7805,-36.7952],[174.7802,-36.7951]]]}},{"type":"Feature","properties":{},"geometry":{"type":"Polygon","coordinates":[[[174.7746,-36.7786],[174.7744,-36.7785],[174.7743,-36.7788],[174.7747,-36.7788],[174.7748,-36.7786],[174.7746,-36.7786]]]}},{"type":"Feature","properties":{},"geometry":{"type":"Polygon","coordinates":[[[174.7781,-36.798],[174.778,-36.7979],[174.7778,-36.798],[174.7781,-36.7983],[174.7782,-36.7981],[174.7781,-36.798]]]}},{"type":"Feature","properties":{},"geometry":{"type":"Polygon","coordinates":[[[174.769,-36.786],[174.769,-36.7859],[174.7688,-36.786],[174.769,-36.7863],[174.7691,-36.7862],[174.769,-36.786]]]}},{"type":"Feature","properties":{},"geometry":{"type":"Polygon","coordinates":[[[174.7749,-36.7758],[174.7751,-36.776],[174.7755,-36.7758],[174.7753,-36.7756],[174.7749,-36.7758]]]}},{"type":"Feature","properties":{},"geometry":{"type":"Polygon","coordinates":[[[174.8099,-36.8273],[174.8099,-36.8276],[174.8101,-36.8276],[174.8102,-36.8273],[174.8103,-36.8273],[174.8102,-36.8272],[174.81,-36.8271],[174.8099,-36.8273]]]}},{"type":"Feature","properties":{},"geometry":{"type":"Polygon","coordinates":[[[174.7325,-36.8163],[174.7326,-36.8164],[174.7325,-36.8165],[174.7326,-36.8166],[174.7327,-36.8167],[174.7329,-36.8166],[174.7326,-36.8162],[174.7325,-36.8163]]]}},{"type":"Feature","properties":{},"geometry":{"type":"Polygon","coordinates":[[[174.7365,-36.8218],[174.7366,-36.8218],[174.7365,-36.8214],[174.7363,-36.8214],[174.7365,-36.8218]]]}},{"type":"Feature","properties":{},"geometry":{"type":"Polygon","coordinates":[[[174.8006,-36.8245],[174.8007,-36.8247],[174.8012,-36.8245],[174.8011,-36.8244],[174.8006,-36.8245]]]}},{"type":"Feature","properties":{},"geometry":{"type":"Polygon","coordinates":[[[174.8011,-36.8244],[174.8013,-36.8243],[174.801,-36.8239],[174.8007,-36.8241],[174.801,-36.8244],[174.8011,-36.8244]]]}},{"type":"Feature","properties":{},"geometry":{"type":"Polygon","coordinates":[[[174.8093,-36.8244],[174.8096,-36.8238],[174.8089,-36.8242],[174.8093,-36.8244]]]}},{"type":"Feature","properties":{},"geometry":{"type":"Polygon","coordinates":[[[174.803,-36.8247],[174.8026,-36.8246],[174.8023,-36.8253],[174.8023,-36.8254],[174.8025,-36.8255],[174.8025,-36.8257],[174.803,-36.8257],[174.8031,-36.8256],[174.8027,-36.8256],[174.8026,-36.8253],[174.8027,-36.825],[174.8028,-36.825],[174.803,-36.8247]]]}},{"type":"Feature","properties":{},"geometry":{"type":"Polygon","coordinates":[[[174.7974,-36.8146],[174.7974,-36.8148],[174.7978,-36.8146],[174.7977,-36.8145],[174.7974,-36.8146]]]}},{"type":"Feature","properties":{},"geometry":{"type":"Polygon","coordinates":[[[174.8995,-36.6065],[174.8996,-36.6065],[174.8996,-36.6063],[174.8994,-36.6062],[174.8997,-36.6058],[174.8996,-36.6058],[174.8997,-36.6057],[174.8993,-36.6051],[174.8991,-36.6051],[174.8987,-36.6052],[174.898,-36.6052],[174.8979,-36.6051],[174.898,-36.6048],[174.898,-36.6046],[174.8977,-36.6043],[174.8954,-36.6058],[174.896,-36.6074],[174.8995,-36.6065]]]}},{"type":"Feature","properties":{},"geometry":{"type":"Polygon","coordinates":[[[174.737,-36.8926],[174.7365,-36.8925],[174.7367,-36.893],[174.737,-36.8926]]]}},{"type":"Feature","properties":{},"geometry":{"type":"Polygon","coordinates":[[[174.8447,-36.9444],[174.8444,-36.9445],[174.8446,-36.9448],[174.8444,-36.9449],[174.8447,-36.9452],[174.8449,-36.9453],[174.845,-36.9453],[174.8447,-36.9444]]]}},{"type":"Feature","properties":{},"geometry":{"type":"Polygon","coordinates":[[[174.845,-36.9457],[174.8447,-36.9459],[174.8449,-36.9461],[174.8453,-36.946],[174.845,-36.9457]]]}},{"type":"Feature","properties":{},"geometry":{"type":"Polygon","coordinates":[[[174.7745,-36.8481],[174.7748,-36.8487],[174.7756,-36.8484],[174.7761,-36.8484],[174.7763,-36.8486],[174.777,-36.8484],[174.7778,-36.8484],[174.7778,-36.8481],[174.7775,-36.8478],[174.7775,-36.8477],[174.7761,-36.8477],[174.7761,-36.8478],[174.775,-36.8478],[174.7745,-36.8481]]]}},{"type":"Feature","properties":{},"geometry":{"type":"Polygon","coordinates":[[[174.7649,-36.8517],[174.765,-36.8515],[174.7645,-36.8514],[174.7644,-36.8514],[174.7647,-36.8515],[174.7646,-36.8518],[174.7648,-36.8519],[174.7649,-36.8517]]]}},{"type":"Feature","properties":{},"geometry":{"type":"Polygon","coordinates":[[[174.766,-36.8509],[174.7658,-36.8508],[174.7657,-36.8511],[174.7659,-36.8512],[174.766,-36.8509]]]}},{"type":"Feature","properties":{},"geometry":{"type":"Polygon","coordinates":[[[174.7655,-36.8508],[174.7654,-36.851],[174.7657,-36.8511],[174.7658,-36.8508],[174.7655,-36.8507],[174.7655,-36.8508]]]}},{"type":"Feature","properties":{},"geometry":{"type":"Polygon","coordinates":[[[174.7475,-36.8154],[174.7474,-36.8154],[174.7475,-36.8159],[174.7478,-36.8159],[174.7477,-36.8154],[174.7475,-36.8154]]]}},{"type":"Feature","properties":{},"geometry":{"type":"Polygon","coordinates":[[[174.8186,-36.8492],[174.8187,-36.8489],[174.8185,-36.8483],[174.8183,-36.8481],[174.818,-36.8482],[174.8186,-36.8492]]]}},{"type":"Feature","properties":{},"geometry":{"type":"Polygon","coordinates":[[[174.8385,-36.8922],[174.8388,-36.8924],[174.8396,-36.8927],[174.8397,-36.8935],[174.8401,-36.8932],[174.8403,-36.8934],[174.8396,-36.8926],[174.8398,-36.8924],[174.8399,-36.8923],[174.8406,-36.8922],[174.8392,-36.8913],[174.839,-36.8913],[174.8385,-36.8922]]]}},{"type":"Feature","properties":{},"geometry":{"type":"Polygon","coordinates":[[[174.6633,-36.7865],[174.6642,-36.7872],[174.6645,-36.787],[174.6648,-36.787],[174.6652,-36.786],[174.6647,-36.786],[174.6645,-36.7861],[174.6642,-36.7861],[174.6632,-36.7865],[174.6633,-36.7865]]]}},{"type":"Feature","properties":{},"geometry":{"type":"Polygon","coordinates":[[[174.7434,-36.8912],[174.7433,-36.8915],[174.7435,-36.8916],[174.7436,-36.8912],[174.7434,-36.8912]]]}},{"type":"Feature","properties":{},"geometry":{"type":"Polygon","coordinates":[[[174.7969,-36.8318],[174.7965,-36.8316],[174.7964,-36.832],[174.7968,-36.8321],[174.7969,-36.8318]]]}},{"type":"Feature","properties":{},"geometry":{"type":"Polygon","coordinates":[[[174.6122,-37.1389],[174.6119,-37.139],[174.6121,-37.1394],[174.6129,-37.1392],[174.6127,-37.1388],[174.6122,-37.1389]]]}},{"type":"Feature","properties":{},"geometry":{"type":"Polygon","coordinates":[[[174.7995,-36.8253],[174.7985,-36.8253],[174.7977,-36.8259],[174.7975,-36.8263],[174.7978,-36.8285],[174.7996,-36.8286],[174.7988,-36.8283],[174.7986,-36.8281],[174.7992,-36.8276],[174.8005,-36.8276],[174.801,-36.8268],[174.8001,-36.8254],[174.7995,-36.8253]]]}},{"type":"Feature","properties":{},"geometry":{"type":"Polygon","coordinates":[[[174.7749,-36.8538],[174.7742,-36.8534],[174.7736,-36.854],[174.7735,-36.854],[174.7736,-36.8539],[174.773,-36.8535],[174.7714,-36.8553],[174.7705,-36.856],[174.7708,-36.8562],[174.7701,-36.8573],[174.77,-36.8577],[174.7701,-36.8579],[174.77,-36.858],[174.7712,-36.8584],[174.7714,-36.8583],[174.7717,-36.8577],[174.7726,-36.8577],[174.7728,-36.8578],[174.7733,-36.8586],[174.7733,-36.8589],[174.7726,-36.8589],[174.7717,-36.8595],[174.7718,-36.8595],[174.7714,-36.8606],[174.7713,-36.8611],[174.771,-36.8617],[174.7705,-36.8618],[174.7713,-36.864],[174.7738,-36.8646],[174.7751,-36.8641],[174.7769,-36.8631],[174.7781,-36.8634],[174.7807,-36.861],[174.7803,-36.8604],[174.7803,-36.8601],[174.7799,-36.8596],[174.7799,-36.8593],[174.7795,-36.8588],[174.7795,-36.8587],[174.7794,-36.8584],[174.7768,-36.8537],[174.7761,-36.8544],[174.775,-36.8537],[174.7749,-36.8538]]]}},{"type":"Feature","properties":{},"geometry":{"type":"Polygon","coordinates":[[[174.7657,-36.8459],[174.7658,-36.8457],[174.7657,-36.8457],[174.7655,-36.846],[174.766,-36.8462],[174.7661,-36.8459],[174.7657,-36.8459]]]}},{"type":"Feature","properties":{},"geometry":{"type":"Polygon","coordinates":[[[174.7657,-36.8484],[174.7656,-36.8485],[174.7662,-36.8487],[174.7663,-36.8486],[174.7657,-36.8484]]]}},{"type":"Feature","properties":{},"geometry":{"type":"Polygon","coordinates":[[[174.765,-36.8482],[174.765,-36.8483],[174.7654,-36.8484],[174.7654,-36.8482],[174.765,-36.8482]]]}},{"type":"Feature","properties":{},"geometry":{"type":"Polygon","coordinates":[[[174.4573,-36.2838],[174.4581,-36.2839],[174.4581,-36.2835],[174.4577,-36.2833],[174.4573,-36.2838]]]}},{"type":"Feature","properties":{},"geometry":{"type":"Polygon","coordinates":[[[174.5073,-36.7427],[174.5068,-36.7428],[174.5062,-36.7432],[174.5078,-36.744],[174.5082,-36.7435],[174.5073,-36.7427]]]}},{"type":"Feature","properties":{},"geometry":{"type":"Polygon","coordinates":[[[174.5531,-36.8207],[174.5529,-36.8206],[174.5528,-36.8211],[174.5531,-36.8211],[174.5531,-36.8207]]]}},{"type":"Feature","properties":{},"geometry":{"type":"Polygon","coordinates":[[[174.7851,-36.9249],[174.7851,-36.9251],[174.7855,-36.925],[174.7855,-36.9249],[174.7851,-36.9249]]]}},{"type":"Feature","properties":{},"geometry":{"type":"Polygon","coordinates":[[[174.7825,-36.8534],[174.7823,-36.8535],[174.7824,-36.8535],[174.7824,-36.8538],[174.7826,-36.8537],[174.7825,-36.8534]]]}},{"type":"Feature","properties":{},"geometry":{"type":"Polygon","coordinates":[[[174.7297,-36.8547],[174.7294,-36.855],[174.7296,-36.8551],[174.7299,-36.8548],[174.7297,-36.8547]]]}},{"type":"Feature","properties":{},"geometry":{"type":"Polygon","coordinates":[[[174.7744,-36.885],[174.7744,-36.8853],[174.7739,-36.8853],[174.7738,-36.8857],[174.7743,-36.8855],[174.7744,-36.885]]]}},{"type":"Feature","properties":{},"geometry":{"type":"Polygon","coordinates":[[[174.7587,-36.8462],[174.7582,-36.8463],[174.7581,-36.8465],[174.7581,-36.8467],[174.7583,-36.8467],[174.7582,-36.8465],[174.7583,-36.8465],[174.7583,-36.8464],[174.7588,-36.8464],[174.7587,-36.8462]]]}},{"type":"Feature","properties":{},"geometry":{"type":"Polygon","coordinates":[[[174.6042,-37.0093],[174.6042,-37.0096],[174.6045,-37.0098],[174.6047,-37.0098],[174.6048,-37.0096],[174.6047,-37.0095],[174.6045,-37.0094],[174.6042,-37.0093]]]}},{"type":"Feature","properties":{},"geometry":{"type":"Polygon","coordinates":[[[174.7396,-36.8672],[174.7396,-36.8671],[174.7392,-36.8671],[174.7389,-36.8676],[174.7396,-36.8677],[174.7396,-36.8672]]]}},{"type":"Feature","properties":{},"geometry":{"type":"Polygon","coordinates":[[[174.8234,-36.9093],[174.8231,-36.9094],[174.8235,-36.9102],[174.8239,-36.9106],[174.8251,-36.9103],[174.825,-36.9096],[174.8236,-36.9096],[174.8234,-36.9093]]]}},{"type":"Feature","properties":{},"geometry":{"type":"Polygon","coordinates":[[[174.7456,-36.8537],[174.7459,-36.8536],[174.7458,-36.8534],[174.7456,-36.8535],[174.7456,-36.8537]]]}},{"type":"Feature","properties":{},"geometry":{"type":"Polygon","coordinates":[[[174.7455,-36.8531],[174.7459,-36.853],[174.7457,-36.8527],[174.7453,-36.8528],[174.7454,-36.8531],[174.7455,-36.8531]]]}},{"type":"Feature","properties":{},"geometry":{"type":"Polygon","coordinates":[[[174.7453,-36.8525],[174.7457,-36.8524],[174.7456,-36.8521],[174.7451,-36.8522],[174.7452,-36.8525],[174.7453,-36.8525]]]}},{"type":"Feature","properties":{},"geometry":{"type":"Polygon","coordinates":[[[174.7603,-36.8627],[174.7603,-36.8629],[174.7607,-36.863],[174.7607,-36.8627],[174.7603,-36.8627]]]}},{"type":"Feature","properties":{},"geometry":{"type":"Polygon","coordinates":[[[174.6971,-36.8991],[174.697,-36.8992],[174.6976,-36.8992],[174.6976,-36.8991],[174.6971,-36.8991]]]}},{"type":"Feature","properties":{},"geometry":{"type":"Polygon","coordinates":[[[174.769,-36.8507],[174.7698,-36.8509],[174.7702,-36.8505],[174.7699,-36.8503],[174.7698,-36.8501],[174.7699,-36.8498],[174.7695,-36.8497],[174.769,-36.8507]]]}},{"type":"Feature","properties":{},"geometry":{"type":"Polygon","coordinates":[[[174.7643,-36.8464],[174.7639,-36.8463],[174.7638,-36.8464],[174.7643,-36.8466],[174.7643,-36.8464]]]}},{"type":"Feature","properties":{},"geometry":{"type":"Polygon","coordinates":[[[174.6425,-36.9096],[174.6424,-36.9099],[174.6428,-36.9099],[174.6429,-36.9097],[174.6432,-36.9097],[174.6425,-36.9096]]]}},{"type":"Feature","properties":{},"geometry":{"type":"Polygon","coordinates":[[[174.6519,-36.9077],[174.6518,-36.908],[174.6521,-36.908],[174.6521,-36.9078],[174.6519,-36.9077]]]}},{"type":"Feature","properties":{},"geometry":{"type":"Polygon","coordinates":[[[174.659,-36.9371],[174.6588,-36.937],[174.6587,-36.9371],[174.6584,-36.937],[174.6584,-36.9375],[174.6584,-36.938],[174.6592,-36.9382],[174.6595,-36.938],[174.66,-36.9382],[174.66,-36.9381],[174.6596,-36.938],[174.6592,-36.9377],[174.6594,-36.9375],[174.6592,-36.9376],[174.659,-36.9374],[174.659,-36.9372],[174.659,-36.9371]]]}},{"type":"Feature","properties":{},"geometry":{"type":"Polygon","coordinates":[[[174.629,-36.9638],[174.6288,-36.9646],[174.629,-36.9646],[174.6292,-36.9638],[174.629,-36.9638]]]}},{"type":"Feature","properties":{},"geometry":{"type":"Polygon","coordinates":[[[174.6398,-36.9668],[174.6395,-36.9669],[174.6397,-36.9672],[174.6399,-36.9671],[174.6398,-36.9668]]]}},{"type":"Feature","properties":{},"geometry":{"type":"Polygon","coordinates":[[[174.5912,-36.8988],[174.5915,-36.8991],[174.5919,-36.8991],[174.5914,-36.8987],[174.5912,-36.8988]]]}},{"type":"Feature","properties":{},"geometry":{"type":"Polygon","coordinates":[[[174.6197,-36.8766],[174.6193,-36.877],[174.6196,-36.8773],[174.6201,-36.877],[174.6197,-36.8767],[174.6197,-36.8766]]]}},{"type":"Feature","properties":{},"geometry":{"type":"Polygon","coordinates":[[[174.5377,-36.8833],[174.537,-36.8836],[174.5376,-36.8838],[174.5381,-36.8838],[174.5385,-36.8835],[174.5377,-36.8833]]]}},{"type":"Feature","properties":{},"geometry":{"type":"Polygon","coordinates":[[[174.6436,-36.9365],[174.6436,-36.9366],[174.6435,-36.9366],[174.6434,-36.9371],[174.6444,-36.9372],[174.6445,-36.9371],[174.6445,-36.9369],[174.6443,-36.9368],[174.6436,-36.9365]]]}},{"type":"Feature","properties":{},"geometry":{"type":"Polygon","coordinates":[[[174.7817,-36.8139],[174.7817,-36.814],[174.7819,-36.8139],[174.7821,-36.8142],[174.7824,-36.8141],[174.7821,-36.8137],[174.7817,-36.8139]]]}},{"type":"Feature","properties":{},"geometry":{"type":"Polygon","coordinates":[[[174.8028,-36.829],[174.8026,-36.8291],[174.8028,-36.8293],[174.8031,-36.8291],[174.803,-36.8289],[174.8028,-36.829]]]}},{"type":"Feature","properties":{},"geometry":{"type":"Polygon","coordinates":[[[174.8034,-36.8279],[174.8033,-36.8278],[174.8031,-36.8278],[174.8032,-36.8277],[174.8028,-36.8276],[174.8027,-36.8278],[174.8029,-36.8284],[174.8035,-36.8281],[174.8034,-36.8279]]]}},{"type":"Feature","properties":{},"geometry":{"type":"Polygon","coordinates":[[[174.8,-36.8311],[174.7999,-36.8311],[174.7999,-36.8315],[174.8002,-36.8316],[174.8002,-36.8311],[174.8,-36.8311]]]}},{"type":"Feature","properties":{},"geometry":{"type":"Polygon","coordinates":[[[174.7824,-36.8616],[174.7823,-36.8616],[174.7822,-36.8618],[174.7825,-36.8621],[174.7829,-36.8618],[174.7824,-36.8616]]]}},{"type":"Feature","properties":{},"geometry":{"type":"Polygon","coordinates":[[[174.7815,-36.8582],[174.7813,-36.8581],[174.7811,-36.8583],[174.7813,-36.8586],[174.7816,-36.8584],[174.7815,-36.8582]]]}},{"type":"Feature","properties":{},"geometry":{"type":"Polygon","coordinates":[[[174.7483,-36.8839],[174.7478,-36.8838],[174.7477,-36.8841],[174.7482,-36.8842],[174.7484,-36.8839],[174.7483,-36.8839]]]}},{"type":"Feature","properties":{},"geometry":{"type":"Polygon","coordinates":[[[174.8438,-36.9506],[174.8435,-36.9506],[174.8436,-36.9511],[174.8439,-36.951],[174.8438,-36.9506]]]}},{"type":"Feature","properties":{},"geometry":{"type":"Polygon","coordinates":[[[174.847,-36.9442],[174.847,-36.9443],[174.8477,-36.9444],[174.8476,-36.9441],[174.847,-36.9442]]]}},{"type":"Feature","properties":{},"geometry":{"type":"Polygon","coordinates":[[[174.7708,-36.8506],[174.7713,-36.8503],[174.7717,-36.8502],[174.772,-36.8504],[174.7721,-36.8503],[174.7721,-36.8501],[174.7702,-36.8485],[174.7701,-36.8484],[174.7699,-36.8485],[174.7695,-36.8495],[174.77,-36.8497],[174.7701,-36.8499],[174.7708,-36.8506]]]}},{"type":"Feature","properties":{},"geometry":{"type":"Polygon","coordinates":[[[174.7935,-36.8758],[174.7931,-36.8757],[174.793,-36.876],[174.7935,-36.876],[174.7935,-36.8758]]]}},{"type":"Feature","properties":{},"geometry":{"type":"Polygon","coordinates":[[[174.6823,-36.9089],[174.682,-36.9086],[174.6818,-36.9088],[174.6822,-36.909],[174.6823,-36.9089]]]}},{"type":"Feature","properties":{},"geometry":{"type":"Polygon","coordinates":[[[174.7627,-36.9122],[174.7604,-36.9125],[174.7603,-36.9131],[174.7617,-36.9134],[174.7615,-36.9139],[174.7616,-36.9139],[174.7617,-36.9134],[174.7626,-36.9136],[174.7626,-36.9135],[174.7635,-36.9121],[174.7627,-36.9122]]]}},{"type":"Feature","properties":{},"geometry":{"type":"Polygon","coordinates":[[[174.7544,-36.9226],[174.7541,-36.9225],[174.7539,-36.9227],[174.7542,-36.9228],[174.7544,-36.9226]]]}},{"type":"Feature","properties":{},"geometry":{"type":"Polygon","coordinates":[[[174.8439,-36.9381],[174.8437,-36.9381],[174.8438,-36.9386],[174.844,-36.9385],[174.8439,-36.9381]]]}},{"type":"Feature","properties":{},"geometry":{"type":"Polygon","coordinates":[[[174.7839,-36.9129],[174.7832,-36.913],[174.7831,-36.9131],[174.7835,-36.9132],[174.784,-36.9132],[174.7839,-36.9129]]]}},{"type":"Feature","properties":{},"geometry":{"type":"Polygon","coordinates":[[[174.6294,-36.8776],[174.6291,-36.8771],[174.6285,-36.8766],[174.6274,-36.8759],[174.6271,-36.8757],[174.6267,-36.8763],[174.6274,-36.8765],[174.6274,-36.8767],[174.6278,-36.8769],[174.6278,-36.877],[174.6273,-36.8778],[174.6275,-36.8778],[174.6277,-36.878],[174.6276,-36.8781],[174.6276,-36.8784],[174.6278,-36.8786],[174.6279,-36.879],[174.6285,-36.8788],[174.6286,-36.8786],[174.6293,-36.8782],[174.6298,-36.8783],[174.6294,-36.8777],[174.6294,-36.8776]]]}},{"type":"Feature","properties":{},"geometry":{"type":"Polygon","coordinates":[[[174.9911,-37.1239],[174.9914,-37.1251],[174.9921,-37.1256],[174.9927,-37.1255],[174.9931,-37.1251],[174.9931,-37.1235],[174.9957,-37.1234],[174.9957,-37.123],[174.9955,-37.1227],[174.995,-37.1227],[174.9949,-37.1229],[174.9948,-37.1227],[174.9942,-37.1222],[174.994,-37.1216],[174.9941,-37.1209],[174.9929,-37.1212],[174.9926,-37.1219],[174.9913,-37.1219],[174.9908,-37.1223],[174.9904,-37.1234],[174.9911,-37.1239]]]}},{"type":"Feature","properties":{},"geometry":{"type":"Polygon","coordinates":[[[174.8487,-36.8668],[174.8487,-36.8673],[174.8492,-36.867],[174.8495,-36.8673],[174.8491,-36.867],[174.849,-36.867],[174.8487,-36.8668]]]}},{"type":"Feature","properties":{},"geometry":{"type":"Polygon","coordinates":[[[174.7599,-36.8784],[174.7597,-36.879],[174.7601,-36.8791],[174.7602,-36.8788],[174.7598,-36.8787],[174.7599,-36.8784]]]}},{"type":"Feature","properties":{},"geometry":{"type":"Polygon","coordinates":[[[174.7709,-36.8846],[174.7706,-36.8855],[174.7696,-36.8854],[174.7707,-36.8856],[174.7709,-36.8846]]]}},{"type":"Feature","properties":{},"geometry":{"type":"Polygon","coordinates":[[[174.5818,-36.8661],[174.5827,-36.8661],[174.5827,-36.8656],[174.5817,-36.8656],[174.5818,-36.8661]]]}},{"type":"Feature","properties":{},"geometry":{"type":"Polygon","coordinates":[[[174.7537,-36.9087],[174.7536,-36.9091],[174.7539,-36.9092],[174.7541,-36.9087],[174.7537,-36.9087]]]}},{"type":"Feature","properties":{},"geometry":{"type":"Polygon","coordinates":[[[174.7379,-36.9055],[174.7386,-36.9047],[174.7378,-36.9043],[174.7371,-36.905],[174.7379,-36.9055]]]}},{"type":"Feature","properties":{},"geometry":{"type":"Polygon","coordinates":[[[174.7576,-36.9091],[174.7585,-36.909],[174.7585,-36.9088],[174.7582,-36.9086],[174.7577,-36.9085],[174.7576,-36.9091]]]}},{"type":"Feature","properties":{},"geometry":{"type":"Polygon","coordinates":[[[174.7676,-36.8549],[174.7673,-36.8552],[174.7677,-36.8555],[174.768,-36.8552],[174.7676,-36.8549]]]}},{"type":"Feature","properties":{},"geometry":{"type":"Polygon","coordinates":[[[174.7281,-36.8454],[174.728,-36.8451],[174.7278,-36.8452],[174.7279,-36.8456],[174.7272,-36.8457],[174.7273,-36.8459],[174.7271,-36.846],[174.7271,-36.8461],[174.7273,-36.8461],[174.7275,-36.8476],[174.7273,-36.8476],[174.7274,-36.8478],[174.7276,-36.8478],[174.7276,-36.848],[174.728,-36.8482],[174.7281,-36.8482],[174.7285,-36.8482],[174.7285,-36.8478],[174.7287,-36.8478],[174.7283,-36.8454],[174.7281,-36.8454]]]}},{"type":"Feature","properties":{},"geometry":{"type":"Polygon","coordinates":[[[174.6672,-36.8054],[174.6691,-36.805],[174.6682,-36.8044],[174.6672,-36.8054]]]}},{"type":"Feature","properties":{},"geometry":{"type":"Polygon","coordinates":[[[174.6669,-36.8054],[174.6681,-36.8043],[174.6679,-36.8042],[174.6665,-36.8055],[174.6669,-36.8054]]]}},{"type":"Feature","properties":{},"geometry":{"type":"Polygon","coordinates":[[[174.7269,-36.8677],[174.7268,-36.8675],[174.7264,-36.8672],[174.7262,-36.8674],[174.7264,-36.8675],[174.7266,-36.8678],[174.7269,-36.8677]]]}},{"type":"Feature","properties":{},"geometry":{"type":"Polygon","coordinates":[[[174.7686,-36.871],[174.7686,-36.8714],[174.7691,-36.8713],[174.7691,-36.8709],[174.7689,-36.8709],[174.7688,-36.871],[174.7686,-36.871]]]}},{"type":"Feature","properties":{},"geometry":{"type":"Polygon","coordinates":[[[174.7797,-36.7988],[174.7794,-36.7987],[174.7793,-36.7989],[174.7796,-36.799],[174.7797,-36.7988]]]}},{"type":"Feature","properties":{},"geometry":{"type":"Polygon","coordinates":[[[174.65,-37.1899],[174.6505,-37.1899],[174.6502,-37.1897],[174.6498,-37.1893],[174.6488,-37.1896],[174.6486,-37.1899],[174.65,-37.1899]]]}},{"type":"Feature","properties":{},"geometry":{"type":"Polygon","coordinates":[[[174.7529,-36.8487],[174.7531,-36.8487],[174.7532,-36.8487],[174.7532,-36.8486],[174.7531,-36.8485],[174.7529,-36.8484],[174.7527,-36.8486],[174.7529,-36.8487]]]}},{"type":"Feature","properties":{},"geometry":{"type":"Polygon","coordinates":[[[174.7385,-36.8671],[174.7385,-36.8675],[174.7389,-36.8676],[174.7392,-36.8671],[174.739,-36.867],[174.7385,-36.8671]]]}},{"type":"Feature","properties":{},"geometry":{"type":"Polygon","coordinates":[[[174.7597,-36.8639],[174.7599,-36.8639],[174.76,-36.8637],[174.7598,-36.8636],[174.7597,-36.8638],[174.7597,-36.8639]]]}},{"type":"Feature","properties":{},"geometry":{"type":"Polygon","coordinates":[[[174.771,-36.8638],[174.7707,-36.8637],[174.7706,-36.8639],[174.771,-36.864],[174.771,-36.8638]]]}},{"type":"Feature","properties":{},"geometry":{"type":"Polygon","coordinates":[[[174.7443,-36.8503],[174.7439,-36.8503],[174.744,-36.8505],[174.7444,-36.8505],[174.7443,-36.8503]]]}},{"type":"Feature","properties":{},"geometry":{"type":"Polygon","coordinates":[[[174.7439,-36.8491],[174.7439,-36.8489],[174.7435,-36.8489],[174.7435,-36.8491],[174.7439,-36.8491]]]}},{"type":"Feature","properties":{},"geometry":{"type":"Polygon","coordinates":[[[174.7637,-36.8447],[174.7638,-36.8444],[174.7633,-36.8446],[174.7637,-36.8447]]]}},{"type":"Feature","properties":{},"geometry":{"type":"Polygon","coordinates":[[[175.0431,-36.9975],[175.0435,-36.998],[175.044,-36.9983],[175.0442,-36.9983],[175.0448,-36.9982],[175.0446,-36.9979],[175.0444,-36.998],[175.0436,-36.9972],[175.0431,-36.9975]]]}},{"type":"Feature","properties":{},"geometry":{"type":"Polygon","coordinates":[[[174.7224,-36.7808],[174.7227,-36.7809],[174.7229,-36.7806],[174.7226,-36.7804],[174.7224,-36.7808]]]}},{"type":"Feature","properties":{},"geometry":{"type":"Polygon","coordinates":[[[174.7253,-36.7766],[174.725,-36.7768],[174.7253,-36.7771],[174.7256,-36.7769],[174.7253,-36.7766]]]}},{"type":"Feature","properties":{},"geometry":{"type":"Polygon","coordinates":[[[174.7496,-36.6917],[174.7501,-36.6917],[174.7502,-36.6915],[174.7496,-36.6915],[174.7496,-36.6917]]]}},{"type":"Feature","properties":{},"geometry":{"type":"Polygon","coordinates":[[[174.7517,-36.7388],[174.7514,-36.7389],[174.7515,-36.739],[174.7514,-36.7393],[174.7519,-36.7391],[174.7517,-36.7388]]]}},{"type":"Feature","properties":{},"geometry":{"type":"Polygon","coordinates":[[[174.7611,-36.7475],[174.7614,-36.7475],[174.7612,-36.7472],[174.7609,-36.7473],[174.7608,-36.7474],[174.7611,-36.7475]]]}},{"type":"Feature","properties":{},"geometry":{"type":"Polygon","coordinates":[[[174.7434,-36.7389],[174.7436,-36.7388],[174.7435,-36.7387],[174.7431,-36.7388],[174.7432,-36.739],[174.7434,-36.7389]]]}},{"type":"Feature","properties":{},"geometry":{"type":"Polygon","coordinates":[[[174.7012,-36.792],[174.7009,-36.7921],[174.7009,-36.7922],[174.7013,-36.7922],[174.7012,-36.792]]]}},{"type":"Feature","properties":{},"geometry":{"type":"Polygon","coordinates":[[[174.7061,-36.7936],[174.7064,-36.7935],[174.7063,-36.7933],[174.706,-36.7934],[174.7061,-36.7936]]]}},{"type":"Feature","properties":{},"geometry":{"type":"Polygon","coordinates":[[[174.736,-36.8207],[174.7359,-36.8208],[174.7362,-36.8212],[174.7363,-36.8211],[174.736,-36.8207]]]}},{"type":"Feature","properties":{},"geometry":{"type":"Polygon","coordinates":[[[174.7353,-36.8186],[174.7353,-36.8189],[174.7356,-36.819],[174.7356,-36.8186],[174.7353,-36.8186]]]}},{"type":"Feature","properties":{},"geometry":{"type":"Polygon","coordinates":[[[174.7304,-36.8152],[174.7302,-36.8155],[174.7303,-36.8156],[174.7306,-36.8153],[174.7304,-36.8152]]]}},{"type":"Feature","properties":{},"geometry":{"type":"Polygon","coordinates":[[[174.728,-36.8141],[174.728,-36.8144],[174.7284,-36.8144],[174.728,-36.8141]]]}},{"type":"Feature","properties":{},"geometry":{"type":"Polygon","coordinates":[[[174.7155,-36.8107],[174.7158,-36.8107],[174.7158,-36.8104],[174.7156,-36.8104],[174.7155,-36.8107]]]}},{"type":"Feature","properties":{},"geometry":{"type":"Polygon","coordinates":[[[174.7196,-36.811],[174.7193,-36.811],[174.7193,-36.8112],[174.7195,-36.8113],[174.7196,-36.811]]]}},{"type":"Feature","properties":{},"geometry":{"type":"Polygon","coordinates":[[[174.7363,-36.8201],[174.7361,-36.8198],[174.7359,-36.82],[174.7362,-36.8203],[174.7364,-36.8201],[174.7363,-36.8201]]]}},{"type":"Feature","properties":{},"geometry":{"type":"Polygon","coordinates":[[[174.7429,-36.8117],[174.7426,-36.812],[174.7428,-36.8121],[174.743,-36.8122],[174.7429,-36.8117]]]}},{"type":"Feature","properties":{},"geometry":{"type":"Polygon","coordinates":[[[174.7445,-36.817],[174.7443,-36.8169],[174.7441,-36.8172],[174.7443,-36.8173],[174.7445,-36.817]]]}},{"type":"Feature","properties":{},"geometry":{"type":"Polygon","coordinates":[[[174.7437,-36.791],[174.7435,-36.7908],[174.7431,-36.7912],[174.7436,-36.7915],[174.7438,-36.7914],[174.7439,-36.7914],[174.744,-36.7913],[174.7437,-36.791]]]}},{"type":"Feature","properties":{},"geometry":{"type":"Polygon","coordinates":[[[174.7465,-36.8009],[174.7468,-36.8011],[174.7469,-36.8011],[174.7473,-36.8008],[174.7469,-36.8004],[174.7466,-36.8007],[174.7466,-36.8008],[174.7465,-36.8009]]]}},{"type":"Feature","properties":{},"geometry":{"type":"Polygon","coordinates":[[[174.7755,-36.7766],[174.7761,-36.7765],[174.776,-36.7762],[174.7757,-36.7763],[174.7758,-36.7765],[174.7755,-36.7766]]]}},{"type":"Feature","properties":{},"geometry":{"type":"Polygon","coordinates":[[[174.776,-36.776],[174.7761,-36.7759],[174.7761,-36.7757],[174.7757,-36.7759],[174.7758,-36.7761],[174.776,-36.776]]]}},{"type":"Feature","properties":{},"geometry":{"type":"Polygon","coordinates":[[[174.7611,-36.7906],[174.7613,-36.7907],[174.7619,-36.7902],[174.7616,-36.79],[174.761,-36.7905],[174.7611,-36.7906]]]}},{"type":"Feature","properties":{},"geometry":{"type":"Polygon","coordinates":[[[174.7697,-36.787],[174.7699,-36.7873],[174.7704,-36.787],[174.7701,-36.7867],[174.7697,-36.787]]]}},{"type":"Feature","properties":{},"geometry":{"type":"Polygon","coordinates":[[[174.7681,-36.7862],[174.7679,-36.7857],[174.7675,-36.7858],[174.7676,-36.786],[174.7676,-36.7862],[174.7677,-36.7861],[174.7679,-36.7863],[174.7681,-36.7862]]]}},{"type":"Feature","properties":{},"geometry":{"type":"Polygon","coordinates":[[[174.7684,-36.7595],[174.7685,-36.7594],[174.7683,-36.7589],[174.7681,-36.7591],[174.7684,-36.7595]]]}},{"type":"Feature","properties":{},"geometry":{"type":"Polygon","coordinates":[[[174.7718,-36.7836],[174.7721,-36.7838],[174.7726,-36.7834],[174.7723,-36.7832],[174.7718,-36.7836]]]}},{"type":"Feature","properties":{},"geometry":{"type":"Polygon","coordinates":[[[174.7972,-36.8253],[174.797,-36.825],[174.7968,-36.8251],[174.797,-36.8254],[174.7972,-36.8253]]]}},{"type":"Feature","properties":{},"geometry":{"type":"Polygon","coordinates":[[[174.8007,-36.8222],[174.8009,-36.8221],[174.8007,-36.8218],[174.8004,-36.8219],[174.8005,-36.8222],[174.8007,-36.8222]]]}},{"type":"Feature","properties":{},"geometry":{"type":"Polygon","coordinates":[[[174.7988,-36.829],[174.7988,-36.8293],[174.7991,-36.8293],[174.7991,-36.829],[174.7988,-36.829]]]}},{"type":"Feature","properties":{},"geometry":{"type":"Polygon","coordinates":[[[174.8084,-36.8235],[174.8082,-36.8237],[174.8084,-36.8239],[174.8087,-36.8237],[174.8084,-36.8235]]]}},{"type":"Feature","properties":{},"geometry":{"type":"Polygon","coordinates":[[[174.7868,-36.8284],[174.7869,-36.8281],[174.7868,-36.828],[174.7866,-36.8284],[174.7868,-36.8284]]]}},{"type":"Feature","properties":{},"geometry":{"type":"Polygon","coordinates":[[[174.8035,-36.8258],[174.8037,-36.8262],[174.8042,-36.8261],[174.8044,-36.8257],[174.8036,-36.8255],[174.8035,-36.8258]]]}},{"type":"Feature","properties":{},"geometry":{"type":"Polygon","coordinates":[[[174.783,-36.8254],[174.7831,-36.8252],[174.7828,-36.8251],[174.7826,-36.8253],[174.783,-36.8254]]]}},{"type":"Feature","properties":{},"geometry":{"type":"Polygon","coordinates":[[[174.8001,-36.829],[174.8005,-36.829],[174.8005,-36.8287],[174.8001,-36.8287],[174.8001,-36.829]]]}},{"type":"Feature","properties":{},"geometry":{"type":"Polygon","coordinates":[[[174.8083,-36.8233],[174.8087,-36.823],[174.8086,-36.8228],[174.8083,-36.823],[174.8084,-36.8231],[174.8083,-36.8233]]]}},{"type":"Feature","properties":{},"geometry":{"type":"Polygon","coordinates":[[[174.8002,-36.8127],[174.8,-36.8126],[174.8,-36.8128],[174.8005,-36.8131],[174.8006,-36.8129],[174.8002,-36.8127]]]}},{"type":"Feature","properties":{},"geometry":{"type":"Polygon","coordinates":[[[174.7821,-36.8263],[174.7822,-36.826],[174.782,-36.8259],[174.7817,-36.826],[174.7818,-36.8262],[174.7821,-36.8263]]]}},{"type":"Feature","properties":{},"geometry":{"type":"Polygon","coordinates":[[[174.7785,-36.8252],[174.7787,-36.8256],[174.7789,-36.8255],[174.7793,-36.825],[174.7787,-36.8249],[174.7785,-36.8252]]]}},{"type":"Feature","properties":{},"geometry":{"type":"Polygon","coordinates":[[[174.7757,-36.8259],[174.7761,-36.8258],[174.7759,-36.8254],[174.7757,-36.8255],[174.7757,-36.8256],[174.7756,-36.8258],[174.7757,-36.8259]]]}},{"type":"Feature","properties":{},"geometry":{"type":"Polygon","coordinates":[[[174.8031,-36.8266],[174.803,-36.8266],[174.803,-36.8267],[174.8034,-36.8268],[174.8034,-36.8266],[174.8031,-36.8266]]]}},{"type":"Feature","properties":{},"geometry":{"type":"Polygon","coordinates":[[[174.7971,-36.8286],[174.797,-36.8289],[174.7972,-36.829],[174.7975,-36.8288],[174.7971,-36.8286]]]}},{"type":"Feature","properties":{},"geometry":{"type":"Polygon","coordinates":[[[174.7965,-36.8261],[174.7965,-36.8259],[174.7961,-36.8259],[174.7962,-36.8261],[174.7965,-36.8261]]]}},{"type":"Feature","properties":{},"geometry":{"type":"Polygon","coordinates":[[[174.8033,-36.8207],[174.8036,-36.8203],[174.8031,-36.8199],[174.8027,-36.8199],[174.8027,-36.8207],[174.8033,-36.8207]]]}},{"type":"Feature","properties":{},"geometry":{"type":"Polygon","coordinates":[[[174.7958,-36.8283],[174.7959,-36.8285],[174.7962,-36.8285],[174.7961,-36.8281],[174.7958,-36.8281],[174.7958,-36.8283]]]}},{"type":"Feature","properties":{},"geometry":{"type":"Polygon","coordinates":[[[174.8004,-36.8219],[174.8002,-36.8219],[174.8003,-36.8222],[174.8005,-36.8222],[174.8004,-36.8219]]]}},{"type":"Feature","properties":{},"geometry":{"type":"Polygon","coordinates":[[[174.802,-36.8128],[174.8017,-36.8127],[174.8016,-36.8129],[174.8018,-36.813],[174.802,-36.8128]]]}},{"type":"Feature","properties":{},"geometry":{"type":"Polygon","coordinates":[[[174.8008,-36.8315],[174.8007,-36.831],[174.8005,-36.8311],[174.8006,-36.8315],[174.8008,-36.8315]]]}},{"type":"Feature","properties":{},"geometry":{"type":"Polygon","coordinates":[[[174.4527,-36.6741],[174.4527,-36.6739],[174.4524,-36.674],[174.4524,-36.6742],[174.4527,-36.6741]]]}},{"type":"Feature","properties":{},"geometry":{"type":"Polygon","coordinates":[[[174.6493,-36.466],[174.6493,-36.4665],[174.6496,-36.4665],[174.6501,-36.4667],[174.65,-36.4669],[174.6501,-36.4671],[174.6508,-36.4669],[174.6514,-36.4667],[174.6513,-36.4662],[174.6507,-36.465],[174.65,-36.4652],[174.6496,-36.4656],[174.6495,-36.4658],[174.6493,-36.466]]]}},{"type":"Feature","properties":{},"geometry":{"type":"Polygon","coordinates":[[[174.6898,-36.5748],[174.69,-36.5747],[174.6892,-36.5744],[174.6886,-36.5748],[174.689,-36.5751],[174.6898,-36.5748]]]}},{"type":"Feature","properties":{},"geometry":{"type":"Polygon","coordinates":[[[174.6921,-36.7224],[174.6923,-36.722],[174.6922,-36.7219],[174.6921,-36.7218],[174.6918,-36.7222],[174.6921,-36.7224]]]}},{"type":"Feature","properties":{},"geometry":{"type":"Polygon","coordinates":[[[174.7221,-36.7807],[174.7222,-36.7804],[174.722,-36.7803],[174.7219,-36.7806],[174.7221,-36.7807]]]}},{"type":"Feature","properties":{},"geometry":{"type":"Polygon","coordinates":[[[174.7463,-36.8163],[174.7463,-36.8162],[174.7456,-36.8161],[174.7456,-36.8164],[174.7463,-36.8165],[174.7463,-36.8163]]]}},{"type":"Feature","properties":{},"geometry":{"type":"Polygon","coordinates":[[[174.7478,-36.8271],[174.7477,-36.8273],[174.7483,-36.8269],[174.748,-36.8268],[174.7478,-36.8271]]]}},{"type":"Feature","properties":{},"geometry":{"type":"Polygon","coordinates":[[[174.7485,-36.8267],[174.7483,-36.827],[174.7491,-36.8267],[174.7486,-36.8264],[174.7485,-36.8267]]]}},{"type":"Feature","properties":{},"geometry":{"type":"Polygon","coordinates":[[[174.7598,-36.8554],[174.7596,-36.8556],[174.76,-36.8559],[174.7602,-36.8557],[174.7598,-36.8554]]]}},{"type":"Feature","properties":{},"geometry":{"type":"Polygon","coordinates":[[[174.764,-36.8483],[174.7637,-36.8482],[174.7636,-36.8485],[174.7638,-36.8485],[174.764,-36.8483]]]}},{"type":"Feature","properties":{},"geometry":{"type":"Polygon","coordinates":[[[174.6661,-36.7883],[174.6665,-36.7882],[174.6664,-36.788],[174.6666,-36.7879],[174.6665,-36.7876],[174.666,-36.7877],[174.6657,-36.7883],[174.6661,-36.7883]]]}},{"type":"Feature","properties":{},"geometry":{"type":"Polygon","coordinates":[[[174.7392,-36.8424],[174.7391,-36.842],[174.7388,-36.8421],[174.7389,-36.8425],[174.7392,-36.8424]]]}},{"type":"Feature","properties":{},"geometry":{"type":"Polygon","coordinates":[[[174.703,-36.859],[174.7032,-36.8593],[174.7034,-36.8592],[174.7032,-36.8589],[174.703,-36.859]]]}},{"type":"Feature","properties":{},"geometry":{"type":"Polygon","coordinates":[[[174.9034,-37.2021],[174.9029,-37.202],[174.9028,-37.2023],[174.9034,-37.2023],[174.9034,-37.2021]]]}},{"type":"Feature","properties":{},"geometry":{"type":"Polygon","coordinates":[[[174.786,-36.8501],[174.7867,-36.8501],[174.7865,-36.8497],[174.7862,-36.8496],[174.7859,-36.8497],[174.786,-36.8502],[174.786,-36.8501]]]}},{"type":"Feature","properties":{},"geometry":{"type":"Polygon","coordinates":[[[174.7166,-36.8683],[174.7166,-36.8682],[174.7166,-36.868],[174.7161,-36.8681],[174.7162,-36.8684],[174.7166,-36.8683]]]}},{"type":"Feature","properties":{},"geometry":{"type":"Polygon","coordinates":[[[174.711,-36.8708],[174.7108,-36.8705],[174.7106,-36.8705],[174.7109,-36.8709],[174.711,-36.8708]]]}},{"type":"Feature","properties":{},"geometry":{"type":"Polygon","coordinates":[[[174.9399,-37.0584],[174.9398,-37.058],[174.9397,-37.058],[174.9394,-37.0583],[174.9396,-37.0585],[174.9399,-37.0584]]]}},{"type":"Feature","properties":{},"geometry":{"type":"Polygon","coordinates":[[[174.9395,-37.059],[174.9396,-37.0589],[174.9395,-37.0586],[174.9392,-37.0589],[174.9395,-37.059]]]}},{"type":"Feature","properties":{},"geometry":{"type":"Polygon","coordinates":[[[174.6674,-36.7885],[174.6675,-36.7885],[174.6678,-36.7883],[174.6677,-36.7881],[174.6672,-36.7882],[174.6674,-36.7885]]]}},{"type":"Feature","properties":{},"geometry":{"type":"Polygon","coordinates":[[[174.7637,-36.8639],[174.7634,-36.8639],[174.7632,-36.8644],[174.7635,-36.8645],[174.7637,-36.8639]]]}},{"type":"Feature","properties":{},"geometry":{"type":"Polygon","coordinates":[[[174.7753,-36.885],[174.7755,-36.8851],[174.7756,-36.8849],[174.7753,-36.8848],[174.7753,-36.885]]]}},{"type":"Feature","properties":{},"geometry":{"type":"Polygon","coordinates":[[[174.9053,-37.2019],[174.905,-37.2018],[174.9049,-37.202],[174.9053,-37.202],[174.9053,-37.2019]]]}},{"type":"Feature","properties":{},"geometry":{"type":"Polygon","coordinates":[[[174.7267,-36.8794],[174.7256,-36.8788],[174.7251,-36.8791],[174.7252,-36.8796],[174.7256,-36.8796],[174.7256,-36.8797],[174.7256,-36.8799],[174.7257,-36.88],[174.7267,-36.8794]]]}},{"type":"Feature","properties":{},"geometry":{"type":"Polygon","coordinates":[[[174.8462,-36.977],[174.8461,-36.9769],[174.8457,-36.977],[174.8458,-36.9774],[174.8462,-36.977]]]}},{"type":"Feature","properties":{},"geometry":{"type":"Polygon","coordinates":[[[174.7095,-36.8689],[174.7094,-36.869],[174.7095,-36.8692],[174.7099,-36.869],[174.7098,-36.8688],[174.7095,-36.8689]]]}},{"type":"Feature","properties":{},"geometry":{"type":"Polygon","coordinates":[[[174.7033,-36.8575],[174.7037,-36.8576],[174.7034,-36.8572],[174.7033,-36.8575]]]}},{"type":"Feature","properties":{},"geometry":{"type":"Polygon","coordinates":[[[174.9005,-37.2018],[174.9005,-37.2021],[174.9002,-37.2021],[174.9001,-37.2024],[174.9009,-37.2024],[174.901,-37.2018],[174.9005,-37.2018]]]}},{"type":"Feature","properties":{},"geometry":{"type":"Polygon","coordinates":[[[174.7399,-36.8562],[174.7399,-36.8559],[174.7395,-36.8559],[174.7396,-36.8562],[174.7399,-36.8562]]]}},{"type":"Feature","properties":{},"geometry":{"type":"Polygon","coordinates":[[[174.7417,-36.8747],[174.7414,-36.8746],[174.7413,-36.8748],[174.7417,-36.8748],[174.7417,-36.8747]]]}},{"type":"Feature","properties":{},"geometry":{"type":"Polygon","coordinates":[[[174.7744,-36.8691],[174.7742,-36.8691],[174.7741,-36.8694],[174.7743,-36.8694],[174.7744,-36.8691]]]}},{"type":"Feature","properties":{},"geometry":{"type":"Polygon","coordinates":[[[174.782,-36.9197],[174.7821,-36.9201],[174.7826,-36.92],[174.7825,-36.9197],[174.782,-36.9197]]]}},{"type":"Feature","properties":{},"geometry":{"type":"Polygon","coordinates":[[[174.7833,-36.8503],[174.7823,-36.8505],[174.7825,-36.8511],[174.7833,-36.8509],[174.7833,-36.8503]]]}},{"type":"Feature","properties":{},"geometry":{"type":"Polygon","coordinates":[[[174.7863,-36.8578],[174.7861,-36.8576],[174.7859,-36.8577],[174.7861,-36.8579],[174.7863,-36.8578]]]}},{"type":"Feature","properties":{},"geometry":{"type":"Polygon","coordinates":[[[174.7654,-36.8819],[174.7646,-36.8818],[174.7645,-36.8819],[174.7646,-36.8823],[174.7645,-36.8823],[174.7645,-36.8826],[174.7651,-36.8827],[174.7653,-36.8823],[174.7655,-36.8823],[174.7654,-36.8819]]]}},{"type":"Feature","properties":{},"geometry":{"type":"Polygon","coordinates":[[[174.7615,-36.8741],[174.7612,-36.8741],[174.7612,-36.8745],[174.7615,-36.8745],[174.7615,-36.8741]]]}},{"type":"Feature","properties":{},"geometry":{"type":"Polygon","coordinates":[[[174.7544,-36.8526],[174.7543,-36.8526],[174.7543,-36.8528],[174.7546,-36.8529],[174.7547,-36.8527],[174.7544,-36.8526]]]}},{"type":"Feature","properties":{},"geometry":{"type":"Polygon","coordinates":[[[174.9449,-37.0656],[174.9441,-37.0655],[174.944,-37.0656],[174.944,-37.0659],[174.9449,-37.066],[174.9449,-37.0656]]]}},{"type":"Feature","properties":{},"geometry":{"type":"Polygon","coordinates":[[[174.9456,-37.0659],[174.9452,-37.066],[174.9452,-37.0662],[174.9457,-37.0662],[174.9456,-37.0659]]]}},{"type":"Feature","properties":{},"geometry":{"type":"Polygon","coordinates":[[[174.6663,-36.7777],[174.666,-36.7779],[174.6663,-36.7782],[174.6667,-36.7779],[174.6664,-36.7777],[174.6663,-36.7777]]]}},{"type":"Feature","properties":{},"geometry":{"type":"Polygon","coordinates":[[[174.735,-36.822],[174.735,-36.8222],[174.7345,-36.8224],[174.7339,-36.8224],[174.7337,-36.8225],[174.7344,-36.8226],[174.7353,-36.8224],[174.7352,-36.8221],[174.7359,-36.8219],[174.7358,-36.8218],[174.735,-36.822]]]}},{"type":"Feature","properties":{},"geometry":{"type":"Polygon","coordinates":[[[174.7153,-36.8948],[174.7156,-36.8946],[174.7155,-36.8944],[174.7151,-36.8947],[174.7153,-36.8948]]]}},{"type":"Feature","properties":{},"geometry":{"type":"Polygon","coordinates":[[[174.7443,-36.8838],[174.7447,-36.8826],[174.7443,-36.8825],[174.7442,-36.8826],[174.7444,-36.8826],[174.7443,-36.883],[174.744,-36.883],[174.7437,-36.8838],[174.7443,-36.8839],[174.7443,-36.8838]]]}},{"type":"Feature","properties":{},"geometry":{"type":"Polygon","coordinates":[[[174.702,-36.8602],[174.7024,-36.86],[174.7022,-36.8599],[174.7018,-36.8601],[174.702,-36.8602]]]}},{"type":"Feature","properties":{},"geometry":{"type":"Polygon","coordinates":[[[174.7034,-36.8615],[174.7033,-36.8613],[174.7029,-36.8616],[174.703,-36.8617],[174.7034,-36.8615]]]}},{"type":"Feature","properties":{},"geometry":{"type":"Polygon","coordinates":[[[174.7024,-36.8593],[174.7024,-36.8591],[174.7019,-36.859],[174.7019,-36.8592],[174.7024,-36.8593]]]}},{"type":"Feature","properties":{},"geometry":{"type":"Polygon","coordinates":[[[174.7063,-36.865],[174.7067,-36.8648],[174.7066,-36.8647],[174.7062,-36.8649],[174.7063,-36.865]]]}},{"type":"Feature","properties":{},"geometry":{"type":"Polygon","coordinates":[[[174.7057,-36.8645],[174.7057,-36.8644],[174.7053,-36.8645],[174.7055,-36.8647],[174.7057,-36.8645]]]}},{"type":"Feature","properties":{},"geometry":{"type":"Polygon","coordinates":[[[174.7071,-36.866],[174.7073,-36.8659],[174.7072,-36.8657],[174.7069,-36.8658],[174.7071,-36.866]]]}},{"type":"Feature","properties":{},"geometry":{"type":"Polygon","coordinates":[[[174.7517,-36.8688],[174.7514,-36.8688],[174.7513,-36.8691],[174.7516,-36.8692],[174.7517,-36.8688]]]}},{"type":"Feature","properties":{},"geometry":{"type":"Polygon","coordinates":[[[174.7031,-36.8681],[174.7033,-36.8683],[174.7036,-36.8682],[174.7034,-36.8679],[174.7031,-36.8681]]]}},{"type":"Feature","properties":{},"geometry":{"type":"Polygon","coordinates":[[[174.6474,-36.9097],[174.6476,-36.9098],[174.6478,-36.9096],[174.6474,-36.9095],[174.6474,-36.9097]]]}},{"type":"Feature","properties":{},"geometry":{"type":"Polygon","coordinates":[[[174.6541,-36.9377],[174.6529,-36.9376],[174.6529,-36.9382],[174.6539,-36.9382],[174.6541,-36.9377]]]}},{"type":"Feature","properties":{},"geometry":{"type":"Polygon","coordinates":[[[174.6168,-36.9135],[174.6164,-36.9131],[174.6163,-36.9133],[174.6166,-36.9135],[174.6166,-36.9136],[174.6168,-36.9135]]]}},{"type":"Feature","properties":{},"geometry":{"type":"Polygon","coordinates":[[[174.6361,-36.8794],[174.6357,-36.8793],[174.6356,-36.8796],[174.6359,-36.8797],[174.6361,-36.8794]]]}},{"type":"Feature","properties":{},"geometry":{"type":"Polygon","coordinates":[[[174.6234,-36.8714],[174.6237,-36.8715],[174.6238,-36.8713],[174.6235,-36.8712],[174.6234,-36.8714]]]}},{"type":"Feature","properties":{},"geometry":{"type":"Polygon","coordinates":[[[174.6434,-36.7165],[174.6429,-36.7164],[174.6429,-36.7168],[174.6432,-36.717],[174.6434,-36.7165]]]}},{"type":"Feature","properties":{},"geometry":{"type":"Polygon","coordinates":[[[174.4409,-36.6734],[174.4411,-36.6731],[174.4409,-36.6727],[174.4404,-36.673],[174.4407,-36.6734],[174.4408,-36.6734],[174.4409,-36.6734]]]}},{"type":"Feature","properties":{},"geometry":{"type":"Polygon","coordinates":[[[174.3999,-36.3142],[174.3995,-36.3138],[174.3991,-36.3141],[174.3995,-36.3145],[174.3999,-36.3142]]]}},{"type":"Feature","properties":{},"geometry":{"type":"Polygon","coordinates":[[[174.7484,-36.6349],[174.7485,-36.6349],[174.7485,-36.6347],[174.7482,-36.6347],[174.7482,-36.6349],[174.7484,-36.6349]]]}},{"type":"Feature","properties":{},"geometry":{"type":"Polygon","coordinates":[[[174.7473,-36.8117],[174.7472,-36.812],[174.7474,-36.8121],[174.7475,-36.8118],[174.7473,-36.8117]]]}},{"type":"Feature","properties":{},"geometry":{"type":"Polygon","coordinates":[[[174.7488,-36.8222],[174.7488,-36.822],[174.7484,-36.822],[174.7485,-36.8222],[174.7488,-36.8222]]]}},{"type":"Feature","properties":{},"geometry":{"type":"Polygon","coordinates":[[[174.7485,-36.8247],[174.748,-36.8247],[174.748,-36.8248],[174.7485,-36.8249],[174.7485,-36.8247]]]}},{"type":"Feature","properties":{},"geometry":{"type":"Polygon","coordinates":[[[174.9041,-37.0089],[174.9041,-37.0088],[174.9033,-37.0082],[174.9031,-37.0083],[174.9028,-37.0086],[174.9032,-37.0087],[174.9035,-37.0086],[174.9037,-37.0089],[174.9041,-37.0089]]]}},{"type":"Feature","properties":{},"geometry":{"type":"Polygon","coordinates":[[[175.0069,-36.9773],[175.0062,-36.9769],[175.0056,-36.9774],[175.0064,-36.9777],[175.0069,-36.9773]]]}},{"type":"Feature","properties":{},"geometry":{"type":"Polygon","coordinates":[[[174.906,-36.9299],[174.9063,-36.9295],[174.9056,-36.9293],[174.9054,-36.9298],[174.906,-36.9299]]]}},{"type":"Feature","properties":{},"geometry":{"type":"Polygon","coordinates":[[[174.9221,-36.9761],[174.9222,-36.9758],[174.9218,-36.9758],[174.9217,-36.9761],[174.9221,-36.9761]]]}},{"type":"Feature","properties":{},"geometry":{"type":"Polygon","coordinates":[[[174.8332,-36.9602],[174.8326,-36.9601],[174.8326,-36.9603],[174.8332,-36.9604],[174.8332,-36.9602]]]}},{"type":"Feature","properties":{},"geometry":{"type":"Polygon","coordinates":[[[174.8572,-37.023],[174.8571,-37.0234],[174.8573,-37.0237],[174.858,-37.0234],[174.8576,-37.0228],[174.8572,-37.023]]]}},{"type":"Feature","properties":{},"geometry":{"type":"Polygon","coordinates":[[[174.8504,-36.9853],[174.8485,-36.985],[174.8485,-36.9851],[174.849,-36.9852],[174.849,-36.9859],[174.8493,-36.9859],[174.8493,-36.9862],[174.8497,-36.9862],[174.8497,-36.9859],[174.8504,-36.9859],[174.8504,-36.9853]]]}},{"type":"Feature","properties":{},"geometry":{"type":"Polygon","coordinates":[[[174.7684,-36.8733],[174.7687,-36.8737],[174.7688,-36.8735],[174.7689,-36.8734],[174.7687,-36.8731],[174.7684,-36.8733]]]}},{"type":"Feature","properties":{},"geometry":{"type":"Polygon","coordinates":[[[174.7126,-36.8899],[174.713,-36.8895],[174.7122,-36.889],[174.7119,-36.8894],[174.7126,-36.8899]]]}},{"type":"Feature","properties":{},"geometry":{"type":"Polygon","coordinates":[[[174.7444,-36.8506],[174.7442,-36.8507],[174.7443,-36.8509],[174.7445,-36.8509],[174.7444,-36.8506]]]}},{"type":"Feature","properties":{},"geometry":{"type":"Polygon","coordinates":[[[174.8443,-36.945],[174.8441,-36.9448],[174.8439,-36.9449],[174.844,-36.9451],[174.8443,-36.945]]]}},{"type":"Feature","properties":{},"geometry":{"type":"Polygon","coordinates":[[[174.8119,-36.8803],[174.8116,-36.88],[174.811,-36.8805],[174.8114,-36.8808],[174.8117,-36.8812],[174.8127,-36.8807],[174.8127,-36.8806],[174.8126,-36.8806],[174.8126,-36.8801],[174.8119,-36.8803]]]}},{"type":"Feature","properties":{},"geometry":{"type":"Polygon","coordinates":[[[174.6742,-36.4113],[174.6737,-36.4103],[174.6724,-36.4112],[174.6728,-36.4116],[174.6731,-36.4117],[174.6742,-36.4113]]]}},{"type":"Feature","properties":{},"geometry":{"type":"Polygon","coordinates":[[[174.8365,-36.9346],[174.8366,-36.9346],[174.8366,-36.9348],[174.8375,-36.935],[174.8384,-36.9348],[174.8383,-36.9345],[174.8405,-36.9344],[174.8416,-36.9337],[174.8416,-36.9315],[174.8396,-36.9306],[174.8395,-36.9306],[174.8379,-36.9316],[174.8371,-36.9324],[174.8386,-36.9334],[174.8379,-36.9337],[174.8362,-36.9341],[174.8355,-36.9342],[174.8356,-36.9346],[174.8365,-36.9346]]]}},{"type":"Feature","properties":{},"geometry":{"type":"Polygon","coordinates":[[[174.6621,-36.3954],[174.6618,-36.3957],[174.6623,-36.3959],[174.6626,-36.396],[174.6626,-36.3962],[174.6627,-36.3963],[174.6626,-36.3964],[174.6627,-36.3966],[174.663,-36.3967],[174.6633,-36.3967],[174.6638,-36.3965],[174.6638,-36.3962],[174.6636,-36.3961],[174.6633,-36.3961],[174.6629,-36.396],[174.6626,-36.3956],[174.6624,-36.3955],[174.6622,-36.3955],[174.6621,-36.3954]]]}},{"type":"Feature","properties":{},"geometry":{"type":"Polygon","coordinates":[[[174.6368,-36.7523],[174.636,-36.7522],[174.6356,-36.7526],[174.6358,-36.7528],[174.6358,-36.7532],[174.637,-36.7529],[174.6368,-36.7523]]]}},{"type":"Feature","properties":{},"geometry":{"type":"Polygon","coordinates":[[[174.8505,-36.9016],[174.8502,-36.9015],[174.8479,-36.9022],[174.8472,-36.9026],[174.8465,-36.9028],[174.8453,-36.9037],[174.8452,-36.9045],[174.8446,-36.9053],[174.8443,-36.9053],[174.844,-36.9057],[174.844,-36.9061],[174.8437,-36.9062],[174.8437,-36.9065],[174.8441,-36.907],[174.8438,-36.907],[174.8439,-36.9074],[174.8442,-36.9074],[174.8446,-36.9076],[174.8448,-36.9077],[174.8448,-36.9076],[174.8456,-36.9078],[174.8471,-36.9087],[174.8477,-36.9087],[174.8486,-36.9085],[174.8496,-36.9088],[174.8499,-36.9081],[174.8507,-36.908],[174.852,-36.9075],[174.8525,-36.9074],[174.8531,-36.9066],[174.854,-36.9064],[174.854,-36.9062],[174.8544,-36.9062],[174.855,-36.9059],[174.8552,-36.906],[174.8553,-36.9061],[174.8555,-36.9065],[174.8558,-36.907],[174.8561,-36.9073],[174.8564,-36.9079],[174.8565,-36.9085],[174.8567,-36.9087],[174.8569,-36.9086],[174.857,-36.9088],[174.8572,-36.9083],[174.8577,-36.9078],[174.8575,-36.9078],[174.857,-36.9072],[174.8567,-36.9069],[174.8566,-36.9069],[174.8564,-36.9066],[174.8562,-36.9065],[174.8562,-36.9063],[174.856,-36.9059],[174.8549,-36.9047],[174.8546,-36.904],[174.8543,-36.9027],[174.854,-36.9021],[174.8535,-36.9019],[174.8522,-36.9019],[174.8516,-36.9015],[174.8514,-36.9016],[174.8507,-36.9016],[174.8505,-36.9016]]]}},{"type":"Feature","properties":{},"geometry":{"type":"Polygon","coordinates":[[[174.6366,-36.7772],[174.6364,-36.7777],[174.637,-36.7778],[174.6371,-36.7775],[174.6366,-36.7772]]]}},{"type":"Feature","properties":{},"geometry":{"type":"Polygon","coordinates":[[[174.6531,-36.8017],[174.6534,-36.8014],[174.6525,-36.8009],[174.6523,-36.8008],[174.6523,-36.8009],[174.6521,-36.8009],[174.6518,-36.8011],[174.651,-36.8011],[174.6509,-36.8011],[174.6507,-36.8008],[174.6504,-36.8009],[174.6504,-36.8012],[174.6507,-36.8017],[174.6523,-36.8021],[174.6525,-36.8026],[174.6522,-36.8036],[174.6522,-36.8043],[174.6531,-36.8049],[174.6547,-36.805],[174.6548,-36.8044],[174.6539,-36.8042],[174.6538,-36.804],[174.6541,-36.8039],[174.6539,-36.8036],[174.6539,-36.8025],[174.6537,-36.8022],[174.6535,-36.802],[174.6536,-36.8019],[174.6536,-36.8018],[174.6535,-36.8017],[174.6533,-36.8018],[174.6531,-36.8017]]]}},{"type":"Feature","properties":{},"geometry":{"type":"Polygon","coordinates":[[[174.7609,-36.8617],[174.7611,-36.8614],[174.7608,-36.8613],[174.7607,-36.8616],[174.7609,-36.8617]]]}},{"type":"Feature","properties":{},"geometry":{"type":"Polygon","coordinates":[[[174.6811,-36.9093],[174.6807,-36.9093],[174.6807,-36.9097],[174.6808,-36.9098],[174.681,-36.9098],[174.6811,-36.9093]]]}},{"type":"Feature","properties":{},"geometry":{"type":"Polygon","coordinates":[[[174.7329,-36.8464],[174.7339,-36.8456],[174.7339,-36.8454],[174.7332,-36.8455],[174.733,-36.846],[174.7328,-36.8462],[174.7329,-36.8464]]]}},{"type":"Feature","properties":{},"geometry":{"type":"Polygon","coordinates":[[[174.7325,-36.8468],[174.7327,-36.8466],[174.7326,-36.8463],[174.7324,-36.8464],[174.7325,-36.8468]]]}},{"type":"Feature","properties":{},"geometry":{"type":"Polygon","coordinates":[[[174.7689,-36.8641],[174.7682,-36.864],[174.7678,-36.8651],[174.7685,-36.8653],[174.7689,-36.8641]]]}},{"type":"Feature","properties":{},"geometry":{"type":"Polygon","coordinates":[[[174.7188,-36.8848],[174.7184,-36.8845],[174.7183,-36.8846],[174.7186,-36.8848],[174.7188,-36.8848]]]}},{"type":"Feature","properties":{},"geometry":{"type":"Polygon","coordinates":[[[174.7177,-36.822],[174.7171,-36.8217],[174.7169,-36.8221],[174.7175,-36.8223],[174.7177,-36.822]]]}},{"type":"Feature","properties":{},"geometry":{"type":"Polygon","coordinates":[[[174.8091,-36.8975],[174.8089,-36.8974],[174.8088,-36.8977],[174.809,-36.8977],[174.8091,-36.8975]]]}},{"type":"Feature","properties":{},"geometry":{"type":"Polygon","coordinates":[[[174.8117,-36.9004],[174.8102,-36.8997],[174.8098,-36.9003],[174.8099,-36.9004],[174.8101,-36.9005],[174.8099,-36.9007],[174.8101,-36.9008],[174.8102,-36.9006],[174.8111,-36.901],[174.811,-36.9012],[174.8112,-36.9013],[174.8113,-36.9011],[174.8117,-36.9011],[174.8119,-36.9009],[174.8115,-36.9006],[174.8117,-36.9004]]]}},{"type":"Feature","properties":{},"geometry":{"type":"Polygon","coordinates":[[[174.81,-36.8986],[174.8097,-36.8985],[174.8096,-36.8986],[174.8093,-36.8985],[174.8091,-36.8988],[174.8099,-36.8991],[174.8101,-36.8989],[174.8099,-36.8988],[174.81,-36.8986]]]}},{"type":"Feature","properties":{},"geometry":{"type":"Polygon","coordinates":[[[174.662,-36.5132],[174.6618,-36.5132],[174.6618,-36.5135],[174.6618,-36.5137],[174.6618,-36.5139],[174.6606,-36.5154],[174.6601,-36.5159],[174.6599,-36.5161],[174.6623,-36.5163],[174.662,-36.5141],[174.6626,-36.514],[174.6625,-36.5139],[174.6627,-36.5138],[174.6626,-36.5137],[174.6625,-36.5137],[174.662,-36.5132]]]}},{"type":"Feature","properties":{},"geometry":{"type":"Polygon","coordinates":[[[174.6613,-36.5138],[174.6608,-36.5138],[174.6608,-36.514],[174.6613,-36.5141],[174.6614,-36.5138],[174.6613,-36.5138]]]}},{"type":"Feature","properties":{},"geometry":{"type":"Polygon","coordinates":[[[174.6613,-36.512],[174.6615,-36.5119],[174.6612,-36.5111],[174.6608,-36.5112],[174.6612,-36.5118],[174.6603,-36.5119],[174.6604,-36.5121],[174.6599,-36.5123],[174.6599,-36.5124],[174.6603,-36.513],[174.6614,-36.5126],[174.6617,-36.5126],[174.6616,-36.5123],[174.6618,-36.5122],[174.6617,-36.512],[174.6614,-36.5121],[174.6613,-36.512]]]}},{"type":"Feature","properties":{},"geometry":{"type":"Polygon","coordinates":[[[174.6653,-36.3937],[174.6654,-36.3935],[174.6649,-36.3936],[174.6647,-36.3938],[174.6648,-36.394],[174.6653,-36.3937]]]}},{"type":"Feature","properties":{},"geometry":{"type":"Polygon","coordinates":[[[174.6928,-36.7232],[174.6925,-36.723],[174.6921,-36.7234],[174.6925,-36.7236],[174.6929,-36.7233],[174.6928,-36.7232]]]}},{"type":"Feature","properties":{},"geometry":{"type":"Polygon","coordinates":[[[174.751,-36.8223],[174.7505,-36.8214],[174.7504,-36.8209],[174.7503,-36.8198],[174.7512,-36.8169],[174.7512,-36.8164],[174.7513,-36.8156],[174.7516,-36.815],[174.7515,-36.815],[174.7513,-36.8156],[174.7511,-36.8164],[174.7511,-36.8169],[174.7508,-36.818],[174.7507,-36.8182],[174.7504,-36.819],[174.7502,-36.8198],[174.7504,-36.8214],[174.7508,-36.8219],[174.751,-36.8229],[174.75,-36.823],[174.7511,-36.823],[174.751,-36.8223]]]}},{"type":"Feature","properties":{},"geometry":{"type":"Polygon","coordinates":[[[174.7473,-36.8257],[174.7472,-36.8263],[174.7466,-36.8264],[174.7466,-36.8266],[174.7473,-36.8266],[174.7468,-36.8266],[174.7467,-36.8265],[174.7473,-36.8263],[174.7474,-36.8258],[174.7473,-36.8257]]]}}]}