{"type":"FeatureCollection","features":[{"type":"Feature","properties":{},"geometry":{"type":"Polygon","coordinates":[[[174.7502,-36.7673],[174.7503,-36.7685],[174.7515,-36.771],[174.7536,-36.774],[174.7561,-36.775],[174.7609,-36.7732],[174.7608,-36.7727],[174.7573,-36.7723],[174.7552,-36.7712],[174.7537,-36.7692],[174.7522,-36.7653],[174.7517,-36.7649],[174.7509,-36.765],[174.7502,-36.7673]]]}},{"type":"Feature","properties":{},"geometry":{"type":"Polygon","coordinates":[[[174.6323,-37.04],[174.6321,-37.0409],[174.6287,-37.0415],[174.6278,-37.042],[174.628,-37.0423],[174.6294,-37.0425],[174.6331,-37.0425],[174.634,-37.0432],[174.6324,-37.0446],[174.6297,-37.0459],[174.6293,-37.0464],[174.6294,-37.0467],[174.6317,-37.047],[174.6359,-37.046],[174.6387,-37.047],[174.6391,-37.0479],[174.6388,-37.0488],[174.6372,-37.0499],[174.6298,-37.0537],[174.6297,-37.0543],[174.6311,-37.0551],[174.6322,-37.0552],[174.633,-37.0535],[174.6355,-37.0527],[174.6385,-37.051],[174.6392,-37.0511],[174.6408,-37.053],[174.6419,-37.0535],[174.6426,-37.0535],[174.6427,-37.053],[174.6417,-37.0511],[174.6417,-37.0503],[174.6428,-37.0489],[174.6445,-37.0483],[174.6445,-37.0479],[174.6437,-37.0463],[174.642,-37.046],[174.6396,-37.0444],[174.6392,-37.0428],[174.6373,-37.0424],[174.6349,-37.0415],[174.6323,-37.04]]]}},{"type":"Feature","properties":{},"geometry":{"type":"Polygon","coordinates":[[[175.4826,-36.1691],[175.4805,-36.1692],[175.4781,-36.17],[175.4758,-36.1695],[175.4761,-36.1703],[175.4774,-36.1715],[175.4767,-36.1725],[175.4753,-36.1735],[175.475,-36.1742],[175.4763,-36.1743],[175.4778,-36.1735],[175.4784,-36.1735],[175.4785,-36.174],[175.4772,-36.1755],[175.4775,-36.1759],[175.4794,-36.175],[175.4829,-36.1753],[175.4829,-36.175],[175.4806,-36.1731],[175.4809,-36.1719],[175.4816,-36.1714],[175.4848,-36.1716],[175.4883,-36.1711],[175.4894,-36.1704],[175.4896,-36.1687],[175.487,-36.1692],[175.4877,-36.1696],[175.4865,-36.1693],[175.4835,-36.17],[175.4835,-36.1694],[175.4826,-36.1691]]]}},{"type":"Feature","properties":{},"geometry":{"type":"Polygon","coordinates":[[[174.8345,-36.848],[174.8326,-36.8477],[174.8293,-36.8464],[174.8287,-36.8474],[174.8284,-36.8513],[174.8276,-36.8521],[174.8283,-36.853],[174.8307,-36.8524],[174.832,-36.8528],[174.8323,-36.8526],[174.8325,-36.85],[174.8344,-36.8487],[174.8345,-36.848]]]}},{"type":"Feature","properties":{},"geometry":{"type":"Polygon","coordinates":[[[175.1801,-36.8376],[175.1831,-36.8383],[175.1843,-36.8377],[175.1848,-36.8364],[175.1828,-36.8345],[175.1836,-36.8355],[175.1827,-36.8369],[175.1816,-36.8374],[175.1801,-36.8376]]]}},{"type":"Feature","properties":{},"geometry":{"type":"Polygon","coordinates":[[[174.9667,-36.9273],[174.966,-36.9254],[174.9641,-36.9259],[174.964,-36.9266],[174.9627,-36.9271],[174.9631,-36.9285],[174.964,-36.9275],[174.9649,-36.9277],[174.9653,-36.9283],[174.9663,-36.9284],[174.9674,-36.9293],[174.9678,-36.9291],[174.9678,-36.9287],[174.9668,-36.9279],[174.9667,-36.9273]]]}},{"type":"Feature","properties":{},"geometry":{"type":"Polygon","coordinates":[[[174.4887,-36.6214],[174.4871,-36.6256],[174.4865,-36.6261],[174.4828,-36.6266],[174.4809,-36.6275],[174.4794,-36.6305],[174.4778,-36.6316],[174.477,-36.6327],[174.4764,-36.6329],[174.4753,-36.6327],[174.4742,-36.63],[174.4732,-36.6305],[174.4713,-36.6339],[174.4726,-36.6346],[174.4726,-36.6354],[174.4732,-36.6356],[174.4743,-36.6355],[174.473,-36.6382],[174.4715,-36.6382],[174.4704,-36.6372],[174.4701,-36.6349],[174.469,-36.6341],[174.4677,-36.6342],[174.4649,-36.6356],[174.4642,-36.6367],[174.4626,-36.6381],[174.4605,-36.6382],[174.4568,-36.6377],[174.4551,-36.6383],[174.4529,-36.6405],[174.452,-36.6406],[174.4511,-36.6403],[174.4489,-36.6377],[174.448,-36.6377],[174.4471,-36.6381],[174.4458,-36.6406],[174.4459,-36.6446],[174.4445,-36.6454],[174.4463,-36.6453],[174.4496,-36.6457],[174.4518,-36.6456],[174.4542,-36.6449],[174.4576,-36.6452],[174.4586,-36.6445],[174.4596,-36.6428],[174.4606,-36.6423],[174.4624,-36.6428],[174.4654,-36.6447],[174.4672,-36.6465],[174.4682,-36.648],[174.4689,-36.6477],[174.4694,-36.647],[174.4694,-36.6449],[174.4697,-36.6442],[174.4709,-36.6435],[174.4777,-36.6407],[174.4788,-36.6406],[174.4807,-36.6412],[174.4825,-36.6429],[174.4827,-36.6445],[174.4816,-36.6469],[174.4821,-36.649],[174.482,-36.6507],[174.4807,-36.6529],[174.4795,-36.6578],[174.4795,-36.6588],[174.4801,-36.6608],[174.4799,-36.6625],[174.482,-36.6643],[174.4821,-36.6664],[174.4837,-36.6661],[174.4851,-36.667],[174.4855,-36.6669],[174.4873,-36.6655],[174.4889,-36.6654],[174.4898,-36.665],[174.4884,-36.6629],[174.4848,-36.6596],[174.4839,-36.658],[174.4835,-36.656],[174.4841,-36.652],[174.4844,-36.6513],[174.4856,-36.6505],[174.4873,-36.6505],[174.491,-36.6513],[174.4916,-36.6507],[174.4901,-36.6496],[174.4863,-36.6484],[174.4853,-36.6476],[174.4846,-36.6451],[174.4858,-36.6418],[174.4857,-36.6401],[174.485,-36.6375],[174.4838,-36.6357],[174.4839,-36.6349],[174.4855,-36.6328],[174.4869,-36.6328],[174.4879,-36.6362],[174.4889,-36.637],[174.4898,-36.6372],[174.4906,-36.6353],[174.4907,-36.6334],[174.489,-36.6318],[174.489,-36.6305],[174.4895,-36.6299],[174.4902,-36.6296],[174.4935,-36.6299],[174.4946,-36.6277],[174.4969,-36.6263],[174.499,-36.624],[174.4997,-36.6237],[174.5015,-36.6243],[174.5028,-36.6259],[174.5027,-36.629],[174.5015,-36.6349],[174.5018,-36.6361],[174.5023,-36.6364],[174.5028,-36.6363],[174.5041,-36.6343],[174.5055,-36.6298],[174.506,-36.6288],[174.5077,-36.6278],[174.5084,-36.6276],[174.5093,-36.6278],[174.5102,-36.6299],[174.5106,-36.6369],[174.5101,-36.6386],[174.5084,-36.6412],[174.5088,-36.6424],[174.5101,-36.6426],[174.5115,-36.6414],[174.5129,-36.641],[174.516,-36.6418],[174.5165,-36.6426],[174.517,-36.646],[174.5173,-36.6462],[174.518,-36.6459],[174.519,-36.6459],[174.5195,-36.6467],[174.518,-36.6521],[174.5186,-36.6524],[174.5206,-36.6511],[174.5218,-36.6514],[174.5237,-36.6549],[174.5243,-36.6554],[174.525,-36.655],[174.5254,-36.653],[174.5276,-36.6525],[174.528,-36.6519],[174.5252,-36.6511],[174.5231,-36.6496],[174.5213,-36.6471],[174.5202,-36.6435],[174.5188,-36.6413],[174.5137,-36.6375],[174.5128,-36.6348],[174.5123,-36.6312],[174.5126,-36.6297],[174.513,-36.6296],[174.5145,-36.63],[174.5178,-36.6329],[174.5194,-36.6349],[174.5204,-36.6352],[174.5213,-36.6352],[174.525,-36.6333],[174.5262,-36.6332],[174.5267,-36.6336],[174.5271,-36.6345],[174.526,-36.6374],[174.5269,-36.6377],[174.5282,-36.6371],[174.5291,-36.6358],[174.5289,-36.6329],[174.5292,-36.6326],[174.5301,-36.6328],[174.5313,-36.6337],[174.5337,-36.636],[174.534,-36.636],[174.5343,-36.6354],[174.534,-36.6331],[174.5348,-36.6324],[174.5366,-36.6318],[174.5388,-36.6321],[174.541,-36.6317],[174.5422,-36.6318],[174.5455,-36.6331],[174.5478,-36.6351],[174.55,-36.6363],[174.5513,-36.6361],[174.5519,-36.6354],[174.5506,-36.633],[174.551,-36.6323],[174.5523,-36.6328],[174.5565,-36.6355],[174.5587,-36.6358],[174.5606,-36.6354],[174.5639,-36.6359],[174.5685,-36.638],[174.5779,-36.6401],[174.5794,-36.6401],[174.5801,-36.6394],[174.5798,-36.6384],[174.5789,-36.6381],[174.575,-36.6375],[174.5703,-36.636],[174.5676,-36.6357],[174.5631,-36.634],[174.5605,-36.6341],[174.5597,-36.6346],[174.5584,-36.6348],[174.5564,-36.6343],[174.5517,-36.6309],[174.5489,-36.6306],[174.5423,-36.628],[174.5412,-36.6272],[174.5397,-36.6253],[174.5383,-36.6245],[174.5367,-36.6225],[174.5356,-36.6227],[174.5348,-36.6234],[174.5327,-36.626],[174.5313,-36.6284],[174.5307,-36.6288],[174.5285,-36.6298],[174.527,-36.6299],[174.5253,-36.6311],[174.5248,-36.6311],[174.5238,-36.6302],[174.523,-36.63],[174.5219,-36.6303],[174.5202,-36.6303],[174.5195,-36.63],[174.5184,-36.6289],[174.5171,-36.6253],[174.5152,-36.6243],[174.5141,-36.6232],[174.5127,-36.6199],[174.5113,-36.6184],[174.5113,-36.6175],[174.5132,-36.6164],[174.513,-36.614],[174.5125,-36.614],[174.5107,-36.6161],[174.5097,-36.6167],[174.5085,-36.6164],[174.5063,-36.6141],[174.5051,-36.615],[174.5039,-36.6173],[174.5025,-36.6174],[174.5012,-36.6167],[174.4992,-36.617],[174.4978,-36.6163],[174.4966,-36.6162],[174.496,-36.6154],[174.4952,-36.6123],[174.494,-36.6116],[174.493,-36.6104],[174.4923,-36.6085],[174.4919,-36.6056],[174.4923,-36.6007],[174.4927,-36.5995],[174.4932,-36.5985],[174.4949,-36.5972],[174.4989,-36.5966],[174.5017,-36.5968],[174.5044,-36.5957],[174.5101,-36.5958],[174.5162,-36.5934],[174.5181,-36.5941],[174.5206,-36.5974],[174.5214,-36.598],[174.5227,-36.5988],[174.5247,-36.5995],[174.5259,-36.5996],[174.5307,-36.5989],[174.5325,-36.5984],[174.5339,-36.5975],[174.5337,-36.5969],[174.533,-36.5966],[174.5312,-36.5973],[174.5295,-36.5976],[174.526,-36.597],[174.5229,-36.5955],[174.5214,-36.5943],[174.5206,-36.5932],[174.5209,-36.5913],[174.5207,-36.59],[174.5205,-36.5892],[174.5197,-36.5885],[174.5187,-36.5887],[174.5184,-36.5897],[174.5173,-36.5907],[174.5128,-36.5918],[174.5105,-36.5929],[174.5087,-36.5928],[174.5071,-36.5911],[174.5063,-36.5909],[174.5047,-36.5907],[174.5032,-36.591],[174.5005,-36.5906],[174.4993,-36.5908],[174.4972,-36.5916],[174.4926,-36.5959],[174.4915,-36.5974],[174.4898,-36.6017],[174.4897,-36.6047],[174.4908,-36.6081],[174.4904,-36.61],[174.4913,-36.6112],[174.491,-36.6129],[174.4924,-36.6141],[174.4931,-36.6154],[174.4949,-36.6166],[174.4954,-36.6175],[174.4955,-36.6186],[174.4937,-36.6199],[174.4887,-36.6214]],[[174.4487,-36.6419],[174.449,-36.6416],[174.45,-36.6426],[174.45,-36.6433],[174.4476,-36.644],[174.447,-36.6437],[174.4466,-36.6422],[174.4472,-36.642],[174.4487,-36.6425],[174.4487,-36.6419]]]}},{"type":"Feature","properties":{},"geometry":{"type":"Polygon","coordinates":[[[175.0503,-37.116],[175.048,-37.1151],[175.0464,-37.1172],[175.0438,-37.1184],[175.0441,-37.119],[175.0459,-37.1192],[175.0455,-37.1202],[175.046,-37.1213],[175.0453,-37.1231],[175.0456,-37.1236],[175.0464,-37.1237],[175.0481,-37.1227],[175.0493,-37.1227],[175.0497,-37.1221],[175.0498,-37.1208],[175.0502,-37.1204],[175.0523,-37.1203],[175.0519,-37.1179],[175.0506,-37.1169],[175.0503,-37.116]]]}},{"type":"Feature","properties":{},"geometry":{"type":"Polygon","coordinates":[[[174.7077,-36.6015],[174.7074,-36.6016],[174.7071,-36.6025],[174.7065,-36.6027],[174.7064,-36.6021],[174.7043,-36.6026],[174.7017,-36.6025],[174.6995,-36.6036],[174.6989,-36.6036],[174.6992,-36.6047],[174.6994,-36.6053],[174.6999,-36.6054],[174.7023,-36.605],[174.7044,-36.6051],[174.7063,-36.6057],[174.7069,-36.6067],[174.708,-36.607],[174.7102,-36.6051],[174.7077,-36.6015]]]}},{"type":"Feature","properties":{},"geometry":{"type":"Polygon","coordinates":[[[175.2754,-36.9951],[175.2751,-36.9943],[175.2768,-36.9917],[175.2779,-36.991],[175.2802,-36.9907],[175.2833,-36.9885],[175.2746,-36.9856],[175.275,-36.9888],[175.2738,-36.9909],[175.2711,-36.9936],[175.27,-36.9952],[175.2698,-36.9962],[175.2709,-36.9968],[175.2754,-36.9951]]]}},{"type":"Feature","properties":{},"geometry":{"type":"Polygon","coordinates":[[[174.7785,-37.1058],[174.784,-37.105],[174.7799,-37.1046],[174.7785,-37.1058]]]}},{"type":"Feature","properties":{},"geometry":{"type":"Polygon","coordinates":[[[175.1789,-36.8532],[175.1798,-36.8527],[175.1814,-36.8527],[175.1851,-36.8537],[175.189,-36.8516],[175.1931,-36.8503],[175.1935,-36.8496],[175.1933,-36.8492],[175.1921,-36.8488],[175.188,-36.8504],[175.185,-36.8509],[175.1819,-36.8508],[175.1786,-36.8499],[175.1783,-36.8502],[175.1789,-36.8518],[175.1789,-36.8532]]]}},{"type":"Feature","properties":{},"geometry":{"type":"Polygon","coordinates":[[[174.7824,-37.1344],[174.7812,-37.1352],[174.7776,-37.1359],[174.7745,-37.1373],[174.7721,-37.1389],[174.7671,-37.1412],[174.7648,-37.1428],[174.7648,-37.1432],[174.7655,-37.1434],[174.7667,-37.1432],[174.7686,-37.1422],[174.7707,-37.1417],[174.7719,-37.1404],[174.7734,-37.1397],[174.7751,-37.1397],[174.7781,-37.1404],[174.7803,-37.1402],[174.7817,-37.1417],[174.7826,-37.1415],[174.7832,-37.1411],[174.7833,-37.1393],[174.7846,-37.1382],[174.7838,-37.1365],[174.7851,-37.1353],[174.7851,-37.1344],[174.7848,-37.1329],[174.7846,-37.1333],[174.7849,-37.1336],[174.7849,-37.1342],[174.7841,-37.134],[174.7834,-37.135],[174.7832,-37.1346],[174.7827,-37.1349],[174.7831,-37.1352],[174.7824,-37.1356],[174.7824,-37.1367],[174.7818,-37.1365],[174.78,-37.1374],[174.7805,-37.137],[174.7799,-37.1369],[174.7808,-37.137],[174.7817,-37.1363],[174.7818,-37.1355],[174.7825,-37.1349],[174.7826,-37.1344],[174.7824,-37.1344]]]}},{"type":"Feature","properties":{},"geometry":{"type":"Polygon","coordinates":[[[174.9942,-37.1287],[174.9936,-37.1274],[174.9924,-37.1269],[174.9907,-37.1328],[174.9929,-37.1325],[174.9961,-37.1313],[174.9964,-37.1307],[174.9966,-37.129],[174.9949,-37.1291],[174.9942,-37.1287]]]}},{"type":"Feature","properties":{},"geometry":{"type":"Polygon","coordinates":[[[174.7031,-36.5416],[174.7023,-36.541],[174.7003,-36.5409],[174.6985,-36.5418],[174.6972,-36.542],[174.6958,-36.5411],[174.6926,-36.5401],[174.69,-36.54],[174.689,-36.5405],[174.6907,-36.5426],[174.6918,-36.542],[174.6927,-36.542],[174.6955,-36.5435],[174.6979,-36.5435],[174.7004,-36.5446],[174.7031,-36.5416]]]}},{"type":"Feature","properties":{},"geometry":{"type":"Polygon","coordinates":[[[174.753,-36.6897],[174.7525,-36.6892],[174.7486,-36.6806],[174.7479,-36.6803],[174.7471,-36.6813],[174.7456,-36.6805],[174.7462,-36.6803],[174.7468,-36.681],[174.7472,-36.681],[174.7476,-36.6806],[174.7476,-36.6801],[174.7473,-36.68],[174.743,-36.6812],[174.7389,-36.6814],[174.7376,-36.6839],[174.7346,-36.6858],[174.734,-36.687],[174.7347,-36.6876],[174.7388,-36.6851],[174.7411,-36.6847],[174.744,-36.6851],[174.7475,-36.6844],[174.7486,-36.6857],[174.749,-36.6871],[174.7483,-36.6887],[174.7461,-36.6907],[174.7404,-36.6935],[174.7397,-36.6954],[174.7381,-36.6969],[174.7384,-36.6974],[174.7407,-36.6969],[174.748,-36.6922],[174.7492,-36.6918],[174.7513,-36.6918],[174.7522,-36.6901],[174.753,-36.6897]]]}},{"type":"Feature","properties":{},"geometry":{"type":"Polygon","coordinates":[[[174.5289,-36.4945],[174.5311,-36.4911],[174.5316,-36.4895],[174.5319,-36.4863],[174.5331,-36.4839],[174.5318,-36.4827],[174.5319,-36.4819],[174.5328,-36.4802],[174.5327,-36.4796],[174.5321,-36.479],[174.5311,-36.4792],[174.5306,-36.4827],[174.5302,-36.4834],[174.5308,-36.4854],[174.5297,-36.487],[174.5293,-36.4884],[174.5296,-36.4907],[174.5283,-36.4938],[174.5285,-36.4943],[174.5289,-36.4945]]]}},{"type":"Feature","properties":{},"geometry":{"type":"Polygon","coordinates":[[[175.1098,-37.1689],[175.1093,-37.1709],[175.1094,-37.1717],[175.1101,-37.1723],[175.112,-37.1726],[175.1123,-37.1732],[175.112,-37.1747],[175.1146,-37.1751],[175.1151,-37.1753],[175.1157,-37.177],[175.1177,-37.1782],[175.1186,-37.1779],[175.1189,-37.1771],[175.1184,-37.1754],[175.1204,-37.175],[175.1212,-37.174],[175.1202,-37.1719],[175.1203,-37.1707],[175.1232,-37.1689],[175.1239,-37.1662],[175.1247,-37.1655],[175.125,-37.1647],[175.1248,-37.1611],[175.126,-37.1597],[175.1262,-37.158],[175.1245,-37.1553],[175.1254,-37.1541],[175.1279,-37.1523],[175.1284,-37.1507],[175.1274,-37.1491],[175.1236,-37.1478],[175.1231,-37.1492],[175.1223,-37.1498],[175.1202,-37.1484],[175.119,-37.1488],[175.1184,-37.1506],[175.1164,-37.1502],[175.1159,-37.1504],[175.1154,-37.1515],[175.1156,-37.152],[175.1173,-37.153],[175.1173,-37.1549],[175.1162,-37.1561],[175.1152,-37.1565],[175.1139,-37.1564],[175.1136,-37.156],[175.1138,-37.1537],[175.1124,-37.152],[175.1117,-37.1521],[175.1097,-37.154],[175.1095,-37.1547],[175.1102,-37.1558],[175.1105,-37.1574],[175.1125,-37.1599],[175.1123,-37.1605],[175.1115,-37.1608],[175.1092,-37.16],[175.1083,-37.1617],[175.1117,-37.1636],[175.112,-37.1641],[175.112,-37.165],[175.1102,-37.1665],[175.1103,-37.1677],[175.1098,-37.1689]]]}},{"type":"Feature","properties":{},"geometry":{"type":"Polygon","coordinates":[[[175.4636,-36.2311],[175.463,-36.2311],[175.4612,-36.2299],[175.4614,-36.2287],[175.4633,-36.2272],[175.4629,-36.2262],[175.461,-36.2245],[175.4598,-36.2246],[175.4584,-36.2256],[175.4566,-36.2255],[175.4549,-36.224],[175.4532,-36.2232],[175.4507,-36.2211],[175.4492,-36.2218],[175.4484,-36.2217],[175.4475,-36.2213],[175.4455,-36.2193],[175.445,-36.2194],[175.4442,-36.2203],[175.4426,-36.2196],[175.4415,-36.2207],[175.4408,-36.2206],[175.4394,-36.2188],[175.4375,-36.2173],[175.4372,-36.2159],[175.4375,-36.2146],[175.4362,-36.2126],[175.4359,-36.2113],[175.435,-36.212],[175.4345,-36.2144],[175.4317,-36.2151],[175.4298,-36.2162],[175.4302,-36.2168],[175.432,-36.2165],[175.4338,-36.2175],[175.4341,-36.2186],[175.4339,-36.2203],[175.4332,-36.2209],[175.4309,-36.2212],[175.4307,-36.2215],[175.4323,-36.2223],[175.4331,-36.223],[175.4343,-36.2231],[175.4353,-36.2241],[175.4355,-36.2251],[175.4344,-36.2269],[175.4322,-36.2284],[175.4271,-36.2291],[175.4268,-36.2294],[175.4269,-36.2298],[175.4294,-36.2307],[175.4322,-36.231],[175.434,-36.2309],[175.4361,-36.2303],[175.4384,-36.2305],[175.4404,-36.2312],[175.4409,-36.2323],[175.4407,-36.2343],[175.4424,-36.2369],[175.444,-36.2377],[175.4449,-36.2393],[175.4456,-36.239],[175.4463,-36.2361],[175.4465,-36.236],[175.4494,-36.2359],[175.4512,-36.2372],[175.4532,-36.2367],[175.4541,-36.2368],[175.4549,-36.2412],[175.4554,-36.2418],[175.4579,-36.2431],[175.4584,-36.2439],[175.458,-36.2445],[175.4574,-36.2449],[175.4561,-36.2452],[175.4534,-36.245],[175.4503,-36.2457],[175.4474,-36.2457],[175.447,-36.2466],[175.4476,-36.2477],[175.446,-36.2489],[175.4456,-36.2494],[175.4458,-36.2497],[175.447,-36.2496],[175.4513,-36.2478],[175.4534,-36.2474],[175.461,-36.248],[175.4637,-36.2477],[175.4645,-36.2473],[175.4654,-36.2457],[175.4662,-36.2451],[175.468,-36.2452],[175.4691,-36.2458],[175.4694,-36.2468],[175.4682,-36.2481],[175.464,-36.2502],[175.4615,-36.2524],[175.458,-36.2536],[175.4577,-36.2541],[175.4593,-36.255],[175.4599,-36.2568],[175.461,-36.2574],[175.4615,-36.2574],[175.4616,-36.2555],[175.4623,-36.2551],[175.4657,-36.2562],[175.4694,-36.2562],[175.4697,-36.2569],[175.4697,-36.2618],[175.4704,-36.2627],[175.4708,-36.2645],[175.4721,-36.2648],[175.472,-36.2627],[175.4724,-36.2617],[175.4745,-36.2592],[175.476,-36.2588],[175.4819,-36.2589],[175.485,-36.2581],[175.4867,-36.257],[175.4875,-36.2558],[175.489,-36.2545],[175.4868,-36.2543],[175.4843,-36.2535],[175.4806,-36.2499],[175.48,-36.2488],[175.4787,-36.2474],[175.4787,-36.2468],[175.4781,-36.2463],[175.4777,-36.2454],[175.4781,-36.2452],[175.4778,-36.2426],[175.4761,-36.2371],[175.4756,-36.2323],[175.4746,-36.2314],[175.4703,-36.2308],[175.4692,-36.2311],[175.4676,-36.231],[175.4664,-36.2305],[175.464,-36.2312],[175.4636,-36.2311]],[[175.4359,-36.2208],[175.4359,-36.2212],[175.4352,-36.2218],[175.4352,-36.2212],[175.4359,-36.2208]],[[175.4574,-36.2381],[175.4585,-36.2382],[175.4577,-36.2393],[175.4567,-36.2392],[175.4561,-36.2378],[175.4569,-36.2377],[175.4574,-36.2381]],[[175.4611,-36.2412],[175.4604,-36.2417],[175.4584,-36.2415],[175.4569,-36.2419],[175.4582,-36.2399],[175.4589,-36.2393],[175.4588,-36.2381],[175.461,-36.2395],[175.4612,-36.2399],[175.4611,-36.2412]]]}},{"type":"Feature","properties":{},"geometry":{"type":"Polygon","coordinates":[[[175.0164,-36.7903],[175.0165,-36.7897],[175.0159,-36.7889],[175.0144,-36.7881],[175.0131,-36.788],[175.0123,-36.7883],[175.0107,-36.7877],[175.0091,-36.7884],[175.0065,-36.7878],[175.0067,-36.7895],[175.008,-36.7906],[175.0094,-36.7896],[175.0119,-36.7895],[175.0164,-36.7903]]]}},{"type":"Feature","properties":{},"geometry":{"type":"Polygon","coordinates":[[[174.4565,-36.918],[174.4559,-36.9162],[174.4552,-36.9156],[174.4529,-36.9168],[174.4535,-36.9191],[174.453,-36.9193],[174.4529,-36.9197],[174.4533,-36.9196],[174.4536,-36.9191],[174.4543,-36.9189],[174.4551,-36.9179],[174.4565,-36.918]]]}},{"type":"Feature","properties":{},"geometry":{"type":"Polygon","coordinates":[[[174.7305,-36.3943],[174.7288,-36.393],[174.7285,-36.3931],[174.7293,-36.3894],[174.7281,-36.3901],[174.7276,-36.3914],[174.7269,-36.392],[174.7274,-36.3926],[174.7272,-36.3931],[174.7264,-36.3921],[174.7257,-36.392],[174.726,-36.3934],[174.7272,-36.3955],[174.7276,-36.3956],[174.7287,-36.3948],[174.7305,-36.3943]]]}},{"type":"Feature","properties":{},"geometry":{"type":"Polygon","coordinates":[[[174.7765,-37.1048],[174.777,-37.1055],[174.7775,-37.1057],[174.7782,-37.1058],[174.7789,-37.1053],[174.7786,-37.1053],[174.7789,-37.1048],[174.7782,-37.1051],[174.7782,-37.1047],[174.7775,-37.1045],[174.7765,-37.1048]]]}},{"type":"Feature","properties":{},"geometry":{"type":"Polygon","coordinates":[[[174.443,-36.6085],[174.4437,-36.6079],[174.4459,-36.6072],[174.45,-36.6071],[174.452,-36.6076],[174.4524,-36.6075],[174.4525,-36.6069],[174.4507,-36.6052],[174.4473,-36.6056],[174.4461,-36.605],[174.4463,-36.6038],[174.4468,-36.603],[174.4493,-36.6014],[174.453,-36.6007],[174.456,-36.6005],[174.457,-36.6007],[174.4601,-36.6024],[174.4629,-36.6017],[174.4639,-36.6019],[174.4667,-36.6016],[174.4675,-36.6008],[174.4673,-36.6005],[174.4636,-36.5994],[174.4599,-36.597],[174.4563,-36.5971],[174.4547,-36.5963],[174.4526,-36.5962],[174.4478,-36.5948],[174.4444,-36.5946],[174.4445,-36.595],[174.4438,-36.5956],[174.4431,-36.6],[174.4428,-36.6004],[174.4415,-36.6009],[174.4411,-36.6031],[174.44,-36.6047],[174.4408,-36.6059],[174.4412,-36.6077],[174.4397,-36.6093],[174.4392,-36.6091],[174.4391,-36.6098],[174.4387,-36.6102],[174.4386,-36.6095],[174.4383,-36.6122],[174.4408,-36.6097],[174.443,-36.6085]]]}},{"type":"Feature","properties":{},"geometry":{"type":"Polygon","coordinates":[[[174.6756,-36.5432],[174.6759,-36.5426],[174.6782,-36.5411],[174.6791,-36.5399],[174.68,-36.5397],[174.6805,-36.5411],[174.6825,-36.5415],[174.6817,-36.5436],[174.682,-36.5453],[174.682,-36.5468],[174.6829,-36.5472],[174.6846,-36.545],[174.6856,-36.5444],[174.6862,-36.5419],[174.6847,-36.5419],[174.6841,-36.5415],[174.6842,-36.54],[174.6827,-36.5391],[174.6839,-36.5388],[174.6827,-36.5381],[174.679,-36.5378],[174.678,-36.5382],[174.6776,-36.5398],[174.6771,-36.54],[174.6729,-36.5394],[174.6706,-36.5411],[174.6703,-36.5417],[174.6705,-36.542],[174.6721,-36.5419],[174.6727,-36.5423],[174.6733,-36.5439],[174.6747,-36.5439],[174.6756,-36.5432]]]}},{"type":"Feature","properties":{},"geometry":{"type":"Polygon","coordinates":[[[174.7636,-36.4522],[174.7654,-36.4472],[174.7666,-36.4457],[174.7654,-36.4457],[174.7649,-36.4461],[174.762,-36.4499],[174.7622,-36.4511],[174.7636,-36.4522]]]}},{"type":"Feature","properties":{},"geometry":{"type":"Polygon","coordinates":[[[174.9098,-36.875],[174.911,-36.875],[174.9148,-36.8763],[174.9179,-36.8798],[174.9215,-36.8789],[174.9198,-36.8783],[174.9179,-36.8771],[174.9155,-36.8747],[174.9125,-36.871],[174.9111,-36.8687],[174.9091,-36.8694],[174.9075,-36.8727],[174.9098,-36.875]]]}},{"type":"Feature","properties":{},"geometry":{"type":"Polygon","coordinates":[[[175.1764,-36.842],[175.1785,-36.8427],[175.1794,-36.8425],[175.1799,-36.8409],[175.1797,-36.8401],[175.1776,-36.8396],[175.177,-36.839],[175.1766,-36.8391],[175.1761,-36.8395],[175.1774,-36.8412],[175.1768,-36.8419],[175.1764,-36.842]]]}},{"type":"Feature","properties":{},"geometry":{"type":"Polygon","coordinates":[[[174.297,-36.3359],[174.2967,-36.3348],[174.2971,-36.3337],[174.2998,-36.3317],[174.2993,-36.3314],[174.2959,-36.3313],[174.2947,-36.3325],[174.2932,-36.3334],[174.2916,-36.334],[174.2903,-36.3341],[174.2897,-36.3354],[174.2881,-36.3364],[174.288,-36.3369],[174.2894,-36.338],[174.2903,-36.3372],[174.2917,-36.3373],[174.2925,-36.3379],[174.2935,-36.3392],[174.2954,-36.3387],[174.2972,-36.3395],[174.2978,-36.339],[174.298,-36.3377],[174.297,-36.3359]]]}},{"type":"Feature","properties":{},"geometry":{"type":"Polygon","coordinates":[[[175.2821,-37.0014],[175.2841,-37.003],[175.2851,-37.0034],[175.2838,-37.0009],[175.2867,-36.9953],[175.2867,-36.9945],[175.2842,-36.9919],[175.2822,-36.9958],[175.2819,-36.9974],[175.2821,-37.0014]]]}},{"type":"Feature","properties":{},"geometry":{"type":"Polygon","coordinates":[[[174.4308,-36.3525],[174.4335,-36.3526],[174.4357,-36.3538],[174.4371,-36.3539],[174.4386,-36.353],[174.442,-36.3529],[174.4435,-36.3521],[174.4456,-36.3517],[174.4464,-36.3513],[174.4468,-36.3507],[174.4465,-36.3501],[174.4458,-36.3499],[174.4403,-36.3516],[174.4378,-36.3516],[174.4357,-36.3511],[174.4322,-36.3493],[174.4297,-36.3501],[174.4308,-36.3525]]]}},{"type":"Feature","properties":{},"geometry":{"type":"Polygon","coordinates":[[[175.0254,-36.7954],[175.0257,-36.7942],[175.0236,-36.7926],[175.0224,-36.7925],[175.0214,-36.7932],[175.0225,-36.7934],[175.0253,-36.7949],[175.0251,-36.7951],[175.0254,-36.7954]]]}},{"type":"Feature","properties":{},"geometry":{"type":"Polygon","coordinates":[[[174.9455,-37.1935],[174.9459,-37.1921],[174.9455,-37.1913],[174.9432,-37.1896],[174.9417,-37.1892],[174.9396,-37.1895],[174.9385,-37.1901],[174.9377,-37.1907],[174.9368,-37.1923],[174.9376,-37.1934],[174.9393,-37.1942],[174.9418,-37.1939],[174.9433,-37.1946],[174.9441,-37.1945],[174.9455,-37.1935]]]}},{"type":"Feature","properties":{},"geometry":{"type":"Polygon","coordinates":[[[174.9844,-37.1392],[174.9837,-37.1387],[174.9813,-37.14],[174.9803,-37.1409],[174.9805,-37.1417],[174.9823,-37.1429],[174.9832,-37.1442],[174.9835,-37.1454],[174.9831,-37.1469],[174.9842,-37.1484],[174.984,-37.1503],[174.9843,-37.1508],[174.9876,-37.1537],[174.9891,-37.1542],[174.9891,-37.1538],[174.9901,-37.1532],[174.9901,-37.1526],[174.9884,-37.1517],[174.9881,-37.1496],[174.9859,-37.1485],[174.9851,-37.1468],[174.9852,-37.1433],[174.9863,-37.142],[174.986,-37.1404],[174.9844,-37.1392]]]}},{"type":"Feature","properties":{},"geometry":{"type":"Polygon","coordinates":[[[174.9655,-36.9204],[174.9678,-36.917],[174.9701,-36.9169],[174.9757,-36.9173],[174.9762,-36.9169],[174.9762,-36.9162],[174.9755,-36.915],[174.9734,-36.9133],[174.9715,-36.9128],[174.9692,-36.9114],[174.9688,-36.9122],[174.9692,-36.9147],[174.9674,-36.9145],[174.9669,-36.914],[174.9645,-36.914],[174.9634,-36.9148],[174.9633,-36.9178],[174.9637,-36.9184],[174.9643,-36.9185],[174.9646,-36.9173],[174.9648,-36.9184],[174.9653,-36.9186],[174.965,-36.9191],[174.9655,-36.9204]]]}},{"type":"Feature","properties":{},"geometry":{"type":"Polygon","coordinates":[[[175.0746,-36.8285],[175.0773,-36.8286],[175.0786,-36.8282],[175.0821,-36.8293],[175.0826,-36.8292],[175.0828,-36.8287],[175.0811,-36.827],[175.0812,-36.8249],[175.0804,-36.8245],[175.0778,-36.8256],[175.0758,-36.8256],[175.0745,-36.8264],[175.0716,-36.8258],[175.0715,-36.8269],[175.0704,-36.8277],[175.07,-36.8283],[175.0702,-36.8286],[175.0709,-36.8289],[175.0746,-36.8285]]]}},{"type":"Feature","properties":{},"geometry":{"type":"Polygon","coordinates":[[[174.7153,-37.1676],[174.716,-37.1671],[174.7164,-37.1652],[174.7161,-37.1646],[174.7134,-37.1621],[174.7118,-37.1611],[174.71,-37.1616],[174.7114,-37.1619],[174.7147,-37.1661],[174.7153,-37.1676]]]}},{"type":"Feature","properties":{},"geometry":{"type":"Polygon","coordinates":[[[174.8601,-36.8492],[174.8555,-36.8507],[174.8532,-36.8507],[174.8527,-36.8516],[174.8545,-36.8535],[174.855,-36.8538],[174.856,-36.8535],[174.8609,-36.8507],[174.861,-36.8496],[174.8601,-36.8492]]]}},{"type":"Feature","properties":{},"geometry":{"type":"Polygon","coordinates":[[[175.0838,-36.79],[175.0845,-36.7886],[175.0857,-36.7878],[175.0808,-36.7876],[175.0812,-36.7884],[175.0808,-36.7893],[175.0812,-36.7898],[175.0823,-36.7902],[175.0838,-36.79]]]}},{"type":"Feature","properties":{},"geometry":{"type":"Polygon","coordinates":[[[174.9672,-36.9443],[174.9667,-36.9436],[174.9663,-36.9446],[174.9672,-36.9448],[174.9672,-36.9443]]]}},{"type":"Feature","properties":{},"geometry":{"type":"Polygon","coordinates":[[[174.7965,-36.8638],[174.796,-36.8643],[174.796,-36.8635],[174.7956,-36.8632],[174.7941,-36.8632],[174.7931,-36.8635],[174.7923,-36.8632],[174.7911,-36.8636],[174.7908,-36.864],[174.789,-36.8636],[174.7883,-36.8645],[174.7882,-36.865],[174.7886,-36.8656],[174.79,-36.8659],[174.7929,-36.8655],[174.7943,-36.8657],[174.7946,-36.8672],[174.7943,-36.8684],[174.7947,-36.8696],[174.7933,-36.8736],[174.7935,-36.874],[174.7952,-36.8749],[174.7961,-36.876],[174.7966,-36.8756],[174.7967,-36.8749],[174.7955,-36.873],[174.7969,-36.8678],[174.7965,-36.8638]]]}},{"type":"Feature","properties":{},"geometry":{"type":"Polygon","coordinates":[[[174.8929,-37.0415],[174.893,-37.0419],[174.892,-37.0423],[174.8915,-37.042],[174.8912,-37.0425],[174.8897,-37.043],[174.889,-37.0422],[174.8885,-37.0408],[174.8873,-37.0409],[174.8875,-37.042],[174.8873,-37.0425],[174.8881,-37.0432],[174.8882,-37.0437],[174.8902,-37.0439],[174.8939,-37.0454],[174.8952,-37.0454],[174.8969,-37.0449],[174.8975,-37.0444],[174.8977,-37.0433],[174.8972,-37.0427],[174.8959,-37.0426],[174.8929,-37.0415]]]}},{"type":"Feature","properties":{},"geometry":{"type":"Polygon","coordinates":[[[174.7402,-36.7655],[174.7379,-36.7677],[174.7386,-36.7689],[174.7401,-36.7692],[174.74,-36.7695],[174.7409,-36.7705],[174.7415,-36.7705],[174.7411,-36.7708],[174.7415,-36.7715],[174.742,-36.7711],[174.7424,-36.7717],[174.7372,-36.7729],[174.7364,-36.7739],[174.7399,-36.7741],[174.7411,-36.7749],[174.7407,-36.7771],[174.7439,-36.7798],[174.7438,-36.7807],[174.7424,-36.7814],[174.7419,-36.7823],[174.7417,-36.784],[174.7421,-36.7847],[174.7475,-36.7863],[174.7494,-36.7878],[174.7501,-36.7909],[174.7492,-36.7928],[174.7491,-36.7943],[174.7494,-36.7949],[174.7512,-36.7943],[174.7518,-36.7939],[174.7518,-36.7917],[174.7523,-36.7912],[174.7528,-36.79],[174.7529,-36.7871],[174.7509,-36.7846],[174.7506,-36.7838],[174.7507,-36.7821],[174.75,-36.7809],[174.75,-36.7802],[174.7471,-36.7799],[174.7452,-36.7791],[174.7445,-36.7783],[174.7445,-36.7772],[174.7458,-36.775],[174.746,-36.7707],[174.7453,-36.7697],[174.7447,-36.7695],[174.7428,-36.7698],[174.742,-36.7696],[174.7414,-36.7691],[174.7402,-36.7655]]]}},{"type":"Feature","properties":{},"geometry":{"type":"Polygon","coordinates":[[[175.0432,-36.8098],[175.0469,-36.8112],[175.0504,-36.8112],[175.051,-36.8105],[175.0504,-36.8091],[175.0473,-36.8085],[175.0455,-36.8087],[175.0454,-36.8098],[175.045,-36.81],[175.0432,-36.8098]]]}},{"type":"Feature","properties":{},"geometry":{"type":"Polygon","coordinates":[[[174.4745,-36.9913],[174.4774,-36.9907],[174.4787,-36.9895],[174.4786,-36.9882],[174.479,-36.9877],[174.4808,-36.9873],[174.4795,-36.9848],[174.4773,-36.985],[174.4718,-36.9846],[174.4712,-36.985],[174.4719,-36.9861],[174.4735,-36.9869],[174.4736,-36.9885],[174.4745,-36.9913]]]}},{"type":"Feature","properties":{},"geometry":{"type":"Polygon","coordinates":[[[175.1379,-36.8403],[175.1388,-36.841],[175.1404,-36.8414],[175.1414,-36.841],[175.1424,-36.8396],[175.1416,-36.8386],[175.1397,-36.8375],[175.1396,-36.8383],[175.1404,-36.839],[175.1395,-36.8401],[175.1379,-36.8403]]]}},{"type":"Feature","properties":{},"geometry":{"type":"Polygon","coordinates":[[[175.0628,-36.2228],[175.0584,-36.2199],[175.0559,-36.2187],[175.0552,-36.2182],[175.0547,-36.2169],[175.0533,-36.2158],[175.0523,-36.2143],[175.0525,-36.2153],[175.052,-36.2177],[175.0516,-36.2188],[175.05,-36.2206],[175.0557,-36.2202],[175.0593,-36.2211],[175.0601,-36.2214],[175.061,-36.2224],[175.0628,-36.2228]]]}},{"type":"Feature","properties":{},"geometry":{"type":"Polygon","coordinates":[[[174.8825,-36.8675],[174.8823,-36.8715],[174.8821,-36.8723],[174.8814,-36.873],[174.8849,-36.8728],[174.8849,-36.8721],[174.8835,-36.8707],[174.8833,-36.8694],[174.8842,-36.8691],[174.8895,-36.8718],[174.8909,-36.8719],[174.8913,-36.8716],[174.8866,-36.8701],[174.8825,-36.8675]]]}},{"type":"Feature","properties":{},"geometry":{"type":"Polygon","coordinates":[[[175.1636,-36.95],[175.1618,-36.9507],[175.1589,-36.951],[175.1555,-36.95],[175.1526,-36.9485],[175.1524,-36.9502],[175.1526,-36.9512],[175.1558,-36.9527],[175.1564,-36.9531],[175.1569,-36.9545],[175.1576,-36.9554],[175.1585,-36.9557],[175.1592,-36.9556],[175.1608,-36.9536],[175.1621,-36.9527],[175.1636,-36.95]]]}},{"type":"Feature","properties":{},"geometry":{"type":"Polygon","coordinates":[[[175.1991,-36.8191],[175.1994,-36.8173],[175.1989,-36.8163],[175.1972,-36.8154],[175.1966,-36.8155],[175.1957,-36.8166],[175.1965,-36.8164],[175.1978,-36.8172],[175.1991,-36.8191]]]}},{"type":"Feature","properties":{},"geometry":{"type":"Polygon","coordinates":[[[174.3084,-36.3871],[174.3068,-36.3871],[174.3003,-36.3832],[174.2984,-36.3809],[174.2974,-36.3785],[174.2966,-36.3741],[174.2919,-36.3664],[174.2884,-36.3585],[174.2882,-36.3571],[174.2888,-36.3556],[174.2886,-36.3542],[174.2826,-36.3438],[174.2819,-36.3423],[174.2813,-36.3397],[174.2787,-36.3368],[174.2782,-36.3344],[174.2781,-36.3294],[174.2784,-36.3281],[174.278,-36.3248],[174.2777,-36.3236],[174.2766,-36.3227],[174.2762,-36.3204],[174.2753,-36.3191],[174.2748,-36.3165],[174.2737,-36.3156],[174.2735,-36.3131],[174.272,-36.3125],[174.271,-36.3125],[174.2705,-36.3137],[174.2698,-36.3139],[174.2697,-36.3118],[174.2684,-36.3106],[174.2674,-36.3106],[174.2669,-36.3123],[174.2657,-36.3144],[174.2659,-36.3173],[174.2656,-36.3186],[174.2656,-36.3204],[174.2667,-36.3255],[174.2672,-36.3268],[174.268,-36.327],[174.2691,-36.3255],[174.2692,-36.3246],[174.2683,-36.3235],[174.268,-36.3214],[174.2675,-36.3205],[174.2678,-36.3184],[174.2684,-36.318],[174.2689,-36.3187],[174.2695,-36.3208],[174.2709,-36.3225],[174.2711,-36.324],[174.2707,-36.3247],[174.2708,-36.3272],[174.2716,-36.3287],[174.2742,-36.3316],[174.2744,-36.3328],[174.2739,-36.3335],[174.2742,-36.34],[174.2733,-36.3419],[174.2719,-36.3441],[174.2714,-36.3465],[174.2703,-36.3484],[174.2702,-36.352],[174.2713,-36.354],[174.2716,-36.3558],[174.2675,-36.3597],[174.2638,-36.3608],[174.2638,-36.3592],[174.2623,-36.3585],[174.2614,-36.357],[174.261,-36.357],[174.2599,-36.3598],[174.2587,-36.3621],[174.2586,-36.3634],[174.2564,-36.3685],[174.2541,-36.3717],[174.2536,-36.3743],[174.2547,-36.3765],[174.2545,-36.3773],[174.2549,-36.3776],[174.2549,-36.3785],[174.2575,-36.3809],[174.2627,-36.3826],[174.2657,-36.3842],[174.273,-36.39],[174.2745,-36.3904],[174.2767,-36.3904],[174.2803,-36.391],[174.2824,-36.3901],[174.2826,-36.3891],[174.2805,-36.3889],[174.2781,-36.3878],[174.28,-36.3865],[174.2809,-36.3875],[174.2819,-36.3877],[174.2829,-36.3874],[174.2832,-36.3876],[174.2854,-36.3874],[174.2874,-36.3885],[174.2944,-36.3902],[174.295,-36.3897],[174.2974,-36.3899],[174.3005,-36.3894],[174.3022,-36.3888],[174.303,-36.3881],[174.3062,-36.3875],[174.308,-36.3876],[174.3084,-36.3871]]]}},{"type":"Feature","properties":{},"geometry":{"type":"Polygon","coordinates":[[[174.4449,-36.6812],[174.4453,-36.6801],[174.4469,-36.679],[174.4458,-36.6778],[174.4451,-36.6751],[174.4442,-36.6743],[174.4429,-36.6741],[174.4416,-36.6767],[174.4417,-36.6795],[174.4428,-36.6806],[174.4449,-36.6812]]]}},{"type":"Feature","properties":{},"geometry":{"type":"Polygon","coordinates":[[[174.4386,-36.889],[174.4399,-36.8891],[174.4412,-36.8904],[174.4419,-36.889],[174.4416,-36.8878],[174.4404,-36.8865],[174.4403,-36.8858],[174.4412,-36.8842],[174.441,-36.8835],[174.44,-36.8825],[174.439,-36.8821],[174.4382,-36.8824],[174.4391,-36.8848],[174.4384,-36.8867],[174.4377,-36.8875],[174.4386,-36.889]]]}},{"type":"Feature","properties":{},"geometry":{"type":"Polygon","coordinates":[[[174.3051,-36.3552],[174.3037,-36.3529],[174.3035,-36.352],[174.3053,-36.3491],[174.3081,-36.3479],[174.3079,-36.347],[174.3065,-36.3469],[174.3049,-36.3477],[174.3036,-36.3478],[174.3033,-36.3486],[174.3012,-36.3486],[174.2999,-36.3479],[174.2994,-36.3462],[174.2973,-36.3434],[174.2952,-36.3421],[174.2942,-36.3422],[174.294,-36.3435],[174.2956,-36.3472],[174.2963,-36.3485],[174.2979,-36.3492],[174.2978,-36.3505],[174.2991,-36.353],[174.3001,-36.3537],[174.3022,-36.3541],[174.3042,-36.3552],[174.3051,-36.3569],[174.305,-36.3558],[174.3043,-36.3543],[174.3037,-36.3538],[174.3046,-36.3542],[174.3051,-36.3552]]]}},{"type":"Feature","properties":{},"geometry":{"type":"Polygon","coordinates":[[[174.5016,-36.4868],[174.504,-36.4856],[174.5062,-36.4861],[174.5071,-36.4832],[174.5092,-36.4803],[174.5112,-36.4793],[174.5155,-36.4781],[174.5159,-36.4775],[174.514,-36.477],[174.5123,-36.4771],[174.5102,-36.4779],[174.5061,-36.4807],[174.5044,-36.483],[174.5005,-36.4858],[174.4994,-36.4873],[174.4996,-36.4877],[174.5001,-36.4878],[174.5016,-36.4868]]]}},{"type":"Feature","properties":{},"geometry":{"type":"Polygon","coordinates":[[[174.4169,-36.6228],[174.4171,-36.6222],[174.4182,-36.6217],[174.4182,-36.6213],[174.4176,-36.6208],[174.4161,-36.621],[174.4142,-36.6222],[174.4148,-36.623],[174.414,-36.6221],[174.4122,-36.6226],[174.4121,-36.6232],[174.4111,-36.6235],[174.4112,-36.6239],[174.416,-36.6239],[174.4171,-36.6246],[174.418,-36.6238],[174.4178,-36.6232],[174.4169,-36.6228]]]}},{"type":"Feature","properties":{},"geometry":{"type":"Polygon","coordinates":[[[175.4803,-36.2011],[175.4766,-36.2006],[175.4759,-36.1997],[175.4741,-36.1996],[175.4732,-36.1991],[175.4727,-36.198],[175.4726,-36.1972],[175.4728,-36.1959],[175.4738,-36.1943],[175.4722,-36.1907],[175.471,-36.1906],[175.4702,-36.1921],[175.4678,-36.1939],[175.4673,-36.1938],[175.4669,-36.1932],[175.4671,-36.1909],[175.4676,-36.1901],[175.4669,-36.1895],[175.4656,-36.1894],[175.4646,-36.1903],[175.4619,-36.1905],[175.461,-36.1911],[175.4617,-36.1918],[175.4646,-36.1924],[175.4667,-36.195],[175.4666,-36.1958],[175.4649,-36.197],[175.4672,-36.1991],[175.468,-36.2007],[175.4694,-36.2013],[175.4717,-36.2007],[175.4726,-36.2011],[175.4726,-36.2024],[175.4734,-36.2039],[175.4711,-36.2047],[175.4717,-36.207],[175.4696,-36.2104],[175.4697,-36.2113],[175.4705,-36.2114],[175.4737,-36.2104],[175.4766,-36.2113],[175.4782,-36.2107],[175.4807,-36.2114],[175.4796,-36.21],[175.4789,-36.2065],[175.4789,-36.2056],[175.4798,-36.2042],[175.4803,-36.2011]]]}},{"type":"Feature","properties":{},"geometry":{"type":"Polygon","coordinates":[[[174.4434,-36.5935],[174.4432,-36.5919],[174.4451,-36.5903],[174.4452,-36.5899],[174.4443,-36.589],[174.4432,-36.5891],[174.4411,-36.59],[174.4385,-36.5914],[174.4377,-36.5926],[174.4405,-36.5921],[174.4434,-36.5935]]]}},{"type":"Feature","properties":{},"geometry":{"type":"Polygon","coordinates":[[[175.2371,-36.9933],[175.2385,-36.9937],[175.2398,-36.9935],[175.241,-36.9919],[175.2428,-36.9884],[175.244,-36.9874],[175.2464,-36.9865],[175.2507,-36.9837],[175.2512,-36.9838],[175.2518,-36.982],[175.2534,-36.98],[175.2542,-36.9798],[175.2547,-36.98],[175.2563,-36.9821],[175.2576,-36.9792],[175.2614,-36.9764],[175.2607,-36.9758],[175.2581,-36.9748],[175.2575,-36.9754],[175.2555,-36.9761],[175.2527,-36.9756],[175.2519,-36.9757],[175.2504,-36.977],[175.2481,-36.9803],[175.2439,-36.9851],[175.2409,-36.9873],[175.2384,-36.9908],[175.2371,-36.9933]]]}},{"type":"Feature","properties":{},"geometry":{"type":"Polygon","coordinates":[[[174.591,-36.3048],[174.5922,-36.3047],[174.5927,-36.3043],[174.5914,-36.3011],[174.5889,-36.2991],[174.5872,-36.2988],[174.5871,-36.2994],[174.588,-36.3006],[174.5901,-36.3021],[174.5903,-36.3034],[174.5899,-36.3046],[174.5901,-36.3049],[174.591,-36.3048]]]}},{"type":"Feature","properties":{},"geometry":{"type":"Polygon","coordinates":[[[174.6528,-36.8522],[174.6547,-36.8533],[174.6565,-36.8552],[174.6561,-36.8532],[174.6564,-36.8491],[174.6571,-36.8477],[174.6572,-36.8462],[174.6589,-36.8443],[174.6608,-36.8403],[174.6567,-36.8431],[174.6546,-36.8457],[174.6531,-36.8493],[174.6528,-36.8522]]]}},{"type":"Feature","properties":{},"geometry":{"type":"Polygon","coordinates":[[[175.0621,-36.8022],[175.0637,-36.8014],[175.0643,-36.8015],[175.0653,-36.8022],[175.0667,-36.8024],[175.0667,-36.8022],[175.0679,-36.8027],[175.0714,-36.8019],[175.0686,-36.8028],[175.0676,-36.8035],[175.0682,-36.8046],[175.07,-36.8045],[175.0683,-36.8047],[175.0673,-36.8035],[175.0661,-36.8037],[175.0682,-36.8051],[175.071,-36.8058],[175.0736,-36.8079],[175.0745,-36.8066],[175.0746,-36.8058],[175.0739,-36.8043],[175.0727,-36.8031],[175.0728,-36.8022],[175.0738,-36.8013],[175.0733,-36.8003],[175.071,-36.7999],[175.0664,-36.8005],[175.0654,-36.7999],[175.0632,-36.7977],[175.0618,-36.7974],[175.0613,-36.7975],[175.062,-36.8],[175.0621,-36.8022]]]}},{"type":"Feature","properties":{},"geometry":{"type":"Polygon","coordinates":[[[174.2277,-36.4308],[174.2203,-36.435],[174.2179,-36.4358],[174.2152,-36.4372],[174.2128,-36.4379],[174.2096,-36.4383],[174.2096,-36.4388],[174.2104,-36.4394],[174.2091,-36.4407],[174.2088,-36.4416],[174.2061,-36.4438],[174.2062,-36.4444],[174.2055,-36.4455],[174.2047,-36.4461],[174.2035,-36.4464],[174.2006,-36.4511],[174.1994,-36.4547],[174.1996,-36.4566],[174.1989,-36.4591],[174.1993,-36.4616],[174.1982,-36.4643],[174.1981,-36.4655],[174.1992,-36.4668],[174.1995,-36.4683],[174.1988,-36.4743],[174.1968,-36.4767],[174.1953,-36.478],[174.1949,-36.4772],[174.1949,-36.4738],[174.1945,-36.4732],[174.1942,-36.4696],[174.1946,-36.4678],[174.1953,-36.4665],[174.1955,-36.4652],[174.1945,-36.464],[174.1943,-36.4622],[174.1937,-36.4612],[174.1909,-36.4585],[174.1889,-36.4554],[174.1889,-36.4542],[174.1898,-36.4535],[174.1896,-36.4522],[174.1909,-36.451],[174.1912,-36.4451],[174.1902,-36.4444],[174.1913,-36.4438],[174.1915,-36.4427],[174.1894,-36.4421],[174.1875,-36.441],[174.1881,-36.439],[174.1901,-36.4379],[174.1915,-36.4363],[174.1932,-36.4356],[174.1956,-36.4327],[174.197,-36.4318],[174.1994,-36.4314],[174.2007,-36.4306],[174.2035,-36.4305],[174.2052,-36.4299],[174.2191,-36.4292],[174.2177,-36.4286],[174.2147,-36.4284],[174.2111,-36.4289],[174.2087,-36.4288],[174.1994,-36.4301],[174.1976,-36.4312],[174.195,-36.4322],[174.1928,-36.4335],[174.1873,-36.4383],[174.1833,-36.443],[174.1781,-36.4468],[174.1726,-36.4496],[174.1684,-36.4521],[174.1649,-36.4567],[174.1631,-36.4599],[174.1629,-36.4616],[174.1625,-36.4626],[174.1618,-36.4768],[174.1624,-36.4819],[174.1635,-36.4855],[174.1679,-36.4927],[174.1713,-36.4963],[174.1757,-36.5022],[174.1776,-36.5037],[174.1797,-36.5067],[174.1797,-36.5071],[174.1814,-36.5089],[174.1831,-36.5095],[174.1835,-36.5105],[174.1873,-36.5156],[174.1907,-36.5181],[174.1938,-36.5223],[174.2025,-36.5312],[174.2086,-36.5385],[174.2122,-36.5422],[174.2153,-36.5462],[174.2212,-36.5521],[174.2462,-36.5806],[174.2513,-36.5857],[174.2563,-36.5915],[174.2614,-36.5968],[174.2673,-36.6043],[174.2719,-36.6086],[174.2731,-36.6108],[174.2763,-36.6138],[174.2788,-36.6169],[174.2796,-36.6191],[174.2832,-36.6218],[174.284,-36.6243],[174.2863,-36.627],[174.2893,-36.6297],[174.2895,-36.631],[174.2907,-36.6328],[174.2957,-36.6395],[174.2985,-36.6417],[174.2991,-36.6429],[174.3006,-36.6442],[174.3022,-36.6478],[174.3045,-36.6508],[174.3064,-36.6526],[174.307,-36.6544],[174.3087,-36.6561],[174.3139,-36.6636],[174.316,-36.6652],[174.3162,-36.6659],[174.3183,-36.6683],[174.3202,-36.6723],[174.326,-36.6786],[174.3329,-36.6893],[174.3377,-36.6948],[174.3429,-36.7018],[174.3442,-36.7043],[174.3475,-36.7089],[174.3519,-36.7143],[174.3616,-36.7289],[174.3666,-36.7348],[174.3735,-36.7454],[174.3756,-36.7479],[174.3855,-36.7634],[174.3903,-36.7704],[174.3925,-36.7741],[174.3982,-36.7815],[174.399,-36.7832],[174.4006,-36.7852],[174.4039,-36.7917],[174.4052,-36.7931],[174.4106,-36.8009],[174.4157,-36.8089],[174.4175,-36.8094],[174.4181,-36.8108],[174.4189,-36.8114],[174.4182,-36.8126],[174.419,-36.8147],[174.4227,-36.8204],[174.4254,-36.8256],[174.4264,-36.8303],[174.4281,-36.8304],[174.4293,-36.8301],[174.4307,-36.8285],[174.4324,-36.828],[174.4323,-36.8268],[174.4336,-36.8245],[174.4347,-36.824],[174.4372,-36.8237],[174.4378,-36.8234],[174.4382,-36.8227],[174.4374,-36.8203],[174.4372,-36.8187],[174.4391,-36.8142],[174.4386,-36.813],[174.436,-36.8124],[174.4351,-36.8127],[174.4328,-36.8145],[174.4322,-36.8143],[174.4317,-36.8132],[174.431,-36.8128],[174.4308,-36.8122],[174.4312,-36.8117],[174.4341,-36.81],[174.4371,-36.81],[174.4379,-36.8097],[174.4398,-36.808],[174.4399,-36.8067],[174.4408,-36.8055],[174.4429,-36.8041],[174.446,-36.8035],[174.4464,-36.8029],[174.4453,-36.8022],[174.4436,-36.8029],[174.441,-36.8023],[174.4386,-36.8024],[174.4365,-36.8031],[174.4343,-36.8046],[174.4329,-36.8049],[174.4323,-36.8044],[174.4323,-36.803],[174.4341,-36.8012],[174.4345,-36.7999],[174.4335,-36.7986],[174.4325,-36.7979],[174.4318,-36.7976],[174.4308,-36.7978],[174.4229,-36.8002],[174.421,-36.7999],[174.4205,-36.7996],[174.4199,-36.7985],[174.42,-36.7971],[174.4211,-36.7959],[174.4278,-36.793],[174.432,-36.7921],[174.4328,-36.7912],[174.4345,-36.7903],[174.438,-36.7893],[174.4393,-36.7884],[174.4407,-36.7868],[174.4424,-36.7836],[174.4429,-36.7823],[174.4426,-36.7812],[174.4417,-36.7806],[174.4392,-36.7806],[174.4385,-36.779],[174.4372,-36.7783],[174.4347,-36.7779],[174.4341,-36.7776],[174.434,-36.7769],[174.4343,-36.7763],[174.4373,-36.7741],[174.4388,-36.7725],[174.4393,-36.7714],[174.4399,-36.7679],[174.4395,-36.7673],[174.442,-36.7665],[174.4456,-36.7662],[174.4473,-36.7654],[174.4494,-36.7613],[174.4509,-36.7594],[174.4517,-36.7589],[174.4523,-36.7593],[174.4526,-36.7605],[174.4525,-36.7636],[174.4499,-36.7662],[174.4492,-36.7679],[174.4498,-36.7699],[174.4496,-36.7712],[174.4499,-36.7717],[174.4508,-36.7721],[174.4513,-36.7718],[174.4517,-36.7707],[174.4508,-36.7683],[174.4509,-36.7676],[174.4537,-36.7663],[174.4552,-36.7635],[174.4543,-36.7606],[174.4544,-36.7574],[174.4552,-36.7561],[174.4568,-36.7569],[174.4614,-36.756],[174.4655,-36.7528],[174.4664,-36.7526],[174.4691,-36.7533],[174.4698,-36.7539],[174.4698,-36.7549],[174.4689,-36.7568],[174.4696,-36.7577],[174.4729,-36.7582],[174.4738,-36.7587],[174.4777,-36.7588],[174.4798,-36.7585],[174.484,-36.7573],[174.4862,-36.7572],[174.4881,-36.7574],[174.4903,-36.7589],[174.4911,-36.76],[174.4911,-36.7608],[174.4905,-36.7626],[174.4904,-36.7657],[174.4891,-36.7676],[174.4877,-36.7688],[174.4861,-36.7712],[174.4846,-36.7753],[174.4831,-36.7762],[174.4819,-36.7796],[174.4796,-36.7824],[174.4813,-36.7823],[174.484,-36.7816],[174.4832,-36.7796],[174.4838,-36.778],[174.485,-36.7771],[174.4858,-36.777],[174.4894,-36.7778],[174.4903,-36.7778],[174.4918,-36.7772],[174.4927,-36.7763],[174.4934,-36.7748],[174.4945,-36.7696],[174.495,-36.7688],[174.4993,-36.7668],[174.5011,-36.7689],[174.5033,-36.7684],[174.5041,-36.766],[174.5051,-36.7643],[174.5055,-36.7623],[174.5058,-36.7619],[174.5066,-36.7619],[174.5081,-36.7635],[174.5089,-36.7649],[174.5112,-36.7713],[174.5114,-36.7727],[174.511,-36.7745],[174.5092,-36.7773],[174.5066,-36.78],[174.5052,-36.7805],[174.5027,-36.7808],[174.5008,-36.7818],[174.4994,-36.7831],[174.4939,-36.7853],[174.4935,-36.7857],[174.4948,-36.7861],[174.4971,-36.7858],[174.4985,-36.7881],[174.4991,-36.7882],[174.5002,-36.787],[174.5021,-36.7836],[174.503,-36.7829],[174.5066,-36.7816],[174.5073,-36.7816],[174.5084,-36.7824],[174.5087,-36.7838],[174.5083,-36.7875],[174.5093,-36.7893],[174.5113,-36.7905],[174.5118,-36.7912],[174.5122,-36.7942],[174.511,-36.7957],[174.5055,-36.7983],[174.5042,-36.7999],[174.5048,-36.801],[174.5099,-36.7978],[174.5119,-36.7972],[174.5127,-36.7971],[174.5142,-36.798],[174.5149,-36.8026],[174.5163,-36.8044],[174.5158,-36.8055],[174.5148,-36.8067],[174.5112,-36.8087],[174.5113,-36.8097],[174.512,-36.8104],[174.5138,-36.81],[174.5156,-36.8088],[174.5179,-36.8079],[174.5188,-36.8069],[174.5189,-36.8059],[174.5187,-36.8044],[174.5174,-36.8007],[174.5166,-36.7968],[174.517,-36.7935],[174.5168,-36.7921],[174.5153,-36.7904],[174.5131,-36.7864],[174.5124,-36.7839],[174.5128,-36.7788],[174.5156,-36.7755],[174.5158,-36.7747],[174.5157,-36.7729],[174.5141,-36.7685],[174.5132,-36.7647],[174.5123,-36.763],[174.5098,-36.76],[174.5095,-36.7594],[174.5098,-36.7583],[174.5113,-36.7579],[174.5133,-36.7587],[174.5189,-36.7593],[174.5195,-36.7613],[174.5201,-36.762],[174.5212,-36.763],[174.5223,-36.7634],[174.5237,-36.7632],[174.526,-36.7617],[174.5272,-36.7618],[174.5268,-36.7636],[174.5247,-36.7676],[174.5248,-36.77],[174.5247,-36.7706],[174.5238,-36.7716],[174.523,-36.7754],[174.5229,-36.7774],[174.5239,-36.7787],[174.5248,-36.779],[174.5243,-36.7759],[174.5255,-36.7739],[174.5277,-36.772],[174.5281,-36.7713],[174.528,-36.7695],[174.529,-36.7675],[174.5286,-36.7661],[174.5287,-36.7648],[174.5295,-36.7618],[174.53,-36.7614],[174.5308,-36.7612],[174.5314,-36.7615],[174.5325,-36.7626],[174.5336,-36.7644],[174.5346,-36.7651],[174.5357,-36.7654],[174.5408,-36.7628],[174.5422,-36.7625],[174.5428,-36.7628],[174.544,-36.7692],[174.5445,-36.7704],[174.5467,-36.7721],[174.5468,-36.7727],[174.5442,-36.7762],[174.5446,-36.7783],[174.546,-36.7814],[174.5447,-36.7838],[174.5434,-36.7853],[174.5428,-36.7867],[174.5408,-36.7891],[174.5396,-36.7901],[174.5376,-36.7908],[174.5345,-36.7909],[174.5321,-36.7916],[174.5304,-36.7928],[174.5302,-36.7944],[174.5314,-36.7946],[174.5368,-36.7941],[174.5377,-36.7944],[174.5384,-36.796],[174.5388,-36.7963],[174.5409,-36.7963],[174.5417,-36.7968],[174.5419,-36.7975],[174.5415,-36.7982],[174.5389,-36.8005],[174.536,-36.8023],[174.5357,-36.8029],[174.5363,-36.8032],[174.5389,-36.8029],[174.5417,-36.8021],[174.5475,-36.799],[174.5495,-36.7995],[174.5511,-36.8009],[174.5531,-36.8013],[174.5535,-36.8018],[174.5535,-36.8023],[174.552,-36.8033],[174.5506,-36.8034],[174.5489,-36.8044],[174.5475,-36.8055],[174.5456,-36.8079],[174.5434,-36.8092],[174.5289,-36.8121],[174.5228,-36.8152],[174.5223,-36.8159],[174.5228,-36.8181],[174.5225,-36.8193],[174.5232,-36.8194],[174.5248,-36.8186],[174.5261,-36.8165],[174.5269,-36.8158],[174.5299,-36.8146],[174.5322,-36.8145],[174.5363,-36.8152],[174.5404,-36.8168],[174.5425,-36.8186],[174.5433,-36.8184],[174.5449,-36.8169],[174.5452,-36.8157],[174.5448,-36.8145],[174.5452,-36.814],[174.5459,-36.8137],[174.547,-36.8137],[174.5481,-36.8142],[174.5488,-36.8149],[174.5487,-36.8169],[174.5477,-36.8206],[174.5467,-36.8233],[174.545,-36.8259],[174.5417,-36.8278],[174.5391,-36.8285],[174.5382,-36.8303],[174.5374,-36.8307],[174.5359,-36.831],[174.5322,-36.8307],[174.5306,-36.831],[174.5286,-36.8324],[174.5268,-36.8332],[174.5269,-36.8337],[174.528,-36.8347],[174.5328,-36.8376],[174.5337,-36.8377],[174.5347,-36.8373],[174.538,-36.8338],[174.5403,-36.8323],[174.5432,-36.8317],[174.5449,-36.8323],[174.5454,-36.833],[174.546,-36.8348],[174.5458,-36.838],[174.5452,-36.8391],[174.5448,-36.8418],[174.543,-36.8455],[174.5429,-36.8467],[174.5413,-36.8484],[174.539,-36.85],[174.5357,-36.851],[174.5353,-36.8515],[174.535,-36.8532],[174.535,-36.8537],[174.5355,-36.854],[174.5372,-36.8525],[174.5394,-36.8517],[174.5402,-36.8517],[174.5412,-36.8524],[174.5413,-36.8558],[174.5407,-36.8583],[174.5407,-36.8606],[174.5414,-36.861],[174.5419,-36.8607],[174.5441,-36.8581],[174.5454,-36.8575],[174.5456,-36.8569],[174.5439,-36.8531],[174.5439,-36.8503],[174.5452,-36.8481],[174.5482,-36.8468],[174.5495,-36.8446],[174.5495,-36.8425],[174.5489,-36.8404],[174.5496,-36.8365],[174.5492,-36.8343],[174.5494,-36.8319],[174.5507,-36.8306],[174.5522,-36.8303],[174.5535,-36.8284],[174.5552,-36.8272],[174.5553,-36.8267],[174.5547,-36.8254],[174.5547,-36.8248],[174.5552,-36.8241],[174.5587,-36.822],[174.5588,-36.8214],[174.5606,-36.8183],[174.5611,-36.8165],[174.563,-36.8131],[174.5632,-36.8116],[174.563,-36.8094],[174.5634,-36.8079],[174.5645,-36.8072],[174.566,-36.8074],[174.5667,-36.8077],[174.5675,-36.809],[174.5674,-36.8106],[174.568,-36.8114],[174.5679,-36.812],[174.5653,-36.8144],[174.5642,-36.8165],[174.5644,-36.8171],[174.566,-36.8187],[174.5668,-36.8189],[174.568,-36.8172],[174.5699,-36.8163],[174.5697,-36.8151],[174.571,-36.8139],[174.5712,-36.8114],[174.5719,-36.8107],[174.5721,-36.81],[174.571,-36.8081],[174.5705,-36.8051],[174.5696,-36.8041],[174.5692,-36.8027],[174.5694,-36.8017],[174.5709,-36.7996],[174.5701,-36.797],[174.5706,-36.7942],[174.5703,-36.7916],[174.5706,-36.788],[174.5724,-36.786],[174.5709,-36.785],[174.5706,-36.783],[174.5679,-36.7828],[174.5671,-36.7818],[174.5667,-36.7805],[174.567,-36.7799],[174.569,-36.7782],[174.5689,-36.7775],[174.567,-36.7768],[174.5652,-36.7767],[174.5633,-36.7761],[174.5601,-36.7731],[174.5595,-36.7727],[174.5571,-36.7726],[174.5564,-36.7722],[174.5547,-36.7704],[174.553,-36.7698],[174.5509,-36.77],[174.5502,-36.7694],[174.5484,-36.7665],[174.548,-36.7649],[174.5481,-36.7633],[174.5493,-36.7616],[174.5494,-36.7611],[174.5482,-36.7602],[174.5457,-36.7596],[174.5431,-36.758],[174.5419,-36.758],[174.5385,-36.7594],[174.5366,-36.7589],[174.5351,-36.7578],[174.5336,-36.7573],[174.5292,-36.7571],[174.5261,-36.7566],[174.5252,-36.7562],[174.5233,-36.7547],[174.5226,-36.7546],[174.5192,-36.754],[174.5167,-36.7552],[174.5158,-36.7551],[174.5133,-36.7543],[174.5111,-36.7542],[174.5109,-36.7529],[174.5127,-36.7497],[174.5133,-36.7461],[174.515,-36.7422],[174.5161,-36.7416],[174.5175,-36.7416],[174.5183,-36.742],[174.5204,-36.7443],[174.5213,-36.7444],[174.5219,-36.7437],[174.5222,-36.7413],[174.5279,-36.7396],[174.5301,-36.7394],[174.5306,-36.739],[174.5317,-36.7376],[174.5323,-36.7362],[174.5339,-36.7345],[174.5341,-36.7334],[174.5335,-36.7329],[174.5325,-36.7327],[174.5314,-36.734],[174.5311,-36.7353],[174.5297,-36.7357],[174.528,-36.7352],[174.527,-36.7365],[174.5266,-36.7366],[174.5256,-36.735],[174.5177,-36.7345],[174.5167,-36.7347],[174.5155,-36.7345],[174.5132,-36.7356],[174.5096,-36.736],[174.5086,-36.7355],[174.5051,-36.7321],[174.5061,-36.7271],[174.5056,-36.7264],[174.5046,-36.726],[174.5024,-36.7302],[174.5004,-36.7316],[174.5005,-36.7322],[174.5026,-36.7345],[174.5035,-36.7375],[174.5047,-36.7389],[174.5067,-36.7404],[174.5069,-36.7418],[174.5062,-36.7433],[174.5066,-36.7458],[174.5062,-36.7478],[174.5044,-36.7527],[174.5034,-36.7537],[174.5014,-36.7541],[174.5007,-36.7546],[174.5008,-36.7554],[174.5022,-36.7563],[174.5023,-36.7585],[174.5016,-36.7598],[174.5003,-36.7606],[174.4993,-36.7623],[174.4969,-36.7622],[174.4963,-36.7624],[174.4956,-36.7634],[174.4948,-36.7634],[174.4946,-36.7617],[174.4928,-36.7602],[174.4923,-36.7567],[174.4919,-36.7559],[174.491,-36.7548],[174.4884,-36.7538],[174.4875,-36.7539],[174.484,-36.7556],[174.4791,-36.7564],[174.4762,-36.7562],[174.4747,-36.7553],[174.4727,-36.753],[174.4707,-36.7527],[174.4693,-36.7518],[174.4681,-36.7487],[174.4669,-36.7478],[174.4651,-36.748],[174.4641,-36.7507],[174.4631,-36.7515],[174.4593,-36.7525],[174.4583,-36.7534],[174.4572,-36.7531],[174.4566,-36.7516],[174.4561,-36.7513],[174.4539,-36.7516],[174.4508,-36.75],[174.448,-36.7496],[174.4478,-36.7486],[174.449,-36.7456],[174.4508,-36.7439],[174.4521,-36.7448],[174.4544,-36.7451],[174.4565,-36.7448],[174.4572,-36.7443],[174.4615,-36.7386],[174.4621,-36.7369],[174.4621,-36.7353],[174.4612,-36.7335],[174.4587,-36.7322],[174.457,-36.7319],[174.4538,-36.7321],[174.4535,-36.7318],[174.4529,-36.7304],[174.4542,-36.7286],[174.4534,-36.7259],[174.4523,-36.724],[174.4519,-36.7225],[174.4487,-36.7186],[174.4484,-36.7178],[174.4476,-36.712],[174.4484,-36.7086],[174.4474,-36.7046],[174.4489,-36.7001],[174.45,-36.6987],[174.4497,-36.698],[174.4479,-36.6962],[174.4477,-36.6952],[174.4481,-36.6941],[174.45,-36.6914],[174.4502,-36.6903],[174.4472,-36.6903],[174.4456,-36.6897],[174.4443,-36.6883],[174.443,-36.6887],[174.4423,-36.6884],[174.4415,-36.6875],[174.4415,-36.686],[174.4433,-36.6849],[174.4431,-36.6841],[174.4401,-36.6824],[174.4393,-36.6815],[174.4382,-36.6814],[174.4365,-36.6824],[174.4366,-36.6842],[174.4381,-36.6853],[174.4385,-36.6863],[174.4381,-36.6868],[174.4342,-36.6871],[174.4326,-36.6888],[174.4322,-36.6888],[174.4327,-36.6873],[174.4344,-36.6864],[174.437,-36.6862],[174.437,-36.6855],[174.4353,-36.6838],[174.4356,-36.6825],[174.4369,-36.6812],[174.4397,-36.6808],[174.4406,-36.6812],[174.4416,-36.6824],[174.4444,-36.684],[174.4446,-36.6849],[174.4428,-36.6864],[174.4426,-36.6873],[174.4437,-36.6877],[174.4445,-36.6873],[174.4455,-36.6848],[174.4485,-36.6841],[174.4486,-36.6833],[174.4424,-36.6815],[174.4409,-36.6807],[174.4401,-36.6795],[174.4406,-36.6762],[174.4385,-36.6766],[174.4385,-36.6761],[174.4386,-36.6758],[174.4399,-36.6759],[174.4404,-36.6756],[174.4406,-36.676],[174.4413,-36.6742],[174.4421,-36.6735],[174.4443,-36.6732],[174.4451,-36.6735],[174.447,-36.6755],[174.4474,-36.6773],[174.448,-36.6775],[174.4483,-36.6734],[174.449,-36.6705],[174.4488,-36.6697],[174.4479,-36.6695],[174.4449,-36.6708],[174.4422,-36.6713],[174.441,-36.6708],[174.4403,-36.6698],[174.4401,-36.6689],[174.4412,-36.6674],[174.4435,-36.6663],[174.4485,-36.6652],[174.4462,-36.6647],[174.4479,-36.6651],[174.4488,-36.6646],[174.4479,-36.6622],[174.4469,-36.661],[174.4426,-36.6621],[174.4411,-36.662],[174.4388,-36.6607],[174.4387,-36.6588],[174.439,-36.6585],[174.4402,-36.6586],[174.443,-36.657],[174.4461,-36.6569],[174.4469,-36.6565],[174.4469,-36.6562],[174.4463,-36.6552],[174.4458,-36.6552],[174.446,-36.6549],[174.4456,-36.6544],[174.4441,-36.6534],[174.4425,-36.653],[174.4438,-36.6531],[174.442,-36.6513],[174.4414,-36.6496],[174.4417,-36.6463],[174.4412,-36.6452],[174.437,-36.6429],[174.4347,-36.641],[174.4329,-36.6387],[174.4324,-36.637],[174.432,-36.6373],[174.4316,-36.6372],[174.4319,-36.6359],[174.4314,-36.6351],[174.4301,-36.6354],[174.4293,-36.6349],[174.4272,-36.6353],[174.4269,-36.6359],[174.4284,-36.6363],[174.4283,-36.638],[174.4277,-36.6381],[174.4275,-36.639],[174.4264,-36.639],[174.4257,-36.6401],[174.4257,-36.6413],[174.4251,-36.6412],[174.4259,-36.6426],[174.4252,-36.6418],[174.4244,-36.642],[174.4243,-36.6423],[174.4241,-36.6418],[174.4236,-36.6415],[174.4226,-36.6418],[174.4227,-36.6405],[174.4214,-36.6414],[174.4214,-36.6417],[174.4219,-36.6421],[174.4237,-36.6422],[174.4238,-36.643],[174.4222,-36.6447],[174.4221,-36.6463],[174.4212,-36.6467],[174.4217,-36.6468],[174.4209,-36.6473],[174.4202,-36.6469],[174.4199,-36.6484],[174.4194,-36.6482],[174.4192,-36.6484],[174.4197,-36.6489],[174.4189,-36.6482],[174.418,-36.6486],[174.4175,-36.6498],[174.4177,-36.6508],[174.4173,-36.6501],[174.4175,-36.6488],[174.4163,-36.6491],[174.4167,-36.6502],[174.416,-36.6508],[174.4166,-36.65],[174.4161,-36.6489],[174.4168,-36.6486],[174.4161,-36.6475],[174.4146,-36.648],[174.4118,-36.6507],[174.4139,-36.6482],[174.4137,-36.6474],[174.4141,-36.6468],[174.4138,-36.6458],[174.4141,-36.6452],[174.4168,-36.6432],[174.4162,-36.6407],[174.4151,-36.6404],[174.4124,-36.6406],[174.4074,-36.6431],[174.4061,-36.6444],[174.4065,-36.6437],[174.4064,-36.6433],[174.407,-36.6426],[174.4063,-36.6416],[174.408,-36.6415],[174.4086,-36.6411],[174.409,-36.6405],[174.4082,-36.6405],[174.4081,-36.6402],[174.4075,-36.6407],[174.4072,-36.6405],[174.4079,-36.6395],[174.4074,-36.6388],[174.4091,-36.6388],[174.4109,-36.6394],[174.4113,-36.6373],[174.4127,-36.6356],[174.414,-36.6352],[174.4136,-36.6346],[174.4108,-36.6338],[174.4101,-36.6331],[174.4089,-36.6337],[174.4084,-36.6328],[174.4072,-36.6327],[174.4069,-36.633],[174.4065,-36.6345],[174.4045,-36.6344],[174.4043,-36.6341],[174.4013,-36.6341],[174.4013,-36.6347],[174.4021,-36.6355],[174.3999,-36.6365],[174.3997,-36.6371],[174.3995,-36.6371],[174.3997,-36.6387],[174.3994,-36.6397],[174.3988,-36.6402],[174.3985,-36.6397],[174.3978,-36.6411],[174.3983,-36.6396],[174.3968,-36.6396],[174.3967,-36.6386],[174.3962,-36.6384],[174.3943,-36.6396],[174.3942,-36.6399],[174.3938,-36.6398],[174.3941,-36.6386],[174.3925,-36.6383],[174.3912,-36.6389],[174.3911,-36.6395],[174.3903,-36.6402],[174.3907,-36.6395],[174.3904,-36.6387],[174.3884,-36.6391],[174.3907,-36.6384],[174.3908,-36.6378],[174.3889,-36.6386],[174.3907,-36.6373],[174.3876,-36.6377],[174.3889,-36.6372],[174.3887,-36.6369],[174.388,-36.6371],[174.3884,-36.6369],[174.3879,-36.6369],[174.3882,-36.6367],[174.3898,-36.637],[174.3896,-36.6367],[174.3907,-36.6361],[174.3907,-36.6357],[174.3902,-36.6355],[174.3894,-36.6359],[174.388,-36.6356],[174.3869,-36.6359],[174.389,-36.6355],[174.3889,-36.6351],[174.3882,-36.635],[174.3885,-36.6348],[174.3884,-36.6345],[174.3865,-36.635],[174.3873,-36.6347],[174.3872,-36.6342],[174.3877,-36.6344],[174.3881,-36.634],[174.3871,-36.6337],[174.3816,-36.635],[174.3858,-36.6338],[174.3831,-36.6323],[174.386,-36.6337],[174.3882,-36.633],[174.3916,-36.6344],[174.3927,-36.6341],[174.3929,-36.6334],[174.3922,-36.6338],[174.3919,-36.6334],[174.3903,-36.633],[174.391,-36.6323],[174.3921,-36.6322],[174.3916,-36.6316],[174.3921,-36.6317],[174.3916,-36.6314],[174.392,-36.6309],[174.3927,-36.6308],[174.3932,-36.6315],[174.3942,-36.6316],[174.3943,-36.6309],[174.394,-36.6306],[174.3916,-36.63],[174.3908,-36.6302],[174.3898,-36.6315],[174.3893,-36.6318],[174.3844,-36.6313],[174.3832,-36.6308],[174.3827,-36.629],[174.382,-36.6286],[174.3812,-36.6286],[174.3781,-36.6304],[174.3773,-36.6316],[174.3775,-36.6319],[174.3798,-36.6326],[174.3803,-36.6331],[174.3801,-36.6344],[174.3796,-36.635],[174.3782,-36.6351],[174.3772,-36.6343],[174.3756,-36.6342],[174.3723,-36.6349],[174.3707,-36.6357],[174.3706,-36.6363],[174.3716,-36.6367],[174.3773,-36.6367],[174.3798,-36.637],[174.3796,-36.6382],[174.3791,-36.6388],[174.3782,-36.6392],[174.377,-36.6412],[174.3753,-36.6419],[174.3727,-36.6421],[174.369,-36.6419],[174.3642,-36.6409],[174.3638,-36.6415],[174.3635,-36.6432],[174.3631,-36.6437],[174.3604,-36.6454],[174.358,-36.6458],[174.3505,-36.6487],[174.3494,-36.6507],[174.3496,-36.6512],[174.3502,-36.6511],[174.3512,-36.6497],[174.3531,-36.6485],[174.3542,-36.648],[174.3553,-36.648],[174.3568,-36.6488],[174.358,-36.6473],[174.363,-36.6457],[174.3646,-36.6441],[174.366,-36.6432],[174.3682,-36.6442],[174.3703,-36.6439],[174.3717,-36.6441],[174.3755,-36.6451],[174.3758,-36.6454],[174.3758,-36.6472],[174.3784,-36.649],[174.3782,-36.6502],[174.3763,-36.6517],[174.371,-36.6543],[174.3658,-36.6559],[174.3649,-36.6566],[174.3645,-36.6577],[174.3647,-36.6579],[174.3662,-36.6579],[174.366,-36.6587],[174.3623,-36.6603],[174.3597,-36.6624],[174.3594,-36.6633],[174.3591,-36.6627],[174.3593,-36.6604],[174.3589,-36.6594],[174.3571,-36.6585],[174.3558,-36.6563],[174.3534,-36.6545],[174.3507,-36.654],[174.35,-36.6522],[174.3494,-36.6516],[174.3467,-36.6494],[174.3448,-36.649],[174.3445,-36.6484],[174.345,-36.6472],[174.3438,-36.6457],[174.3441,-36.6447],[174.3454,-36.643],[174.3451,-36.6414],[174.344,-36.6405],[174.3431,-36.6403],[174.3392,-36.6403],[174.3371,-36.6401],[174.3359,-36.6396],[174.3356,-36.6391],[174.3359,-36.6382],[174.3386,-36.6366],[174.3389,-36.6362],[174.3388,-36.6351],[174.3374,-36.6345],[174.3364,-36.6344],[174.3352,-36.6337],[174.3354,-36.6312],[174.3335,-36.6298],[174.3337,-36.6289],[174.3329,-36.6284],[174.3308,-36.6281],[174.3304,-36.6277],[174.3304,-36.6249],[174.3293,-36.622],[174.3272,-36.6202],[174.3204,-36.6178],[174.319,-36.6166],[174.3187,-36.6153],[174.319,-36.6147],[174.3197,-36.6142],[174.3224,-36.6131],[174.325,-36.613],[174.3251,-36.6123],[174.3248,-36.611],[174.3216,-36.6102],[174.3199,-36.6078],[174.3176,-36.6077],[174.313,-36.6086],[174.3124,-36.6085],[174.312,-36.6074],[174.3121,-36.607],[174.315,-36.6057],[174.3154,-36.6053],[174.3153,-36.6046],[174.3138,-36.603],[174.313,-36.6026],[174.3107,-36.6023],[174.3097,-36.6026],[174.3091,-36.6025],[174.3089,-36.602],[174.3098,-36.6012],[174.3129,-36.5999],[174.313,-36.5988],[174.3124,-36.5979],[174.3099,-36.5978],[174.3078,-36.5982],[174.3064,-36.5986],[174.3038,-36.6002],[174.3028,-36.6],[174.3026,-36.5984],[174.3033,-36.5974],[174.3052,-36.5961],[174.3056,-36.5951],[174.3049,-36.5946],[174.3034,-36.5943],[174.3004,-36.5953],[174.2988,-36.5944],[174.2969,-36.594],[174.2967,-36.5936],[174.3005,-36.5911],[174.3016,-36.5897],[174.3023,-36.5867],[174.3021,-36.5857],[174.3012,-36.5841],[174.2997,-36.5822],[174.2973,-36.5805],[174.2939,-36.5794],[174.2924,-36.5792],[174.2896,-36.5796],[174.2883,-36.5793],[174.2881,-36.5783],[174.2867,-36.5776],[174.2869,-36.577],[174.2859,-36.5765],[174.2858,-36.5751],[174.2862,-36.5737],[174.2858,-36.5719],[174.2838,-36.5701],[174.2793,-36.5672],[174.2789,-36.5666],[174.2781,-36.5633],[174.2765,-36.5621],[174.2764,-36.5616],[174.2777,-36.5595],[174.279,-36.5617],[174.2797,-36.5616],[174.2798,-36.5596],[174.2807,-36.5584],[174.2812,-36.5559],[174.2805,-36.5538],[174.2808,-36.5523],[174.2852,-36.548],[174.2881,-36.5461],[174.29,-36.5455],[174.2906,-36.5455],[174.2909,-36.5458],[174.2905,-36.5471],[174.2909,-36.548],[174.2933,-36.5478],[174.2947,-36.5474],[174.2949,-36.547],[174.2939,-36.5461],[174.294,-36.5456],[174.2952,-36.5446],[174.2964,-36.5427],[174.2987,-36.5417],[174.3006,-36.5416],[174.3034,-36.5421],[174.304,-36.542],[174.3046,-36.5411],[174.3044,-36.5386],[174.3051,-36.538],[174.307,-36.5382],[174.3104,-36.5395],[174.3116,-36.541],[174.3119,-36.5426],[174.3114,-36.5439],[174.3099,-36.5459],[174.3108,-36.547],[174.3105,-36.5486],[174.3093,-36.5506],[174.3076,-36.5517],[174.3087,-36.5526],[174.3088,-36.553],[174.3058,-36.5558],[174.3072,-36.556],[174.311,-36.5541],[174.3121,-36.5546],[174.3123,-36.5558],[174.3109,-36.5569],[174.3104,-36.5579],[174.3117,-36.5596],[174.3118,-36.5606],[174.3094,-36.5625],[174.3071,-36.5629],[174.3015,-36.5616],[174.299,-36.5625],[174.2987,-36.5628],[174.299,-36.5633],[174.3023,-36.5633],[174.3026,-36.564],[174.3024,-36.5657],[174.303,-36.5659],[174.3035,-36.5658],[174.305,-36.5644],[174.3087,-36.564],[174.3095,-36.5645],[174.3072,-36.568],[174.3027,-36.5698],[174.3018,-36.5712],[174.3026,-36.5721],[174.3031,-36.572],[174.3052,-36.5701],[174.3081,-36.5697],[174.309,-36.5689],[174.3149,-36.5595],[174.3156,-36.5544],[174.3153,-36.5517],[174.3142,-36.5494],[174.3142,-36.5485],[174.3151,-36.5477],[174.3163,-36.5476],[174.3195,-36.5486],[174.3203,-36.5484],[174.3209,-36.5478],[174.32,-36.5461],[174.3201,-36.5456],[174.3208,-36.5451],[174.3259,-36.5439],[174.3281,-36.5448],[174.3295,-36.5463],[174.3294,-36.5473],[174.3289,-36.5481],[174.3283,-36.5486],[174.3247,-36.5497],[174.3232,-36.5505],[174.3224,-36.5515],[174.3229,-36.5523],[174.3248,-36.5517],[174.3259,-36.5517],[174.3294,-36.5525],[174.3296,-36.5537],[174.3269,-36.5564],[174.3269,-36.557],[174.3276,-36.5573],[174.3306,-36.5562],[174.3317,-36.5555],[174.3326,-36.5539],[174.3326,-36.5515],[174.3333,-36.5509],[174.3349,-36.5509],[174.3384,-36.5519],[174.3401,-36.5516],[174.3405,-36.5512],[174.3405,-36.5505],[174.339,-36.5488],[174.339,-36.5481],[174.3393,-36.5479],[174.3445,-36.5484],[174.3502,-36.55],[174.3508,-36.5518],[174.3499,-36.5511],[174.3492,-36.5511],[174.3464,-36.553],[174.343,-36.5544],[174.3415,-36.5544],[174.3409,-36.5552],[174.342,-36.5559],[174.3418,-36.5566],[174.3396,-36.557],[174.3389,-36.5575],[174.3402,-36.5588],[174.3403,-36.5626],[174.3416,-36.5612],[174.3441,-36.5599],[174.3455,-36.5584],[174.3469,-36.5575],[174.3484,-36.5573],[174.3493,-36.5576],[174.3497,-36.558],[174.3504,-36.5594],[174.3528,-36.5601],[174.3538,-36.56],[174.3556,-36.5586],[174.3601,-36.5564],[174.3595,-36.5563],[174.3593,-36.5548],[174.357,-36.5543],[174.3555,-36.5531],[174.3531,-36.5525],[174.3531,-36.552],[174.3554,-36.5516],[174.3561,-36.5506],[174.3567,-36.5491],[174.3561,-36.5477],[174.3534,-36.5451],[174.349,-36.5438],[174.3481,-36.5439],[174.3467,-36.5434],[174.3459,-36.5434],[174.345,-36.5428],[174.3418,-36.5418],[174.3384,-36.5462],[174.3308,-36.5459],[174.3319,-36.5445],[174.3319,-36.5436],[174.3294,-36.5422],[174.3274,-36.5422],[174.327,-36.5419],[174.3233,-36.5428],[174.3225,-36.5424],[174.3208,-36.5427],[174.3186,-36.5441],[174.319,-36.5451],[174.3189,-36.5458],[174.3166,-36.5461],[174.3157,-36.5466],[174.315,-36.5464],[174.3125,-36.5427],[174.3134,-36.5418],[174.3124,-36.5407],[174.3126,-36.5394],[174.3116,-36.5388],[174.3116,-36.5371],[174.3094,-36.5376],[174.3086,-36.5369],[174.3071,-36.5366],[174.3071,-36.536],[174.3084,-36.5349],[174.3085,-36.5342],[174.3069,-36.5324],[174.3069,-36.5315],[174.3063,-36.5306],[174.3051,-36.5295],[174.3015,-36.5298],[174.3008,-36.5289],[174.2998,-36.5288],[174.2986,-36.53],[174.298,-36.5296],[174.2972,-36.5301],[174.2964,-36.53],[174.2963,-36.5295],[174.2951,-36.53],[174.2931,-36.5302],[174.2895,-36.5296],[174.2875,-36.5302],[174.2867,-36.5307],[174.2861,-36.5317],[174.2865,-36.532],[174.2889,-36.531],[174.2905,-36.5311],[174.2914,-36.5315],[174.2914,-36.5319],[174.291,-36.5325],[174.2865,-36.5341],[174.2848,-36.5364],[174.2835,-36.5373],[174.2807,-36.5385],[174.2799,-36.5392],[174.2802,-36.5395],[174.2827,-36.5393],[174.284,-36.5387],[174.2851,-36.5381],[174.2879,-36.5354],[174.2891,-36.5351],[174.2903,-36.536],[174.2909,-36.5359],[174.2927,-36.5343],[174.2952,-36.5333],[174.2969,-36.5334],[174.2975,-36.5339],[174.2977,-36.5347],[174.2972,-36.5363],[174.2964,-36.5371],[174.2917,-36.5389],[174.2879,-36.5429],[174.2856,-36.5436],[174.2845,-36.5453],[174.281,-36.5463],[174.278,-36.548],[174.2771,-36.5481],[174.2708,-36.5461],[174.2696,-36.5463],[174.2684,-36.5472],[174.2679,-36.5478],[174.268,-36.5487],[174.2686,-36.5488],[174.2703,-36.5478],[174.2713,-36.5477],[174.2724,-36.5482],[174.2718,-36.5494],[174.2722,-36.5501],[174.2749,-36.5496],[174.2764,-36.5501],[174.2778,-36.5502],[174.2783,-36.5503],[174.2785,-36.5507],[174.2765,-36.5538],[174.2787,-36.5548],[174.2778,-36.5572],[174.2767,-36.5557],[174.2756,-36.5551],[174.2744,-36.5551],[174.2716,-36.5561],[174.27,-36.5563],[174.2693,-36.5558],[174.2694,-36.5532],[174.2687,-36.5517],[174.2639,-36.5488],[174.2639,-36.5464],[174.2633,-36.5455],[174.2619,-36.5452],[174.2584,-36.5451],[174.2553,-36.5437],[174.255,-36.5428],[174.2552,-36.5408],[174.2547,-36.5404],[174.2526,-36.5413],[174.2509,-36.5411],[174.2495,-36.5418],[174.2488,-36.5418],[174.2486,-36.5408],[174.2515,-36.5383],[174.2521,-36.5373],[174.2518,-36.5356],[174.2505,-36.5342],[174.2497,-36.5337],[174.2481,-36.5338],[174.2442,-36.5354],[174.2427,-36.5355],[174.243,-36.5346],[174.2437,-36.5341],[174.2479,-36.5323],[174.2482,-36.5312],[174.2476,-36.5302],[174.2455,-36.5292],[174.244,-36.5293],[174.2429,-36.5296],[174.2388,-36.5328],[174.2375,-36.5334],[174.2352,-36.5339],[174.2332,-36.5337],[174.2321,-36.5313],[174.2323,-36.5296],[174.2336,-36.5281],[174.238,-36.5265],[174.2387,-36.5241],[174.2366,-36.5237],[174.2358,-36.5221],[174.2344,-36.5208],[174.2349,-36.5201],[174.2341,-36.5201],[174.2339,-36.5176],[174.2333,-36.5165],[174.2321,-36.5159],[174.2318,-36.5127],[174.233,-36.5107],[174.2316,-36.5094],[174.231,-36.5076],[174.2323,-36.5056],[174.2325,-36.5019],[174.2272,-36.5004],[174.2242,-36.5007],[174.2236,-36.5003],[174.2235,-36.4995],[174.2243,-36.4988],[174.227,-36.4981],[174.2279,-36.4975],[174.2306,-36.4943],[174.2326,-36.4901],[174.2356,-36.4874],[174.236,-36.4863],[174.2358,-36.4848],[174.2339,-36.4815],[174.2338,-36.4809],[174.2345,-36.4794],[174.2361,-36.4773],[174.2384,-36.4764],[174.2387,-36.4764],[174.2385,-36.4767],[174.2386,-36.4771],[174.2399,-36.4773],[174.2413,-36.4769],[174.2441,-36.4753],[174.2468,-36.4754],[174.247,-36.475],[174.2464,-36.4742],[174.2477,-36.4667],[174.2498,-36.4649],[174.2498,-36.4636],[174.2509,-36.4598],[174.252,-36.4575],[174.2521,-36.4559],[174.2542,-36.4532],[174.2536,-36.4533],[174.2512,-36.452],[174.2504,-36.4529],[174.2495,-36.4545],[174.2495,-36.4565],[174.2489,-36.4585],[174.2469,-36.4604],[174.2481,-36.4623],[174.2474,-36.4642],[174.2468,-36.4651],[174.246,-36.4638],[174.2445,-36.4629],[174.2427,-36.4624],[174.2401,-36.4604],[174.2373,-36.4597],[174.2347,-36.4582],[174.2306,-36.452],[174.23,-36.4514],[174.2257,-36.4501],[174.2244,-36.4483],[174.2237,-36.4478],[174.22,-36.4471],[174.2185,-36.4446],[174.2178,-36.4442],[174.2157,-36.4437],[174.2122,-36.4437],[174.212,-36.4432],[174.2123,-36.4427],[174.2171,-36.4391],[174.2206,-36.436],[174.2251,-36.4331],[174.2277,-36.4308]],[[174.2052,-36.4632],[174.2045,-36.4631],[174.2039,-36.4621],[174.2046,-36.456],[174.2063,-36.452],[174.2075,-36.4506],[174.2081,-36.4505],[174.2086,-36.4509],[174.2086,-36.4523],[174.2064,-36.457],[174.2058,-36.4595],[174.2058,-36.4604],[174.2066,-36.4621],[174.2052,-36.4632]],[[174.2066,-36.4959],[174.2059,-36.4956],[174.2053,-36.4939],[174.2054,-36.493],[174.2068,-36.4903],[174.2067,-36.4893],[174.2046,-36.4873],[174.2044,-36.4866],[174.2046,-36.4852],[174.2056,-36.4845],[174.2062,-36.4846],[174.2069,-36.4865],[174.2086,-36.4889],[174.209,-36.49],[174.2087,-36.4914],[174.2092,-36.4925],[174.2091,-36.493],[174.2071,-36.4941],[174.2066,-36.4959]],[[174.2132,-36.5121],[174.2101,-36.5109],[174.2084,-36.5098],[174.2055,-36.506],[174.2052,-36.5049],[174.2057,-36.5034],[174.2055,-36.5008],[174.2059,-36.4997],[174.2071,-36.4995],[174.2081,-36.4999],[174.2084,-36.5004],[174.2081,-36.5017],[174.2084,-36.5025],[174.2102,-36.5035],[174.2112,-36.5051],[174.2126,-36.5045],[174.2134,-36.5046],[174.2136,-36.5053],[174.2126,-36.5071],[174.2126,-36.5087],[174.2132,-36.5101],[174.2148,-36.512],[174.214,-36.5123],[174.2132,-36.5121]],[[174.2253,-36.526],[174.2245,-36.5262],[174.2235,-36.526],[174.2222,-36.5248],[174.2222,-36.524],[174.2241,-36.5224],[174.2264,-36.5224],[174.2269,-36.5228],[174.2279,-36.5248],[174.2277,-36.5255],[174.2253,-36.526]],[[174.2733,-36.5741],[174.2718,-36.574],[174.2712,-36.5734],[174.272,-36.5713],[174.2728,-36.5703],[174.2737,-36.5701],[174.2751,-36.5707],[174.2753,-36.5718],[174.2749,-36.5733],[174.2733,-36.5741]],[[174.2791,-36.5769],[174.2782,-36.5769],[174.2761,-36.576],[174.2759,-36.5755],[174.2771,-36.5737],[174.2781,-36.5731],[174.2794,-36.5735],[174.2796,-36.574],[174.2793,-36.575],[174.2797,-36.5762],[174.2791,-36.5769]],[[174.2694,-36.5797],[174.27,-36.5794],[174.2702,-36.5797],[174.2698,-36.58],[174.2694,-36.5797]],[[174.2716,-36.5826],[174.2715,-36.5817],[174.274,-36.5827],[174.2736,-36.5833],[174.2716,-36.5826]],[[174.2761,-36.5854],[174.2761,-36.5861],[174.2755,-36.5863],[174.2746,-36.5854],[174.2742,-36.5845],[174.2753,-36.5843],[174.2761,-36.5854]],[[174.2877,-36.5896],[174.2866,-36.5895],[174.2849,-36.5873],[174.285,-36.5865],[174.2876,-36.586],[174.2886,-36.5863],[174.289,-36.5874],[174.2889,-36.5883],[174.2882,-36.5893],[174.2877,-36.5896]],[[174.2782,-36.5874],[174.2793,-36.5883],[174.2794,-36.591],[174.2801,-36.5916],[174.2809,-36.5918],[174.2847,-36.595],[174.2853,-36.5962],[174.2872,-36.5977],[174.2874,-36.5984],[174.287,-36.5986],[174.2853,-36.5982],[174.2847,-36.5971],[174.2838,-36.5971],[174.283,-36.5965],[174.2832,-36.5958],[174.2822,-36.5948],[174.2798,-36.5943],[174.2796,-36.5928],[174.2771,-36.5909],[174.2756,-36.5891],[174.2754,-36.5879],[174.2758,-36.5876],[174.278,-36.5867],[174.2782,-36.5874]],[[174.2881,-36.5999],[174.2883,-36.6007],[174.2878,-36.6008],[174.2872,-36.6004],[174.2874,-36.5999],[174.2881,-36.5999]],[[174.2911,-36.6074],[174.2914,-36.6069],[174.2924,-36.6071],[174.292,-36.608],[174.2911,-36.6074]],[[174.2939,-36.6089],[174.2939,-36.6095],[174.2923,-36.6101],[174.2919,-36.6098],[174.2919,-36.6089],[174.2935,-36.6086],[174.2939,-36.6089]],[[174.2945,-36.611],[174.2953,-36.611],[174.2953,-36.6121],[174.2945,-36.6116],[174.2945,-36.611]],[[174.3001,-36.6127],[174.3005,-36.6134],[174.2998,-36.6136],[174.2996,-36.6131],[174.3001,-36.6127]],[[174.3013,-36.6152],[174.3015,-36.6146],[174.3022,-36.6154],[174.3021,-36.6157],[174.3013,-36.6152]],[[174.3012,-36.6175],[174.3014,-36.6185],[174.3008,-36.6187],[174.3003,-36.6179],[174.3012,-36.6175]],[[174.2999,-36.6209],[174.3005,-36.6205],[174.3011,-36.6205],[174.3018,-36.6211],[174.3016,-36.6217],[174.2999,-36.6209]],[[174.3052,-36.6228],[174.3059,-36.6228],[174.306,-36.6231],[174.3073,-36.6242],[174.3073,-36.6254],[174.3052,-36.6245],[174.3052,-36.6228]],[[174.3059,-36.6284],[174.3053,-36.6275],[174.3062,-36.6275],[174.3063,-36.6285],[174.3059,-36.6284]],[[174.3088,-36.627],[174.3098,-36.6273],[174.31,-36.6289],[174.3092,-36.6285],[174.3088,-36.627]],[[174.3182,-36.6369],[174.3186,-36.6384],[174.3178,-36.6387],[174.3172,-36.6368],[174.3161,-36.6359],[174.3153,-36.6347],[174.3153,-36.6341],[174.3159,-36.634],[174.3182,-36.6369]],[[174.3241,-36.6384],[174.325,-36.6375],[174.3269,-36.6364],[174.3283,-36.6362],[174.3289,-36.6365],[174.3288,-36.6373],[174.3271,-36.6394],[174.3256,-36.6396],[174.3244,-36.6389],[174.3241,-36.6384]],[[174.3194,-36.6413],[174.3205,-36.641],[174.3203,-36.6414],[174.3194,-36.6413]],[[174.3287,-36.6502],[174.3291,-36.6502],[174.33,-36.6512],[174.3303,-36.6519],[174.3299,-36.6521],[174.3287,-36.6502]],[[174.3318,-36.6536],[174.332,-36.6549],[174.3314,-36.6551],[174.3311,-36.6546],[174.331,-36.6536],[174.3318,-36.6536]],[[174.3335,-36.6577],[174.3337,-36.6571],[174.3341,-36.6571],[174.3339,-36.6579],[174.3335,-36.6577]],[[174.3366,-36.6612],[174.3362,-36.6601],[174.3368,-36.6603],[174.3381,-36.6617],[174.3383,-36.6626],[174.3378,-36.6625],[174.3366,-36.6612]],[[174.3408,-36.6652],[174.3408,-36.6649],[174.3413,-36.6647],[174.3414,-36.6656],[174.3408,-36.6652]],[[174.3466,-36.6738],[174.3472,-36.6747],[174.3468,-36.6748],[174.3458,-36.6737],[174.3467,-36.6733],[174.3466,-36.6738]],[[174.3618,-36.6801],[174.3574,-36.6813],[174.3567,-36.6811],[174.3563,-36.6802],[174.3564,-36.6797],[174.357,-36.6793],[174.3614,-36.6782],[174.3618,-36.6784],[174.3623,-36.6794],[174.3618,-36.6801]],[[174.3874,-36.6717],[174.3881,-36.6709],[174.389,-36.6704],[174.3932,-36.6693],[174.3952,-36.6684],[174.397,-36.669],[174.3973,-36.6696],[174.3971,-36.6711],[174.3979,-36.6714],[174.3987,-36.6714],[174.4011,-36.6704],[174.4016,-36.6696],[174.4005,-36.6676],[174.4005,-36.6663],[174.4014,-36.6656],[174.4031,-36.6653],[174.4095,-36.6608],[174.4122,-36.6601],[174.4135,-36.6606],[174.4141,-36.6611],[174.4145,-36.6624],[174.4143,-36.6633],[174.4132,-36.6645],[174.4102,-36.6656],[174.4097,-36.6664],[174.4101,-36.6668],[174.412,-36.6673],[174.4148,-36.6668],[174.4161,-36.6675],[174.4175,-36.6692],[174.4192,-36.6697],[174.4202,-36.6693],[174.4205,-36.6689],[174.4212,-36.6669],[174.4213,-36.6653],[174.4222,-36.6641],[174.4232,-36.6638],[174.4248,-36.6643],[174.4255,-36.665],[174.4251,-36.6667],[174.4232,-36.6697],[174.421,-36.671],[174.4184,-36.6715],[174.4104,-36.6709],[174.4073,-36.6716],[174.404,-36.6713],[174.4032,-36.6716],[174.4018,-36.673],[174.4005,-36.6736],[174.3986,-36.6753],[174.3967,-36.6758],[174.3941,-36.6755],[174.3931,-36.6758],[174.3852,-36.6794],[174.3848,-36.6798],[174.3852,-36.6809],[174.3849,-36.6814],[174.3801,-36.6833],[174.3789,-36.6851],[174.3777,-36.6858],[174.3779,-36.6865],[174.3732,-36.6854],[174.3732,-36.6841],[174.3764,-36.6818],[174.3767,-36.6813],[174.3767,-36.6804],[174.3753,-36.6791],[174.3746,-36.6789],[174.3708,-36.679],[174.3685,-36.6794],[174.3675,-36.6789],[174.3676,-36.678],[174.3702,-36.6759],[174.3704,-36.675],[174.3695,-36.6742],[174.368,-36.674],[174.3665,-36.6743],[174.366,-36.674],[174.3668,-36.6721],[174.3666,-36.6712],[174.3651,-36.6702],[174.3647,-36.6684],[174.3612,-36.6671],[174.3612,-36.666],[174.3622,-36.6635],[174.3606,-36.6635],[174.3654,-36.6604],[174.3675,-36.6597],[174.3687,-36.6596],[174.3709,-36.6605],[174.3713,-36.6611],[174.3716,-36.6623],[174.3729,-36.6637],[174.374,-36.6636],[174.3752,-36.6629],[174.3781,-36.6607],[174.3792,-36.6585],[174.3799,-36.6552],[174.381,-36.6546],[174.3826,-36.655],[174.3833,-36.6546],[174.3835,-36.6532],[174.3822,-36.6507],[174.3838,-36.6471],[174.3844,-36.6469],[174.3851,-36.6472],[174.3853,-36.6478],[174.385,-36.6506],[174.3864,-36.6523],[174.3869,-36.6542],[174.3873,-36.6543],[174.3879,-36.6535],[174.3883,-36.6522],[174.3893,-36.6511],[174.3902,-36.6491],[174.3927,-36.6461],[174.3927,-36.6457],[174.3919,-36.6447],[174.392,-36.6443],[174.394,-36.6419],[174.3946,-36.6418],[174.3961,-36.6424],[174.3985,-36.6442],[174.3998,-36.6457],[174.4002,-36.6474],[174.3997,-36.6485],[174.3989,-36.6492],[174.3944,-36.6511],[174.3935,-36.6523],[174.3927,-36.6549],[174.3935,-36.6553],[174.3956,-36.6539],[174.3994,-36.6528],[174.4008,-36.6531],[174.4019,-36.654],[174.4022,-36.6555],[174.4014,-36.6568],[174.4001,-36.6576],[174.3978,-36.6576],[174.3945,-36.6585],[174.392,-36.6583],[174.3897,-36.6589],[174.3894,-36.6594],[174.3898,-36.6598],[174.3933,-36.66],[174.3967,-36.6613],[174.3971,-36.6619],[174.3966,-36.6634],[174.3949,-36.6645],[174.3908,-36.6652],[174.3897,-36.665],[174.3884,-36.6639],[174.3874,-36.6636],[174.3834,-36.6634],[174.3813,-36.6638],[174.3812,-36.6644],[174.3816,-36.6646],[174.3845,-36.6645],[174.3866,-36.6653],[174.3868,-36.6656],[174.3864,-36.6665],[174.3869,-36.667],[174.3887,-36.6663],[174.3903,-36.6671],[174.3939,-36.6661],[174.3977,-36.6644],[174.3981,-36.6647],[174.3978,-36.6658],[174.3968,-36.6664],[174.3938,-36.6674],[174.3921,-36.6685],[174.3875,-36.6697],[174.3846,-36.6718],[174.3805,-36.6727],[174.38,-36.6735],[174.381,-36.6739],[174.3852,-36.6735],[174.3874,-36.6717]],[[174.4286,-36.6794],[174.4292,-36.6824],[174.4288,-36.6829],[174.4254,-36.6843],[174.4234,-36.6841],[174.4211,-36.6845],[174.4151,-36.6841],[174.4135,-36.6852],[174.4125,-36.6855],[174.409,-36.6855],[174.405,-36.6861],[174.3992,-36.6886],[174.3972,-36.689],[174.3968,-36.6895],[174.3969,-36.6904],[174.3954,-36.6923],[174.3956,-36.6927],[174.3963,-36.6927],[174.3976,-36.692],[174.3997,-36.6905],[174.4005,-36.6906],[174.4006,-36.6918],[174.4001,-36.6928],[174.3946,-36.6964],[174.3937,-36.6967],[174.3889,-36.697],[174.3885,-36.6955],[174.3891,-36.6922],[174.3883,-36.691],[174.3871,-36.6905],[174.3806,-36.6893],[174.382,-36.6874],[174.3815,-36.6868],[174.3811,-36.6853],[174.3816,-36.6842],[174.3861,-36.6823],[174.3892,-36.6791],[174.3902,-36.6786],[174.3924,-36.6783],[174.3966,-36.6785],[174.3982,-36.6782],[174.4026,-36.6765],[174.405,-36.6764],[174.4055,-36.6767],[174.4056,-36.6772],[174.4049,-36.6781],[174.4022,-36.6802],[174.4019,-36.6809],[174.4036,-36.6819],[174.4036,-36.6833],[174.4044,-36.6838],[174.4095,-36.6823],[174.4106,-36.6815],[174.4124,-36.6792],[174.4139,-36.6785],[174.4173,-36.6786],[174.4182,-36.6789],[174.419,-36.6802],[174.4206,-36.6809],[174.4237,-36.6809],[174.4246,-36.6807],[174.426,-36.6799],[174.4262,-36.6791],[174.4261,-36.6767],[174.4263,-36.6761],[174.4271,-36.6755],[174.4284,-36.6757],[174.429,-36.6763],[174.4291,-36.677],[174.4286,-36.6794]],[[174.4054,-36.6901],[174.4093,-36.6884],[174.4105,-36.6883],[174.4114,-36.6889],[174.4109,-36.6911],[174.4119,-36.6917],[174.414,-36.6912],[174.416,-36.6899],[174.4189,-36.6892],[174.4222,-36.6899],[174.4227,-36.6906],[174.4224,-36.6912],[174.4205,-36.6927],[174.4165,-36.6926],[174.4149,-36.6932],[174.4136,-36.6962],[174.4112,-36.6992],[174.4019,-36.7044],[174.3986,-36.7051],[174.3956,-36.705],[174.3944,-36.7046],[174.3932,-36.7018],[174.3897,-36.6985],[174.393,-36.6988],[174.3935,-36.6999],[174.3944,-36.7],[174.3972,-36.6966],[174.4013,-36.6937],[174.4022,-36.6929],[174.4031,-36.6914],[174.4054,-36.6901]],[[174.3757,-36.7072],[174.3747,-36.7071],[174.3746,-36.7066],[174.3757,-36.7059],[174.3763,-36.7052],[174.3759,-36.7037],[174.3762,-36.7027],[174.3769,-36.702],[174.3778,-36.7019],[174.3795,-36.7038],[174.3794,-36.7053],[174.3783,-36.7066],[174.3757,-36.7072]],[[174.4062,-36.7043],[174.4064,-36.7047],[174.4063,-36.7065],[174.406,-36.7074],[174.4051,-36.7084],[174.4045,-36.7078],[174.4013,-36.7076],[174.3991,-36.7068],[174.4053,-36.7042],[174.4062,-36.7043]],[[174.3881,-36.7159],[174.3871,-36.7161],[174.3866,-36.7149],[174.3868,-36.714],[174.3876,-36.7128],[174.3885,-36.7123],[174.3892,-36.7126],[174.39,-36.7135],[174.3894,-36.7149],[174.3881,-36.7159]],[[174.3906,-36.7163],[174.3937,-36.7185],[174.3936,-36.7191],[174.3921,-36.7192],[174.39,-36.7187],[174.3895,-36.7182],[174.3892,-36.7176],[174.3894,-36.7166],[174.3906,-36.7163]],[[174.408,-36.7066],[174.4088,-36.7031],[174.4109,-36.7022],[174.4125,-36.7007],[174.4178,-36.6977],[174.4188,-36.6972],[174.4223,-36.6967],[174.4236,-36.6959],[174.4254,-36.6942],[174.4274,-36.6937],[174.4292,-36.6937],[174.4307,-36.6951],[174.4308,-36.6954],[174.4299,-36.6962],[174.4291,-36.6983],[174.4274,-36.6988],[174.4231,-36.6993],[174.4195,-36.7002],[174.418,-36.7008],[174.4175,-36.7016],[174.4176,-36.7019],[174.418,-36.7021],[174.4203,-36.7015],[174.4217,-36.7017],[174.4243,-36.7004],[174.4248,-36.7004],[174.4266,-36.7015],[174.4286,-36.7016],[174.4306,-36.7008],[174.4324,-36.6994],[174.4343,-36.7],[174.4353,-36.7015],[174.4352,-36.7022],[174.4341,-36.703],[174.4276,-36.7048],[174.4171,-36.709],[174.4168,-36.71],[174.4176,-36.7113],[174.4176,-36.7118],[174.4165,-36.7139],[174.4168,-36.7148],[174.4167,-36.7162],[174.4176,-36.7181],[174.4161,-36.7199],[174.4123,-36.7214],[174.4079,-36.7212],[174.4056,-36.7179],[174.4059,-36.7141],[174.405,-36.7121],[174.4046,-36.7101],[174.405,-36.709],[174.4056,-36.709],[174.4066,-36.7082],[174.408,-36.7066]],[[174.3929,-36.7215],[174.3936,-36.7217],[174.3938,-36.7222],[174.3923,-36.7256],[174.3902,-36.7254],[174.3891,-36.7249],[174.3889,-36.724],[174.3894,-36.7219],[174.3929,-36.7215]],[[174.3977,-36.7368],[174.3972,-36.7367],[174.3947,-36.7331],[174.3913,-36.7294],[174.3916,-36.7279],[174.3934,-36.7276],[174.3947,-36.7281],[174.3952,-36.7301],[174.3965,-36.7314],[174.3971,-36.7318],[174.3987,-36.7318],[174.3992,-36.7321],[174.3995,-36.7326],[174.3994,-36.7357],[174.3989,-36.7364],[174.3977,-36.7368]],[[174.4084,-36.7389],[174.4078,-36.7394],[174.4054,-36.74],[174.4047,-36.7398],[174.4042,-36.7391],[174.4045,-36.7381],[174.4066,-36.7368],[174.4079,-36.7365],[174.409,-36.7371],[174.4092,-36.7376],[174.4084,-36.7389]],[[174.4071,-36.7421],[174.4078,-36.7447],[174.4062,-36.746],[174.4056,-36.7461],[174.4049,-36.7446],[174.4042,-36.7438],[174.4041,-36.7433],[174.4071,-36.7421]],[[174.4247,-36.7398],[174.4247,-36.7392],[174.4233,-36.7382],[174.4198,-36.7375],[174.4198,-36.7367],[174.4204,-36.7354],[174.4203,-36.7342],[174.419,-36.7327],[174.4163,-36.7307],[174.4159,-36.7299],[174.4166,-36.7268],[174.416,-36.7258],[174.4142,-36.725],[174.4139,-36.7243],[174.4142,-36.7232],[174.4154,-36.7216],[174.4181,-36.7211],[174.4198,-36.72],[174.4202,-36.7184],[174.4198,-36.7165],[174.42,-36.715],[174.4193,-36.7127],[174.4212,-36.7099],[174.4227,-36.709],[174.426,-36.7088],[174.4309,-36.7071],[174.4319,-36.7071],[174.4335,-36.7077],[174.4334,-36.7092],[174.4341,-36.7102],[174.4342,-36.7109],[174.4332,-36.7121],[174.4304,-36.7134],[174.43,-36.7142],[174.4327,-36.7158],[174.434,-36.7178],[174.4341,-36.719],[174.4332,-36.721],[174.435,-36.721],[174.4363,-36.7202],[174.4365,-36.7194],[174.4359,-36.7152],[174.4364,-36.7139],[174.4369,-36.7136],[174.4382,-36.7138],[174.44,-36.715],[174.4415,-36.7145],[174.4422,-36.7146],[174.444,-36.7165],[174.4442,-36.717],[174.4438,-36.7183],[174.4478,-36.7216],[174.448,-36.724],[174.4483,-36.7248],[174.4478,-36.7257],[174.4472,-36.7261],[174.444,-36.7274],[174.4419,-36.728],[174.4409,-36.7276],[174.4408,-36.7268],[174.44,-36.7257],[174.4371,-36.7243],[174.4342,-36.7235],[174.4326,-36.7238],[174.4303,-36.7254],[174.4272,-36.7256],[174.4257,-36.7263],[174.4256,-36.7268],[174.4259,-36.7269],[174.4304,-36.7264],[174.434,-36.7266],[174.436,-36.7273],[174.4368,-36.7283],[174.4364,-36.7294],[174.4336,-36.7304],[174.4327,-36.7312],[174.433,-36.7315],[174.4413,-36.7309],[174.442,-36.731],[174.4427,-36.7318],[174.4422,-36.7324],[174.4409,-36.7326],[174.4399,-36.7339],[174.4383,-36.7346],[174.4355,-36.7368],[174.435,-36.7374],[174.4352,-36.7388],[174.4348,-36.7391],[174.433,-36.7394],[174.4304,-36.7391],[174.4294,-36.7396],[174.429,-36.7403],[174.4316,-36.7407],[174.4353,-36.7404],[174.4361,-36.7401],[174.4375,-36.7373],[174.4396,-36.7359],[174.4408,-36.736],[174.4413,-36.7369],[174.4418,-36.737],[174.4429,-36.7366],[174.4442,-36.7355],[174.4451,-36.7354],[174.4463,-36.7358],[174.4465,-36.7366],[174.445,-36.7373],[174.4428,-36.7392],[174.4375,-36.7458],[174.4333,-36.7469],[174.4332,-36.7472],[174.4348,-36.7481],[174.435,-36.7486],[174.4342,-36.7498],[174.4279,-36.7522],[174.4272,-36.7511],[174.4271,-36.7501],[174.4259,-36.7498],[174.4268,-36.7486],[174.4264,-36.746],[174.4269,-36.7444],[174.4268,-36.7435],[174.4262,-36.7428],[174.4245,-36.7417],[174.4247,-36.7398]],[[174.4337,-36.7541],[174.4347,-36.7533],[174.4348,-36.7524],[174.4396,-36.7506],[174.4414,-36.7504],[174.442,-36.7507],[174.4422,-36.7513],[174.4414,-36.7524],[174.4416,-36.7528],[174.4424,-36.753],[174.4455,-36.7522],[174.4471,-36.7524],[174.448,-36.753],[174.4483,-36.754],[174.45,-36.7549],[174.4503,-36.756],[174.4496,-36.7574],[174.4459,-36.7601],[174.4457,-36.7628],[174.4446,-36.7644],[174.4396,-36.7659],[174.4386,-36.7664],[174.4385,-36.7668],[174.4374,-36.7664],[174.4366,-36.7649],[174.4358,-36.7626],[174.4354,-36.7622],[174.4325,-36.7614],[174.4315,-36.7597],[174.431,-36.7576],[174.4311,-36.7567],[174.4315,-36.7558],[174.4337,-36.7541]],[[174.4274,-36.7681],[174.4263,-36.7677],[174.4266,-36.7666],[174.4264,-36.7658],[174.4288,-36.7639],[174.43,-36.7639],[174.4306,-36.7648],[174.4305,-36.7654],[174.4274,-36.7681]],[[174.4204,-36.764],[174.421,-36.7652],[174.4225,-36.766],[174.4232,-36.7673],[174.4257,-36.7682],[174.426,-36.7692],[174.4255,-36.7704],[174.4249,-36.7707],[174.4235,-36.7702],[174.4219,-36.7682],[174.4197,-36.7665],[174.4178,-36.7654],[174.4159,-36.7648],[174.4165,-36.7646],[174.4168,-36.7639],[174.418,-36.7635],[174.4188,-36.7634],[174.4204,-36.764]],[[174.564,-36.7851],[174.5673,-36.785],[174.5678,-36.7873],[174.5663,-36.7932],[174.5651,-36.795],[174.5638,-36.7955],[174.5629,-36.7952],[174.5627,-36.7945],[174.5632,-36.791],[174.5624,-36.786],[174.5632,-36.7849],[174.564,-36.7851]]]}},{"type":"Feature","properties":{},"geometry":{"type":"Polygon","coordinates":[[[174.4093,-36.6306],[174.4066,-36.6307],[174.4072,-36.6318],[174.4097,-36.6328],[174.4113,-36.6326],[174.4124,-36.6319],[174.4123,-36.6314],[174.4093,-36.6306]]]}},{"type":"Feature","properties":{},"geometry":{"type":"Polygon","coordinates":[[[174.3392,-36.606],[174.3391,-36.605],[174.3364,-36.6059],[174.3336,-36.6063],[174.3313,-36.6076],[174.3298,-36.6078],[174.329,-36.6076],[174.3268,-36.6057],[174.3252,-36.605],[174.3224,-36.6053],[174.3219,-36.6057],[174.3222,-36.6062],[174.3252,-36.6068],[174.3279,-36.6086],[174.3301,-36.6093],[174.3329,-36.6081],[174.3367,-36.6079],[174.3392,-36.606]]]}},{"type":"Feature","properties":{},"geometry":{"type":"Polygon","coordinates":[[[174.5765,-37.0683],[174.5767,-37.0699],[174.5769,-37.0702],[174.5776,-37.0703],[174.578,-37.07],[174.5779,-37.0684],[174.5784,-37.0674],[174.5779,-37.0649],[174.5783,-37.0642],[174.5802,-37.0628],[174.5802,-37.0607],[174.5805,-37.0601],[174.581,-37.0599],[174.5816,-37.06],[174.584,-37.0627],[174.5845,-37.0628],[174.5847,-37.0625],[174.5833,-37.0605],[174.5825,-37.0583],[174.5831,-37.0576],[174.5844,-37.0575],[174.5847,-37.0571],[174.5819,-37.0548],[174.5817,-37.0543],[174.5819,-37.0539],[174.5836,-37.0539],[174.584,-37.0522],[174.5846,-37.052],[174.5892,-37.0516],[174.5903,-37.0511],[174.5904,-37.0505],[174.5893,-37.05],[174.5858,-37.0497],[174.5847,-37.0493],[174.5843,-37.0481],[174.5866,-37.0468],[174.5858,-37.0464],[174.5833,-37.0466],[174.5824,-37.0463],[174.5803,-37.0474],[174.5817,-37.0488],[174.5818,-37.0496],[174.5813,-37.0514],[174.5796,-37.0531],[174.5741,-37.0542],[174.572,-37.0554],[174.5705,-37.0558],[174.5637,-37.0563],[174.5629,-37.057],[174.5617,-37.0565],[174.5615,-37.0577],[174.5604,-37.0587],[174.5588,-37.0595],[174.5566,-37.0594],[174.5561,-37.0598],[174.5572,-37.0609],[174.5586,-37.0611],[174.5623,-37.0588],[174.5661,-37.0575],[174.5665,-37.0578],[174.5653,-37.0599],[174.566,-37.0603],[174.5685,-37.058],[174.5702,-37.0583],[174.5772,-37.0547],[174.5793,-37.0546],[174.5804,-37.0553],[174.5809,-37.056],[174.5806,-37.0571],[174.5793,-37.0579],[174.5789,-37.0591],[174.5778,-37.0601],[174.577,-37.0622],[174.5753,-37.0641],[174.5748,-37.0653],[174.5726,-37.0658],[174.5723,-37.0664],[174.5702,-37.0664],[174.5689,-37.0668],[174.569,-37.0671],[174.5709,-37.0673],[174.5714,-37.0677],[174.5711,-37.0698],[174.5705,-37.0709],[174.5709,-37.0713],[174.5724,-37.0701],[174.5727,-37.0692],[174.5737,-37.0678],[174.5759,-37.0662],[174.5766,-37.0662],[174.5765,-37.0683]]]}},{"type":"Feature","properties":{},"geometry":{"type":"Polygon","coordinates":[[[174.8067,-36.9834],[174.8066,-36.9845],[174.8074,-36.9854],[174.8095,-36.986],[174.8108,-36.9858],[174.812,-36.9852],[174.8128,-36.9843],[174.8131,-36.9829],[174.8129,-36.9811],[174.8124,-36.9805],[174.8116,-36.9801],[174.8094,-36.9799],[174.8085,-36.9801],[174.8075,-36.9813],[174.8067,-36.9834]]]}},{"type":"Feature","properties":{},"geometry":{"type":"Polygon","coordinates":[[[174.7802,-36.8266],[174.7816,-36.827],[174.7815,-36.8278],[174.783,-36.8284],[174.7846,-36.8298],[174.7842,-36.8306],[174.7863,-36.8314],[174.7874,-36.8307],[174.7907,-36.8307],[174.7927,-36.8311],[174.7942,-36.832],[174.7974,-36.8327],[174.7986,-36.8316],[174.7968,-36.8306],[174.7968,-36.8303],[174.796,-36.8301],[174.7849,-36.829],[174.7819,-36.8269],[174.7817,-36.8262],[174.7823,-36.8249],[174.7828,-36.8245],[174.7848,-36.8241],[174.7853,-36.8236],[174.7859,-36.8224],[174.785,-36.8214],[174.7844,-36.8214],[174.7805,-36.8235],[174.7802,-36.8239],[174.7802,-36.8255],[174.7798,-36.8251],[174.7802,-36.8257],[174.7802,-36.8266]]]}},{"type":"Feature","properties":{},"geometry":{"type":"Polygon","coordinates":[[[174.4303,-36.4445],[174.4306,-36.4443],[174.4309,-36.4482],[174.4298,-36.4488],[174.4266,-36.4489],[174.4234,-36.4467],[174.4223,-36.4468],[174.4206,-36.4479],[174.4199,-36.4479],[174.4189,-36.4455],[174.4183,-36.4448],[174.4176,-36.4446],[174.4163,-36.4447],[174.4139,-36.4465],[174.4113,-36.4492],[174.4106,-36.4508],[174.4098,-36.4539],[174.4102,-36.4547],[174.4124,-36.4555],[174.4126,-36.4575],[174.4114,-36.4608],[174.4113,-36.4623],[174.4118,-36.4628],[174.4159,-36.4627],[174.4174,-36.4634],[174.4195,-36.4634],[174.421,-36.4644],[174.422,-36.4661],[174.4222,-36.4676],[174.4226,-36.4682],[174.4228,-36.471],[174.4225,-36.4725],[174.4216,-36.4748],[174.4195,-36.4762],[174.4226,-36.4771],[174.4254,-36.4772],[174.4259,-36.4768],[174.426,-36.476],[174.4265,-36.4752],[174.4275,-36.4743],[174.4296,-36.4735],[174.4324,-36.4731],[174.4324,-36.4724],[174.4319,-36.4715],[174.4325,-36.4697],[174.4324,-36.4693],[174.4311,-36.468],[174.4279,-36.4664],[174.4273,-36.4652],[174.429,-36.4611],[174.43,-36.4596],[174.4323,-36.4585],[174.4349,-36.4555],[174.4335,-36.4536],[174.4328,-36.4518],[174.432,-36.4473],[174.4324,-36.4455],[174.4319,-36.444],[174.4315,-36.4381],[174.4307,-36.4371],[174.4304,-36.4378],[174.422,-36.4414],[174.4203,-36.4427],[174.4203,-36.4434],[174.4208,-36.4457],[174.4211,-36.4461],[174.4223,-36.4462],[174.4232,-36.4456],[174.4248,-36.4451],[174.4265,-36.4459],[174.4278,-36.446],[174.4303,-36.4445]]]}},{"type":"Feature","properties":{},"geometry":{"type":"Polygon","coordinates":[[[174.813,-36.8613],[174.8138,-36.8618],[174.8149,-36.862],[174.8155,-36.8627],[174.8184,-36.8635],[174.8204,-36.8645],[174.8188,-36.862],[174.8173,-36.8608],[174.8146,-36.8605],[174.813,-36.8613]]]}},{"type":"Feature","properties":{},"geometry":{"type":"Polygon","coordinates":[[[175.1062,-36.9478],[175.0998,-36.9471],[175.0987,-36.9476],[175.0984,-36.9488],[175.0978,-36.9468],[175.099,-36.9461],[175.0992,-36.9453],[175.099,-36.9454],[175.0973,-36.9439],[175.0961,-36.9466],[175.0947,-36.9478],[175.0916,-36.9492],[175.0905,-36.9505],[175.0895,-36.951],[175.0869,-36.9517],[175.0848,-36.9535],[175.082,-36.9546],[175.0825,-36.9554],[175.0802,-36.9562],[175.08,-36.9567],[175.0807,-36.9577],[175.0805,-36.958],[175.082,-36.9579],[175.0825,-36.9569],[175.0836,-36.9563],[175.0847,-36.9563],[175.0848,-36.9578],[175.0863,-36.9584],[175.0862,-36.9605],[175.0879,-36.9612],[175.0875,-36.9626],[175.0885,-36.9631],[175.0887,-36.9639],[175.0882,-36.964],[175.087,-36.9635],[175.0856,-36.9617],[175.0851,-36.9617],[175.0849,-36.9628],[175.0855,-36.9637],[175.0856,-36.9647],[175.0839,-36.9661],[175.0833,-36.9659],[175.0842,-36.9644],[175.0844,-36.9632],[175.0832,-36.9625],[175.0832,-36.9616],[175.0845,-36.9599],[175.0844,-36.9587],[175.0837,-36.9581],[175.0827,-36.9584],[175.0818,-36.9594],[175.0796,-36.96],[175.0795,-36.9612],[175.0776,-36.9634],[175.0767,-36.9622],[175.0778,-36.9617],[175.0781,-36.9606],[175.077,-36.9596],[175.0779,-36.9591],[175.0792,-36.9594],[175.0796,-36.9591],[175.0795,-36.9583],[175.0767,-36.9567],[175.0756,-36.9555],[175.0737,-36.9582],[175.0717,-36.9584],[175.0698,-36.9593],[175.0699,-36.9614],[175.0688,-36.9623],[175.0671,-36.9625],[175.0652,-36.961],[175.063,-36.9611],[175.0615,-36.9619],[175.0613,-36.9623],[175.0627,-36.9633],[175.0629,-36.9642],[175.0621,-36.965],[175.0612,-36.965],[175.0615,-36.9637],[175.0604,-36.9628],[175.0605,-36.9617],[175.0613,-36.9611],[175.0644,-36.96],[175.0674,-36.9601],[175.0698,-36.9575],[175.0709,-36.957],[175.0728,-36.957],[175.0742,-36.9552],[175.0741,-36.9517],[175.0748,-36.9516],[175.0753,-36.9498],[175.0779,-36.9482],[175.0772,-36.948],[175.0778,-36.9476],[175.0775,-36.9473],[175.0789,-36.946],[175.0793,-36.9466],[175.0799,-36.9469],[175.0803,-36.9469],[175.0806,-36.9461],[175.081,-36.9464],[175.0809,-36.9468],[175.0816,-36.9466],[175.0823,-36.944],[175.0815,-36.9407],[175.0806,-36.9396],[175.0784,-36.9389],[175.0781,-36.9383],[175.0783,-36.9377],[175.0793,-36.9373],[175.0795,-36.9379],[175.0798,-36.9376],[175.0856,-36.9372],[175.0862,-36.9369],[175.0861,-36.9358],[175.0852,-36.9354],[175.0833,-36.9331],[175.0839,-36.9315],[175.0829,-36.929],[175.0835,-36.9281],[175.0812,-36.9285],[175.0793,-36.9302],[175.078,-36.9298],[175.0771,-36.9287],[175.0772,-36.9274],[175.0782,-36.9256],[175.0785,-36.9233],[175.0783,-36.9224],[175.0765,-36.9204],[175.0768,-36.9199],[175.0762,-36.9185],[175.0769,-36.9145],[175.0781,-36.9132],[175.0793,-36.9126],[175.0794,-36.912],[175.0805,-36.911],[175.0836,-36.9103],[175.0835,-36.9096],[175.0825,-36.9086],[175.0812,-36.9085],[175.0799,-36.9092],[175.0773,-36.9118],[175.0756,-36.912],[175.0741,-36.9114],[175.0733,-36.9107],[175.073,-36.9095],[175.0742,-36.9066],[175.0742,-36.9054],[175.0735,-36.9055],[175.0722,-36.9052],[175.0685,-36.9038],[175.0659,-36.9024],[175.0639,-36.9006],[175.0637,-36.9019],[175.0626,-36.9039],[175.0611,-36.9053],[175.0604,-36.9069],[175.0583,-36.9094],[175.0586,-36.91],[175.0616,-36.9108],[175.0635,-36.9117],[175.0661,-36.9148],[175.0664,-36.9157],[175.0659,-36.9169],[175.0646,-36.9178],[175.0622,-36.9205],[175.0639,-36.9207],[175.0649,-36.9211],[175.0656,-36.9223],[175.0661,-36.9242],[175.0672,-36.9252],[175.0673,-36.9267],[175.0664,-36.927],[175.0651,-36.9256],[175.0623,-36.9244],[175.0608,-36.9246],[175.0605,-36.9257],[175.0609,-36.9266],[175.0618,-36.9277],[175.0636,-36.9279],[175.0649,-36.9286],[175.0659,-36.9319],[175.0637,-36.9374],[175.0642,-36.9395],[175.0639,-36.9413],[175.065,-36.9427],[175.0651,-36.9443],[175.0639,-36.9479],[175.0623,-36.951],[175.0634,-36.9535],[175.0631,-36.9544],[175.0623,-36.9555],[175.0604,-36.9564],[175.0597,-36.9571],[175.0598,-36.959],[175.0574,-36.9612],[175.0578,-36.9634],[175.0573,-36.9646],[175.0559,-36.9654],[175.0534,-36.9656],[175.0521,-36.9661],[175.0499,-36.9684],[175.0486,-36.9679],[175.0486,-36.9686],[175.0469,-36.9716],[175.0449,-36.9724],[175.0444,-36.973],[175.0437,-36.9754],[175.0403,-36.9815],[175.0359,-36.986],[175.0343,-36.9871],[175.0335,-36.9871],[175.0322,-36.9868],[175.0313,-36.9858],[175.0301,-36.9873],[175.0249,-36.9913],[175.0245,-36.9918],[175.024,-36.9946],[175.0213,-36.9979],[175.021,-36.9993],[175.0194,-37.0015],[175.0185,-37.0022],[175.0171,-37.0024],[175.0153,-37.0031],[175.0145,-37.0015],[175.0138,-37.0013],[175.0122,-37.0022],[175.0094,-37.0047],[175.0067,-37.0044],[175.0064,-37.0047],[175.0068,-37.007],[175.0102,-37.0066],[175.0107,-37.0072],[175.0105,-37.0093],[175.0088,-37.0114],[175.0071,-37.0123],[175.0064,-37.012],[175.0055,-37.0102],[175.0046,-37.0096],[175.0041,-37.0096],[175.0023,-37.0108],[174.9996,-37.0117],[174.9973,-37.0135],[174.9954,-37.0142],[174.994,-37.0155],[174.9887,-37.0177],[174.9837,-37.016],[174.9812,-37.0158],[174.9755,-37.0179],[174.9691,-37.0179],[174.9659,-37.0176],[174.9628,-37.0163],[174.9581,-37.0164],[174.9565,-37.0171],[174.9559,-37.0184],[174.956,-37.0192],[174.9565,-37.0197],[174.9573,-37.0199],[174.9601,-37.0196],[174.9608,-37.0197],[174.9609,-37.0204],[174.9566,-37.0225],[174.9544,-37.0218],[174.9514,-37.0229],[174.9507,-37.0217],[174.9535,-37.0167],[174.9535,-37.0156],[174.953,-37.0143],[174.9531,-37.0131],[174.9542,-37.0118],[174.9564,-37.0104],[174.9579,-37.0098],[174.9595,-37.0102],[174.9605,-37.01],[174.9628,-37.0085],[174.9647,-37.0087],[174.965,-37.0093],[174.9633,-37.0104],[174.963,-37.011],[174.9631,-37.0118],[174.9642,-37.0137],[174.966,-37.0139],[174.9685,-37.0127],[174.9679,-37.0111],[174.9684,-37.0099],[174.9709,-37.0093],[174.9727,-37.0095],[174.9748,-37.0093],[174.9772,-37.0082],[174.9793,-37.0062],[174.9786,-37.0046],[174.9778,-37.004],[174.9772,-37.0041],[174.9709,-37.007],[174.9697,-37.0072],[174.9693,-37.0069],[174.9684,-37.0051],[174.9683,-37.0036],[174.9694,-37.0026],[174.9711,-37.0021],[174.9692,-36.9988],[174.9669,-36.9974],[174.9657,-36.9972],[174.9638,-36.9981],[174.9629,-36.9999],[174.9619,-37.0012],[174.961,-37.0038],[174.9565,-37.0046],[174.9564,-37.0063],[174.954,-37.0087],[174.9534,-37.0105],[174.9528,-37.0111],[174.9509,-37.0112],[174.9498,-37.0162],[174.9499,-37.0173],[174.9504,-37.0186],[174.9483,-37.0221],[174.947,-37.0223],[174.9459,-37.0214],[174.9444,-37.0214],[174.9421,-37.0206],[174.9372,-37.0199],[174.9358,-37.0199],[174.9329,-37.0209],[174.9284,-37.0217],[174.9266,-37.0218],[174.9253,-37.0213],[174.9243,-37.0201],[174.9215,-37.0197],[174.9194,-37.0184],[174.9193,-37.0191],[174.9186,-37.0196],[174.9185,-37.02],[174.9195,-37.0216],[174.9225,-37.0223],[174.9236,-37.0235],[174.9266,-37.0241],[174.928,-37.0241],[174.9289,-37.0248],[174.9277,-37.0272],[174.9267,-37.0278],[174.9249,-37.0267],[174.9233,-37.026],[174.9202,-37.0255],[174.9194,-37.0258],[174.9188,-37.0264],[174.9189,-37.0267],[174.9207,-37.0289],[174.9207,-37.0299],[174.9197,-37.0319],[174.9162,-37.0343],[174.9159,-37.0349],[174.916,-37.0357],[174.9167,-37.0366],[174.9195,-37.0377],[174.9224,-37.0414],[174.9233,-37.0442],[174.9234,-37.0477],[174.9245,-37.0488],[174.9274,-37.0489],[174.9298,-37.0498],[174.9306,-37.0496],[174.9315,-37.0486],[174.9324,-37.0487],[174.9341,-37.05],[174.9367,-37.0511],[174.9397,-37.0541],[174.9417,-37.0548],[174.9424,-37.0547],[174.943,-37.0542],[174.9425,-37.0521],[174.9435,-37.0509],[174.9457,-37.0505],[174.9484,-37.0509],[174.9497,-37.0524],[174.9499,-37.0536],[174.9495,-37.0553],[174.9508,-37.0574],[174.9517,-37.0581],[174.9549,-37.0587],[174.9564,-37.0598],[174.9582,-37.0621],[174.9595,-37.0651],[174.9615,-37.0669],[174.9636,-37.0704],[174.9635,-37.0715],[174.9626,-37.0725],[174.9645,-37.0736],[174.9647,-37.0727],[174.9659,-37.0716],[174.966,-37.0707],[174.9639,-37.0673],[174.9641,-37.0631],[174.9637,-37.0611],[174.9633,-37.0596],[174.9618,-37.057],[174.9617,-37.0556],[174.9633,-37.0535],[174.9643,-37.0537],[174.9671,-37.0559],[174.9681,-37.0564],[174.9692,-37.0562],[174.9693,-37.0546],[174.9699,-37.0543],[174.9719,-37.0546],[174.9722,-37.0543],[174.9716,-37.0537],[174.9699,-37.0533],[174.9685,-37.0526],[174.968,-37.0509],[174.9704,-37.0505],[174.967,-37.0493],[174.9666,-37.0488],[174.9664,-37.0462],[174.9674,-37.0459],[174.9683,-37.0463],[174.9695,-37.0459],[174.9725,-37.0461],[174.9738,-37.0454],[174.9747,-37.0434],[174.9761,-37.0434],[174.9772,-37.0441],[174.9773,-37.0457],[174.979,-37.0468],[174.979,-37.0478],[174.9793,-37.0481],[174.9798,-37.0474],[174.9798,-37.0451],[174.9803,-37.0439],[174.9818,-37.0435],[174.9837,-37.0443],[174.9845,-37.0443],[174.9848,-37.044],[174.9846,-37.0421],[174.9849,-37.0415],[174.9862,-37.041],[174.9879,-37.0412],[174.9882,-37.0424],[174.9895,-37.0432],[174.9916,-37.0428],[174.9943,-37.0441],[174.9947,-37.0435],[174.9942,-37.0408],[174.9944,-37.0401],[174.9985,-37.0358],[175.0012,-37.0335],[175.0051,-37.0328],[175.0068,-37.0318],[175.0086,-37.0323],[175.0098,-37.032],[175.0106,-37.0317],[175.0132,-37.0298],[175.0138,-37.0299],[175.0145,-37.0315],[175.0152,-37.0316],[175.0192,-37.0288],[175.0205,-37.0287],[175.0223,-37.0278],[175.0235,-37.0266],[175.0247,-37.0239],[175.026,-37.0231],[175.0283,-37.0236],[175.029,-37.0245],[175.0285,-37.0279],[175.0271,-37.0302],[175.0254,-37.0316],[175.0248,-37.0327],[175.0256,-37.0333],[175.0263,-37.0333],[175.0291,-37.031],[175.0311,-37.0286],[175.0317,-37.027],[175.0319,-37.0251],[175.0325,-37.024],[175.0366,-37.023],[175.0388,-37.0217],[175.0391,-37.0196],[175.0379,-37.0179],[175.0388,-37.017],[175.0394,-37.0169],[175.0473,-37.0202],[175.0489,-37.0216],[175.0529,-37.0236],[175.0536,-37.0247],[175.054,-37.026],[175.0535,-37.029],[175.0557,-37.0305],[175.0566,-37.033],[175.0579,-37.0348],[175.0592,-37.0349],[175.0596,-37.034],[175.0594,-37.0334],[175.0576,-37.0308],[175.0579,-37.0293],[175.0565,-37.028],[175.0565,-37.0275],[175.0571,-37.0269],[175.0576,-37.0269],[175.0604,-37.0278],[175.0619,-37.0279],[175.0625,-37.0274],[175.0623,-37.0266],[175.0604,-37.0261],[175.0592,-37.025],[175.057,-37.0245],[175.0564,-37.0236],[175.0547,-37.0227],[175.052,-37.0204],[175.0497,-37.0203],[175.049,-37.02],[175.0483,-37.0189],[175.0471,-37.018],[175.0449,-37.0168],[175.0416,-37.0145],[175.0386,-37.0132],[175.0372,-37.0122],[175.0367,-37.0112],[175.0369,-37.0091],[175.0367,-37.0077],[175.0337,-37.0034],[175.0311,-37.0011],[175.0309,-37.0005],[175.031,-36.9988],[175.0319,-36.9979],[175.0334,-36.998],[175.0349,-36.9988],[175.0357,-36.9983],[175.035,-36.9938],[175.0364,-36.9915],[175.0363,-36.9882],[175.0379,-36.9861],[175.0395,-36.9846],[175.0407,-36.9843],[175.0415,-36.9844],[175.0421,-36.9849],[175.0422,-36.9868],[175.0419,-36.9874],[175.0396,-36.9888],[175.0386,-36.9901],[175.0388,-36.9916],[175.0394,-36.9927],[175.039,-36.9942],[175.0397,-36.995],[175.0398,-36.9966],[175.0419,-36.9993],[175.0425,-36.9993],[175.0434,-36.9979],[175.0451,-36.9978],[175.0453,-36.9984],[175.0452,-37.0014],[175.046,-37.0037],[175.0456,-37.0058],[175.0472,-37.0081],[175.048,-37.0097],[175.0476,-37.0121],[175.0479,-37.0138],[175.0487,-37.0149],[175.0498,-37.0157],[175.0526,-37.0164],[175.055,-37.0182],[175.0602,-37.0176],[175.0634,-37.0182],[175.0648,-37.0199],[175.0653,-37.0222],[175.0664,-37.0237],[175.0685,-37.0251],[175.072,-37.0254],[175.075,-37.0293],[175.0759,-37.0296],[175.0761,-37.0291],[175.076,-37.0273],[175.0742,-37.0243],[175.0728,-37.0233],[175.0694,-37.0222],[175.069,-37.0218],[175.0688,-37.0196],[175.0698,-37.0191],[175.0716,-37.0191],[175.0726,-37.0181],[175.0727,-37.0173],[175.0721,-37.0152],[175.0707,-37.0122],[175.0675,-37.0072],[175.0659,-37.0057],[175.0632,-37.0039],[175.0514,-36.9976],[175.0466,-36.9946],[175.0445,-36.9922],[175.0437,-36.9902],[175.0438,-36.9886],[175.0462,-36.9842],[175.0474,-36.9845],[175.0479,-36.9862],[175.0488,-36.9864],[175.0503,-36.9846],[175.0515,-36.984],[175.0521,-36.9832],[175.0521,-36.9819],[175.0503,-36.9788],[175.0501,-36.978],[175.0513,-36.9763],[175.0518,-36.9749],[175.0543,-36.973],[175.0553,-36.9727],[175.056,-36.9728],[175.0576,-36.9742],[175.0601,-36.9739],[175.061,-36.9745],[175.0618,-36.9745],[175.0626,-36.974],[175.0635,-36.9719],[175.0648,-36.9713],[175.0672,-36.972],[175.0681,-36.9732],[175.0671,-36.9769],[175.0685,-36.9807],[175.0674,-36.9847],[175.0656,-36.9882],[175.0681,-36.9874],[175.0702,-36.9843],[175.0708,-36.984],[175.0721,-36.984],[175.0737,-36.9845],[175.0767,-36.9848],[175.0809,-36.9846],[175.0822,-36.9848],[175.0856,-36.9866],[175.0868,-36.9879],[175.0888,-36.992],[175.0892,-36.9923],[175.0917,-36.9924],[175.0921,-36.9918],[175.0909,-36.9907],[175.09,-36.9887],[175.0877,-36.987],[175.0868,-36.9855],[175.0845,-36.9839],[175.0843,-36.9834],[175.0847,-36.9825],[175.0873,-36.9813],[175.0905,-36.9819],[175.0921,-36.9826],[175.0935,-36.9842],[175.0987,-36.9888],[175.1013,-36.99],[175.1026,-36.9911],[175.1038,-36.9907],[175.1052,-36.9892],[175.1055,-36.9885],[175.1054,-36.988],[175.1033,-36.9871],[175.1031,-36.9867],[175.1035,-36.9857],[175.1032,-36.9854],[175.0994,-36.9832],[175.098,-36.9817],[175.0946,-36.9795],[175.0908,-36.978],[175.0886,-36.9775],[175.0852,-36.9792],[175.0833,-36.9814],[175.0813,-36.9819],[175.0793,-36.981],[175.0777,-36.9778],[175.077,-36.9772],[175.075,-36.9764],[175.0718,-36.9765],[175.0711,-36.9759],[175.0709,-36.975],[175.0727,-36.9717],[175.0735,-36.9689],[175.0747,-36.9677],[175.0762,-36.9674],[175.077,-36.9677],[175.0784,-36.9689],[175.0793,-36.9686],[175.0778,-36.9658],[175.0778,-36.9646],[175.0784,-36.9626],[175.0798,-36.9613],[175.0809,-36.9616],[175.082,-36.9657],[175.0832,-36.9679],[175.0849,-36.9689],[175.0904,-36.9702],[175.0918,-36.9701],[175.0931,-36.9684],[175.0916,-36.9682],[175.0906,-36.9674],[175.09,-36.9645],[175.0905,-36.9637],[175.0925,-36.9635],[175.0982,-36.9646],[175.103,-36.9649],[175.1031,-36.9643],[175.0999,-36.9625],[175.0977,-36.9619],[175.0941,-36.9616],[175.0922,-36.9609],[175.0911,-36.9595],[175.0908,-36.9577],[175.0899,-36.9563],[175.09,-36.9558],[175.0907,-36.955],[175.0922,-36.9546],[175.0942,-36.9553],[175.0949,-36.9548],[175.0958,-36.9537],[175.0964,-36.9535],[175.0974,-36.9534],[175.1015,-36.9541],[175.1023,-36.9539],[175.1027,-36.9523],[175.1038,-36.9512],[175.1038,-36.9494],[175.1062,-36.9478]],[[175.0135,-37.0242],[175.0066,-37.0263],[174.9999,-37.0269],[174.9983,-37.0281],[174.9975,-37.0293],[174.9972,-37.0328],[174.9957,-37.0333],[174.9928,-37.0333],[174.9873,-37.0352],[174.985,-37.0365],[174.9848,-37.0375],[174.9854,-37.0389],[174.9847,-37.0395],[174.9834,-37.04],[174.9806,-37.0404],[174.9796,-37.0395],[174.9765,-37.0393],[174.9719,-37.0407],[174.9696,-37.042],[174.9658,-37.0409],[174.9649,-37.041],[174.963,-37.042],[174.9611,-37.0419],[174.9548,-37.0395],[174.9539,-37.0389],[174.9523,-37.0365],[174.9528,-37.0351],[174.9542,-37.0331],[174.9541,-37.0325],[174.944,-37.0276],[174.9426,-37.0263],[174.9419,-37.0251],[174.9428,-37.0247],[174.9464,-37.0259],[174.9475,-37.0259],[174.9492,-37.0267],[174.9501,-37.0278],[174.9515,-37.0287],[174.9566,-37.0301],[174.9605,-37.0295],[174.9632,-37.0302],[174.9639,-37.031],[174.9668,-37.0319],[174.9667,-37.033],[174.9657,-37.0352],[174.9658,-37.0359],[174.9672,-37.0365],[174.9691,-37.0363],[174.9722,-37.0339],[174.9743,-37.0331],[174.9789,-37.0328],[174.9824,-37.0336],[174.983,-37.0325],[174.9826,-37.0305],[174.9836,-37.0296],[174.9844,-37.0293],[174.988,-37.0297],[174.9912,-37.0291],[174.9984,-37.0253],[175.0024,-37.0238],[175.006,-37.0237],[175.0078,-37.0243],[175.0091,-37.0244],[175.0111,-37.0238],[175.0135,-37.0224],[175.0154,-37.0202],[175.0178,-37.0186],[175.0177,-37.0164],[175.0183,-37.0145],[175.0213,-37.013],[175.0221,-37.0154],[175.0221,-37.0164],[175.0204,-37.019],[175.019,-37.0222],[175.0161,-37.0227],[175.0145,-37.0239],[175.0135,-37.0242]]]}},{"type":"Feature","properties":{},"geometry":{"type":"Polygon","coordinates":[[[174.8093,-37.0054],[174.8086,-37.0055],[174.8078,-37.0046],[174.8059,-37.0041],[174.8014,-37.0038],[174.7952,-37.0049],[174.7849,-37.0077],[174.7827,-37.0081],[174.7775,-37.0064],[174.7712,-37.0062],[174.7714,-37.0069],[174.7727,-37.0077],[174.7791,-37.0081],[174.781,-37.0094],[174.781,-37.0103],[174.7733,-37.0128],[174.7733,-37.0132],[174.7728,-37.0134],[174.7713,-37.0138],[174.7712,-37.0134],[174.7705,-37.0136],[174.7705,-37.014],[174.7657,-37.0152],[174.7651,-37.0158],[174.7651,-37.0185],[174.7664,-37.0191],[174.7684,-37.0189],[174.7743,-37.0168],[174.7936,-37.0117],[174.798,-37.0122],[174.8019,-37.012],[174.8043,-37.0111],[174.8066,-37.011],[174.8081,-37.0104],[174.8093,-37.0089],[174.8091,-37.008],[174.8096,-37.0071],[174.8089,-37.0062],[174.8099,-37.0059],[174.8093,-37.0054]]]}},{"type":"Feature","properties":{},"geometry":{"type":"Polygon","coordinates":[[[175.1713,-36.8792],[175.175,-36.8762],[175.1757,-36.8736],[175.1776,-36.871],[175.1775,-36.8704],[175.1766,-36.8703],[175.1753,-36.8709],[175.1692,-36.8764],[175.1713,-36.8792]]]}},{"type":"Feature","properties":{},"geometry":{"type":"Polygon","coordinates":[[[174.8139,-37.0838],[174.8163,-37.0852],[174.8158,-37.0862],[174.8159,-37.0865],[174.8177,-37.087],[174.8183,-37.0883],[174.8187,-37.0886],[174.8187,-37.0907],[174.8199,-37.093],[174.822,-37.0919],[174.8234,-37.092],[174.8239,-37.0918],[174.8242,-37.0901],[174.8252,-37.0889],[174.8289,-37.0875],[174.8309,-37.0877],[174.8314,-37.0882],[174.8319,-37.0901],[174.8322,-37.0906],[174.8326,-37.0905],[174.8332,-37.0895],[174.8336,-37.088],[174.8343,-37.0871],[174.8343,-37.0854],[174.8349,-37.0831],[174.8381,-37.0794],[174.8404,-37.0784],[174.8424,-37.0793],[174.845,-37.0811],[174.8455,-37.081],[174.8454,-37.0796],[174.8433,-37.077],[174.8421,-37.0736],[174.8433,-37.0659],[174.8441,-37.0639],[174.8439,-37.0627],[174.8427,-37.0634],[174.8423,-37.0656],[174.8412,-37.067],[174.8413,-37.0674],[174.8404,-37.0688],[174.8401,-37.0702],[174.8405,-37.0714],[174.8403,-37.0721],[174.8407,-37.0721],[174.8407,-37.0723],[174.8399,-37.0724],[174.8397,-37.0719],[174.839,-37.072],[174.8387,-37.0726],[174.8382,-37.0727],[174.838,-37.0733],[174.8373,-37.0737],[174.8374,-37.0739],[174.8365,-37.0744],[174.8363,-37.0753],[174.8357,-37.0746],[174.8346,-37.0756],[174.8322,-37.0761],[174.8318,-37.0769],[174.8318,-37.0776],[174.8313,-37.0779],[174.8313,-37.0785],[174.8308,-37.0778],[174.8292,-37.0783],[174.8288,-37.0788],[174.8258,-37.0804],[174.8235,-37.0825],[174.8224,-37.083],[174.8139,-37.0838]]]}},{"type":"Feature","properties":{},"geometry":{"type":"Polygon","coordinates":[[[174.4051,-36.3388],[174.4063,-36.3378],[174.4078,-36.3371],[174.408,-36.3358],[174.4087,-36.3344],[174.4084,-36.3338],[174.4055,-36.3339],[174.4045,-36.3343],[174.4035,-36.3352],[174.4028,-36.3371],[174.4033,-36.3368],[174.4038,-36.3385],[174.4048,-36.3385],[174.4055,-36.3371],[174.4056,-36.3375],[174.4051,-36.3388]]]}},{"type":"Feature","properties":{},"geometry":{"type":"Polygon","coordinates":[[[174.4633,-36.554],[174.4644,-36.554],[174.4675,-36.555],[174.4715,-36.5573],[174.4731,-36.5573],[174.4736,-36.5567],[174.4735,-36.556],[174.4707,-36.5531],[174.4682,-36.5498],[174.4684,-36.5485],[174.4692,-36.5482],[174.4702,-36.5483],[174.4717,-36.5498],[174.4751,-36.5496],[174.4761,-36.549],[174.4779,-36.5464],[174.4836,-36.5464],[174.486,-36.5469],[174.4868,-36.5465],[174.4869,-36.5451],[174.486,-36.5441],[174.4851,-36.5437],[174.4813,-36.5449],[174.4798,-36.545],[174.474,-36.5428],[174.4709,-36.5428],[174.4697,-36.5431],[174.4658,-36.545],[174.4627,-36.5486],[174.4657,-36.548],[174.4667,-36.5491],[174.4667,-36.5497],[174.4661,-36.55],[174.465,-36.55],[174.4644,-36.549],[174.4633,-36.549],[174.4632,-36.5515],[174.4652,-36.5512],[174.4664,-36.5518],[174.4691,-36.551],[174.4692,-36.5525],[174.4699,-36.5528],[174.4699,-36.5532],[174.4677,-36.5537],[174.4638,-36.5535],[174.4633,-36.554]]]}},{"type":"Feature","properties":{},"geometry":{"type":"Polygon","coordinates":[[[174.825,-36.8642],[174.8283,-36.8636],[174.829,-36.864],[174.8292,-36.8632],[174.8265,-36.8623],[174.8248,-36.8623],[174.8233,-36.8631],[174.823,-36.8644],[174.8249,-36.8638],[174.825,-36.8642]]]}},{"type":"Feature","properties":{},"geometry":{"type":"Polygon","coordinates":[[[174.7698,-36.3141],[174.7696,-36.3136],[174.7686,-36.3132],[174.7681,-36.3121],[174.7653,-36.3117],[174.7647,-36.3127],[174.7635,-36.3127],[174.7628,-36.315],[174.7649,-36.3146],[174.7645,-36.3157],[174.766,-36.3158],[174.7684,-36.3144],[174.7698,-36.3141]]]}},{"type":"Feature","properties":{},"geometry":{"type":"Polygon","coordinates":[[[174.8443,-36.9462],[174.8436,-36.9459],[174.8406,-36.9456],[174.8391,-36.9461],[174.8378,-36.9469],[174.8374,-36.9476],[174.8375,-36.9492],[174.839,-36.9507],[174.8404,-36.9511],[174.8422,-36.9509],[174.8437,-36.9503],[174.8452,-36.9485],[174.8452,-36.9476],[174.8443,-36.9462]],[[174.8396,-36.9488],[174.8394,-36.948],[174.8406,-36.9473],[174.8418,-36.9474],[174.8431,-36.9482],[174.843,-36.9488],[174.8425,-36.9493],[174.8409,-36.9495],[174.8396,-36.9488]]]}},{"type":"Feature","properties":{},"geometry":{"type":"Polygon","coordinates":[[[174.4501,-36.5528],[174.4514,-36.5495],[174.4514,-36.5455],[174.4518,-36.5438],[174.4542,-36.5414],[174.4549,-36.5377],[174.4567,-36.5341],[174.458,-36.533],[174.458,-36.5321],[174.4547,-36.5313],[174.4549,-36.5295],[174.4536,-36.5289],[174.4499,-36.5295],[174.4467,-36.5288],[174.4438,-36.5286],[174.442,-36.5292],[174.4398,-36.5304],[174.4381,-36.5306],[174.4329,-36.5288],[174.4301,-36.5287],[174.4277,-36.5292],[174.426,-36.5301],[174.4253,-36.5333],[174.4269,-36.5372],[174.4277,-36.5379],[174.4295,-36.5376],[174.4299,-36.5379],[174.4316,-36.5374],[174.4311,-36.5352],[174.4317,-36.5347],[174.4339,-36.5345],[174.4378,-36.5349],[174.4414,-36.5344],[174.4466,-36.5329],[174.4477,-36.5334],[174.4479,-36.534],[174.4455,-36.5341],[174.4368,-36.5363],[174.4358,-36.5357],[174.4349,-36.5356],[174.4344,-36.5369],[174.4353,-36.5386],[174.4322,-36.5397],[174.4318,-36.5406],[174.4328,-36.541],[174.435,-36.5407],[174.4354,-36.5422],[174.436,-36.5428],[174.4371,-36.5429],[174.4373,-36.5445],[174.4377,-36.5451],[174.4392,-36.5457],[174.4395,-36.5467],[174.4387,-36.5473],[174.4385,-36.5489],[174.4389,-36.5493],[174.4391,-36.5515],[174.4401,-36.5529],[174.4407,-36.5531],[174.4431,-36.5517],[174.4453,-36.5515],[174.4477,-36.5519],[174.4487,-36.5525],[174.4501,-36.5528]]]}},{"type":"Feature","properties":{},"geometry":{"type":"Polygon","coordinates":[[[174.3621,-36.6306],[174.359,-36.6326],[174.3586,-36.633],[174.3583,-36.6348],[174.3571,-36.6358],[174.3557,-36.6365],[174.3555,-36.6374],[174.3563,-36.6378],[174.3572,-36.6378],[174.3599,-36.637],[174.3635,-36.6334],[174.3673,-36.6312],[174.3686,-36.6294],[174.3641,-36.6278],[174.3638,-36.6274],[174.363,-36.6291],[174.3656,-36.6301],[174.3664,-36.6307],[174.3636,-36.6312],[174.3621,-36.6306]]]}},{"type":"Feature","properties":{},"geometry":{"type":"Polygon","coordinates":[[[174.8403,-36.9812],[174.8411,-36.9815],[174.8424,-36.9812],[174.844,-36.9795],[174.844,-36.9791],[174.8423,-36.9779],[174.8427,-36.9764],[174.8416,-36.9753],[174.8409,-36.9752],[174.8399,-36.9759],[174.8394,-36.9777],[174.8397,-36.9802],[174.8403,-36.9812]]]}},{"type":"Feature","properties":{},"geometry":{"type":"Polygon","coordinates":[[[174.4278,-36.3513],[174.4307,-36.3525],[174.4294,-36.3509],[174.4278,-36.3513]]]}},{"type":"Feature","properties":{},"geometry":{"type":"Polygon","coordinates":[[[174.6553,-37.0945],[174.655,-37.0949],[174.6552,-37.0944],[174.6534,-37.0944],[174.6521,-37.0959],[174.6501,-37.0969],[174.6498,-37.0973],[174.65,-37.0976],[174.6509,-37.098],[174.6541,-37.0973],[174.6558,-37.0979],[174.6571,-37.0981],[174.6558,-37.0961],[174.6553,-37.0945]]]}},{"type":"Feature","properties":{},"geometry":{"type":"Polygon","coordinates":[[[174.5343,-36.3322],[174.535,-36.3318],[174.535,-36.3312],[174.5324,-36.33],[174.5314,-36.3282],[174.5314,-36.3211],[174.5305,-36.319],[174.5284,-36.316],[174.5281,-36.3148],[174.5285,-36.3136],[174.5266,-36.3107],[174.5246,-36.3086],[174.523,-36.3078],[174.5184,-36.3067],[174.5144,-36.3052],[174.5131,-36.3057],[174.5131,-36.306],[174.5158,-36.3072],[174.5168,-36.3081],[174.5216,-36.3087],[174.5239,-36.3101],[174.5255,-36.3127],[174.5263,-36.3171],[174.527,-36.3181],[174.5285,-36.3191],[174.5296,-36.3211],[174.5291,-36.3245],[174.5293,-36.3266],[174.529,-36.3271],[174.5281,-36.3276],[174.5266,-36.3278],[174.523,-36.327],[174.5193,-36.3281],[174.5172,-36.3284],[174.5135,-36.3276],[174.5131,-36.3279],[174.5133,-36.3284],[174.5143,-36.3291],[174.5166,-36.3298],[174.5205,-36.3299],[174.5228,-36.3306],[174.5263,-36.3299],[174.5288,-36.3301],[174.5298,-36.3307],[174.53,-36.3316],[174.5288,-36.334],[174.5287,-36.335],[174.5291,-36.3358],[174.5316,-36.3341],[174.5324,-36.3329],[174.5343,-36.3322]]]}},{"type":"Feature","properties":{},"geometry":{"type":"Polygon","coordinates":[[[175.0878,-37.0645],[175.0873,-37.0629],[175.0877,-37.0602],[175.085,-37.0572],[175.0841,-37.0576],[175.0826,-37.059],[175.079,-37.0597],[175.0766,-37.0596],[175.0752,-37.0579],[175.0739,-37.0576],[175.0702,-37.0576],[175.0695,-37.0588],[175.0698,-37.0601],[175.0728,-37.0613],[175.0741,-37.0625],[175.0747,-37.0641],[175.0744,-37.0689],[175.0748,-37.0699],[175.0765,-37.0712],[175.0777,-37.071],[175.0783,-37.0699],[175.0824,-37.0684],[175.083,-37.068],[175.0842,-37.0659],[175.0871,-37.0653],[175.0876,-37.065],[175.0878,-37.0645]]]}},{"type":"Feature","properties":{},"geometry":{"type":"Polygon","coordinates":[[[174.6559,-37.1031],[174.6545,-37.1032],[174.6525,-37.1045],[174.6506,-37.1044],[174.65,-37.1047],[174.6478,-37.1066],[174.6483,-37.107],[174.6501,-37.1073],[174.6502,-37.1076],[174.6494,-37.1087],[174.6497,-37.1089],[174.6515,-37.1086],[174.6534,-37.1061],[174.6577,-37.1047],[174.6558,-37.1045],[174.6554,-37.1039],[174.655,-37.1039],[174.6532,-37.1052],[174.6547,-37.1036],[174.6555,-37.1037],[174.6559,-37.1031]]]}},{"type":"Feature","properties":{},"geometry":{"type":"Polygon","coordinates":[[[174.992,-36.8883],[174.9895,-36.8883],[174.9901,-36.89],[174.9887,-36.8903],[174.9888,-36.8951],[174.9882,-36.8968],[174.9897,-36.8964],[174.9904,-36.8959],[174.9898,-36.8942],[174.9895,-36.8917],[174.9901,-36.8907],[174.9913,-36.8902],[174.9953,-36.8905],[174.9952,-36.89],[174.9936,-36.8894],[174.992,-36.8883]]]}},{"type":"Feature","properties":{},"geometry":{"type":"Polygon","coordinates":[[[174.7276,-36.6576],[174.7268,-36.6579],[174.7249,-36.6571],[174.7237,-36.6553],[174.7223,-36.6544],[174.7221,-36.6539],[174.7192,-36.6526],[174.7124,-36.6512],[174.7116,-36.6515],[174.7114,-36.6519],[174.712,-36.6526],[174.7138,-36.6536],[174.7143,-36.6543],[174.7177,-36.6543],[174.7205,-36.6556],[174.7227,-36.6584],[174.7236,-36.661],[174.7248,-36.6618],[174.7272,-36.662],[174.7293,-36.6616],[174.7276,-36.6576]]]}},{"type":"Feature","properties":{},"geometry":{"type":"Polygon","coordinates":[[[175.0563,-36.8196],[175.0567,-36.8177],[175.0565,-36.8171],[175.0545,-36.8165],[175.0531,-36.8177],[175.053,-36.8179],[175.055,-36.8182],[175.0563,-36.8196]]]}},{"type":"Feature","properties":{},"geometry":{"type":"Polygon","coordinates":[[[174.8584,-36.4259],[174.8599,-36.4251],[174.8612,-36.4249],[174.8628,-36.4261],[174.8637,-36.4262],[174.8653,-36.4257],[174.8656,-36.4251],[174.8634,-36.4239],[174.8608,-36.4233],[174.8592,-36.4236],[174.8577,-36.4244],[174.8575,-36.4254],[174.8582,-36.4249],[174.8584,-36.4259]]]}},{"type":"Feature","properties":{},"geometry":{"type":"Polygon","coordinates":[[[174.6258,-36.785],[174.6265,-36.7829],[174.6284,-36.7817],[174.6284,-36.7814],[174.6275,-36.7796],[174.6268,-36.7793],[174.6253,-36.7794],[174.624,-36.7802],[174.6226,-36.7837],[174.6233,-36.7846],[174.6258,-36.785]]]}},{"type":"Feature","properties":{},"geometry":{"type":"Polygon","coordinates":[[[174.7079,-36.5477],[174.7079,-36.5463],[174.7095,-36.5441],[174.7086,-36.5427],[174.709,-36.5421],[174.7051,-36.5414],[174.7051,-36.5424],[174.7046,-36.5435],[174.7068,-36.5466],[174.7079,-36.5477]]]}},{"type":"Feature","properties":{},"geometry":{"type":"Polygon","coordinates":[[[175.0592,-37.1686],[175.055,-37.1693],[175.0546,-37.1708],[175.0533,-37.1728],[175.0521,-37.1729],[175.0502,-37.1722],[175.0458,-37.1723],[175.0462,-37.1735],[175.0459,-37.1748],[175.0453,-37.1755],[175.0439,-37.1764],[175.0421,-37.1764],[175.0385,-37.1756],[175.0367,-37.1742],[175.0309,-37.1759],[175.0292,-37.1775],[175.0304,-37.1778],[175.0307,-37.1787],[175.0323,-37.179],[175.0328,-37.1788],[175.0336,-37.1769],[175.0342,-37.1767],[175.0352,-37.1766],[175.0384,-37.1773],[175.04,-37.1781],[175.0422,-37.1772],[175.0431,-37.1778],[175.0436,-37.1786],[175.0423,-37.1815],[175.0413,-37.1819],[175.0396,-37.1819],[175.0392,-37.1825],[175.0399,-37.1832],[175.0419,-37.1836],[175.0429,-37.1834],[175.0453,-37.1808],[175.0479,-37.1794],[175.0483,-37.1787],[175.0485,-37.177],[175.0488,-37.1767],[175.0502,-37.1767],[175.051,-37.1761],[175.0513,-37.1748],[175.0546,-37.1748],[175.0575,-37.1739],[175.0579,-37.1745],[175.0575,-37.1755],[175.0578,-37.176],[175.0584,-37.1761],[175.059,-37.176],[175.0603,-37.175],[175.0604,-37.1741],[175.0595,-37.1689],[175.0592,-37.1686]]]}},{"type":"Feature","properties":{},"geometry":{"type":"Polygon","coordinates":[[[174.2647,-36.4769],[174.2645,-36.4771],[174.2649,-36.4775],[174.2662,-36.4774],[174.2682,-36.4781],[174.27,-36.4773],[174.2694,-36.4752],[174.2678,-36.4754],[174.2647,-36.4769]]]}},{"type":"Feature","properties":{},"geometry":{"type":"Polygon","coordinates":[[[174.2722,-36.4807],[174.2668,-36.482],[174.2673,-36.4826],[174.2672,-36.4831],[174.2637,-36.4844],[174.2624,-36.4852],[174.2623,-36.4857],[174.2634,-36.4858],[174.2705,-36.4828],[174.2733,-36.4824],[174.2725,-36.4816],[174.2727,-36.4816],[174.2722,-36.4807]]]}},{"type":"Feature","properties":{},"geometry":{"type":"Polygon","coordinates":[[[174.8475,-36.8507],[174.8428,-36.8498],[174.8402,-36.8487],[174.8398,-36.8495],[174.8397,-36.8504],[174.8407,-36.8524],[174.8412,-36.853],[174.8426,-36.8536],[174.843,-36.8542],[174.8428,-36.8559],[174.844,-36.8586],[174.8444,-36.8589],[174.8449,-36.8588],[174.8466,-36.8556],[174.8477,-36.8546],[174.8468,-36.8528],[174.8475,-36.8507]]]}},{"type":"Feature","properties":{},"geometry":{"type":"Polygon","coordinates":[[[174.6697,-37.1269],[174.667,-37.1241],[174.667,-37.123],[174.6647,-37.1244],[174.6589,-37.1266],[174.658,-37.1272],[174.6583,-37.1275],[174.6594,-37.1276],[174.6621,-37.1273],[174.6635,-37.1288],[174.6646,-37.1289],[174.6653,-37.1286],[174.666,-37.1277],[174.6668,-37.1273],[174.6697,-37.1269]]]}},{"type":"Feature","properties":{},"geometry":{"type":"Polygon","coordinates":[[[174.9162,-36.9464],[174.9134,-36.9459],[174.9118,-36.9466],[174.9109,-36.9466],[174.9105,-36.9464],[174.9104,-36.9457],[174.9115,-36.9437],[174.9093,-36.9435],[174.9075,-36.9424],[174.9057,-36.9422],[174.9053,-36.9422],[174.9049,-36.9429],[174.905,-36.9436],[174.9069,-36.9469],[174.9089,-36.9478],[174.9124,-36.95],[174.9154,-36.9509],[174.9174,-36.9508],[174.9164,-36.9495],[174.9157,-36.9478],[174.9162,-36.9464]]]}},{"type":"Feature","properties":{},"geometry":{"type":"Polygon","coordinates":[[[174.3954,-36.6365],[174.3956,-36.636],[174.3948,-36.6357],[174.3937,-36.6369],[174.3941,-36.6371],[174.3954,-36.6365]]]}},{"type":"Feature","properties":{},"geometry":{"type":"Polygon","coordinates":[[[174.7914,-37.1358],[174.7923,-37.138],[174.7953,-37.1422],[174.7978,-37.1441],[174.7983,-37.1439],[174.7983,-37.1433],[174.7973,-37.1416],[174.7958,-37.1378],[174.7953,-37.1355],[174.797,-37.1339],[174.7971,-37.1332],[174.7966,-37.1318],[174.7948,-37.1303],[174.794,-37.1301],[174.7919,-37.1304],[174.7924,-37.1305],[174.7924,-37.131],[174.7929,-37.1312],[174.7925,-37.132],[174.793,-37.1322],[174.7929,-37.1325],[174.7947,-37.1323],[174.7942,-37.1328],[174.7935,-37.1329],[174.794,-37.1339],[174.7955,-37.1333],[174.7947,-37.1341],[174.7937,-37.1343],[174.7925,-37.1333],[174.7921,-37.1334],[174.7925,-37.1344],[174.792,-37.1352],[174.793,-37.136],[174.7936,-37.1361],[174.7939,-37.1366],[174.7954,-37.1362],[174.7939,-37.1368],[174.7934,-37.1365],[174.7931,-37.1371],[174.7934,-37.1374],[174.793,-37.1376],[174.7927,-37.1372],[174.7928,-37.1365],[174.7918,-37.1353],[174.7914,-37.1358]]]}},{"type":"Feature","properties":{},"geometry":{"type":"Polygon","coordinates":[[[174.2936,-36.5139],[174.2911,-36.5148],[174.2883,-36.5141],[174.2867,-36.5141],[174.2866,-36.5145],[174.287,-36.515],[174.2916,-36.5168],[174.2917,-36.5173],[174.2915,-36.5181],[174.2895,-36.5199],[174.287,-36.5209],[174.28,-36.5213],[174.2801,-36.522],[174.2816,-36.5229],[174.2816,-36.5238],[174.2764,-36.5263],[174.2761,-36.5268],[174.2767,-36.5279],[174.2765,-36.5284],[174.2735,-36.5304],[174.2732,-36.5314],[174.2741,-36.5317],[174.2758,-36.5307],[174.2779,-36.5301],[174.2813,-36.526],[174.2831,-36.5247],[174.2849,-36.5239],[174.2873,-36.5234],[174.29,-36.5239],[174.2923,-36.5216],[174.295,-36.5207],[174.2968,-36.5205],[174.2984,-36.5214],[174.2989,-36.5223],[174.2987,-36.5252],[174.2995,-36.5263],[174.2998,-36.5237],[174.3001,-36.5233],[174.3001,-36.5206],[174.299,-36.5195],[174.2979,-36.519],[174.2958,-36.519],[174.2945,-36.5195],[174.2937,-36.5192],[174.2936,-36.5139]]]}},{"type":"Feature","properties":{},"geometry":{"type":"Polygon","coordinates":[[[175.0413,-37.161],[175.0366,-37.1629],[175.036,-37.1628],[175.035,-37.1617],[175.0341,-37.1616],[175.0329,-37.1644],[175.0317,-37.1659],[175.0308,-37.1664],[175.0302,-37.1663],[175.0291,-37.1654],[175.0285,-37.1653],[175.028,-37.1658],[175.027,-37.1677],[175.0277,-37.1684],[175.0296,-37.1689],[175.0306,-37.1703],[175.0319,-37.1706],[175.0325,-37.17],[175.0328,-37.1687],[175.0337,-37.1671],[175.0377,-37.1673],[175.0393,-37.1671],[175.0402,-37.1665],[175.0401,-37.1661],[175.0381,-37.1656],[175.0376,-37.1652],[175.0384,-37.1642],[175.042,-37.1622],[175.0426,-37.161],[175.0413,-37.161]]]}},{"type":"Feature","properties":{},"geometry":{"type":"Polygon","coordinates":[[[174.6367,-37.0859],[174.6338,-37.0868],[174.6331,-37.0873],[174.6331,-37.0877],[174.6352,-37.0884],[174.6358,-37.0892],[174.6392,-37.0885],[174.6406,-37.0873],[174.6416,-37.0873],[174.6455,-37.0885],[174.6495,-37.0866],[174.6478,-37.0852],[174.6454,-37.0867],[174.6412,-37.0864],[174.6376,-37.087],[174.6368,-37.0867],[174.6356,-37.0871],[174.6362,-37.0864],[174.6368,-37.0865],[174.6367,-37.0859]]]}},{"type":"Feature","properties":{},"geometry":{"type":"Polygon","coordinates":[[[174.9114,-37.2154],[174.9123,-37.2158],[174.9133,-37.2139],[174.9146,-37.2135],[174.9152,-37.2138],[174.9152,-37.216],[174.9183,-37.2189],[174.9189,-37.2203],[174.92,-37.2205],[174.9206,-37.2209],[174.9209,-37.2215],[174.9203,-37.2231],[174.9205,-37.2235],[174.9217,-37.2238],[174.9238,-37.2225],[174.9246,-37.2216],[174.9266,-37.2209],[174.9269,-37.2204],[174.9268,-37.2193],[174.9294,-37.2157],[174.9302,-37.2144],[174.9304,-37.213],[174.9325,-37.2116],[174.9328,-37.2108],[174.9314,-37.2092],[174.9311,-37.2076],[174.9306,-37.2072],[174.9287,-37.2074],[174.9227,-37.2062],[174.9215,-37.2062],[174.9195,-37.207],[174.9171,-37.2055],[174.9147,-37.2052],[174.9132,-37.2046],[174.9111,-37.2045],[174.9096,-37.2053],[174.9082,-37.2075],[174.9074,-37.2118],[174.9076,-37.2127],[174.9082,-37.2134],[174.9105,-37.2143],[174.9114,-37.2154]]]}},{"type":"Feature","properties":{},"geometry":{"type":"Polygon","coordinates":[[[175.0174,-36.8863],[175.0189,-36.8865],[175.0204,-36.886],[175.0212,-36.8848],[175.0217,-36.8833],[175.0207,-36.8831],[175.0201,-36.8833],[175.0201,-36.8838],[175.0196,-36.8839],[175.0191,-36.8835],[175.0181,-36.8839],[175.0192,-36.8831],[175.0188,-36.8824],[175.018,-36.8818],[175.0177,-36.8817],[175.0178,-36.882],[175.0145,-36.8824],[175.0143,-36.8817],[175.0139,-36.8832],[175.0151,-36.8856],[175.0168,-36.8853],[175.0174,-36.8863]]]}},{"type":"Feature","properties":{},"geometry":{"type":"Polygon","coordinates":[[[174.4401,-36.3773],[174.4391,-36.3764],[174.4354,-36.3783],[174.4345,-36.3785],[174.4346,-36.3759],[174.4331,-36.375],[174.4324,-36.375],[174.4307,-36.376],[174.4302,-36.3767],[174.4297,-36.3788],[174.4301,-36.3811],[174.431,-36.382],[174.4323,-36.3822],[174.4334,-36.3815],[174.4338,-36.3803],[174.4345,-36.3795],[174.4391,-36.3775],[174.4401,-36.3773]]]}},{"type":"Feature","properties":{},"geometry":{"type":"Polygon","coordinates":[[[175.0975,-37.1413],[175.0959,-37.1422],[175.0948,-37.142],[175.0926,-37.1431],[175.088,-37.1444],[175.0875,-37.1447],[175.0871,-37.1453],[175.0872,-37.1465],[175.088,-37.1476],[175.0886,-37.1479],[175.0899,-37.1476],[175.0913,-37.1477],[175.0931,-37.1483],[175.0933,-37.1488],[175.0929,-37.1509],[175.0914,-37.1532],[175.0903,-37.1565],[175.0877,-37.1573],[175.0873,-37.1591],[175.0886,-37.1597],[175.0909,-37.1601],[175.0917,-37.1609],[175.0925,-37.1625],[175.0937,-37.1632],[175.0949,-37.1633],[175.0952,-37.1628],[175.0944,-37.1617],[175.0947,-37.1606],[175.0964,-37.1602],[175.0966,-37.1598],[175.0967,-37.1586],[175.0974,-37.1567],[175.0964,-37.1559],[175.0963,-37.1552],[175.0982,-37.1544],[175.0986,-37.1532],[175.0997,-37.1519],[175.1014,-37.151],[175.1017,-37.1505],[175.101,-37.15],[175.0988,-37.1501],[175.0983,-37.1499],[175.0979,-37.1489],[175.098,-37.1481],[175.0998,-37.1462],[175.102,-37.1423],[175.1034,-37.1416],[175.1047,-37.1418],[175.1061,-37.1428],[175.1071,-37.1444],[175.1086,-37.1443],[175.1101,-37.1452],[175.1111,-37.1446],[175.1113,-37.1425],[175.1127,-37.1409],[175.1106,-37.139],[175.1101,-37.1392],[175.1094,-37.1409],[175.107,-37.1407],[175.1057,-37.1403],[175.1026,-37.1381],[175.1032,-37.1351],[175.1021,-37.1328],[175.1019,-37.1318],[175.1023,-37.131],[175.1036,-37.13],[175.1058,-37.1298],[175.1063,-37.1294],[175.1064,-37.1289],[175.1081,-37.1273],[175.108,-37.1266],[175.1076,-37.1265],[175.1049,-37.127],[175.1025,-37.1294],[175.1001,-37.131],[175.098,-37.1316],[175.0944,-37.1318],[175.0929,-37.1325],[175.0924,-37.1332],[175.0925,-37.1342],[175.0957,-37.1347],[175.0971,-37.1353],[175.0975,-37.1357],[175.0977,-37.1371],[175.0992,-37.1383],[175.0996,-37.1394],[175.0993,-37.1401],[175.0975,-37.1413]]]}},{"type":"Feature","properties":{},"geometry":{"type":"Polygon","coordinates":[[[175.1712,-36.8602],[175.171,-36.861],[175.1687,-36.8613],[175.1685,-36.8621],[175.1687,-36.8627],[175.17,-36.8632],[175.1713,-36.8629],[175.1718,-36.8621],[175.1712,-36.8602]]]}},{"type":"Feature","properties":{},"geometry":{"type":"Polygon","coordinates":[[[174.9745,-36.9602],[174.9762,-36.9601],[174.9782,-36.9609],[174.9818,-36.9609],[174.9831,-36.9613],[174.9826,-36.9604],[174.9812,-36.9596],[174.9766,-36.9579],[174.9746,-36.9555],[174.9741,-36.9529],[174.973,-36.9517],[174.9714,-36.9507],[174.9691,-36.947],[174.9697,-36.9488],[174.9692,-36.9484],[174.9679,-36.9461],[174.9668,-36.9461],[174.9664,-36.947],[174.9677,-36.9493],[174.9688,-36.9533],[174.9714,-36.9553],[174.9745,-36.9602]]]}},{"type":"Feature","properties":{},"geometry":{"type":"Polygon","coordinates":[[[174.7905,-36.9564],[174.7895,-36.9597],[174.7866,-36.9658],[174.7866,-36.9665],[174.787,-36.9668],[174.7886,-36.9673],[174.7901,-36.9687],[174.7923,-36.969],[174.7941,-36.9686],[174.7956,-36.9679],[174.7964,-36.9662],[174.7974,-36.9654],[174.7994,-36.966],[174.8026,-36.9663],[174.8038,-36.9673],[174.8051,-36.9671],[174.8061,-36.9664],[174.8068,-36.9647],[174.8066,-36.964],[174.8053,-36.9625],[174.8061,-36.9601],[174.8057,-36.9591],[174.8044,-36.9589],[174.8014,-36.9598],[174.7992,-36.9598],[174.7985,-36.9594],[174.7978,-36.958],[174.7959,-36.957],[174.7959,-36.9563],[174.7963,-36.9561],[174.8015,-36.9548],[174.802,-36.9534],[174.8016,-36.9521],[174.7983,-36.9536],[174.7952,-36.9543],[174.793,-36.9542],[174.7905,-36.9564]]]}},{"type":"Feature","properties":{},"geometry":{"type":"Polygon","coordinates":[[[174.9924,-36.7824],[174.9939,-36.7829],[174.9966,-36.7829],[174.9979,-36.7826],[174.9988,-36.7817],[174.9986,-36.7815],[174.9928,-36.7807],[174.9933,-36.7819],[174.9924,-36.7824]]]}},{"type":"Feature","properties":{},"geometry":{"type":"Polygon","coordinates":[[[175.0378,-36.795],[175.037,-36.797],[175.0379,-36.7962],[175.0378,-36.795]]]}},{"type":"Feature","properties":{},"geometry":{"type":"Polygon","coordinates":[[[174.9906,-36.7938],[174.9927,-36.7928],[174.9929,-36.7921],[174.9924,-36.7915],[174.9912,-36.7911],[174.9891,-36.7921],[174.9905,-36.793],[174.9906,-36.7938]]]}},{"type":"Feature","properties":{},"geometry":{"type":"Polygon","coordinates":[[[174.7463,-36.6427],[174.7481,-36.6409],[174.7508,-36.6394],[174.7491,-36.6383],[174.7482,-36.6384],[174.7433,-36.6408],[174.7429,-36.6416],[174.7432,-36.6428],[174.7435,-36.6431],[174.744,-36.6432],[174.7463,-36.6427]]]}},{"type":"Feature","properties":{},"geometry":{"type":"Polygon","coordinates":[[[174.468,-36.9579],[174.471,-36.9583],[174.4721,-36.9575],[174.4729,-36.9561],[174.4742,-36.9556],[174.475,-36.9547],[174.4767,-36.9538],[174.4769,-36.9531],[174.476,-36.9524],[174.4755,-36.9524],[174.4738,-36.9531],[174.4724,-36.9532],[174.4706,-36.9522],[174.4704,-36.9511],[174.4711,-36.946],[174.4707,-36.9455],[174.469,-36.9448],[174.4686,-36.9442],[174.4699,-36.943],[174.4698,-36.9424],[174.4693,-36.9418],[174.4679,-36.9415],[174.466,-36.942],[174.4654,-36.9417],[174.4645,-36.94],[174.4623,-36.938],[174.4614,-36.9373],[174.4605,-36.9372],[174.4621,-36.94],[174.4626,-36.9402],[174.4625,-36.9405],[174.4637,-36.9429],[174.4649,-36.9444],[174.4649,-36.9451],[174.4656,-36.9456],[174.4663,-36.9456],[174.4668,-36.9445],[174.4663,-36.9436],[174.4669,-36.9446],[174.4667,-36.9466],[174.4679,-36.9465],[174.4684,-36.9461],[174.468,-36.9467],[174.4668,-36.947],[174.4669,-36.9494],[174.4683,-36.9529],[174.4689,-36.9534],[174.4684,-36.9552],[174.4684,-36.957],[174.468,-36.9579]]]}},{"type":"Feature","properties":{},"geometry":{"type":"Polygon","coordinates":[[[175.4278,-36.2524],[175.4287,-36.2518],[175.4295,-36.25],[175.4287,-36.2484],[175.4268,-36.2481],[175.4263,-36.2486],[175.4265,-36.2495],[175.4256,-36.2517],[175.426,-36.2523],[175.4278,-36.2524]]]}},{"type":"Feature","properties":{},"geometry":{"type":"Polygon","coordinates":[[[175.4024,-36.1472],[175.4002,-36.1491],[175.3951,-36.1506],[175.3949,-36.1513],[175.397,-36.152],[175.3969,-36.1526],[175.3931,-36.153],[175.3906,-36.1539],[175.3897,-36.1537],[175.3896,-36.1544],[175.3918,-36.1549],[175.3973,-36.1549],[175.3995,-36.1542],[175.4013,-36.154],[175.4033,-36.1529],[175.4055,-36.1526],[175.4064,-36.1528],[175.4088,-36.155],[175.4095,-36.155],[175.4098,-36.154],[175.4098,-36.1526],[175.4084,-36.1512],[175.4083,-36.1506],[175.4087,-36.1499],[175.4097,-36.1491],[175.4054,-36.1484],[175.4032,-36.1485],[175.403,-36.1477],[175.4024,-36.1472]]]}},{"type":"Feature","properties":{},"geometry":{"type":"Polygon","coordinates":[[[174.2445,-36.3718],[174.2425,-36.3716],[174.2404,-36.3719],[174.2396,-36.3723],[174.2392,-36.3731],[174.2377,-36.3747],[174.2367,-36.3771],[174.2373,-36.3786],[174.2384,-36.3796],[174.2391,-36.3809],[174.2406,-36.382],[174.2427,-36.3817],[174.2441,-36.3811],[174.2451,-36.38],[174.2449,-36.379],[174.2425,-36.3784],[174.2442,-36.3767],[174.2453,-36.3734],[174.2452,-36.3723],[174.2445,-36.3718]]]}},{"type":"Feature","properties":{},"geometry":{"type":"Polygon","coordinates":[[[174.6511,-37.0754],[174.6501,-37.0769],[174.6507,-37.0777],[174.6521,-37.0783],[174.6517,-37.0793],[174.6506,-37.0799],[174.6509,-37.0806],[174.6523,-37.0807],[174.6553,-37.08],[174.6542,-37.0788],[174.654,-37.0776],[174.6523,-37.0766],[174.6511,-37.0754]]]}},{"type":"Feature","properties":{},"geometry":{"type":"Polygon","coordinates":[[[174.8362,-36.9384],[174.8357,-36.9402],[174.8349,-36.9407],[174.834,-36.9409],[174.832,-36.9404],[174.8313,-36.9379],[174.8315,-36.9357],[174.8312,-36.9345],[174.8303,-36.9339],[174.8304,-36.931],[174.8313,-36.9291],[174.8337,-36.9269],[174.8313,-36.9264],[174.8304,-36.9256],[174.829,-36.9275],[174.8265,-36.9293],[174.8291,-36.9309],[174.83,-36.9348],[174.83,-36.9407],[174.8337,-36.9437],[174.8342,-36.9446],[174.8353,-36.944],[174.8354,-36.943],[174.8359,-36.9423],[174.8382,-36.9405],[174.8382,-36.9395],[174.8362,-36.9384]]]}},{"type":"Feature","properties":{},"geometry":{"type":"Polygon","coordinates":[[[174.6631,-37.1173],[174.6589,-37.1181],[174.6586,-37.1189],[174.6552,-37.1208],[174.6531,-37.1231],[174.6528,-37.124],[174.6528,-37.1231],[174.6523,-37.123],[174.6521,-37.1218],[174.6515,-37.1219],[174.6513,-37.1227],[174.6516,-37.1236],[174.6511,-37.1264],[174.6518,-37.1268],[174.6524,-37.1265],[174.6531,-37.126],[174.6541,-37.1237],[174.6552,-37.1233],[174.657,-37.1234],[174.6589,-37.121],[174.661,-37.1204],[174.6618,-37.1197],[174.6631,-37.1173]]]}},{"type":"Feature","properties":{},"geometry":{"type":"Polygon","coordinates":[[[174.724,-36.6554],[174.725,-36.657],[174.7264,-36.6577],[174.7271,-36.6577],[174.7255,-36.6571],[174.724,-36.6554]]]}},{"type":"Feature","properties":{},"geometry":{"type":"Polygon","coordinates":[[[175.0541,-36.8015],[175.0557,-36.7998],[175.0556,-36.7983],[175.0549,-36.7967],[175.0556,-36.7918],[175.055,-36.7906],[175.0535,-36.7901],[175.0521,-36.791],[175.0519,-36.7933],[175.0506,-36.7945],[175.0504,-36.7953],[175.0523,-36.7966],[175.0526,-36.7972],[175.0525,-36.7961],[175.0539,-36.7967],[175.0544,-36.7971],[175.0543,-36.7986],[175.0548,-36.799],[175.055,-36.8001],[175.0541,-36.8009],[175.0541,-36.8015]]]}},{"type":"Feature","properties":{},"geometry":{"type":"Polygon","coordinates":[[[174.3974,-36.3805],[174.3951,-36.3793],[174.394,-36.3796],[174.3937,-36.3816],[174.3947,-36.3817],[174.3974,-36.3811],[174.3974,-36.3805]]]}},{"type":"Feature","properties":{},"geometry":{"type":"Polygon","coordinates":[[[174.8253,-36.9866],[174.8254,-36.9877],[174.8266,-36.9882],[174.8284,-36.9882],[174.8295,-36.9877],[174.8265,-36.9851],[174.8258,-36.9856],[174.8253,-36.9866]]]}},{"type":"Feature","properties":{},"geometry":{"type":"Polygon","coordinates":[[[175.1149,-36.7735],[175.1138,-36.7743],[175.1124,-36.7768],[175.1102,-36.7782],[175.1099,-36.7788],[175.1101,-36.7806],[175.1087,-36.7812],[175.1089,-36.7818],[175.11,-36.7829],[175.1102,-36.7841],[175.1098,-36.7871],[175.1081,-36.7922],[175.1099,-36.795],[175.109,-36.7969],[175.1092,-36.7979],[175.1121,-36.7986],[175.1128,-36.7992],[175.1129,-36.8009],[175.1121,-36.8018],[175.1119,-36.8028],[175.1126,-36.8045],[175.1135,-36.805],[175.1151,-36.8033],[175.1153,-36.7995],[175.1168,-36.7975],[175.1166,-36.797],[175.1145,-36.7957],[175.1145,-36.7946],[175.1162,-36.7938],[175.1211,-36.7941],[175.1218,-36.7937],[175.1219,-36.7933],[175.1214,-36.793],[175.118,-36.7922],[175.1177,-36.7919],[175.1182,-36.7907],[175.1196,-36.7898],[175.1207,-36.7896],[175.1239,-36.7901],[175.1264,-36.7891],[175.1298,-36.7895],[175.1306,-36.7891],[175.1308,-36.7885],[175.1307,-36.7877],[175.1297,-36.7871],[175.1262,-36.7877],[175.1241,-36.7873],[175.1221,-36.7882],[175.1192,-36.7873],[175.1173,-36.7875],[175.1169,-36.7877],[175.1165,-36.7902],[175.1158,-36.7915],[175.1136,-36.7932],[175.1114,-36.7931],[175.1104,-36.7922],[175.1104,-36.7916],[175.1126,-36.7903],[175.1119,-36.7889],[175.1126,-36.7874],[175.1121,-36.7857],[175.1122,-36.7842],[175.1134,-36.7806],[175.1149,-36.7799],[175.1166,-36.7798],[175.1194,-36.7818],[175.1202,-36.7815],[175.1211,-36.7798],[175.1218,-36.7796],[175.1236,-36.7805],[175.1266,-36.783],[175.1285,-36.7836],[175.1297,-36.7834],[175.1317,-36.7818],[175.136,-36.7828],[175.1366,-36.7821],[175.1361,-36.7812],[175.1363,-36.78],[175.1361,-36.7799],[175.135,-36.7799],[175.1317,-36.7809],[175.1279,-36.7805],[175.1248,-36.7796],[175.1244,-36.7792],[175.1244,-36.7782],[175.1252,-36.7774],[175.128,-36.7767],[175.129,-36.7756],[175.1302,-36.7757],[175.131,-36.7754],[175.1312,-36.7749],[175.1307,-36.7735],[175.1313,-36.7729],[175.1324,-36.7729],[175.1342,-36.7745],[175.136,-36.773],[175.1398,-36.7715],[175.1407,-36.7703],[175.1398,-36.7699],[175.1368,-36.7713],[175.1355,-36.7713],[175.1337,-36.7719],[175.1316,-36.7713],[175.13,-36.7714],[175.1283,-36.7726],[175.1274,-36.7741],[175.1268,-36.7745],[175.1241,-36.7754],[175.1217,-36.7771],[175.1203,-36.7774],[175.1191,-36.7771],[175.117,-36.7753],[175.1151,-36.7748],[175.1149,-36.7735]]]}},{"type":"Feature","properties":{},"geometry":{"type":"Polygon","coordinates":[[[174.2789,-36.4922],[174.2768,-36.4918],[174.2742,-36.4925],[174.2699,-36.4926],[174.2687,-36.4922],[174.2678,-36.4906],[174.267,-36.4903],[174.2648,-36.4905],[174.2642,-36.4908],[174.2637,-36.4916],[174.264,-36.492],[174.266,-36.4925],[174.267,-36.4936],[174.2696,-36.4954],[174.2741,-36.4956],[174.2746,-36.496],[174.2759,-36.4951],[174.2781,-36.4925],[174.2787,-36.4926],[174.2783,-36.4926],[174.2776,-36.4939],[174.2785,-36.4933],[174.2789,-36.4922]]]}},{"type":"Feature","properties":{},"geometry":{"type":"Polygon","coordinates":[[[174.8435,-37.2332],[174.847,-37.2331],[174.8468,-37.2325],[174.8472,-37.2307],[174.8462,-37.2291],[174.8462,-37.2283],[174.847,-37.2258],[174.8469,-37.2253],[174.8463,-37.2251],[174.8442,-37.2253],[174.8399,-37.2251],[174.8357,-37.2232],[174.8339,-37.2231],[174.8305,-37.222],[174.8276,-37.2217],[174.8212,-37.2195],[174.8189,-37.2182],[174.8182,-37.2185],[174.8179,-37.2198],[174.8183,-37.2206],[174.8215,-37.2218],[174.8282,-37.2233],[174.8306,-37.2247],[174.8313,-37.2264],[174.8313,-37.2286],[174.8318,-37.2291],[174.8341,-37.23],[174.8357,-37.232],[174.8401,-37.2338],[174.8435,-37.2332]]]}},{"type":"Feature","properties":{},"geometry":{"type":"Polygon","coordinates":[[[175.0139,-36.967],[175.0131,-36.9674],[175.0123,-36.9683],[175.0095,-36.9699],[175.0085,-36.971],[175.0066,-36.9711],[175.0052,-36.9715],[175.0042,-36.973],[175.004,-36.9746],[175.0018,-36.9768],[175.002,-36.9776],[175.0013,-36.9786],[174.9985,-36.979],[174.9968,-36.9802],[174.9961,-36.981],[174.9951,-36.9814],[174.9936,-36.9807],[174.993,-36.9808],[174.9915,-36.982],[174.9909,-36.983],[174.99,-36.9838],[174.9878,-36.9845],[174.9871,-36.9864],[174.9898,-36.9869],[174.9905,-36.9875],[174.9916,-36.9925],[174.9932,-36.9905],[174.9926,-36.9885],[174.9934,-36.9876],[174.9952,-36.9868],[174.9945,-36.9846],[174.9965,-36.9821],[175.0001,-36.9813],[175.0006,-36.9803],[175.0021,-36.9793],[175.0072,-36.9769],[175.0073,-36.9761],[175.0065,-36.9752],[175.0065,-36.9746],[175.0073,-36.9739],[175.0111,-36.9733],[175.0134,-36.9721],[175.0168,-36.9723],[175.0181,-36.9716],[175.0185,-36.9705],[175.0137,-36.9712],[175.0128,-36.9707],[175.013,-36.9696],[175.0142,-36.9683],[175.0139,-36.967]]]}},{"type":"Feature","properties":{},"geometry":{"type":"Polygon","coordinates":[[[174.5684,-36.9885],[174.5681,-36.9894],[174.5662,-36.9887],[174.5667,-36.9962],[174.5674,-36.9991],[174.571,-36.9997],[174.5725,-37.0014],[174.5725,-37.0018],[174.5721,-37.0021],[174.5727,-37.002],[174.5732,-37.0018],[174.5736,-37.001],[174.5732,-36.9994],[174.571,-36.9973],[174.5711,-36.9955],[174.5686,-36.9941],[174.5695,-36.9921],[174.569,-36.9895],[174.5684,-36.9885]]]}},{"type":"Feature","properties":{},"geometry":{"type":"Polygon","coordinates":[[[174.5461,-37.0668],[174.5447,-37.0667],[174.5433,-37.0672],[174.5397,-37.0675],[174.5396,-37.0689],[174.5402,-37.0704],[174.5399,-37.0728],[174.54,-37.0734],[174.5408,-37.0739],[174.5402,-37.0749],[174.5404,-37.0757],[174.5412,-37.0775],[174.5424,-37.0782],[174.5443,-37.0819],[174.5492,-37.0819],[174.5491,-37.0827],[174.5484,-37.0834],[174.5488,-37.0845],[174.5464,-37.0846],[174.5459,-37.085],[174.5461,-37.0859],[174.5483,-37.0866],[174.5479,-37.088],[174.5484,-37.0889],[174.5494,-37.0892],[174.5509,-37.0885],[174.5525,-37.0884],[174.5546,-37.0895],[174.5558,-37.0892],[174.5568,-37.0885],[174.557,-37.0879],[174.5568,-37.0861],[174.5564,-37.0854],[174.5558,-37.0849],[174.5534,-37.0842],[174.552,-37.0831],[174.5518,-37.0824],[174.5531,-37.0807],[174.5518,-37.0803],[174.5475,-37.0804],[174.5466,-37.08],[174.5462,-37.0793],[174.547,-37.0786],[174.5521,-37.078],[174.5549,-37.0764],[174.5554,-37.0759],[174.5553,-37.0755],[174.5521,-37.0767],[174.5501,-37.077],[174.549,-37.0758],[174.547,-37.076],[174.5467,-37.0752],[174.5478,-37.0743],[174.5466,-37.0719],[174.547,-37.071],[174.548,-37.0703],[174.5482,-37.0698],[174.5476,-37.0678],[174.5461,-37.0668]]]}},{"type":"Feature","properties":{},"geometry":{"type":"Polygon","coordinates":[[[174.5579,-37.1029],[174.5589,-37.1026],[174.5596,-37.1013],[174.5606,-37.1006],[174.5601,-37.0986],[174.5572,-37.099],[174.5559,-37.0997],[174.5572,-37.1024],[174.5579,-37.1029]]]}},{"type":"Feature","properties":{},"geometry":{"type":"Polygon","coordinates":[[[174.7242,-36.8665],[174.728,-36.8672],[174.7282,-36.8679],[174.7273,-36.8688],[174.7298,-36.8695],[174.732,-36.8696],[174.7348,-36.8691],[174.7402,-36.8694],[174.7411,-36.8693],[174.7417,-36.8688],[174.7414,-36.8685],[174.7385,-36.8681],[174.7344,-36.8665],[174.7317,-36.8669],[174.7307,-36.8666],[174.7269,-36.8638],[174.7259,-36.8639],[174.7243,-36.8648],[174.7258,-36.8658],[174.726,-36.8663],[174.7242,-36.8665]]]}},{"type":"Feature","properties":{},"geometry":{"type":"Polygon","coordinates":[[[175.2426,-36.9577],[175.2346,-36.9638],[175.231,-36.9659],[175.2295,-36.9679],[175.2266,-36.9687],[175.2256,-36.9701],[175.2235,-36.9754],[175.2191,-36.9785],[175.2168,-36.9812],[175.2122,-36.9835],[175.2114,-36.9835],[175.2076,-36.9823],[175.2056,-36.9829],[175.2025,-36.9846],[175.2018,-36.9847],[175.1979,-36.9835],[175.1966,-36.9835],[175.1894,-36.9861],[175.1868,-36.9855],[175.1858,-36.9849],[175.1841,-36.9834],[175.1828,-36.9817],[175.1805,-36.9807],[175.1793,-36.9791],[175.1788,-36.9788],[175.1746,-36.9786],[175.1734,-36.9789],[175.1733,-36.9797],[175.1753,-36.9806],[175.1765,-36.9816],[175.1761,-36.9825],[175.1737,-36.984],[175.1733,-36.9846],[175.1732,-36.9851],[175.1736,-36.9858],[175.1741,-36.9858],[175.1759,-36.9847],[175.177,-36.9845],[175.1783,-36.9849],[175.1796,-36.9859],[175.1817,-36.9865],[175.1841,-36.9866],[175.1851,-36.9871],[175.185,-36.9877],[175.1843,-36.9884],[175.1833,-36.9906],[175.1824,-36.9938],[175.1817,-36.9989],[175.1822,-37.002],[175.1827,-37.0023],[175.1849,-37.0021],[175.1844,-37.0005],[175.1852,-36.9964],[175.1859,-36.9945],[175.1871,-36.9935],[175.1889,-36.991],[175.189,-36.9886],[175.1892,-36.988],[175.1902,-36.9872],[175.1947,-36.9868],[175.1964,-36.9871],[175.1967,-36.9878],[175.1967,-36.9903],[175.1968,-36.9909],[175.1974,-36.9909],[175.1982,-36.9906],[175.1995,-36.988],[175.2006,-36.9868],[175.2015,-36.9863],[175.2044,-36.9867],[175.2065,-36.9864],[175.2087,-36.9866],[175.21,-36.9861],[175.2123,-36.9864],[175.2146,-36.9848],[175.2179,-36.9858],[175.2196,-36.9857],[175.2225,-36.9843],[175.2242,-36.9822],[175.2257,-36.9814],[175.2282,-36.9779],[175.2293,-36.9755],[175.2306,-36.9745],[175.2342,-36.9731],[175.2364,-36.9684],[175.237,-36.9678],[175.2382,-36.9675],[175.2424,-36.9696],[175.2437,-36.9693],[175.2442,-36.9688],[175.2444,-36.9665],[175.246,-36.9645],[175.2454,-36.9625],[175.2471,-36.9606],[175.2469,-36.9586],[175.2474,-36.9575],[175.2471,-36.9575],[175.2469,-36.9582],[175.2426,-36.9577]]]}},{"type":"Feature","properties":{},"geometry":{"type":"Polygon","coordinates":[[[174.7714,-36.7697],[174.7688,-36.7675],[174.7665,-36.7642],[174.7655,-36.7643],[174.7622,-36.7658],[174.7616,-36.7668],[174.7623,-36.7675],[174.7646,-36.7678],[174.7659,-36.7687],[174.7657,-36.7694],[174.7642,-36.7707],[174.7648,-36.7713],[174.7681,-36.7714],[174.7695,-36.7711],[174.7714,-36.7697]]]}},{"type":"Feature","properties":{},"geometry":{"type":"Polygon","coordinates":[[[174.7132,-36.5344],[174.7132,-36.5329],[174.7145,-36.5273],[174.7131,-36.5266],[174.7115,-36.5264],[174.7113,-36.5269],[174.7117,-36.5275],[174.7117,-36.5299],[174.7103,-36.5314],[174.7066,-36.5339],[174.7025,-36.531],[174.7017,-36.5293],[174.7,-36.5287],[174.6997,-36.5308],[174.6985,-36.5327],[174.699,-36.5329],[174.7012,-36.5325],[174.7017,-36.5327],[174.7027,-36.5339],[174.7033,-36.5357],[174.7038,-36.5362],[174.7065,-36.5358],[174.7093,-36.5345],[174.7106,-36.5342],[174.7132,-36.5344]]]}},{"type":"Feature","properties":{},"geometry":{"type":"Polygon","coordinates":[[[174.5939,-36.8212],[174.5931,-36.8201],[174.5924,-36.8174],[174.5906,-36.8157],[174.5898,-36.8138],[174.5888,-36.8126],[174.588,-36.8124],[174.5875,-36.8127],[174.5874,-36.8138],[174.5879,-36.8153],[174.5876,-36.8169],[174.5891,-36.819],[174.5891,-36.8204],[174.5937,-36.8223],[174.5941,-36.822],[174.5939,-36.8212]]]}},{"type":"Feature","properties":{},"geometry":{"type":"Polygon","coordinates":[[[174.6589,-37.143],[174.6579,-37.1437],[174.6557,-37.1445],[174.6551,-37.1444],[174.6539,-37.1451],[174.6513,-37.145],[174.6504,-37.1457],[174.6489,-37.146],[174.6503,-37.1456],[174.6512,-37.1449],[174.6531,-37.1451],[174.6543,-37.1449],[174.6542,-37.1441],[174.6548,-37.144],[174.6544,-37.1436],[174.6568,-37.1428],[174.6564,-37.1426],[174.6565,-37.1416],[174.6556,-37.1419],[174.6534,-37.1439],[174.647,-37.146],[174.6447,-37.1482],[174.6393,-37.1471],[174.6378,-37.1475],[174.6334,-37.1477],[174.6321,-37.1479],[174.63,-37.1492],[174.6294,-37.1501],[174.6301,-37.1504],[174.633,-37.1498],[174.6358,-37.1502],[174.6375,-37.15],[174.6385,-37.1505],[174.6441,-37.1503],[174.6446,-37.1506],[174.643,-37.1533],[174.6433,-37.1538],[174.6448,-37.1537],[174.6459,-37.1528],[174.6471,-37.1509],[174.6485,-37.1481],[174.6496,-37.1472],[174.6579,-37.1451],[174.6586,-37.1444],[174.6589,-37.143]]]}},{"type":"Feature","properties":{},"geometry":{"type":"Polygon","coordinates":[[[174.6355,-36.8933],[174.6339,-36.8929],[174.633,-36.8931],[174.632,-36.8939],[174.63,-36.8972],[174.6305,-36.8976],[174.6318,-36.8974],[174.6336,-36.8979],[174.6344,-36.894],[174.6355,-36.8933]]]}},{"type":"Feature","properties":{},"geometry":{"type":"Polygon","coordinates":[[[175.1458,-36.7651],[175.1475,-36.7654],[175.151,-36.7643],[175.1515,-36.7638],[175.1496,-36.7623],[175.1494,-36.7626],[175.1497,-36.763],[175.1493,-36.7634],[175.1458,-36.7651]]]}},{"type":"Feature","properties":{},"geometry":{"type":"Polygon","coordinates":[[[174.3625,-36.5821],[174.3627,-36.5798],[174.36,-36.5791],[174.3596,-36.5802],[174.3588,-36.5811],[174.3589,-36.5818],[174.3603,-36.5817],[174.3612,-36.5806],[174.3621,-36.5805],[174.3625,-36.5809],[174.3618,-36.5821],[174.3625,-36.5821]]]}},{"type":"Feature","properties":{},"geometry":{"type":"Polygon","coordinates":[[[174.4115,-36.2847],[174.4144,-36.2862],[174.4158,-36.285],[174.4161,-36.2846],[174.4151,-36.2855],[174.414,-36.2852],[174.4148,-36.2845],[174.4145,-36.2841],[174.4153,-36.2835],[174.415,-36.2828],[174.4155,-36.2818],[174.415,-36.2796],[174.4138,-36.2802],[174.4134,-36.2828],[174.4115,-36.2847]]]}},{"type":"Feature","properties":{},"geometry":{"type":"Polygon","coordinates":[[[174.7391,-36.817],[174.7391,-36.8167],[174.7418,-36.8165],[174.7419,-36.8153],[174.7416,-36.8138],[174.7408,-36.8138],[174.7391,-36.8147],[174.7383,-36.8147],[174.7362,-36.8133],[174.7337,-36.813],[174.7334,-36.8134],[174.736,-36.8152],[174.7383,-36.8159],[174.7391,-36.817]]]}},{"type":"Feature","properties":{},"geometry":{"type":"Polygon","coordinates":[[[174.8927,-36.8323],[174.8926,-36.8355],[174.8949,-36.8353],[174.895,-36.8349],[174.8962,-36.8343],[174.8964,-36.8331],[174.8969,-36.8327],[174.8945,-36.8329],[174.8927,-36.8323]]]}},{"type":"Feature","properties":{},"geometry":{"type":"Polygon","coordinates":[[[174.925,-36.9055],[174.9286,-36.9027],[174.929,-36.9002],[174.9304,-36.8983],[174.9299,-36.8974],[174.9287,-36.897],[174.9258,-36.8988],[174.9257,-36.9006],[174.9243,-36.9024],[174.9238,-36.9038],[174.9243,-36.9053],[174.925,-36.9055]]]}},{"type":"Feature","properties":{},"geometry":{"type":"Polygon","coordinates":[[[174.4664,-36.8861],[174.4645,-36.8858],[174.4642,-36.885],[174.465,-36.8838],[174.4651,-36.8828],[174.4656,-36.882],[174.4682,-36.8809],[174.4682,-36.8793],[174.4678,-36.8791],[174.4649,-36.8797],[174.4597,-36.8831],[174.4565,-36.8831],[174.454,-36.8839],[174.4529,-36.8838],[174.4512,-36.8831],[174.451,-36.8828],[174.4513,-36.8806],[174.4523,-36.8788],[174.45,-36.8772],[174.4505,-36.8764],[174.4533,-36.8767],[174.4564,-36.8761],[174.459,-36.8746],[174.4619,-36.8736],[174.4625,-36.873],[174.4627,-36.8711],[174.4631,-36.8706],[174.4642,-36.8707],[174.4652,-36.872],[174.466,-36.8722],[174.4688,-36.8713],[174.4722,-36.8718],[174.4751,-36.8705],[174.4791,-36.8702],[174.4832,-36.869],[174.4857,-36.8671],[174.4877,-36.8672],[174.4961,-36.8691],[174.5005,-36.8678],[174.5076,-36.8672],[174.5059,-36.8667],[174.5055,-36.866],[174.5047,-36.8658],[174.5007,-36.8668],[174.4986,-36.8667],[174.4955,-36.8674],[174.4936,-36.8672],[174.492,-36.8668],[174.4906,-36.8656],[174.488,-36.865],[174.4845,-36.8657],[174.483,-36.8673],[174.4802,-36.8688],[174.4752,-36.8689],[174.472,-36.8702],[174.4695,-36.87],[174.4653,-36.868],[174.4612,-36.8683],[174.4585,-36.8701],[174.456,-36.8727],[174.4546,-36.8724],[174.4543,-36.8718],[174.4539,-36.8696],[174.4514,-36.8694],[174.451,-36.8691],[174.4517,-36.867],[174.4519,-36.8648],[174.4515,-36.8646],[174.4498,-36.8663],[174.4473,-36.8659],[174.4465,-36.8665],[174.4466,-36.8671],[174.4476,-36.8688],[174.4461,-36.8704],[174.448,-36.8701],[174.4497,-36.8704],[174.4514,-36.8722],[174.4519,-36.8735],[174.4473,-36.8748],[174.4465,-36.8756],[174.4462,-36.8768],[174.4465,-36.8806],[174.4476,-36.8828],[174.4493,-36.8842],[174.4494,-36.8854],[174.4491,-36.887],[174.4487,-36.8879],[174.4479,-36.8888],[174.4455,-36.8907],[174.4468,-36.8902],[174.4481,-36.8902],[174.4462,-36.8916],[174.445,-36.8917],[174.4447,-36.8923],[174.4459,-36.8959],[174.4459,-36.8971],[174.4476,-36.9006],[174.4503,-36.9005],[174.4511,-36.8996],[174.4508,-36.8975],[174.4513,-36.8966],[174.4539,-36.8965],[174.4547,-36.8962],[174.4566,-36.8948],[174.4578,-36.8929],[174.4609,-36.891],[174.4611,-36.8905],[174.4601,-36.8893],[174.4596,-36.8892],[174.4561,-36.8912],[174.4547,-36.8911],[174.4547,-36.8901],[174.4556,-36.8888],[174.4576,-36.8878],[174.4597,-36.8873],[174.4653,-36.888],[174.4655,-36.8869],[174.4664,-36.8861]]]}},{"type":"Feature","properties":{},"geometry":{"type":"Polygon","coordinates":[[[175.0691,-36.786],[175.071,-36.7868],[175.0758,-36.7871],[175.0691,-36.786]]]}},{"type":"Feature","properties":{},"geometry":{"type":"Polygon","coordinates":[[[175.1025,-37.0984],[175.1019,-37.0965],[175.0998,-37.0954],[175.0997,-37.0933],[175.0984,-37.0919],[175.0968,-37.0915],[175.096,-37.0916],[175.0945,-37.0929],[175.0929,-37.0933],[175.092,-37.0926],[175.0917,-37.0909],[175.0927,-37.0896],[175.0946,-37.0883],[175.0946,-37.088],[175.0925,-37.0857],[175.0923,-37.0842],[175.0926,-37.0824],[175.092,-37.0814],[175.0891,-37.0804],[175.0877,-37.0806],[175.0872,-37.0803],[175.0873,-37.0795],[175.0894,-37.0789],[175.0904,-37.0756],[175.0906,-37.0737],[175.0902,-37.0734],[175.0891,-37.0734],[175.0885,-37.0738],[175.0877,-37.0759],[175.0871,-37.0764],[175.0853,-37.077],[175.0818,-37.0794],[175.0793,-37.0804],[175.0786,-37.0809],[175.0785,-37.0817],[175.079,-37.0824],[175.0824,-37.0831],[175.0842,-37.085],[175.0844,-37.0854],[175.0841,-37.0879],[175.085,-37.0899],[175.0886,-37.0897],[175.0899,-37.0901],[175.0901,-37.0909],[175.0894,-37.092],[175.0895,-37.0928],[175.0889,-37.0933],[175.0903,-37.0944],[175.0905,-37.0953],[175.0897,-37.0974],[175.0883,-37.0991],[175.0864,-37.0996],[175.0852,-37.0995],[175.0846,-37.1016],[175.0815,-37.1023],[175.0798,-37.1036],[175.0796,-37.1045],[175.0805,-37.1051],[175.0826,-37.1049],[175.0843,-37.1033],[175.0871,-37.1027],[175.0888,-37.1012],[175.0898,-37.1012],[175.0928,-37.102],[175.0937,-37.1036],[175.0953,-37.1048],[175.0962,-37.1063],[175.1003,-37.1099],[175.101,-37.1129],[175.102,-37.1156],[175.1057,-37.1157],[175.1076,-37.1167],[175.1096,-37.1204],[175.1113,-37.1216],[175.1137,-37.1246],[175.1162,-37.1267],[175.1167,-37.1278],[175.116,-37.1297],[175.1182,-37.1335],[175.1176,-37.1355],[175.119,-37.1377],[175.1211,-37.1377],[175.1229,-37.1382],[175.126,-37.1421],[175.1277,-37.1432],[175.1289,-37.1454],[175.1322,-37.146],[175.1344,-37.1481],[175.1356,-37.1501],[175.1362,-37.1502],[175.1367,-37.1497],[175.137,-37.1484],[175.1368,-37.1479],[175.1349,-37.1464],[175.135,-37.1454],[175.1356,-37.1447],[175.1299,-37.1431],[175.1288,-37.1424],[175.1261,-37.1397],[175.1257,-37.1387],[175.1264,-37.1382],[175.1356,-37.1427],[175.1369,-37.1426],[175.1376,-37.1413],[175.1368,-37.1406],[175.1345,-37.14],[175.1335,-37.1386],[175.1316,-37.138],[175.1307,-37.1373],[175.1296,-37.1373],[175.1294,-37.1369],[175.13,-37.1361],[175.1299,-37.1356],[175.1274,-37.1357],[175.126,-37.1351],[175.1252,-37.1351],[175.1238,-37.1342],[175.121,-37.1333],[175.1196,-37.1319],[175.119,-37.1301],[175.1189,-37.1293],[175.1195,-37.128],[175.1253,-37.1274],[175.1332,-37.1305],[175.1345,-37.1304],[175.1349,-37.1301],[175.1336,-37.1289],[175.1335,-37.1285],[175.1345,-37.1269],[175.1343,-37.1265],[175.1332,-37.1263],[175.1305,-37.1274],[175.1292,-37.1272],[175.1254,-37.1249],[175.1198,-37.1234],[175.116,-37.1217],[175.1149,-37.1211],[175.1142,-37.1202],[175.1146,-37.1186],[175.1163,-37.117],[175.1173,-37.1165],[175.1205,-37.1159],[175.123,-37.1162],[175.1256,-37.118],[175.1287,-37.1193],[175.1307,-37.1193],[175.1312,-37.119],[175.1312,-37.1186],[175.1282,-37.1174],[175.1259,-37.116],[175.1248,-37.1146],[175.1247,-37.114],[175.1255,-37.1131],[175.1255,-37.1127],[175.1248,-37.1123],[175.1197,-37.1147],[175.117,-37.1145],[175.1144,-37.1138],[175.1135,-37.1143],[175.1127,-37.1156],[175.1121,-37.1156],[175.1112,-37.1163],[175.1102,-37.1161],[175.11,-37.1148],[175.1088,-37.1137],[175.106,-37.1136],[175.1036,-37.1127],[175.1027,-37.1111],[175.102,-37.1086],[175.1004,-37.1068],[175.1008,-37.1036],[175.1026,-37.1026],[175.1007,-37.1013],[175.1002,-37.1005],[175.1002,-37.0996],[175.1025,-37.0984]]]}},{"type":"Feature","properties":{},"geometry":{"type":"Polygon","coordinates":[[[174.6811,-36.6043],[174.6821,-36.6033],[174.6821,-36.6029],[174.6817,-36.6026],[174.6802,-36.6032],[174.6805,-36.6039],[174.6811,-36.6043]]]}},{"type":"Feature","properties":{},"geometry":{"type":"Polygon","coordinates":[[[174.7329,-36.3669],[174.7343,-36.3662],[174.7354,-36.3643],[174.737,-36.3638],[174.7376,-36.3632],[174.7371,-36.3614],[174.7348,-36.3608],[174.7341,-36.3603],[174.734,-36.3594],[174.7351,-36.3551],[174.7347,-36.3547],[174.7334,-36.355],[174.7318,-36.3548],[174.7316,-36.3567],[174.7309,-36.3584],[174.7297,-36.3593],[174.7291,-36.3593],[174.7283,-36.3588],[174.7291,-36.3607],[174.7302,-36.3615],[174.7304,-36.3611],[174.7313,-36.3607],[174.7313,-36.361],[174.7312,-36.3606],[174.7318,-36.3597],[174.7317,-36.3618],[174.7313,-36.362],[174.7314,-36.3639],[174.7317,-36.364],[174.7321,-36.365],[174.7327,-36.3651],[174.7329,-36.3655],[174.7338,-36.365],[174.7342,-36.3653],[174.7333,-36.3661],[174.7329,-36.3669]]]}},{"type":"Feature","properties":{},"geometry":{"type":"Polygon","coordinates":[[[174.452,-36.8396],[174.4529,-36.835],[174.4539,-36.8334],[174.4498,-36.8348],[174.449,-36.8353],[174.4484,-36.8358],[174.4472,-36.838],[174.4474,-36.8387],[174.4493,-36.8403],[174.4511,-36.8397],[174.4518,-36.8399],[174.452,-36.8396]]]}},{"type":"Feature","properties":{},"geometry":{"type":"Polygon","coordinates":[[[174.5941,-36.8608],[174.5963,-36.8616],[174.597,-36.8612],[174.5991,-36.8586],[174.6027,-36.8561],[174.6047,-36.856],[174.6093,-36.858],[174.6089,-36.8574],[174.6091,-36.8566],[174.6063,-36.8553],[174.6049,-36.8531],[174.6035,-36.8518],[174.6,-36.8525],[174.5996,-36.8529],[174.6,-36.8531],[174.6013,-36.8533],[174.6017,-36.8539],[174.6015,-36.8547],[174.5999,-36.8561],[174.5976,-36.8572],[174.5952,-36.8603],[174.5941,-36.8608]]]}},{"type":"Feature","properties":{},"geometry":{"type":"Polygon","coordinates":[[[175.157,-36.7848],[175.1557,-36.7808],[175.1541,-36.7794],[175.1525,-36.7792],[175.1521,-36.7799],[175.1533,-36.7815],[175.1536,-36.7828],[175.1531,-36.7844],[175.1514,-36.787],[175.1513,-36.7876],[175.1515,-36.7886],[175.1533,-36.7894],[175.1547,-36.7895],[175.1548,-36.7867],[175.1555,-36.7851],[175.1562,-36.7845],[175.1559,-36.7844],[175.1553,-36.7851],[175.1543,-36.7854],[175.1539,-36.7859],[175.1537,-36.7857],[175.154,-36.7852],[175.1537,-36.7847],[175.1544,-36.7842],[175.1561,-36.7841],[175.1566,-36.7849],[175.157,-36.7848]]]}},{"type":"Feature","properties":{},"geometry":{"type":"Polygon","coordinates":[[[175.4901,-36.2588],[175.4893,-36.2588],[175.4863,-36.2602],[175.4846,-36.2616],[175.4844,-36.2623],[175.4848,-36.2639],[175.4839,-36.2652],[175.4837,-36.2669],[175.4813,-36.2693],[175.4782,-36.2699],[175.4783,-36.2712],[175.4787,-36.2716],[175.4819,-36.2716],[175.4863,-36.2697],[175.4878,-36.2683],[175.4886,-36.2682],[175.4894,-36.2686],[175.4899,-36.2692],[175.4901,-36.2718],[175.4908,-36.2718],[175.4918,-36.2701],[175.4926,-36.2695],[175.4934,-36.2695],[175.4947,-36.2702],[175.496,-36.2703],[175.4969,-36.2714],[175.4992,-36.2717],[175.4999,-36.2726],[175.5002,-36.2741],[175.5026,-36.2767],[175.5048,-36.278],[175.5063,-36.2781],[175.5066,-36.2775],[175.5053,-36.2755],[175.5052,-36.2749],[175.5061,-36.2727],[175.5063,-36.2716],[175.5063,-36.2708],[175.5053,-36.2687],[175.5042,-36.2692],[175.4997,-36.2687],[175.496,-36.2674],[175.4937,-36.266],[175.4913,-36.264],[175.4898,-36.2615],[175.4893,-36.2602],[175.4899,-36.2599],[175.4901,-36.2588]]]}},{"type":"Feature","properties":{},"geometry":{"type":"Polygon","coordinates":[[[174.8196,-36.6148],[174.8226,-36.6142],[174.8251,-36.6142],[174.8284,-36.6155],[174.829,-36.6155],[174.8306,-36.6165],[174.8306,-36.6168],[174.8312,-36.6154],[174.8327,-36.6147],[174.8332,-36.6136],[174.834,-36.613],[174.834,-36.6124],[174.8336,-36.612],[174.8316,-36.612],[174.8302,-36.6128],[174.8291,-36.614],[174.8282,-36.6143],[174.8262,-36.6135],[174.8236,-36.6109],[174.8225,-36.6113],[174.8208,-36.6135],[174.8196,-36.6143],[174.8196,-36.6148]]]}},{"type":"Feature","properties":{},"geometry":{"type":"Polygon","coordinates":[[[174.8953,-36.942],[174.8969,-36.9426],[174.8978,-36.9425],[174.9005,-36.9413],[174.901,-36.9402],[174.9002,-36.9389],[174.8992,-36.9384],[174.8978,-36.9382],[174.8972,-36.9387],[174.897,-36.9402],[174.8953,-36.9412],[174.8953,-36.942]]]}},{"type":"Feature","properties":{},"geometry":{"type":"Polygon","coordinates":[[[174.6245,-36.853],[174.6242,-36.8511],[174.6231,-36.8514],[174.6215,-36.8536],[174.6211,-36.8535],[174.6189,-36.8552],[174.6168,-36.8557],[174.6167,-36.8562],[174.6167,-36.8557],[174.6149,-36.8578],[174.6157,-36.8581],[174.6178,-36.8581],[174.621,-36.8571],[174.6231,-36.8559],[174.6233,-36.8555],[174.6226,-36.8558],[174.6225,-36.8562],[174.6226,-36.8558],[174.6238,-36.8547],[174.6245,-36.853]]]}},{"type":"Feature","properties":{},"geometry":{"type":"Polygon","coordinates":[[[175.4233,-36.1471],[175.4189,-36.1493],[175.4176,-36.1521],[175.4142,-36.156],[175.4154,-36.1562],[175.42,-36.1548],[175.4214,-36.1517],[175.4244,-36.1503],[175.4255,-36.1484],[175.4255,-36.1481],[175.4253,-36.1485],[175.4245,-36.1484],[175.4233,-36.1471]]]}},{"type":"Feature","properties":{},"geometry":{"type":"Polygon","coordinates":[[[174.5399,-36.3502],[174.5345,-36.348],[174.5336,-36.3479],[174.5328,-36.3486],[174.5346,-36.3538],[174.5359,-36.3535],[174.5358,-36.3509],[174.5361,-36.3505],[174.5367,-36.3504],[174.5397,-36.3513],[174.5405,-36.3508],[174.5399,-36.3502]]]}},{"type":"Feature","properties":{},"geometry":{"type":"Polygon","coordinates":[[[174.9049,-36.9849],[174.9068,-36.9838],[174.906,-36.9833],[174.905,-36.979],[174.8982,-36.97],[174.8963,-36.969],[174.8934,-36.9681],[174.8904,-36.9654],[174.8896,-36.9651],[174.8888,-36.9653],[174.8889,-36.9668],[174.8903,-36.9691],[174.8953,-36.9706],[174.8972,-36.9722],[174.9018,-36.9788],[174.9035,-36.9805],[174.9037,-36.9834],[174.9049,-36.9849]]]}},{"type":"Feature","properties":{},"geometry":{"type":"Polygon","coordinates":[[[174.753,-36.3188],[174.7455,-36.3188],[174.7451,-36.3192],[174.7455,-36.3197],[174.7487,-36.3207],[174.7487,-36.3196],[174.7478,-36.3193],[174.7503,-36.3195],[174.7513,-36.3209],[174.7523,-36.3204],[174.753,-36.3188]]]}},{"type":"Feature","properties":{},"geometry":{"type":"Polygon","coordinates":[[[174.8091,-37.0169],[174.815,-37.0179],[174.8172,-37.0174],[174.8148,-37.0171],[174.8168,-37.0167],[174.8152,-37.0147],[174.8143,-37.015],[174.8142,-37.0154],[174.8133,-37.0155],[174.8115,-37.0163],[174.8091,-37.0169]]]}},{"type":"Feature","properties":{},"geometry":{"type":"Polygon","coordinates":[[[175.2147,-36.9445],[175.2078,-36.9424],[175.2111,-36.946],[175.212,-36.9488],[175.2122,-36.9523],[175.2126,-36.9529],[175.2131,-36.9532],[175.2144,-36.9531],[175.2149,-36.952],[175.2145,-36.9482],[175.2139,-36.9466],[175.2147,-36.9445]]]}},{"type":"Feature","properties":{},"geometry":{"type":"Polygon","coordinates":[[[174.4548,-36.5671],[174.455,-36.5684],[174.4546,-36.5708],[174.4567,-36.573],[174.4574,-36.5731],[174.4579,-36.5728],[174.4594,-36.5696],[174.4599,-36.5692],[174.461,-36.5691],[174.4623,-36.5695],[174.4641,-36.5704],[174.4663,-36.5733],[174.4664,-36.5743],[174.4654,-36.577],[174.4667,-36.5794],[174.4675,-36.5792],[174.4685,-36.5774],[174.4707,-36.5782],[174.4714,-36.578],[174.471,-36.5766],[174.4693,-36.5742],[174.469,-36.5723],[174.4673,-36.5697],[174.4679,-36.5675],[174.4658,-36.5665],[174.4653,-36.5659],[174.465,-36.5639],[174.4634,-36.5605],[174.4629,-36.5583],[174.4621,-36.5572],[174.4611,-36.5585],[174.4582,-36.5611],[174.4575,-36.5624],[174.4558,-36.5631],[174.4549,-36.5638],[174.4548,-36.5671]]]}},{"type":"Feature","properties":{},"geometry":{"type":"Polygon","coordinates":[[[174.8637,-37.0952],[174.8641,-37.0972],[174.8639,-37.0988],[174.8643,-37.0994],[174.8642,-37.1002],[174.8655,-37.1019],[174.8671,-37.1029],[174.8662,-37.1032],[174.8659,-37.1045],[174.8666,-37.1058],[174.8665,-37.1065],[174.8679,-37.1084],[174.8682,-37.1094],[174.8689,-37.1098],[174.87,-37.1099],[174.8702,-37.1106],[174.8708,-37.1108],[174.8711,-37.1116],[174.8718,-37.1117],[174.87,-37.1119],[174.8703,-37.1114],[174.8697,-37.1107],[174.8678,-37.1097],[174.8675,-37.1088],[174.8664,-37.1075],[174.8665,-37.1068],[174.8658,-37.1058],[174.866,-37.1051],[174.8654,-37.1042],[174.8655,-37.1033],[174.863,-37.1047],[174.8698,-37.1122],[174.8701,-37.1129],[174.8699,-37.1136],[174.8681,-37.1156],[174.8679,-37.1163],[174.8694,-37.1177],[174.8695,-37.1195],[174.8701,-37.1195],[174.8714,-37.1178],[174.8727,-37.1176],[174.8711,-37.1154],[174.8711,-37.1148],[174.8726,-37.1131],[174.8748,-37.1125],[174.8699,-37.1096],[174.8674,-37.1066],[174.8672,-37.1047],[174.8674,-37.1032],[174.865,-37.0999],[174.8646,-37.0967],[174.8637,-37.0952]]]}},{"type":"Feature","properties":{},"geometry":{"type":"Polygon","coordinates":[[[174.3036,-36.376],[174.3004,-36.3743],[174.2993,-36.3745],[174.2991,-36.3752],[174.2995,-36.377],[174.3006,-36.3781],[174.3009,-36.378],[174.3007,-36.3774],[174.3009,-36.3761],[174.3005,-36.3754],[174.3008,-36.375],[174.3022,-36.3752],[174.3031,-36.3761],[174.3036,-36.376]]]}},{"type":"Feature","properties":{},"geometry":{"type":"Polygon","coordinates":[[[174.8565,-37.0389],[174.8576,-37.0405],[174.8577,-37.042],[174.8579,-37.0422],[174.857,-37.0437],[174.8589,-37.0432],[174.8595,-37.0426],[174.8593,-37.042],[174.8578,-37.0397],[174.8565,-37.0389]]]}},{"type":"Feature","properties":{},"geometry":{"type":"Polygon","coordinates":[[[174.3089,-36.3871],[174.3074,-36.3879],[174.3061,-36.3876],[174.3037,-36.3881],[174.3008,-36.3894],[174.302,-36.3896],[174.3064,-36.3891],[174.31,-36.3891],[174.3104,-36.3888],[174.3109,-36.3876],[174.3098,-36.3876],[174.3089,-36.3871]]]}},{"type":"Feature","properties":{},"geometry":{"type":"Polygon","coordinates":[[[174.985,-37.1353],[174.9854,-37.1351],[174.9853,-37.1335],[174.9842,-37.1267],[174.9833,-37.1236],[174.9822,-37.1221],[174.9804,-37.1157],[174.9784,-37.1171],[174.9782,-37.1181],[174.9801,-37.1204],[174.9827,-37.1255],[174.9826,-37.1269],[174.9822,-37.1286],[174.9831,-37.13],[174.9828,-37.1318],[174.9836,-37.1327],[174.9839,-37.1348],[174.9844,-37.1354],[174.985,-37.1353]]]}},{"type":"Feature","properties":{},"geometry":{"type":"Polygon","coordinates":[[[175.4802,-36.2068],[175.4799,-36.2052],[175.4796,-36.2067],[175.4798,-36.2069],[175.4802,-36.2068]]]}},{"type":"Feature","properties":{},"geometry":{"type":"Polygon","coordinates":[[[174.7793,-36.3535],[174.7804,-36.3538],[174.783,-36.3566],[174.7834,-36.3565],[174.785,-36.3549],[174.7869,-36.3547],[174.7884,-36.3554],[174.7905,-36.3557],[174.7908,-36.3572],[174.792,-36.3576],[174.7943,-36.3568],[174.7942,-36.3554],[174.7944,-36.3549],[174.7991,-36.353],[174.7986,-36.3524],[174.7979,-36.3522],[174.7944,-36.3526],[174.7925,-36.3524],[174.7926,-36.3519],[174.7921,-36.3513],[174.7916,-36.3514],[174.7886,-36.3503],[174.7865,-36.3485],[174.7844,-36.346],[174.7819,-36.3417],[174.7801,-36.3374],[174.7791,-36.3335],[174.7791,-36.3285],[174.78,-36.3228],[174.7799,-36.3216],[174.7791,-36.3213],[174.7782,-36.3216],[174.7745,-36.3265],[174.773,-36.3311],[174.7707,-36.3342],[174.7697,-36.3363],[174.7695,-36.341],[174.7704,-36.3433],[174.7718,-36.3445],[174.7721,-36.3464],[174.7739,-36.3479],[174.7749,-36.3501],[174.7768,-36.3511],[174.7789,-36.3528],[174.7812,-36.3536],[174.7827,-36.3537],[174.7815,-36.3539],[174.7793,-36.3535]]]}},{"type":"Feature","properties":{},"geometry":{"type":"Polygon","coordinates":[[[174.4456,-36.4306],[174.4467,-36.4268],[174.4457,-36.4253],[174.4443,-36.4246],[174.4428,-36.4267],[174.4399,-36.4289],[174.4344,-36.4312],[174.4337,-36.4312],[174.4347,-36.432],[174.4366,-36.4323],[174.4379,-36.4321],[174.4394,-36.4311],[174.4405,-36.4313],[174.4406,-36.4319],[174.4363,-36.4354],[174.4379,-36.4364],[174.4392,-36.4364],[174.4399,-36.4361],[174.4413,-36.4341],[174.4426,-36.4344],[174.4435,-36.4338],[174.4456,-36.4306]]]}},{"type":"Feature","properties":{},"geometry":{"type":"Polygon","coordinates":[[[174.6511,-37.0728],[174.6468,-37.0725],[174.642,-37.0706],[174.6376,-37.0708],[174.6358,-37.0698],[174.6346,-37.0687],[174.6342,-37.0689],[174.634,-37.0694],[174.6345,-37.0707],[174.6361,-37.0718],[174.637,-37.0721],[174.6394,-37.0718],[174.6411,-37.0721],[174.6433,-37.0728],[174.6447,-37.0737],[174.648,-37.073],[174.6482,-37.0734],[174.6511,-37.0728]]]}},{"type":"Feature","properties":{},"geometry":{"type":"Polygon","coordinates":[[[174.4358,-36.6212],[174.4356,-36.6205],[174.4351,-36.6204],[174.4333,-36.622],[174.4324,-36.6218],[174.4316,-36.6224],[174.4303,-36.6224],[174.4294,-36.6228],[174.4294,-36.6232],[174.4325,-36.6265],[174.4338,-36.6266],[174.4339,-36.6259],[174.4339,-36.6266],[174.437,-36.6269],[174.4371,-36.6272],[174.4368,-36.6293],[174.4349,-36.6293],[174.4352,-36.6302],[174.4369,-36.6329],[174.4371,-36.6344],[174.4354,-36.6344],[174.4353,-36.6348],[174.4372,-36.6369],[174.4389,-36.6376],[174.4384,-36.635],[174.4393,-36.6314],[174.4387,-36.6295],[174.4384,-36.626],[174.4369,-36.6244],[174.4358,-36.6212]]]}},{"type":"Feature","properties":{},"geometry":{"type":"Polygon","coordinates":[[[174.765,-36.953],[174.766,-36.9518],[174.767,-36.9513],[174.7672,-36.9497],[174.7666,-36.9492],[174.7646,-36.9483],[174.7639,-36.9487],[174.7628,-36.9499],[174.762,-36.9502],[174.7595,-36.9495],[174.7612,-36.9509],[174.7641,-36.9522],[174.765,-36.953]]]}},{"type":"Feature","properties":{},"geometry":{"type":"Polygon","coordinates":[[[174.9035,-36.8693],[174.9049,-36.8673],[174.9049,-36.8662],[174.9044,-36.8645],[174.9028,-36.8623],[174.9,-36.8597],[174.8993,-36.8609],[174.8992,-36.862],[174.9005,-36.8635],[174.9013,-36.865],[174.9028,-36.8662],[174.9035,-36.8693]]]}},{"type":"Feature","properties":{},"geometry":{"type":"Polygon","coordinates":[[[174.6801,-36.6031],[174.6801,-36.6029],[174.6816,-36.6022],[174.6825,-36.6021],[174.683,-36.5999],[174.6839,-36.5997],[174.6845,-36.5991],[174.6843,-36.5985],[174.6795,-36.5964],[174.676,-36.596],[174.6788,-36.5988],[174.6801,-36.6031]]]}},{"type":"Feature","properties":{},"geometry":{"type":"Polygon","coordinates":[[[174.4657,-36.8269],[174.4664,-36.8256],[174.4665,-36.824],[174.4656,-36.8207],[174.4655,-36.8213],[174.4647,-36.822],[174.4624,-36.8232],[174.4628,-36.8236],[174.4639,-36.8267],[174.4643,-36.8272],[174.4657,-36.8269]]]}},{"type":"Feature","properties":{},"geometry":{"type":"Polygon","coordinates":[[[174.7221,-37.1325],[174.7238,-37.1335],[174.7245,-37.1336],[174.7252,-37.1333],[174.7257,-37.1326],[174.7351,-37.1292],[174.7363,-37.129],[174.7384,-37.1297],[174.7397,-37.1296],[174.7409,-37.1283],[174.7468,-37.1271],[174.7482,-37.1257],[174.7489,-37.126],[174.75,-37.127],[174.7508,-37.1269],[174.7505,-37.125],[174.7509,-37.1241],[174.7539,-37.1209],[174.7556,-37.1177],[174.7572,-37.1157],[174.7608,-37.1129],[174.764,-37.1067],[174.7669,-37.102],[174.7671,-37.1013],[174.7727,-37.0955],[174.7748,-37.0939],[174.7762,-37.0936],[174.7778,-37.0944],[174.7815,-37.0977],[174.7823,-37.099],[174.7821,-37.1001],[174.7808,-37.1011],[174.7787,-37.1017],[174.7765,-37.1038],[174.7764,-37.1046],[174.7771,-37.1043],[174.7767,-37.1042],[174.7783,-37.1044],[174.7791,-37.1038],[174.7794,-37.1027],[174.7802,-37.1024],[174.7804,-37.1026],[174.7802,-37.1021],[174.7807,-37.1022],[174.7808,-37.1018],[174.7812,-37.1033],[174.7817,-37.1036],[174.7832,-37.1035],[174.7847,-37.102],[174.786,-37.1016],[174.7866,-37.101],[174.7862,-37.1008],[174.7868,-37.1008],[174.787,-37.1017],[174.7878,-37.1021],[174.7879,-37.1029],[174.7876,-37.1032],[174.7884,-37.1041],[174.7888,-37.1015],[174.7882,-37.1009],[174.7882,-37.1005],[174.7874,-37.1001],[174.7873,-37.0993],[174.7866,-37.0994],[174.7867,-37.0989],[174.7863,-37.0986],[174.7864,-37.098],[174.7859,-37.097],[174.7864,-37.0973],[174.7867,-37.0987],[174.7876,-37.0993],[174.7879,-37.1002],[174.7882,-37.1004],[174.7883,-37.099],[174.7852,-37.0942],[174.7852,-37.0933],[174.7859,-37.0928],[174.7856,-37.0938],[174.7871,-37.0947],[174.7878,-37.0944],[174.7874,-37.0948],[174.7887,-37.0957],[174.7891,-37.0956],[174.7894,-37.0948],[174.7891,-37.0959],[174.7885,-37.096],[174.79,-37.097],[174.7904,-37.0958],[174.7912,-37.0949],[174.7907,-37.0943],[174.7913,-37.0945],[174.7912,-37.0934],[174.7915,-37.0952],[174.7913,-37.0955],[174.7914,-37.0951],[174.7911,-37.0952],[174.7903,-37.0966],[174.7904,-37.0971],[174.7911,-37.0971],[174.7924,-37.0956],[174.7921,-37.093],[174.7915,-37.0915],[174.7903,-37.0907],[174.7862,-37.0896],[174.7764,-37.0892],[174.7731,-37.0901],[174.7702,-37.0919],[174.7671,-37.0955],[174.7662,-37.0976],[174.7657,-37.0979],[174.7646,-37.1],[174.7638,-37.1008],[174.7625,-37.1036],[174.761,-37.1056],[174.7599,-37.1062],[174.7596,-37.1077],[174.7583,-37.109],[174.7583,-37.1099],[174.7555,-37.1133],[174.7528,-37.1157],[174.7513,-37.1175],[174.7502,-37.1178],[174.7439,-37.1228],[174.7432,-37.1235],[174.7432,-37.1239],[174.7415,-37.1246],[174.7394,-37.1264],[174.7374,-37.1268],[174.7325,-37.1295],[174.7221,-37.1325]]]}},{"type":"Feature","properties":{},"geometry":{"type":"Polygon","coordinates":[[[174.7772,-36.8718],[174.7796,-36.869],[174.7797,-36.8681],[174.7792,-36.8676],[174.7779,-36.8668],[174.7757,-36.8662],[174.7737,-36.866],[174.7719,-36.8667],[174.7751,-36.8699],[174.776,-36.8721],[174.7766,-36.8722],[174.7772,-36.8718]]]}},{"type":"Feature","properties":{},"geometry":{"type":"Polygon","coordinates":[[[174.8626,-36.935],[174.8628,-36.9344],[174.8635,-36.9339],[174.8647,-36.9343],[174.8656,-36.9338],[174.8662,-36.9331],[174.8663,-36.9326],[174.8652,-36.9316],[174.8635,-36.9312],[174.862,-36.9311],[174.8595,-36.9318],[174.8626,-36.935]]]}},{"type":"Feature","properties":{},"geometry":{"type":"Polygon","coordinates":[[[174.8895,-37.0078],[174.8911,-37.0075],[174.8942,-37.0082],[174.8954,-37.007],[174.9012,-37.0073],[174.9041,-37.0058],[174.9004,-37.0051],[174.8985,-37.006],[174.8962,-37.006],[174.8938,-37.0049],[174.8878,-37.0032],[174.8854,-37.0016],[174.8848,-37.0006],[174.885,-36.9996],[174.8854,-36.9994],[174.891,-37.0004],[174.8907,-36.9996],[174.8897,-36.9989],[174.8885,-36.9969],[174.8873,-36.9964],[174.8851,-36.9964],[174.8818,-36.9953],[174.88,-36.9955],[174.8762,-36.9966],[174.874,-36.9964],[174.8734,-36.9958],[174.8729,-36.9918],[174.8721,-36.9905],[174.8693,-36.9894],[174.8679,-36.9872],[174.866,-36.9862],[174.8636,-36.984],[174.8623,-36.984],[174.8612,-36.9847],[174.8604,-36.986],[174.8605,-36.9867],[174.8634,-36.9896],[174.8641,-36.9905],[174.8644,-36.9916],[174.8642,-36.9923],[174.862,-36.9941],[174.8608,-36.9976],[174.8624,-36.9972],[174.8632,-36.9973],[174.8637,-36.9987],[174.8638,-37.0005],[174.8646,-37.0014],[174.8659,-37.0017],[174.8681,-37.0012],[174.8692,-37.0015],[174.8766,-36.9995],[174.8803,-36.9994],[174.8813,-37.0001],[174.8822,-37.0029],[174.8844,-37.0056],[174.8849,-37.0077],[174.8862,-37.0079],[174.8895,-37.0078]]]}},{"type":"Feature","properties":{},"geometry":{"type":"Polygon","coordinates":[[[174.6517,-36.7799],[174.6526,-36.7802],[174.6553,-36.7792],[174.6588,-36.7786],[174.6602,-36.7776],[174.6603,-36.7767],[174.6598,-36.7758],[174.6586,-36.7775],[174.654,-36.7785],[174.6521,-36.7794],[174.6517,-36.7799]]]}},{"type":"Feature","properties":{},"geometry":{"type":"Polygon","coordinates":[[[174.8079,-36.9307],[174.8058,-36.9277],[174.8049,-36.9271],[174.8018,-36.9267],[174.8008,-36.9274],[174.8004,-36.9298],[174.7999,-36.9311],[174.8064,-36.9312],[174.8079,-36.9307]]]}},{"type":"Feature","properties":{},"geometry":{"type":"Polygon","coordinates":[[[174.8846,-36.9544],[174.8842,-36.9551],[174.884,-36.9565],[174.8835,-36.9571],[174.8831,-36.9571],[174.8823,-36.9558],[174.8809,-36.9557],[174.8794,-36.957],[174.8783,-36.9586],[174.8778,-36.9608],[174.8781,-36.9644],[174.8801,-36.9657],[174.8803,-36.9675],[174.8798,-36.9689],[174.8774,-36.9699],[174.8771,-36.9709],[174.8785,-36.9723],[174.881,-36.9729],[174.8823,-36.9725],[174.8834,-36.9731],[174.8853,-36.9746],[174.8872,-36.9775],[174.8891,-36.9791],[174.8922,-36.9794],[174.8947,-36.981],[174.8976,-36.9818],[174.8994,-36.982],[174.9002,-36.9818],[174.9005,-36.9811],[174.9001,-36.9805],[174.8962,-36.9786],[174.8935,-36.9766],[174.8904,-36.976],[174.8889,-36.9753],[174.8881,-36.9744],[174.8872,-36.9728],[174.8839,-36.9709],[174.8827,-36.9698],[174.8822,-36.9684],[174.8824,-36.9659],[174.8839,-36.9645],[174.8843,-36.9634],[174.8838,-36.9624],[174.8834,-36.9623],[174.8816,-36.9627],[174.8807,-36.9625],[174.8808,-36.9615],[174.8818,-36.9603],[174.884,-36.9589],[174.8861,-36.957],[174.8869,-36.9567],[174.8891,-36.957],[174.8896,-36.9568],[174.8897,-36.9563],[174.8894,-36.9556],[174.8873,-36.955],[174.8858,-36.9541],[174.8846,-36.9544]]]}},{"type":"Feature","properties":{},"geometry":{"type":"Polygon","coordinates":[[[174.6386,-36.3488],[174.6384,-36.3471],[174.6376,-36.3466],[174.6371,-36.3466],[174.6332,-36.3481],[174.6321,-36.3501],[174.6312,-36.3508],[174.6294,-36.351],[174.6285,-36.3503],[174.6277,-36.3501],[174.6264,-36.3506],[174.626,-36.3517],[174.6288,-36.3525],[174.6324,-36.352],[174.6339,-36.3496],[174.6357,-36.3491],[174.638,-36.3496],[174.6383,-36.3496],[174.6386,-36.3488]]]}},{"type":"Feature","properties":{},"geometry":{"type":"Polygon","coordinates":[[[174.9107,-37.0313],[174.9092,-37.0321],[174.909,-37.0328],[174.9101,-37.0334],[174.9118,-37.0332],[174.914,-37.0319],[174.9151,-37.0307],[174.9155,-37.0297],[174.9153,-37.0292],[174.9144,-37.0291],[174.9107,-37.0313]]]}},{"type":"Feature","properties":{},"geometry":{"type":"Polygon","coordinates":[[[174.3426,-36.3961],[174.3431,-36.3947],[174.3419,-36.3932],[174.3402,-36.392],[174.3389,-36.3919],[174.3383,-36.3922],[174.339,-36.3924],[174.3402,-36.3942],[174.3426,-36.3961]]]}},{"type":"Feature","properties":{},"geometry":{"type":"Polygon","coordinates":[[[174.2647,-36.466],[174.2628,-36.4659],[174.2607,-36.4665],[174.257,-36.4666],[174.2556,-36.4685],[174.255,-36.4712],[174.2557,-36.4714],[174.2574,-36.4686],[174.2603,-36.4687],[174.262,-36.4681],[174.2633,-36.469],[174.2632,-36.4706],[174.2641,-36.4716],[174.2651,-36.4722],[174.2662,-36.4721],[174.2666,-36.4713],[174.266,-36.4704],[174.2667,-36.4692],[174.2647,-36.4667],[174.2647,-36.466]]]}},{"type":"Feature","properties":{},"geometry":{"type":"Polygon","coordinates":[[[174.6619,-37.0649],[174.6602,-37.0643],[174.6583,-37.0655],[174.6548,-37.0652],[174.6521,-37.0665],[174.6505,-37.0667],[174.6484,-37.0676],[174.6482,-37.0683],[174.65,-37.0689],[174.653,-37.0688],[174.6546,-37.0681],[174.659,-37.0672],[174.6568,-37.067],[174.6566,-37.0665],[174.6591,-37.0668],[174.6602,-37.0657],[174.6619,-37.0649]]]}},{"type":"Feature","properties":{},"geometry":{"type":"Polygon","coordinates":[[[175.0357,-37.1433],[175.0366,-37.1423],[175.0387,-37.1412],[175.0403,-37.1413],[175.0406,-37.1417],[175.0405,-37.1428],[175.0395,-37.1457],[175.0401,-37.1464],[175.0412,-37.1458],[175.0415,-37.1453],[175.0436,-37.1456],[175.0439,-37.1454],[175.0438,-37.1445],[175.0441,-37.1443],[175.0465,-37.1447],[175.0471,-37.1439],[175.0476,-37.1427],[175.0473,-37.1424],[175.0453,-37.1425],[175.0439,-37.142],[175.0428,-37.1408],[175.0424,-37.1389],[175.0415,-37.1382],[175.0401,-37.1393],[175.0368,-37.141],[175.0361,-37.1416],[175.0357,-37.1433]]]}},{"type":"Feature","properties":{},"geometry":{"type":"Polygon","coordinates":[[[174.3927,-36.3795],[174.393,-36.3791],[174.393,-36.3785],[174.3916,-36.3792],[174.3919,-36.3798],[174.3927,-36.3795]]]}},{"type":"Feature","properties":{},"geometry":{"type":"Polygon","coordinates":[[[174.3379,-36.5894],[174.3389,-36.5893],[174.3411,-36.5881],[174.3421,-36.5879],[174.3426,-36.5884],[174.3416,-36.5889],[174.3412,-36.5899],[174.3414,-36.5905],[174.3426,-36.5909],[174.344,-36.5897],[174.3474,-36.5887],[174.3469,-36.5872],[174.3456,-36.5867],[174.3461,-36.5844],[174.344,-36.5838],[174.344,-36.5836],[174.3447,-36.5837],[174.3443,-36.5836],[174.3426,-36.5834],[174.34,-36.5851],[174.3376,-36.585],[174.3374,-36.5856],[174.3382,-36.5868],[174.3382,-36.589],[174.3379,-36.5894]]]}},{"type":"Feature","properties":{},"geometry":{"type":"Polygon","coordinates":[[[174.6433,-37.1204],[174.6427,-37.1205],[174.643,-37.1201],[174.6432,-37.1201],[174.643,-37.1198],[174.6411,-37.1201],[174.6374,-37.1214],[174.6337,-37.1217],[174.6337,-37.124],[174.6341,-37.1244],[174.6353,-37.1237],[174.6362,-37.1237],[174.6375,-37.1254],[174.6392,-37.125],[174.6397,-37.1246],[174.6398,-37.1234],[174.6401,-37.1229],[174.6421,-37.122],[174.6433,-37.1204]]]}},{"type":"Feature","properties":{},"geometry":{"type":"Polygon","coordinates":[[[174.7228,-36.2681],[174.7254,-36.2682],[174.7271,-36.2692],[174.7289,-36.2672],[174.7307,-36.2669],[174.7413,-36.2683],[174.7426,-36.2694],[174.742,-36.2709],[174.7423,-36.2712],[174.7444,-36.271],[174.7453,-36.2718],[174.747,-36.2763],[174.7503,-36.2757],[174.7528,-36.2772],[174.7532,-36.2771],[174.7535,-36.2758],[174.7549,-36.2751],[174.7543,-36.2747],[174.7515,-36.2744],[174.7491,-36.2734],[174.748,-36.272],[174.7471,-36.2698],[174.7459,-36.2677],[174.7447,-36.2661],[174.7428,-36.2648],[174.7363,-36.2628],[174.7353,-36.2605],[174.7349,-36.2602],[174.7343,-36.2601],[174.7311,-36.2615],[174.7283,-36.2603],[174.7253,-36.2604],[174.7234,-36.2596],[174.7224,-36.2586],[174.7221,-36.2568],[174.7197,-36.2557],[174.7189,-36.2544],[174.7189,-36.2535],[174.7199,-36.2487],[174.7204,-36.2473],[174.7207,-36.247],[174.7221,-36.2476],[174.7231,-36.2503],[174.725,-36.252],[174.7259,-36.2519],[174.7272,-36.2508],[174.7286,-36.2508],[174.7291,-36.251],[174.7297,-36.2522],[174.7296,-36.254],[174.7306,-36.2542],[174.7313,-36.2532],[174.7314,-36.2515],[174.7303,-36.2497],[174.7277,-36.2471],[174.7272,-36.2459],[174.7285,-36.2459],[174.7304,-36.2469],[174.7331,-36.2494],[174.7341,-36.2515],[174.738,-36.255],[174.7396,-36.254],[174.7405,-36.2542],[174.7453,-36.2571],[174.7499,-36.2591],[174.7509,-36.2591],[174.7471,-36.2577],[174.7457,-36.2569],[174.7445,-36.2555],[174.7413,-36.2534],[174.7399,-36.2529],[174.738,-36.2513],[174.725,-36.2428],[174.725,-36.242],[174.7218,-36.2395],[174.7158,-36.2339],[174.7094,-36.229],[174.6937,-36.2148],[174.6832,-36.2043],[174.6811,-36.2027],[174.6793,-36.2026],[174.679,-36.2007],[174.6655,-36.187],[174.6574,-36.1775],[174.6534,-36.1713],[174.6507,-36.1655],[174.6491,-36.1659],[174.6479,-36.165],[174.6463,-36.1654],[174.6409,-36.1655],[174.6395,-36.1652],[174.6374,-36.1642],[174.637,-36.163],[174.6374,-36.1619],[174.6403,-36.1599],[174.6426,-36.1597],[174.6463,-36.1603],[174.648,-36.1599],[174.6465,-36.1588],[174.6421,-36.1536],[174.638,-36.148],[174.6359,-36.1457],[174.6356,-36.1449],[174.6261,-36.1317],[174.6166,-36.1176],[174.6059,-36.1216],[174.6069,-36.1228],[174.6067,-36.123],[174.6078,-36.1235],[174.6087,-36.1248],[174.6107,-36.1257],[174.611,-36.1277],[174.6128,-36.1305],[174.6141,-36.1317],[174.6163,-36.1329],[174.6172,-36.134],[174.6177,-36.1365],[174.6186,-36.1378],[174.6191,-36.1393],[174.6187,-36.1402],[174.6177,-36.1412],[174.617,-36.1439],[174.6154,-36.1457],[174.6152,-36.1472],[174.6176,-36.1499],[174.6196,-36.1504],[174.6207,-36.1513],[174.6157,-36.1512],[174.6128,-36.1504],[174.6104,-36.1514],[174.609,-36.1513],[174.6045,-36.1498],[174.601,-36.1472],[174.5996,-36.1473],[174.5971,-36.1484],[174.5961,-36.147],[174.5945,-36.1457],[174.5935,-36.146],[174.5926,-36.1477],[174.591,-36.1484],[174.5893,-36.1481],[174.5876,-36.147],[174.5866,-36.1469],[174.5875,-36.1481],[174.5884,-36.1504],[174.5884,-36.1514],[174.5878,-36.1526],[174.5898,-36.153],[174.5921,-36.1522],[174.5941,-36.1519],[174.5945,-36.1527],[174.5936,-36.1543],[174.5954,-36.1554],[174.5962,-36.1575],[174.5958,-36.1581],[174.5924,-36.1582],[174.5896,-36.1599],[174.5899,-36.1603],[174.5909,-36.1606],[174.5943,-36.1607],[174.5956,-36.1613],[174.5961,-36.1621],[174.5962,-36.1638],[174.5959,-36.1644],[174.5943,-36.1649],[174.591,-36.1643],[174.5907,-36.1646],[174.5912,-36.1654],[174.5911,-36.166],[174.5877,-36.1674],[174.5876,-36.1678],[174.5879,-36.1682],[174.5927,-36.1678],[174.5967,-36.1665],[174.5972,-36.1667],[174.5979,-36.1689],[174.5981,-36.1691],[174.5986,-36.169],[174.5998,-36.1679],[174.6001,-36.1672],[174.5994,-36.1639],[174.6001,-36.1628],[174.6,-36.161],[174.6015,-36.1602],[174.6002,-36.158],[174.5998,-36.1564],[174.5998,-36.1547],[174.6002,-36.1534],[174.6005,-36.1526],[174.6013,-36.1519],[174.6047,-36.1512],[174.6053,-36.1515],[174.6055,-36.152],[174.6042,-36.1535],[174.6043,-36.154],[174.6047,-36.1543],[174.6063,-36.1542],[174.6063,-36.1548],[174.604,-36.1572],[174.6039,-36.158],[174.6061,-36.1578],[174.6078,-36.1572],[174.6083,-36.1575],[174.608,-36.1592],[174.6085,-36.1595],[174.6119,-36.1586],[174.6141,-36.1576],[174.6145,-36.1576],[174.6147,-36.1582],[174.6145,-36.1594],[174.6138,-36.1601],[174.6137,-36.1616],[174.612,-36.1633],[174.6066,-36.1636],[174.606,-36.1657],[174.6062,-36.1668],[174.608,-36.1672],[174.6091,-36.1678],[174.6099,-36.1657],[174.6104,-36.1653],[174.6118,-36.1653],[174.6123,-36.1661],[174.6128,-36.1662],[174.6153,-36.1656],[174.6164,-36.1663],[174.6172,-36.1692],[174.6166,-36.17],[174.6151,-36.1706],[174.6059,-36.1721],[174.6059,-36.1725],[174.6076,-36.1727],[174.6079,-36.173],[174.6078,-36.1738],[174.603,-36.1788],[174.6012,-36.1793],[174.5993,-36.1788],[174.5964,-36.179],[174.5947,-36.1787],[174.5938,-36.1808],[174.5938,-36.1818],[174.5942,-36.1818],[174.5954,-36.1803],[174.5972,-36.1798],[174.5981,-36.1797],[174.6,-36.1805],[174.602,-36.1807],[174.6026,-36.181],[174.6037,-36.1827],[174.6054,-36.1831],[174.6058,-36.1839],[174.6056,-36.1858],[174.6059,-36.1861],[174.6067,-36.1853],[174.6068,-36.1832],[174.6075,-36.1822],[174.6094,-36.1822],[174.6117,-36.183],[174.6122,-36.1828],[174.6114,-36.182],[174.6102,-36.1816],[174.6055,-36.1814],[174.6045,-36.1807],[174.6046,-36.1798],[174.6084,-36.1756],[174.6097,-36.1727],[174.6107,-36.1721],[174.6136,-36.1723],[174.6164,-36.1714],[174.6173,-36.1718],[174.6174,-36.1743],[174.6162,-36.1758],[174.616,-36.177],[174.6185,-36.1778],[174.6189,-36.1793],[174.6188,-36.1804],[174.6199,-36.1817],[174.6208,-36.1813],[174.6212,-36.1793],[174.6208,-36.1781],[174.6211,-36.1748],[174.6204,-36.1718],[174.6206,-36.1711],[174.6215,-36.171],[174.6218,-36.1703],[174.6199,-36.1688],[174.6195,-36.1675],[174.6206,-36.167],[174.6208,-36.1666],[174.6207,-36.1661],[174.6192,-36.1651],[174.6178,-36.1622],[174.6178,-36.1618],[174.6185,-36.1613],[174.6211,-36.1628],[174.6216,-36.1626],[174.6214,-36.1619],[174.62,-36.1604],[174.6194,-36.1586],[174.6195,-36.1575],[174.6208,-36.1575],[174.6211,-36.1589],[174.6223,-36.1602],[174.6231,-36.1607],[174.625,-36.1607],[174.626,-36.1631],[174.6269,-36.1642],[174.6276,-36.1644],[174.628,-36.1637],[174.6285,-36.1637],[174.6311,-36.1648],[174.6323,-36.1658],[174.6333,-36.1675],[174.6344,-36.1681],[174.6349,-36.1693],[174.6334,-36.1717],[174.6305,-36.1729],[174.6296,-36.1736],[174.6297,-36.1744],[174.6299,-36.1752],[174.631,-36.1771],[174.6333,-36.1795],[174.6355,-36.1808],[174.6365,-36.1827],[174.6369,-36.1875],[174.6352,-36.1877],[174.6331,-36.1869],[174.634,-36.1852],[174.6286,-36.187],[174.6247,-36.1872],[174.6241,-36.1878],[174.6243,-36.1892],[174.6252,-36.1903],[174.6267,-36.1907],[174.6312,-36.1908],[174.6318,-36.1908],[174.6331,-36.1901],[174.6345,-36.1902],[174.6352,-36.1913],[174.6351,-36.1927],[174.6371,-36.1924],[174.6376,-36.1926],[174.6378,-36.193],[174.6373,-36.1944],[174.6382,-36.1961],[174.6383,-36.1974],[174.6394,-36.1972],[174.6423,-36.1944],[174.6427,-36.1932],[174.6419,-36.1911],[174.6423,-36.19],[174.6443,-36.1901],[174.6461,-36.1912],[174.6468,-36.1932],[174.6469,-36.1949],[174.6465,-36.1967],[174.647,-36.197],[174.6507,-36.1969],[174.6537,-36.1957],[174.6549,-36.1956],[174.6573,-36.1962],[174.6578,-36.1965],[174.658,-36.198],[174.6574,-36.1987],[174.6554,-36.1999],[174.6522,-36.2012],[174.6475,-36.2038],[174.6442,-36.2037],[174.6453,-36.2051],[174.648,-36.2056],[174.6482,-36.2064],[174.6476,-36.2071],[174.648,-36.2089],[174.6487,-36.2085],[174.6496,-36.2063],[174.651,-36.2051],[174.6524,-36.2045],[174.6545,-36.2026],[174.6576,-36.202],[174.6592,-36.2021],[174.6598,-36.2024],[174.6625,-36.2059],[174.6707,-36.2113],[174.673,-36.214],[174.6755,-36.2151],[174.677,-36.2171],[174.6801,-36.2187],[174.6815,-36.2207],[174.6833,-36.2215],[174.6867,-36.2246],[174.6883,-36.2254],[174.6938,-36.227],[174.6965,-36.2299],[174.7,-36.2306],[174.7004,-36.2318],[174.7,-36.2345],[174.7002,-36.2348],[174.7038,-36.2349],[174.7046,-36.2355],[174.7047,-36.236],[174.703,-36.2388],[174.703,-36.2396],[174.7044,-36.2398],[174.708,-36.239],[174.7111,-36.2393],[174.7131,-36.2391],[174.715,-36.2384],[174.7158,-36.2375],[174.7173,-36.2385],[174.7169,-36.2395],[174.7132,-36.2421],[174.7124,-36.2451],[174.7104,-36.2463],[174.7104,-36.2472],[174.713,-36.2485],[174.7132,-36.249],[174.7129,-36.2498],[174.7117,-36.2507],[174.7076,-36.2516],[174.706,-36.2513],[174.7043,-36.2499],[174.704,-36.25],[174.7036,-36.252],[174.702,-36.2531],[174.7021,-36.2544],[174.7008,-36.2562],[174.699,-36.2565],[174.6986,-36.2569],[174.6995,-36.2591],[174.6994,-36.2597],[174.6982,-36.2602],[174.6945,-36.2594],[174.6933,-36.261],[174.6931,-36.2615],[174.6933,-36.2617],[174.696,-36.2617],[174.6977,-36.2622],[174.6978,-36.2647],[174.7,-36.2658],[174.7006,-36.2664],[174.7007,-36.2679],[174.6993,-36.2693],[174.6993,-36.27],[174.6996,-36.2713],[174.6994,-36.273],[174.7001,-36.2748],[174.7004,-36.2751],[174.7013,-36.2751],[174.7029,-36.2731],[174.7045,-36.2724],[174.7039,-36.2707],[174.7042,-36.269],[174.7056,-36.2673],[174.708,-36.266],[174.7083,-36.2648],[174.7065,-36.2616],[174.7082,-36.2598],[174.708,-36.259],[174.7083,-36.2587],[174.7104,-36.2586],[174.7125,-36.2576],[174.7143,-36.2578],[174.7147,-36.2583],[174.7148,-36.2614],[174.714,-36.2637],[174.7142,-36.2648],[174.7164,-36.2644],[174.7183,-36.2651],[174.7202,-36.2647],[174.7228,-36.2681]],[[174.6549,-36.1942],[174.6551,-36.1948],[174.6543,-36.195],[174.6541,-36.1944],[174.6549,-36.1942]],[[174.6521,-36.1956],[174.6516,-36.1958],[174.6499,-36.1954],[174.6487,-36.1939],[174.6478,-36.1936],[174.6474,-36.192],[174.6477,-36.1917],[174.649,-36.1916],[174.6517,-36.1928],[174.6528,-36.1946],[174.6521,-36.1956]]]}},{"type":"Feature","properties":{},"geometry":{"type":"Polygon","coordinates":[[[174.7988,-37.1059],[174.7991,-37.1078],[174.7996,-37.109],[174.8003,-37.1091],[174.8033,-37.1071],[174.805,-37.1071],[174.8057,-37.1075],[174.8061,-37.1083],[174.8049,-37.1099],[174.8095,-37.1122],[174.81,-37.1127],[174.8102,-37.114],[174.8107,-37.1143],[174.8127,-37.1137],[174.815,-37.1146],[174.817,-37.1168],[174.8173,-37.1178],[174.8169,-37.1191],[174.8159,-37.1202],[174.8175,-37.1215],[174.8179,-37.1232],[174.8186,-37.1228],[174.8186,-37.1201],[174.82,-37.1173],[174.8184,-37.1165],[174.818,-37.1157],[174.8183,-37.1144],[174.8195,-37.1138],[174.8176,-37.1127],[174.8188,-37.1111],[174.8173,-37.1107],[174.8158,-37.1094],[174.8138,-37.1092],[174.81,-37.1059],[174.8084,-37.1054],[174.8058,-37.1031],[174.8051,-37.1029],[174.803,-37.1029],[174.8006,-37.1035],[174.7993,-37.1034],[174.7998,-37.1035],[174.7995,-37.1055],[174.7988,-37.1059]]]}},{"type":"Feature","properties":{},"geometry":{"type":"Polygon","coordinates":[[[175.1338,-36.823],[175.1326,-36.8223],[175.1317,-36.8215],[175.1293,-36.8168],[175.1273,-36.8157],[175.126,-36.8159],[175.1256,-36.8169],[175.1263,-36.8189],[175.1259,-36.8207],[175.1266,-36.822],[175.1258,-36.8232],[175.1257,-36.8243],[175.1262,-36.8249],[175.1286,-36.8254],[175.1293,-36.8252],[175.1293,-36.8249],[175.1283,-36.8246],[175.1286,-36.8243],[175.1286,-36.8232],[175.1291,-36.8234],[175.1291,-36.823],[175.1299,-36.8224],[175.1304,-36.8227],[175.131,-36.8243],[175.1315,-36.8247],[175.1335,-36.8243],[175.1338,-36.823]]]}},{"type":"Feature","properties":{},"geometry":{"type":"Polygon","coordinates":[[[174.6386,-36.2337],[174.637,-36.2351],[174.6371,-36.2358],[174.6385,-36.2355],[174.6393,-36.2362],[174.6411,-36.2346],[174.6421,-36.2344],[174.6435,-36.2348],[174.6466,-36.2367],[174.6484,-36.2391],[174.6486,-36.2398],[174.6477,-36.2416],[174.6478,-36.2426],[174.6489,-36.2429],[174.6514,-36.242],[174.6522,-36.2424],[174.6533,-36.2443],[174.6534,-36.2461],[174.6517,-36.2496],[174.6528,-36.2507],[174.653,-36.2512],[174.6524,-36.2523],[174.6541,-36.2532],[174.6542,-36.2537],[174.6527,-36.2555],[174.6522,-36.2572],[174.653,-36.2576],[174.6579,-36.2551],[174.6594,-36.2555],[174.6595,-36.2567],[174.6577,-36.2598],[174.6576,-36.2615],[174.6581,-36.262],[174.6589,-36.2616],[174.6629,-36.2581],[174.6631,-36.2575],[174.6631,-36.2559],[174.6642,-36.2538],[174.6641,-36.2534],[174.6595,-36.252],[174.658,-36.2506],[174.6572,-36.2491],[174.657,-36.2479],[174.6584,-36.2468],[174.6623,-36.2462],[174.6643,-36.2467],[174.6689,-36.2487],[174.6696,-36.2497],[174.669,-36.2532],[174.6707,-36.2568],[174.6715,-36.2571],[174.6719,-36.2569],[174.672,-36.2561],[174.6711,-36.2534],[174.6711,-36.2514],[174.6715,-36.2506],[174.6734,-36.2493],[174.6733,-36.2488],[174.6681,-36.2467],[174.6632,-36.2438],[174.6632,-36.2431],[174.666,-36.2423],[174.6686,-36.241],[174.6715,-36.2418],[174.6738,-36.2419],[174.6771,-36.2443],[174.6796,-36.2456],[174.6812,-36.2477],[174.6834,-36.2494],[174.6843,-36.2496],[174.6854,-36.2491],[174.6855,-36.2486],[174.6852,-36.2467],[174.6838,-36.2451],[174.684,-36.2444],[174.6871,-36.2444],[174.6903,-36.2453],[174.6909,-36.2434],[174.6906,-36.243],[174.6821,-36.2411],[174.681,-36.2405],[174.6806,-36.2396],[174.6815,-36.2391],[174.684,-36.2393],[174.6858,-36.2387],[174.6879,-36.2393],[174.689,-36.239],[174.6889,-36.2381],[174.6875,-36.2365],[174.688,-36.2352],[174.6871,-36.2346],[174.6866,-36.2337],[174.6868,-36.2333],[174.6881,-36.2328],[174.6885,-36.2304],[174.6853,-36.2299],[174.6824,-36.2339],[174.6816,-36.2344],[174.6806,-36.2341],[174.6806,-36.2328],[174.6823,-36.2288],[174.6825,-36.2273],[174.6823,-36.2263],[174.6813,-36.2251],[174.68,-36.2244],[174.6782,-36.2257],[174.6795,-36.2264],[174.6797,-36.228],[174.679,-36.2292],[174.6785,-36.2291],[174.6765,-36.2271],[174.6761,-36.2273],[174.6761,-36.2276],[174.6777,-36.2305],[174.6774,-36.2317],[174.6761,-36.2319],[174.6743,-36.2304],[174.674,-36.2302],[174.6735,-36.2305],[174.6737,-36.2323],[174.6756,-36.2344],[174.6753,-36.2352],[174.6747,-36.2356],[174.6726,-36.2351],[174.6716,-36.2332],[174.6699,-36.232],[174.6677,-36.2336],[174.666,-36.2358],[174.6645,-36.2371],[174.6613,-36.2384],[174.6583,-36.2383],[174.6575,-36.238],[174.6568,-36.2372],[174.6575,-36.2358],[174.6619,-36.2343],[174.6646,-36.2318],[174.6652,-36.2309],[174.6653,-36.2304],[174.665,-36.2302],[174.6608,-36.2327],[174.6598,-36.2324],[174.6593,-36.2315],[174.6587,-36.2314],[174.6576,-36.2322],[174.6565,-36.2323],[174.6556,-36.2321],[174.654,-36.2303],[174.6531,-36.2299],[174.6504,-36.229],[174.6492,-36.2281],[174.6464,-36.2272],[174.6419,-36.2248],[174.6413,-36.2239],[174.6408,-36.2221],[174.64,-36.2216],[174.6371,-36.2224],[174.6366,-36.223],[174.6346,-36.2236],[174.6319,-36.2226],[174.6302,-36.2227],[174.6294,-36.2234],[174.6295,-36.2248],[174.6286,-36.225],[174.6263,-36.2247],[174.6251,-36.2239],[174.6241,-36.2227],[174.6227,-36.2222],[174.6207,-36.2221],[174.6192,-36.221],[174.6191,-36.22],[174.6199,-36.2191],[174.6249,-36.2179],[174.6247,-36.2175],[174.6219,-36.2174],[174.6206,-36.2167],[174.6194,-36.2154],[174.6193,-36.214],[174.6208,-36.2123],[174.6225,-36.2095],[174.6229,-36.2078],[174.6231,-36.2058],[174.6239,-36.2039],[174.6244,-36.2037],[174.6279,-36.2041],[174.6286,-36.2029],[174.6301,-36.2021],[174.6301,-36.2016],[174.6298,-36.2014],[174.6284,-36.202],[174.627,-36.2021],[174.6253,-36.2015],[174.6252,-36.2012],[174.6262,-36.1997],[174.6276,-36.1985],[174.6282,-36.1968],[174.6276,-36.1966],[174.6245,-36.1983],[174.6232,-36.1984],[174.6216,-36.1977],[174.6209,-36.1969],[174.6203,-36.1953],[174.62,-36.1953],[174.6197,-36.1972],[174.621,-36.1997],[174.6213,-36.203],[174.621,-36.2051],[174.6205,-36.2057],[174.6194,-36.2062],[174.6182,-36.206],[174.6161,-36.2047],[174.6139,-36.2017],[174.6133,-36.1984],[174.6109,-36.1993],[174.6136,-36.204],[174.6151,-36.2055],[174.6177,-36.2073],[174.6181,-36.2085],[174.6169,-36.212],[174.617,-36.2142],[174.6167,-36.2153],[174.6173,-36.2167],[174.6169,-36.2189],[174.6172,-36.2199],[174.6156,-36.2226],[174.6152,-36.2242],[174.6145,-36.2249],[174.6158,-36.2263],[174.6146,-36.2272],[174.6141,-36.2289],[174.6116,-36.2297],[174.6118,-36.2311],[174.6115,-36.2316],[174.6096,-36.2333],[174.6068,-36.2371],[174.607,-36.2383],[174.6055,-36.2432],[174.6045,-36.2443],[174.6042,-36.2451],[174.6051,-36.2525],[174.6049,-36.2534],[174.6041,-36.2548],[174.6018,-36.256],[174.6007,-36.2561],[174.5987,-36.2559],[174.5965,-36.2546],[174.5955,-36.2544],[174.5948,-36.255],[174.5944,-36.2563],[174.594,-36.2567],[174.5902,-36.258],[174.5871,-36.2606],[174.5866,-36.2606],[174.5862,-36.2597],[174.5862,-36.2589],[174.587,-36.256],[174.5868,-36.2555],[174.586,-36.2551],[174.5835,-36.2546],[174.5824,-36.2538],[174.5821,-36.2513],[174.5804,-36.2499],[174.58,-36.2493],[174.5798,-36.2462],[174.5782,-36.2434],[174.5784,-36.2417],[174.58,-36.2387],[174.5802,-36.2353],[174.5813,-36.2346],[174.5834,-36.2346],[174.5841,-36.2331],[174.585,-36.2324],[174.5865,-36.2326],[174.5897,-36.2341],[174.5906,-36.2342],[174.5938,-36.2339],[174.5953,-36.2335],[174.595,-36.2332],[174.5915,-36.2332],[174.5888,-36.2324],[174.5861,-36.2308],[174.5846,-36.2293],[174.5845,-36.2287],[174.586,-36.2276],[174.5871,-36.2272],[174.589,-36.2273],[174.5891,-36.2269],[174.5871,-36.2241],[174.5865,-36.2225],[174.5862,-36.2192],[174.5867,-36.2169],[174.5879,-36.2146],[174.59,-36.2144],[174.5921,-36.2148],[174.5953,-36.2169],[174.5971,-36.2175],[174.5981,-36.2166],[174.5993,-36.2163],[174.5993,-36.2159],[174.5955,-36.2155],[174.5948,-36.2144],[174.5952,-36.2127],[174.5976,-36.2111],[174.5985,-36.2097],[174.5996,-36.2089],[174.6019,-36.2084],[174.6059,-36.2087],[174.6065,-36.2083],[174.6007,-36.207],[174.6001,-36.2066],[174.5994,-36.2053],[174.5993,-36.2044],[174.6,-36.2023],[174.5996,-36.2021],[174.5989,-36.2022],[174.5981,-36.2033],[174.5979,-36.2063],[174.5975,-36.2071],[174.5967,-36.2079],[174.5937,-36.21],[174.5919,-36.2103],[174.5902,-36.2101],[174.5887,-36.2085],[174.5883,-36.2076],[174.5885,-36.2067],[174.5891,-36.2063],[174.5911,-36.2061],[174.5911,-36.2056],[174.5884,-36.2045],[174.586,-36.2022],[174.5843,-36.2013],[174.5829,-36.2011],[174.5826,-36.2008],[174.5821,-36.1937],[174.5826,-36.1931],[174.5837,-36.193],[174.5843,-36.194],[174.5866,-36.1946],[174.587,-36.1943],[174.5869,-36.1935],[174.582,-36.1911],[174.5802,-36.1895],[174.5797,-36.1887],[174.5786,-36.1848],[174.5789,-36.1835],[174.5809,-36.1819],[174.5825,-36.1819],[174.5848,-36.1832],[174.5849,-36.1825],[174.5837,-36.1808],[174.5839,-36.1795],[174.585,-36.1774],[174.5852,-36.1767],[174.5848,-36.1764],[174.5822,-36.1767],[174.582,-36.1771],[174.5823,-36.1783],[174.5821,-36.1789],[174.5795,-36.1814],[174.5784,-36.1822],[174.5769,-36.1826],[174.5762,-36.1836],[174.5752,-36.1843],[174.5728,-36.185],[174.5728,-36.1854],[174.5732,-36.1855],[174.5761,-36.1857],[174.5777,-36.1875],[174.5786,-36.1901],[174.5788,-36.1909],[174.5786,-36.192],[174.5754,-36.1943],[174.5746,-36.1945],[174.5722,-36.1944],[174.5688,-36.1937],[174.568,-36.1931],[174.5664,-36.1903],[174.5624,-36.1874],[174.5622,-36.1867],[174.5627,-36.1854],[174.5625,-36.1852],[174.5613,-36.1859],[174.5584,-36.1851],[174.5576,-36.1855],[174.5581,-36.1862],[174.5602,-36.1873],[174.5606,-36.1887],[174.5616,-36.1887],[174.5629,-36.1895],[174.5632,-36.1905],[174.5659,-36.1912],[174.5667,-36.1928],[174.5666,-36.1936],[174.5658,-36.1946],[174.5661,-36.1952],[174.5751,-36.1971],[174.5762,-36.1968],[174.5792,-36.1948],[174.58,-36.1948],[174.5805,-36.1967],[174.5802,-36.1981],[174.5791,-36.1986],[174.576,-36.199],[174.575,-36.1996],[174.5752,-36.2001],[174.5778,-36.2007],[174.5794,-36.202],[174.5798,-36.2029],[174.579,-36.2043],[174.5799,-36.2044],[174.5814,-36.2035],[174.5829,-36.2032],[174.5845,-36.2036],[174.5855,-36.2046],[174.5856,-36.2059],[174.5853,-36.2064],[174.583,-36.2081],[174.5829,-36.2088],[174.5838,-36.2095],[174.5839,-36.2104],[174.5836,-36.2116],[174.5826,-36.213],[174.5845,-36.2139],[174.585,-36.2148],[174.5849,-36.2156],[174.5813,-36.2182],[174.5798,-36.2185],[174.5781,-36.2179],[174.5769,-36.2168],[174.5753,-36.2146],[174.5736,-36.2138],[174.5731,-36.2143],[174.5732,-36.2155],[174.5709,-36.2175],[174.5693,-36.2179],[174.5676,-36.2176],[174.5668,-36.2171],[174.5635,-36.213],[174.5638,-36.2108],[174.5654,-36.2095],[174.5653,-36.2092],[174.5634,-36.2091],[174.561,-36.207],[174.5598,-36.2044],[174.5606,-36.2036],[174.5587,-36.2005],[174.5539,-36.1993],[174.5533,-36.1994],[174.5514,-36.2008],[174.5497,-36.201],[174.5458,-36.1976],[174.5453,-36.1973],[174.5447,-36.1975],[174.5474,-36.2014],[174.5494,-36.203],[174.5506,-36.2032],[174.5522,-36.203],[174.554,-36.2036],[174.5562,-36.2034],[174.5575,-36.2042],[174.5588,-36.206],[174.5592,-36.2072],[174.5585,-36.2085],[174.5569,-36.2096],[174.5568,-36.2099],[174.5588,-36.2096],[174.5601,-36.2097],[174.5617,-36.2118],[174.5617,-36.2133],[174.5608,-36.2148],[174.5581,-36.2165],[174.5584,-36.2168],[174.5612,-36.217],[174.561,-36.2187],[174.5588,-36.2213],[174.5567,-36.2226],[174.5568,-36.2231],[174.5586,-36.2228],[174.5603,-36.2229],[174.5621,-36.2199],[174.5627,-36.2194],[174.5639,-36.2192],[174.5652,-36.2196],[174.5671,-36.2209],[174.5678,-36.2238],[174.5684,-36.2236],[174.5695,-36.2219],[174.5718,-36.2209],[174.5731,-36.2206],[174.5763,-36.2212],[174.5777,-36.2221],[174.5786,-36.2237],[174.5787,-36.2259],[174.5796,-36.2258],[174.582,-36.2245],[174.5828,-36.2243],[174.584,-36.225],[174.5836,-36.2272],[174.5827,-36.2295],[174.5812,-36.2304],[174.5821,-36.2315],[174.5821,-36.2323],[174.5807,-36.2335],[174.5785,-36.2344],[174.5785,-36.2378],[174.5782,-36.2384],[174.5763,-36.2402],[174.5756,-36.2419],[174.5752,-36.2434],[174.5777,-36.2486],[174.5777,-36.2501],[174.5771,-36.2513],[174.5741,-36.2541],[174.5722,-36.2551],[174.5702,-36.2553],[174.5663,-36.2547],[174.5668,-36.2575],[174.5657,-36.2588],[174.5642,-36.2593],[174.5621,-36.2589],[174.5612,-36.2591],[174.5612,-36.2595],[174.5623,-36.2604],[174.5629,-36.2615],[174.5628,-36.2634],[174.5606,-36.2648],[174.5586,-36.2654],[174.5568,-36.2665],[174.5569,-36.2675],[174.5571,-36.268],[174.5575,-36.2681],[174.5639,-36.2653],[174.5644,-36.2641],[174.5652,-36.2637],[174.5684,-36.2633],[174.5702,-36.262],[174.5713,-36.2607],[174.5722,-36.2585],[174.5733,-36.2577],[174.5738,-36.2558],[174.5787,-36.2528],[174.5799,-36.2529],[174.5804,-36.2533],[174.5813,-36.2558],[174.5839,-36.2567],[174.5843,-36.2592],[174.5854,-36.2619],[174.5849,-36.2632],[174.5852,-36.2651],[174.5848,-36.269],[174.5835,-36.2696],[174.5821,-36.2711],[174.5788,-36.2713],[174.5778,-36.2704],[174.5763,-36.2669],[174.5753,-36.2657],[174.5719,-36.2649],[174.5723,-36.2665],[174.5736,-36.2683],[174.5739,-36.2693],[174.5736,-36.2696],[174.5728,-36.2697],[174.5703,-36.2685],[174.5697,-36.2688],[174.57,-36.271],[174.5697,-36.2715],[174.5679,-36.2722],[174.5677,-36.2727],[174.5684,-36.2736],[174.5697,-36.2738],[174.5712,-36.2747],[174.5725,-36.2763],[174.5733,-36.2781],[174.573,-36.2802],[174.5732,-36.2811],[174.5757,-36.2824],[174.5756,-36.2831],[174.5749,-36.2835],[174.5707,-36.2856],[174.5699,-36.287],[174.5704,-36.2883],[174.5739,-36.2908],[174.5753,-36.2923],[174.5759,-36.2923],[174.576,-36.2916],[174.5735,-36.2886],[174.5736,-36.2872],[174.5746,-36.2859],[174.5774,-36.2847],[174.5787,-36.2836],[174.5793,-36.2806],[174.5802,-36.2796],[174.5817,-36.2788],[174.5842,-36.2795],[174.585,-36.2792],[174.5868,-36.2773],[174.5879,-36.2776],[174.5897,-36.2805],[174.5913,-36.2812],[174.5922,-36.2812],[174.594,-36.2806],[174.5966,-36.2805],[174.6,-36.2818],[174.6037,-36.2818],[174.6063,-36.2837],[174.6072,-36.2838],[174.6086,-36.2835],[174.6105,-36.282],[174.6111,-36.2821],[174.6119,-36.2837],[174.6131,-36.285],[174.6135,-36.2874],[174.6149,-36.2896],[174.615,-36.2933],[174.6154,-36.2938],[174.6162,-36.294],[174.62,-36.2933],[174.6223,-36.2923],[174.6264,-36.2894],[174.6272,-36.2877],[174.6278,-36.2872],[174.6315,-36.286],[174.6348,-36.283],[174.6353,-36.2797],[174.6364,-36.2795],[174.641,-36.28],[174.6418,-36.2804],[174.6433,-36.2824],[174.6474,-36.2831],[174.6489,-36.284],[174.6499,-36.2861],[174.651,-36.2871],[174.6508,-36.2909],[174.6512,-36.2917],[174.6524,-36.2985],[174.653,-36.2993],[174.6549,-36.2985],[174.6537,-36.2961],[174.6527,-36.2923],[174.653,-36.2874],[174.6533,-36.2868],[174.6542,-36.2867],[174.6561,-36.2889],[174.6577,-36.29],[174.6592,-36.2905],[174.6619,-36.2885],[174.6635,-36.2882],[174.6643,-36.2876],[174.6649,-36.2866],[174.6662,-36.2862],[174.6672,-36.2863],[174.6687,-36.2872],[174.6692,-36.2877],[174.6699,-36.291],[174.6704,-36.2918],[174.6727,-36.2928],[174.6744,-36.2949],[174.6769,-36.2963],[174.6788,-36.2994],[174.6816,-36.3007],[174.6845,-36.2999],[174.6845,-36.2994],[174.6811,-36.2973],[174.6788,-36.2949],[174.6732,-36.2905],[174.6727,-36.2897],[174.6728,-36.2862],[174.6725,-36.2851],[174.6704,-36.2825],[174.6708,-36.2812],[174.6716,-36.2805],[174.6738,-36.2793],[174.6751,-36.279],[174.6782,-36.2788],[174.6802,-36.279],[174.6827,-36.281],[174.6833,-36.281],[174.6841,-36.28],[174.6849,-36.2778],[174.6841,-36.2771],[174.6792,-36.276],[174.6775,-36.2764],[174.6757,-36.2764],[174.675,-36.2758],[174.6748,-36.2752],[174.675,-36.2733],[174.6759,-36.2706],[174.6738,-36.2699],[174.6731,-36.2706],[174.6731,-36.2731],[174.6723,-36.2755],[174.6703,-36.2771],[174.6684,-36.2797],[174.6657,-36.2805],[174.6635,-36.2816],[174.6614,-36.2846],[174.66,-36.2859],[174.6584,-36.2863],[174.6577,-36.2862],[174.655,-36.2846],[174.6518,-36.2844],[174.6501,-36.2828],[174.6479,-36.282],[174.6445,-36.2795],[174.6436,-36.2776],[174.6425,-36.2763],[174.6417,-36.2763],[174.6395,-36.2779],[174.6377,-36.2779],[174.6344,-36.2773],[174.6337,-36.2774],[174.6327,-36.2784],[174.6329,-36.2819],[174.6327,-36.2826],[174.6315,-36.2837],[174.6271,-36.2864],[174.6253,-36.2868],[174.6247,-36.2872],[174.6246,-36.289],[174.6242,-36.2894],[174.6184,-36.2918],[174.6172,-36.2916],[174.617,-36.2912],[174.6168,-36.2891],[174.6159,-36.2874],[174.6147,-36.2843],[174.6129,-36.2822],[174.6125,-36.2809],[174.6116,-36.28],[174.611,-36.2799],[174.6094,-36.2804],[174.6082,-36.2818],[174.6076,-36.282],[174.6037,-36.2801],[174.6021,-36.2799],[174.5998,-36.2803],[174.5994,-36.2798],[174.5992,-36.278],[174.5989,-36.2775],[174.5983,-36.2773],[174.5956,-36.2787],[174.594,-36.2776],[174.5933,-36.2775],[174.592,-36.2778],[174.5912,-36.2788],[174.5908,-36.2787],[174.5902,-36.2766],[174.5888,-36.2754],[174.587,-36.2752],[174.5854,-36.2754],[174.5846,-36.2762],[174.5842,-36.2778],[174.583,-36.2772],[174.5808,-36.2771],[174.5799,-36.2763],[174.5793,-36.275],[174.5799,-36.2745],[174.5829,-36.2755],[174.5833,-36.2753],[174.5835,-36.2729],[174.5842,-36.2715],[174.5847,-36.2713],[174.5875,-36.2723],[174.5885,-36.2723],[174.5895,-36.272],[174.5904,-36.2712],[174.5904,-36.2699],[174.5887,-36.2677],[174.589,-36.2648],[174.5886,-36.2623],[174.5894,-36.2611],[174.5912,-36.2599],[174.5963,-36.2575],[174.603,-36.2573],[174.6088,-36.2564],[174.6089,-36.254],[174.6096,-36.2522],[174.6136,-36.2487],[174.6159,-36.2476],[174.6187,-36.2471],[174.6212,-36.2468],[174.6229,-36.2472],[174.623,-36.2465],[174.6224,-36.2457],[174.6217,-36.2453],[174.62,-36.2452],[174.6173,-36.2462],[174.6142,-36.2465],[174.6126,-36.247],[174.6107,-36.248],[174.6092,-36.2503],[174.6086,-36.2506],[174.6074,-36.2502],[174.6069,-36.2491],[174.6081,-36.2426],[174.609,-36.2419],[174.6117,-36.2414],[174.6117,-36.2411],[174.6094,-36.2394],[174.6089,-36.2384],[174.6089,-36.2379],[174.6127,-36.2346],[174.6138,-36.2327],[174.6155,-36.2324],[174.6155,-36.2309],[174.6172,-36.23],[174.6174,-36.2294],[174.6172,-36.2276],[174.6193,-36.2249],[174.6202,-36.2247],[174.6231,-36.226],[174.6282,-36.2274],[174.6296,-36.2281],[174.6299,-36.2296],[174.6291,-36.2326],[174.6305,-36.2329],[174.6314,-36.2315],[174.6322,-36.2288],[174.6328,-36.2284],[174.6337,-36.2284],[174.6343,-36.2289],[174.6347,-36.23],[174.6354,-36.2305],[174.6375,-36.2302],[174.6395,-36.2308],[174.6401,-36.2318],[174.6386,-36.2337]]]}},{"type":"Feature","properties":{},"geometry":{"type":"Polygon","coordinates":[[[174.8557,-37.0007],[174.8545,-37.0002],[174.8536,-36.9993],[174.8535,-36.9968],[174.8532,-36.9965],[174.851,-36.9962],[174.8501,-36.9942],[174.8489,-36.9932],[174.8483,-36.9942],[174.8485,-36.9978],[174.8461,-37.0017],[174.8452,-37.0025],[174.8436,-37.0047],[174.8426,-37.0071],[174.8414,-37.0082],[174.8411,-37.0092],[174.842,-37.01],[174.8446,-37.0082],[174.845,-37.0075],[174.8454,-37.0046],[174.8465,-37.0031],[174.8478,-37.0026],[174.8501,-37.0026],[174.8512,-37.002],[174.8529,-37.002],[174.8557,-37.0007]]]}},{"type":"Feature","properties":{},"geometry":{"type":"Polygon","coordinates":[[[174.7671,-36.9777],[174.7681,-36.9809],[174.7692,-36.9815],[174.77,-36.9814],[174.7714,-36.9799],[174.7734,-36.9792],[174.774,-36.9787],[174.7733,-36.9751],[174.7725,-36.9743],[174.7717,-36.9744],[174.7678,-36.9764],[174.7673,-36.977],[174.7671,-36.9777]],[[174.7702,-36.9787],[174.7689,-36.9785],[174.7686,-36.9778],[174.7688,-36.9771],[174.7708,-36.9762],[174.7712,-36.9763],[174.7721,-36.9771],[174.7721,-36.9778],[174.7702,-36.9787]]]}},{"type":"Feature","properties":{},"geometry":{"type":"Polygon","coordinates":[[[174.5918,-36.7936],[174.5899,-36.7947],[174.5863,-36.7978],[174.5868,-36.8],[174.5851,-36.8034],[174.5858,-36.804],[174.5862,-36.805],[174.586,-36.8075],[174.5866,-36.8079],[174.5876,-36.8074],[174.5881,-36.8066],[174.5882,-36.8057],[174.5875,-36.8037],[174.5873,-36.8019],[174.5911,-36.7964],[174.5918,-36.7936]]]}},{"type":"Feature","properties":{},"geometry":{"type":"Polygon","coordinates":[[[174.9057,-37.1529],[174.9063,-37.1548],[174.9061,-37.1565],[174.9053,-37.1584],[174.9057,-37.1604],[174.9061,-37.1606],[174.9084,-37.1609],[174.9113,-37.1606],[174.9132,-37.162],[174.9142,-37.1638],[174.9141,-37.1656],[174.9143,-37.1661],[174.9163,-37.1653],[174.9176,-37.1659],[174.9187,-37.1693],[174.9183,-37.1718],[174.9185,-37.1721],[174.9196,-37.172],[174.9209,-37.1711],[174.9215,-37.1688],[174.9238,-37.1686],[174.9245,-37.1679],[174.925,-37.1668],[174.9244,-37.1659],[174.9219,-37.1651],[174.9193,-37.1653],[174.9168,-37.1638],[174.9155,-37.1621],[174.9132,-37.16],[174.9122,-37.1575],[174.9106,-37.1573],[174.9095,-37.1566],[174.9091,-37.1546],[174.9083,-37.1535],[174.9078,-37.1531],[174.907,-37.1534],[174.9057,-37.1529]]]}},{"type":"Feature","properties":{},"geometry":{"type":"Polygon","coordinates":[[[175.1277,-36.9637],[175.1267,-36.9618],[175.1222,-36.9569],[175.1224,-36.9555],[175.1246,-36.953],[175.1255,-36.9528],[175.1265,-36.9534],[175.128,-36.9576],[175.1294,-36.9604],[175.131,-36.9627],[175.1326,-36.9634],[175.1333,-36.9629],[175.1334,-36.962],[175.1294,-36.9565],[175.1287,-36.9548],[175.1288,-36.9541],[175.1296,-36.9536],[175.1306,-36.9538],[175.1333,-36.9563],[175.1342,-36.9565],[175.1356,-36.9554],[175.1375,-36.9554],[175.1386,-36.9547],[175.1389,-36.9544],[175.1387,-36.9525],[175.1399,-36.9514],[175.1388,-36.9508],[175.1351,-36.9515],[175.1319,-36.9517],[175.1293,-36.9513],[175.1281,-36.9508],[175.1281,-36.9497],[175.1297,-36.9478],[175.1305,-36.9461],[175.1336,-36.9432],[175.1338,-36.9428],[175.1335,-36.9422],[175.1311,-36.9431],[175.13,-36.944],[175.1277,-36.9474],[175.126,-36.9484],[175.1239,-36.9488],[175.1206,-36.9472],[175.1176,-36.9471],[175.1165,-36.9465],[175.1157,-36.947],[175.1156,-36.9485],[175.1162,-36.9491],[175.1137,-36.9494],[175.1133,-36.9492],[175.1146,-36.9517],[175.1152,-36.9521],[175.1158,-36.9522],[175.1182,-36.9509],[175.1194,-36.9511],[175.1199,-36.9515],[175.1205,-36.9528],[175.1207,-36.9545],[175.1201,-36.9554],[175.1184,-36.9567],[175.1181,-36.9572],[175.118,-36.9582],[175.1209,-36.9599],[175.1256,-36.9657],[175.1272,-36.9669],[175.131,-36.9685],[175.132,-36.9684],[175.1323,-36.9679],[175.1277,-36.9637]]]}},{"type":"Feature","properties":{},"geometry":{"type":"Polygon","coordinates":[[[174.8356,-36.9328],[174.8367,-36.9328],[174.8376,-36.9317],[174.8385,-36.9312],[174.8394,-36.9312],[174.8401,-36.9316],[174.8414,-36.9338],[174.8421,-36.9336],[174.8425,-36.933],[174.8425,-36.9322],[174.8419,-36.9306],[174.8413,-36.93],[174.8391,-36.9291],[174.8366,-36.9299],[174.8355,-36.9313],[174.8353,-36.9321],[174.8356,-36.9328]]]}},{"type":"Feature","properties":{},"geometry":{"type":"Polygon","coordinates":[[[174.9882,-36.9013],[174.9897,-36.9027],[174.9895,-36.9034],[174.9899,-36.9041],[174.9906,-36.9042],[174.9909,-36.9032],[174.992,-36.9035],[174.9921,-36.9045],[174.9918,-36.9049],[174.9918,-36.9058],[174.9939,-36.9063],[174.9951,-36.9075],[174.9957,-36.9072],[174.9945,-36.9052],[174.9945,-36.9035],[174.9938,-36.9023],[174.9882,-36.9013]]]}},{"type":"Feature","properties":{},"geometry":{"type":"Polygon","coordinates":[[[175.0716,-36.8236],[175.0742,-36.8227],[175.0749,-36.8219],[175.075,-36.8212],[175.0721,-36.8199],[175.0701,-36.8172],[175.07,-36.8158],[175.0695,-36.8149],[175.0682,-36.8147],[175.0671,-36.8166],[175.0657,-36.8174],[175.0655,-36.8179],[175.0661,-36.8176],[175.0674,-36.8178],[175.0689,-36.8188],[175.0702,-36.8202],[175.0716,-36.8226],[175.0716,-36.8236]]]}},{"type":"Feature","properties":{},"geometry":{"type":"Polygon","coordinates":[[[174.8501,-36.8811],[174.8493,-36.8797],[174.8493,-36.8789],[174.8501,-36.8776],[174.8501,-36.8771],[174.8496,-36.8769],[174.8468,-36.8787],[174.8433,-36.8793],[174.8419,-36.8801],[174.8414,-36.8809],[174.8424,-36.8809],[174.843,-36.8813],[174.8435,-36.8822],[174.8427,-36.8843],[174.8447,-36.8853],[174.8481,-36.8835],[174.8482,-36.8827],[174.8489,-36.8817],[174.8501,-36.8811]]]}},{"type":"Feature","properties":{},"geometry":{"type":"Polygon","coordinates":[[[174.9784,-37.0908],[174.9758,-37.0935],[174.9736,-37.0933],[174.9709,-37.0954],[174.9688,-37.0965],[174.9701,-37.0975],[174.9731,-37.0976],[174.9737,-37.0979],[174.9722,-37.0986],[174.9703,-37.1005],[174.9702,-37.1013],[174.9711,-37.1023],[174.9746,-37.1045],[174.9747,-37.1059],[174.9734,-37.106],[174.973,-37.1064],[174.9732,-37.1079],[174.9775,-37.1103],[174.978,-37.1128],[174.9804,-37.1151],[174.9793,-37.1086],[174.9784,-37.0908]]]}},{"type":"Feature","properties":{},"geometry":{"type":"Polygon","coordinates":[[[174.5542,-36.4424],[174.5548,-36.4435],[174.5562,-36.4444],[174.5563,-36.4461],[174.5567,-36.4463],[174.558,-36.4443],[174.5588,-36.4437],[174.56,-36.4435],[174.5615,-36.4438],[174.5626,-36.4452],[174.5644,-36.448],[174.5654,-36.4513],[174.5659,-36.4518],[174.5665,-36.4516],[174.5671,-36.4489],[174.5662,-36.4465],[174.5636,-36.4425],[174.5638,-36.4418],[174.5649,-36.4414],[174.5632,-36.439],[174.561,-36.4338],[174.5565,-36.4312],[174.5533,-36.4262],[174.5532,-36.4245],[174.5538,-36.4224],[174.5536,-36.4205],[174.5515,-36.4161],[174.5519,-36.415],[174.5536,-36.4126],[174.5539,-36.4111],[174.5548,-36.4104],[174.5559,-36.4106],[174.5571,-36.4116],[174.5604,-36.4153],[174.5608,-36.4179],[174.5624,-36.421],[174.5625,-36.4228],[174.5621,-36.4243],[174.5624,-36.4254],[174.5635,-36.4255],[174.5643,-36.4232],[174.5671,-36.4196],[174.5672,-36.4192],[174.5662,-36.4176],[174.5632,-36.4149],[174.563,-36.4137],[174.5632,-36.411],[174.5623,-36.4089],[174.5576,-36.4042],[174.5538,-36.4027],[174.5535,-36.4022],[174.5536,-36.4011],[174.5529,-36.4001],[174.5533,-36.3998],[174.5552,-36.4001],[174.5564,-36.3997],[174.5576,-36.3998],[174.561,-36.401],[174.5637,-36.4014],[174.5652,-36.4027],[174.567,-36.4029],[174.5688,-36.4039],[174.5697,-36.4052],[174.57,-36.4064],[174.5701,-36.4081],[174.5695,-36.4096],[174.5697,-36.4103],[174.5709,-36.4117],[174.5714,-36.413],[174.5725,-36.4136],[174.5733,-36.4146],[174.5729,-36.4167],[174.5731,-36.4178],[174.5736,-36.4179],[174.5745,-36.4173],[174.5752,-36.4159],[174.5753,-36.415],[174.5739,-36.4114],[174.5729,-36.4103],[174.5726,-36.4095],[174.5724,-36.4082],[174.5728,-36.4063],[174.571,-36.4028],[174.5718,-36.4022],[174.5741,-36.4023],[174.5759,-36.4031],[174.5789,-36.4066],[174.5811,-36.4098],[174.5836,-36.4112],[174.5847,-36.4133],[174.5866,-36.4142],[174.5871,-36.4141],[174.5873,-36.4136],[174.5875,-36.4125],[174.5869,-36.4104],[174.5872,-36.4094],[174.5897,-36.4082],[174.5938,-36.4053],[174.5953,-36.4051],[174.5969,-36.4071],[174.5987,-36.4085],[174.5994,-36.4087],[174.6019,-36.4077],[174.6046,-36.4089],[174.605,-36.4094],[174.6052,-36.4128],[174.6049,-36.4135],[174.6025,-36.4161],[174.601,-36.4202],[174.598,-36.4228],[174.5957,-36.4229],[174.5956,-36.4232],[174.5966,-36.4248],[174.5962,-36.4269],[174.5968,-36.4272],[174.5985,-36.4271],[174.5993,-36.4276],[174.5993,-36.4282],[174.5945,-36.4335],[174.5945,-36.4344],[174.5953,-36.4346],[174.5965,-36.4339],[174.6006,-36.4296],[174.6042,-36.4279],[174.6065,-36.4224],[174.6091,-36.419],[174.6101,-36.4166],[174.6114,-36.4149],[174.6119,-36.4121],[174.6125,-36.4117],[174.6155,-36.4113],[174.617,-36.4107],[174.6183,-36.4082],[174.6192,-36.4073],[174.6234,-36.4073],[174.6273,-36.4079],[174.6306,-36.408],[174.6357,-36.4078],[174.6363,-36.4081],[174.6377,-36.4103],[174.6392,-36.4108],[174.64,-36.4108],[174.6412,-36.4101],[174.6422,-36.4073],[174.6478,-36.405],[174.6504,-36.4051],[174.6532,-36.4068],[174.6544,-36.407],[174.6561,-36.4064],[174.6569,-36.4054],[174.6574,-36.4034],[174.6574,-36.4025],[174.6567,-36.4021],[174.656,-36.4024],[174.6546,-36.4044],[174.6536,-36.4049],[174.6523,-36.4047],[174.6516,-36.4039],[174.6496,-36.4034],[174.6482,-36.4025],[174.6472,-36.4023],[174.6439,-36.4045],[174.638,-36.4062],[174.6348,-36.4064],[174.6332,-36.4056],[174.633,-36.4038],[174.6327,-36.4035],[174.6307,-36.4031],[174.63,-36.4022],[174.6299,-36.4008],[174.631,-36.399],[174.6322,-36.3983],[174.6355,-36.398],[174.6363,-36.3976],[174.6387,-36.3954],[174.6393,-36.3944],[174.6389,-36.3941],[174.6377,-36.3941],[174.6346,-36.3958],[174.6325,-36.3962],[174.6307,-36.3964],[174.6301,-36.396],[174.6297,-36.3957],[174.6296,-36.3947],[174.6313,-36.3897],[174.6325,-36.3888],[174.6339,-36.3882],[174.6389,-36.3868],[174.6397,-36.3858],[174.644,-36.3851],[174.6446,-36.3833],[174.6439,-36.3817],[174.6441,-36.3812],[174.6458,-36.3797],[174.6465,-36.3787],[174.6457,-36.3783],[174.6419,-36.3791],[174.6384,-36.3779],[174.637,-36.377],[174.6343,-36.3743],[174.6326,-36.3735],[174.6317,-36.3723],[174.6287,-36.3702],[174.6271,-36.3694],[174.6259,-36.3697],[174.6258,-36.3703],[174.6294,-36.3725],[174.6331,-36.3762],[174.6353,-36.3779],[174.6358,-36.3795],[174.6343,-36.3816],[174.6336,-36.3835],[174.6325,-36.3847],[174.631,-36.3848],[174.6291,-36.3844],[174.6285,-36.3846],[174.6281,-36.3856],[174.6282,-36.3891],[174.6274,-36.3914],[174.6269,-36.3968],[174.6264,-36.3984],[174.624,-36.4005],[174.6225,-36.401],[174.6208,-36.4009],[174.6135,-36.399],[174.6117,-36.3977],[174.6122,-36.3963],[174.617,-36.3947],[174.6181,-36.3941],[174.6241,-36.3892],[174.6246,-36.3873],[174.6244,-36.386],[174.6221,-36.3842],[174.6216,-36.3847],[174.6221,-36.3873],[174.6218,-36.3887],[174.6192,-36.3909],[174.6147,-36.3933],[174.6131,-36.3932],[174.6121,-36.3925],[174.6118,-36.3911],[174.6122,-36.3885],[174.6112,-36.3885],[174.61,-36.3902],[174.6094,-36.3919],[174.6094,-36.3932],[174.6104,-36.3949],[174.6101,-36.396],[174.6089,-36.3972],[174.6083,-36.3973],[174.6046,-36.3966],[174.6044,-36.3973],[174.6056,-36.3983],[174.6058,-36.3994],[174.6048,-36.4004],[174.5998,-36.4017],[174.599,-36.4017],[174.5975,-36.4009],[174.5962,-36.4008],[174.595,-36.4014],[174.5924,-36.4037],[174.5908,-36.4041],[174.585,-36.4034],[174.5798,-36.4031],[174.579,-36.4022],[174.579,-36.4011],[174.5794,-36.3999],[174.5792,-36.3993],[174.5766,-36.4],[174.5719,-36.3993],[174.5696,-36.3993],[174.5681,-36.4002],[174.5666,-36.4007],[174.5628,-36.3982],[174.5616,-36.3978],[174.5542,-36.3989],[174.5539,-36.3986],[174.5543,-36.398],[174.5579,-36.3956],[174.558,-36.3943],[174.5576,-36.3938],[174.5551,-36.3953],[174.552,-36.3962],[174.5487,-36.3991],[174.5478,-36.4023],[174.5471,-36.4024],[174.5448,-36.4],[174.5447,-36.3994],[174.5452,-36.398],[174.5448,-36.3976],[174.5436,-36.3971],[174.5413,-36.397],[174.5377,-36.398],[174.5354,-36.3977],[174.5346,-36.3974],[174.5341,-36.3966],[174.5342,-36.3955],[174.5347,-36.3944],[174.5346,-36.3939],[174.5319,-36.393],[174.5302,-36.3932],[174.5302,-36.3938],[174.5318,-36.3948],[174.5322,-36.3954],[174.5326,-36.3982],[174.5342,-36.3995],[174.5377,-36.4001],[174.5407,-36.3987],[174.5432,-36.3985],[174.5437,-36.3989],[174.5432,-36.4006],[174.5439,-36.4018],[174.5448,-36.4026],[174.5457,-36.4059],[174.5456,-36.407],[174.5482,-36.4058],[174.5491,-36.4062],[174.5486,-36.4108],[174.5489,-36.4126],[174.5501,-36.4146],[174.5494,-36.4169],[174.5496,-36.419],[174.5513,-36.4221],[174.5507,-36.4246],[174.5514,-36.428],[174.5499,-36.431],[174.55,-36.432],[174.5486,-36.4348],[174.5482,-36.4374],[174.5496,-36.4365],[174.5504,-36.434],[174.552,-36.4314],[174.5529,-36.431],[174.5542,-36.4315],[174.5572,-36.4352],[174.5586,-36.4378],[174.5589,-36.4392],[174.5588,-36.4401],[174.5578,-36.4417],[174.5554,-36.4426],[174.5542,-36.4424]]]}},{"type":"Feature","properties":{},"geometry":{"type":"Polygon","coordinates":[[[174.7929,-36.9402],[174.7915,-36.9398],[174.7908,-36.9385],[174.7903,-36.9368],[174.7889,-36.9361],[174.7876,-36.9364],[174.7876,-36.9373],[174.7864,-36.9374],[174.7862,-36.9372],[174.7861,-36.9387],[174.7852,-36.939],[174.7853,-36.9395],[174.7865,-36.9397],[174.7929,-36.9402]]]}},{"type":"Feature","properties":{},"geometry":{"type":"Polygon","coordinates":[[[174.61,-36.8965],[174.6106,-36.8959],[174.6116,-36.8954],[174.6147,-36.8949],[174.6152,-36.8944],[174.6154,-36.8926],[174.6164,-36.8914],[174.6174,-36.8907],[174.6206,-36.8895],[174.6218,-36.8873],[174.622,-36.8861],[174.6216,-36.8842],[174.6234,-36.8805],[174.6242,-36.8796],[174.6258,-36.8791],[174.6289,-36.8795],[174.6298,-36.8791],[174.6299,-36.8785],[174.6273,-36.8779],[174.6246,-36.8765],[174.6237,-36.8768],[174.6228,-36.8776],[174.6224,-36.8802],[174.6218,-36.8814],[174.6202,-36.8834],[174.6198,-36.8861],[174.6189,-36.8879],[174.6177,-36.8887],[174.6167,-36.8888],[174.6141,-36.8919],[174.6115,-36.8931],[174.6104,-36.8933],[174.6094,-36.8931],[174.6047,-36.8937],[174.6016,-36.8932],[174.6001,-36.8933],[174.599,-36.8938],[174.5986,-36.8942],[174.5989,-36.8948],[174.6067,-36.8958],[174.61,-36.8965]]]}},{"type":"Feature","properties":{},"geometry":{"type":"Polygon","coordinates":[[[174.5959,-36.3509],[174.5949,-36.3504],[174.5916,-36.348],[174.5903,-36.3477],[174.5895,-36.348],[174.5896,-36.3489],[174.5904,-36.35],[174.5922,-36.3502],[174.5944,-36.3516],[174.5965,-36.3523],[174.5978,-36.3524],[174.5977,-36.3518],[174.5959,-36.3509]]]}},{"type":"Feature","properties":{},"geometry":{"type":"Polygon","coordinates":[[[174.842,-36.3691],[174.8404,-36.3697],[174.8383,-36.3694],[174.8371,-36.3689],[174.8368,-36.3684],[174.8362,-36.3687],[174.8351,-36.3687],[174.8333,-36.3675],[174.8295,-36.3667],[174.8202,-36.3619],[174.8175,-36.3602],[174.8166,-36.359],[174.8122,-36.3585],[174.8073,-36.3589],[174.8066,-36.3596],[174.8077,-36.3602],[174.8119,-36.3608],[174.8202,-36.3639],[174.8197,-36.3645],[174.8199,-36.3654],[174.8223,-36.3672],[174.8225,-36.3683],[174.8236,-36.3702],[174.8235,-36.3713],[174.8228,-36.372],[174.8207,-36.373],[174.8198,-36.3729],[174.816,-36.3713],[174.8153,-36.3715],[174.8156,-36.3724],[174.817,-36.3734],[174.8172,-36.374],[174.8164,-36.3762],[174.8182,-36.3789],[174.8194,-36.3775],[174.8227,-36.3754],[174.823,-36.3739],[174.8261,-36.373],[174.8264,-36.3715],[174.8269,-36.3711],[174.8309,-36.3706],[174.8311,-36.3702],[174.831,-36.3698],[174.8305,-36.3696],[174.8264,-36.3692],[174.8258,-36.3689],[174.8252,-36.3675],[174.8256,-36.3667],[174.8301,-36.3678],[174.8327,-36.3692],[174.8364,-36.3704],[174.8383,-36.3707],[174.8399,-36.3705],[174.8411,-36.3701],[174.842,-36.3691]],[[174.8217,-36.3757],[174.8204,-36.3759],[174.82,-36.3756],[174.82,-36.3745],[174.8214,-36.374],[174.8226,-36.3745],[174.8226,-36.3751],[174.8217,-36.3757]]]}},{"type":"Feature","properties":{},"geometry":{"type":"Polygon","coordinates":[[[174.7669,-36.795],[174.7667,-36.7947],[174.7657,-36.7946],[174.7659,-36.7925],[174.7654,-36.793],[174.7642,-36.7931],[174.7636,-36.7915],[174.7623,-36.7913],[174.7616,-36.7916],[174.7613,-36.7939],[174.7608,-36.7943],[174.7599,-36.7945],[174.7579,-36.794],[174.7575,-36.7943],[174.7575,-36.7949],[174.7602,-36.7978],[174.7609,-36.7998],[174.7606,-36.8019],[174.759,-36.8037],[174.7605,-36.8029],[174.7609,-36.803],[174.7631,-36.7991],[174.7615,-36.7986],[174.7647,-36.7969],[174.7652,-36.7959],[174.7664,-36.796],[174.7669,-36.795]]]}},{"type":"Feature","properties":{},"geometry":{"type":"Polygon","coordinates":[[[174.398,-36.6367],[174.3987,-36.636],[174.3985,-36.6354],[174.3974,-36.6361],[174.3974,-36.6367],[174.398,-36.6367]]]}},{"type":"Feature","properties":{},"geometry":{"type":"Polygon","coordinates":[[[174.7523,-36.7058],[174.752,-36.7052],[174.7521,-36.7043],[174.7515,-36.7038],[174.7525,-36.7019],[174.7519,-36.7016],[174.7503,-36.7011],[174.7471,-36.7011],[174.7442,-36.7017],[174.7433,-36.7024],[174.7437,-36.7031],[174.7443,-36.7032],[174.7472,-36.7026],[174.7494,-36.7026],[174.7504,-36.7033],[174.7511,-36.7053],[174.7523,-36.7058]]]}},{"type":"Feature","properties":{},"geometry":{"type":"Polygon","coordinates":[[[174.7983,-37.1005],[174.7999,-37.1008],[174.8023,-37.1],[174.8032,-37.0992],[174.8028,-37.0984],[174.8009,-37.098],[174.8004,-37.0975],[174.8004,-37.0967],[174.801,-37.0957],[174.8008,-37.0953],[174.7974,-37.0971],[174.7978,-37.0977],[174.7984,-37.0973],[174.798,-37.0979],[174.7982,-37.0988],[174.7991,-37.0991],[174.7984,-37.0998],[174.7983,-37.1005]]]}},{"type":"Feature","properties":{},"geometry":{"type":"Polygon","coordinates":[[[174.2628,-36.3544],[174.262,-36.352],[174.2619,-36.3497],[174.2632,-36.3485],[174.263,-36.3455],[174.2618,-36.3445],[174.2614,-36.3431],[174.262,-36.3416],[174.2614,-36.3412],[174.2615,-36.3392],[174.2602,-36.3385],[174.26,-36.3379],[174.2603,-36.3341],[174.2627,-36.3325],[174.2628,-36.3307],[174.2617,-36.3296],[174.2609,-36.3277],[174.2591,-36.3265],[174.2589,-36.3256],[174.26,-36.3251],[174.26,-36.3247],[174.2592,-36.324],[174.2592,-36.3232],[174.2603,-36.3221],[174.2603,-36.3217],[174.2593,-36.3215],[174.2576,-36.326],[174.2581,-36.3324],[174.2589,-36.3373],[174.2588,-36.3393],[174.2593,-36.3414],[174.2593,-36.3469],[174.2601,-36.3511],[174.2611,-36.3534],[174.2613,-36.3549],[174.2623,-36.3561],[174.2638,-36.3569],[174.2641,-36.3559],[174.2628,-36.3544]]]}},{"type":"Feature","properties":{},"geometry":{"type":"Polygon","coordinates":[[[174.9307,-36.7663],[174.9299,-36.7658],[174.9282,-36.766],[174.9268,-36.767],[174.9261,-36.7683],[174.9266,-36.7689],[174.9284,-36.7695],[174.9299,-36.7706],[174.93,-36.7703],[174.9288,-36.7691],[174.9288,-36.7685],[174.9296,-36.7672],[174.9307,-36.7663]]]}},{"type":"Feature","properties":{},"geometry":{"type":"Polygon","coordinates":[[[174.9776,-36.9097],[174.9781,-36.9109],[174.9815,-36.9135],[174.9865,-36.9158],[174.9882,-36.9127],[174.9897,-36.9115],[174.9894,-36.9115],[174.9894,-36.9111],[174.9904,-36.9107],[174.9892,-36.9101],[174.9841,-36.91],[174.9826,-36.9105],[174.9823,-36.9102],[174.982,-36.9107],[174.9812,-36.911],[174.9812,-36.9097],[174.9793,-36.9107],[174.9781,-36.9102],[174.9783,-36.9098],[174.9776,-36.9097]]]}},{"type":"Feature","properties":{},"geometry":{"type":"Polygon","coordinates":[[[174.4371,-36.5875],[174.44,-36.5825],[174.4403,-36.58],[174.4401,-36.577],[174.4403,-36.5765],[174.4418,-36.5754],[174.4441,-36.5746],[174.4452,-36.5743],[174.4467,-36.5746],[174.4473,-36.5745],[174.4502,-36.5723],[174.452,-36.5692],[174.454,-36.5672],[174.4531,-36.566],[174.4518,-36.5667],[174.4501,-36.5668],[174.4486,-36.566],[174.4485,-36.5649],[174.4491,-36.5625],[174.4487,-36.5606],[174.449,-36.5574],[174.4482,-36.5557],[174.4463,-36.5554],[174.4447,-36.5575],[174.4445,-36.559],[174.4453,-36.5601],[174.4453,-36.5607],[174.4448,-36.561],[174.4433,-36.561],[174.4417,-36.5591],[174.441,-36.5589],[174.4373,-36.5602],[174.4356,-36.5601],[174.4339,-36.5596],[174.4312,-36.5604],[174.4289,-36.5604],[174.4265,-36.5612],[174.4254,-36.5608],[174.4253,-36.563],[174.4243,-36.5638],[174.4223,-36.5634],[174.4214,-36.5651],[174.4198,-36.5669],[174.4198,-36.5685],[174.4243,-36.5691],[174.4279,-36.5707],[174.4281,-36.5723],[174.4304,-36.5742],[174.4334,-36.5761],[174.4329,-36.5787],[174.4305,-36.5807],[174.4275,-36.5812],[174.4242,-36.5812],[174.4204,-36.5808],[174.4201,-36.582],[174.4201,-36.584],[174.4213,-36.5846],[174.4241,-36.5849],[174.4243,-36.5856],[174.4269,-36.5859],[174.4292,-36.587],[174.4312,-36.5865],[174.4318,-36.587],[174.434,-36.5865],[174.4371,-36.5875]]]}},{"type":"Feature","properties":{},"geometry":{"type":"Polygon","coordinates":[[[174.6356,-36.8382],[174.6339,-36.8383],[174.6333,-36.8388],[174.6327,-36.8397],[174.6328,-36.8409],[174.6347,-36.8432],[174.6371,-36.8432],[174.6345,-36.8413],[174.6341,-36.8405],[174.6342,-36.8396],[174.6356,-36.8382]]]}},{"type":"Feature","properties":{},"geometry":{"type":"Polygon","coordinates":[[[174.8633,-36.9172],[174.8655,-36.9179],[174.867,-36.9171],[174.8688,-36.917],[174.8693,-36.9164],[174.8693,-36.9153],[174.8687,-36.9148],[174.8669,-36.9147],[174.8657,-36.9142],[174.8646,-36.9126],[174.8645,-36.9119],[174.8618,-36.9127],[174.8603,-36.9135],[174.8598,-36.9144],[174.8588,-36.9148],[174.8588,-36.9161],[174.8594,-36.9165],[174.86,-36.9177],[174.8613,-36.9162],[174.8612,-36.9157],[174.8633,-36.9156],[174.8641,-36.9149],[174.8645,-36.9149],[174.8652,-36.9152],[174.8647,-36.9156],[174.8648,-36.916],[174.8641,-36.9165],[174.8645,-36.9171],[174.8638,-36.9167],[174.8633,-36.9172]]]}},{"type":"Feature","properties":{},"geometry":{"type":"Polygon","coordinates":[[[174.9217,-37.0043],[174.9213,-37.0032],[174.9217,-37.0022],[174.925,-37.0007],[174.924,-36.9995],[174.9231,-36.9993],[174.9222,-36.9995],[174.9203,-37.001],[174.9182,-37.0017],[174.9172,-37.0025],[174.9172,-37.0032],[174.9177,-37.0037],[174.9211,-37.0049],[174.9215,-37.0049],[174.9217,-37.0043]]]}},{"type":"Feature","properties":{},"geometry":{"type":"Polygon","coordinates":[[[174.6851,-36.6175],[174.6875,-36.6184],[174.6881,-36.6181],[174.6891,-36.6184],[174.6917,-36.618],[174.6922,-36.6171],[174.6929,-36.6167],[174.6949,-36.6164],[174.6956,-36.6159],[174.6957,-36.6153],[174.6944,-36.6157],[174.6937,-36.6163],[174.692,-36.6168],[174.6909,-36.6176],[174.6903,-36.6174],[174.6915,-36.6173],[174.6919,-36.6168],[174.6915,-36.6168],[174.6918,-36.6161],[174.6927,-36.6154],[174.6877,-36.6163],[174.6861,-36.6168],[174.6851,-36.6175]]]}},{"type":"Feature","properties":{},"geometry":{"type":"Polygon","coordinates":[[[175.1332,-36.9986],[175.1348,-36.9979],[175.1367,-36.9981],[175.1411,-36.9995],[175.1461,-37.0027],[175.1477,-37.0031],[175.1482,-37.0023],[175.1473,-37.0003],[175.1474,-36.9993],[175.146,-36.9984],[175.136,-36.9941],[175.1345,-36.9939],[175.1307,-36.9943],[175.1285,-36.9937],[175.1257,-36.9912],[175.1246,-36.9907],[175.1223,-36.9913],[175.1211,-36.9912],[175.121,-36.9919],[175.1215,-36.9929],[175.1227,-36.9935],[175.1252,-36.9938],[175.1332,-36.9986]]]}},{"type":"Feature","properties":{},"geometry":{"type":"Polygon","coordinates":[[[174.7374,-36.4561],[174.7394,-36.4528],[174.7383,-36.4521],[174.7383,-36.4517],[174.7394,-36.4523],[174.7397,-36.4529],[174.7394,-36.4532],[174.7395,-36.4538],[174.7388,-36.4548],[174.7392,-36.4562],[174.7404,-36.4533],[174.7401,-36.4503],[174.7395,-36.4494],[174.739,-36.4492],[174.7379,-36.4493],[174.7372,-36.4503],[174.737,-36.4511],[174.7381,-36.4534],[174.7374,-36.4561]]]}},{"type":"Feature","properties":{},"geometry":{"type":"Polygon","coordinates":[[[174.8474,-37.0284],[174.8477,-37.0272],[174.8472,-37.0263],[174.8439,-37.0251],[174.8417,-37.0237],[174.8371,-37.0192],[174.8348,-37.0175],[174.8318,-37.0159],[174.8307,-37.0161],[174.8321,-37.0176],[174.8328,-37.018],[174.8332,-37.0187],[174.8387,-37.0227],[174.8403,-37.0246],[174.8411,-37.0267],[174.8421,-37.0274],[174.8441,-37.0277],[174.8445,-37.029],[174.8449,-37.0292],[174.845,-37.0288],[174.8457,-37.0289],[174.8474,-37.0284]]]}},{"type":"Feature","properties":{},"geometry":{"type":"Polygon","coordinates":[[[174.6076,-36.9213],[174.6083,-36.92],[174.612,-36.9162],[174.6127,-36.916],[174.6136,-36.9169],[174.6141,-36.9166],[174.6155,-36.913],[174.6177,-36.911],[174.6187,-36.9103],[174.6228,-36.9088],[174.6255,-36.9068],[174.6261,-36.9059],[174.627,-36.9031],[174.6269,-36.9023],[174.6279,-36.9008],[174.628,-36.9],[174.6277,-36.8997],[174.6264,-36.9003],[174.6253,-36.9021],[174.6249,-36.9037],[174.6238,-36.9054],[174.6228,-36.9063],[174.6219,-36.9067],[174.6197,-36.907],[174.6189,-36.9075],[174.6172,-36.9091],[174.6167,-36.9105],[174.6137,-36.9117],[174.6099,-36.9158],[174.6071,-36.9181],[174.6063,-36.9197],[174.6067,-36.9208],[174.6076,-36.9213]]]}},{"type":"Feature","properties":{},"geometry":{"type":"Polygon","coordinates":[[[174.8182,-36.8495],[174.8168,-36.8508],[174.8142,-36.8517],[174.8142,-36.852],[174.8186,-36.8545],[174.8199,-36.8556],[174.8206,-36.8556],[174.8213,-36.8549],[174.8211,-36.8534],[174.8196,-36.8505],[174.8182,-36.8495]]]}},{"type":"Feature","properties":{},"geometry":{"type":"Polygon","coordinates":[[[174.7523,-36.3253],[174.7519,-36.3377],[174.7526,-36.3424],[174.7511,-36.3457],[174.7488,-36.3494],[174.7478,-36.3497],[174.7471,-36.3484],[174.7453,-36.3502],[174.7446,-36.3521],[174.7452,-36.3535],[174.747,-36.3549],[174.7494,-36.3553],[174.7511,-36.3552],[174.7524,-36.3556],[174.7531,-36.3563],[174.7532,-36.357],[174.7527,-36.3579],[174.7529,-36.359],[174.7544,-36.3604],[174.7551,-36.3606],[174.7574,-36.3591],[174.7599,-36.3591],[174.7624,-36.3599],[174.7652,-36.3584],[174.7668,-36.3581],[174.7703,-36.3606],[174.7705,-36.361],[174.7704,-36.3614],[174.7677,-36.3622],[174.7664,-36.3634],[174.7649,-36.3641],[174.7649,-36.3648],[174.7665,-36.3654],[174.7687,-36.3657],[174.7697,-36.3665],[174.7723,-36.3646],[174.7738,-36.3649],[174.7753,-36.3663],[174.7759,-36.3662],[174.7778,-36.365],[174.7785,-36.365],[174.7794,-36.3655],[174.7795,-36.3682],[174.7803,-36.3684],[174.7814,-36.3668],[174.7818,-36.3652],[174.7796,-36.3627],[174.7795,-36.3621],[174.7795,-36.3597],[174.7781,-36.3552],[174.7785,-36.3537],[174.7769,-36.3553],[174.7769,-36.356],[174.7782,-36.3577],[174.7781,-36.3587],[174.7764,-36.3604],[174.777,-36.3617],[174.7767,-36.3623],[174.7739,-36.3623],[174.7735,-36.36],[174.7723,-36.359],[174.768,-36.3569],[174.7654,-36.3564],[174.7659,-36.3557],[174.7646,-36.3567],[174.7618,-36.3572],[174.7626,-36.3563],[174.765,-36.355],[174.7663,-36.3531],[174.7662,-36.3523],[174.7654,-36.3509],[174.7649,-36.3504],[174.7646,-36.3506],[174.764,-36.3492],[174.7629,-36.3483],[174.7624,-36.3462],[174.7599,-36.3435],[174.7605,-36.3422],[174.7602,-36.3415],[174.7604,-36.3413],[174.7601,-36.3412],[174.7603,-36.3393],[174.7594,-36.3364],[174.7595,-36.3354],[174.76,-36.3343],[174.7607,-36.3338],[174.7618,-36.331],[174.7616,-36.3306],[174.7621,-36.3305],[174.7623,-36.3296],[174.7627,-36.3291],[174.7629,-36.3277],[174.7624,-36.3271],[174.7616,-36.3249],[174.7614,-36.3253],[174.7611,-36.3249],[174.7614,-36.3249],[174.7612,-36.3242],[174.7605,-36.3232],[174.7603,-36.322],[174.7593,-36.3213],[174.7584,-36.3199],[174.7577,-36.3194],[174.7568,-36.3194],[174.7557,-36.3203],[174.7523,-36.3253]]]}},{"type":"Feature","properties":{},"geometry":{"type":"Polygon","coordinates":[[[174.5505,-36.2973],[174.5486,-36.2967],[174.5467,-36.2975],[174.5432,-36.2971],[174.5424,-36.2975],[174.5423,-36.2979],[174.5427,-36.2983],[174.5463,-36.2994],[174.5483,-36.2994],[174.5515,-36.3009],[174.5526,-36.3034],[174.5526,-36.3072],[174.5518,-36.3083],[174.5504,-36.3082],[174.5484,-36.3072],[174.5463,-36.3071],[174.5442,-36.3062],[174.5416,-36.3064],[174.5391,-36.306],[174.536,-36.3045],[174.5356,-36.305],[174.5355,-36.3074],[174.5348,-36.3082],[174.5349,-36.3087],[174.5363,-36.3096],[174.5385,-36.3095],[174.5393,-36.31],[174.542,-36.3108],[174.5466,-36.3101],[174.5479,-36.3105],[174.5496,-36.3126],[174.5503,-36.3148],[174.5491,-36.3205],[174.5493,-36.3224],[174.5486,-36.3236],[174.5473,-36.3249],[174.5474,-36.3269],[174.5483,-36.3284],[174.5511,-36.3303],[174.5517,-36.3315],[174.5517,-36.3322],[174.5509,-36.3326],[174.5478,-36.3315],[174.5466,-36.3317],[174.5455,-36.3323],[174.5449,-36.3335],[174.5449,-36.3344],[174.5453,-36.3354],[174.5469,-36.3369],[174.5514,-36.3387],[174.5519,-36.3392],[174.5519,-36.3396],[174.5513,-36.3403],[174.55,-36.3403],[174.5459,-36.3395],[174.5449,-36.3401],[174.5447,-36.3408],[174.545,-36.3413],[174.5481,-36.3409],[174.55,-36.3414],[174.5512,-36.3413],[174.5529,-36.3408],[174.5537,-36.3399],[174.5536,-36.3386],[174.553,-36.3377],[174.5495,-36.3366],[174.5476,-36.3352],[174.5472,-36.3342],[174.5478,-36.3333],[174.5488,-36.3335],[174.5521,-36.3353],[174.5531,-36.3342],[174.5537,-36.3321],[174.5547,-36.3313],[174.5557,-36.3309],[174.5579,-36.3318],[174.5584,-36.3316],[174.5584,-36.3311],[174.5566,-36.3287],[174.5568,-36.3272],[174.5586,-36.3253],[174.5574,-36.3238],[174.5572,-36.3228],[174.559,-36.3183],[174.5608,-36.3163],[174.5608,-36.3156],[174.5592,-36.3141],[174.5591,-36.3135],[174.5597,-36.3124],[174.5623,-36.3104],[174.5625,-36.3098],[174.5621,-36.3067],[174.5632,-36.3047],[174.563,-36.304],[174.5623,-36.3033],[174.5628,-36.301],[174.5621,-36.3001],[174.561,-36.2994],[174.5591,-36.2987],[174.5553,-36.2988],[174.5531,-36.2985],[174.5505,-36.2973]]]}},{"type":"Feature","properties":{},"geometry":{"type":"Polygon","coordinates":[[[174.9769,-37.0814],[174.9758,-37.0752],[174.9742,-37.0744],[174.9736,-37.0737],[174.972,-37.0736],[174.971,-37.073],[174.9698,-37.0748],[174.9668,-37.0751],[174.9696,-37.0776],[174.9733,-37.0781],[174.9736,-37.0784],[174.9737,-37.0797],[174.9769,-37.0814]]]}},{"type":"Feature","properties":{},"geometry":{"type":"Polygon","coordinates":[[[174.5719,-37.131],[174.5739,-37.1302],[174.5729,-37.131],[174.5751,-37.1311],[174.5778,-37.1296],[174.5802,-37.1299],[174.5807,-37.1307],[174.5808,-37.1327],[174.5796,-37.1348],[174.581,-37.1376],[174.5798,-37.1407],[174.5807,-37.1442],[174.5828,-37.1481],[174.5839,-37.1492],[174.5853,-37.1494],[174.5875,-37.1484],[174.5887,-37.1483],[174.5896,-37.1491],[174.5898,-37.1502],[174.5896,-37.1516],[174.5885,-37.1545],[174.5895,-37.1563],[174.5894,-37.1572],[174.589,-37.1583],[174.5877,-37.1593],[174.5884,-37.159],[174.588,-37.1594],[174.5902,-37.1599],[174.5914,-37.1605],[174.5919,-37.164],[174.5923,-37.1642],[174.5936,-37.167],[174.5955,-37.168],[174.5954,-37.1695],[174.5969,-37.1723],[174.5985,-37.1736],[174.6005,-37.1737],[174.6019,-37.1747],[174.6012,-37.1782],[174.6021,-37.1796],[174.6036,-37.1799],[174.6032,-37.1808],[174.6032,-37.1818],[174.6027,-37.1826],[174.6031,-37.1841],[174.6055,-37.1844],[174.6059,-37.1848],[174.6051,-37.186],[174.6051,-37.1864],[174.606,-37.187],[174.6061,-37.1902],[174.6076,-37.1916],[174.6082,-37.193],[174.6087,-37.1932],[174.6101,-37.1934],[174.6123,-37.1932],[174.6136,-37.1937],[174.6136,-37.1943],[174.613,-37.1948],[174.6116,-37.1957],[174.6113,-37.1971],[174.6113,-37.1977],[174.6122,-37.1983],[174.6117,-37.1997],[174.6121,-37.2005],[174.6123,-37.2039],[174.6129,-37.2041],[174.6127,-37.2042],[174.6135,-37.2049],[174.6144,-37.2052],[174.6167,-37.2042],[174.618,-37.2041],[174.6189,-37.2046],[174.6186,-37.2053],[174.6159,-37.2069],[174.6159,-37.2082],[174.6182,-37.2086],[174.6193,-37.2091],[174.6192,-37.2098],[174.6181,-37.2113],[174.6183,-37.212],[174.6196,-37.2133],[174.6211,-37.2133],[174.6225,-37.2144],[174.6243,-37.215],[174.6244,-37.2162],[174.6225,-37.218],[174.6227,-37.2193],[174.6244,-37.222],[174.6246,-37.2232],[174.6256,-37.2243],[174.6258,-37.2248],[174.6256,-37.2259],[174.6281,-37.2309],[174.6287,-37.2316],[174.6304,-37.2316],[174.6307,-37.2319],[174.633,-37.2376],[174.6332,-37.2379],[174.6343,-37.238],[174.6346,-37.2383],[174.6355,-37.2428],[174.6362,-37.2446],[174.6378,-37.246],[174.6382,-37.2486],[174.6394,-37.2513],[174.6412,-37.2523],[174.642,-37.2539],[174.6421,-37.2551],[174.6424,-37.2553],[174.6439,-37.255],[174.6459,-37.2541],[174.6469,-37.2544],[174.647,-37.2556],[174.6443,-37.2572],[174.6448,-37.2585],[174.6474,-37.2601],[174.6475,-37.2608],[174.6456,-37.2613],[174.6455,-37.2618],[174.648,-37.2647],[174.6479,-37.2655],[174.6496,-37.2664],[174.6509,-37.2664],[174.652,-37.2674],[174.652,-37.2677],[174.6509,-37.268],[174.6502,-37.2696],[174.6496,-37.2703],[174.6513,-37.2725],[174.6529,-37.2732],[174.6537,-37.2742],[174.6524,-37.2753],[174.6545,-37.279],[174.655,-37.2795],[174.6557,-37.2795],[174.6576,-37.2789],[174.6594,-37.2769],[174.6603,-37.2764],[174.6617,-37.2764],[174.663,-37.277],[174.6627,-37.2779],[174.6617,-37.2788],[174.6571,-37.282],[174.6572,-37.2827],[174.6579,-37.2835],[174.6582,-37.282],[174.663,-37.2808],[174.6645,-37.2799],[174.6651,-37.2788],[174.6735,-37.2757],[174.6732,-37.2753],[174.6723,-37.2753],[174.6703,-37.2763],[174.6692,-37.2757],[174.6675,-37.2758],[174.6675,-37.2754],[174.6692,-37.2747],[174.6691,-37.2745],[174.6683,-37.2737],[174.6662,-37.2731],[174.6651,-37.2732],[174.6624,-37.2743],[174.6614,-37.2743],[174.6605,-37.2738],[174.6601,-37.2729],[174.6602,-37.2723],[174.661,-37.2717],[174.6635,-37.2708],[174.6648,-37.2695],[174.6655,-37.2682],[174.6651,-37.2672],[174.6639,-37.2664],[174.6632,-37.2642],[174.664,-37.2636],[174.6664,-37.2628],[174.6669,-37.258],[174.6665,-37.2571],[174.6634,-37.2557],[174.6625,-37.2558],[174.6619,-37.2562],[174.6592,-37.2557],[174.6565,-37.2546],[174.6555,-37.2537],[174.6552,-37.2532],[174.6552,-37.2521],[174.6558,-37.2504],[174.6564,-37.2472],[174.6549,-37.2402],[174.6532,-37.2382],[174.6492,-37.2375],[174.6487,-37.2369],[174.6485,-37.2363],[174.6491,-37.2333],[174.649,-37.2315],[174.6486,-37.2308],[174.648,-37.2304],[174.6458,-37.2303],[174.6455,-37.23],[174.6462,-37.2284],[174.6455,-37.2273],[174.6433,-37.2271],[174.641,-37.2287],[174.6407,-37.2269],[174.6413,-37.2259],[174.6414,-37.225],[174.6407,-37.2242],[174.6405,-37.2231],[174.6416,-37.2216],[174.6402,-37.2181],[174.6396,-37.2171],[174.6381,-37.2162],[174.6346,-37.2161],[174.6325,-37.217],[174.6311,-37.2168],[174.631,-37.2158],[174.6315,-37.2152],[174.6346,-37.2137],[174.6348,-37.2133],[174.6345,-37.2122],[174.632,-37.2102],[174.6321,-37.2092],[174.6318,-37.2089],[174.6286,-37.2092],[174.6284,-37.2087],[174.6287,-37.2074],[174.6284,-37.2068],[174.6235,-37.2051],[174.6228,-37.2046],[174.6228,-37.2042],[174.6244,-37.2035],[174.6246,-37.2039],[174.6252,-37.204],[174.6259,-37.2037],[174.6265,-37.2022],[174.6272,-37.2013],[174.6281,-37.201],[174.6291,-37.2015],[174.6301,-37.2037],[174.6303,-37.2052],[174.6307,-37.2053],[174.6316,-37.2045],[174.6321,-37.2022],[174.6326,-37.2018],[174.6332,-37.2018],[174.6344,-37.2027],[174.6357,-37.2044],[174.6369,-37.2082],[174.6372,-37.2087],[174.6377,-37.2086],[174.6382,-37.2082],[174.6382,-37.2065],[174.6391,-37.2055],[174.6392,-37.2049],[174.6362,-37.2024],[174.6352,-37.1998],[174.6327,-37.1983],[174.6304,-37.196],[174.6308,-37.1954],[174.6353,-37.1954],[174.6399,-37.1969],[174.6406,-37.1969],[174.6412,-37.1966],[174.6409,-37.1958],[174.6394,-37.1943],[174.6394,-37.1938],[174.6399,-37.1934],[174.6408,-37.1932],[174.6444,-37.193],[174.6448,-37.1925],[174.6446,-37.1923],[174.6422,-37.1909],[174.6411,-37.1914],[174.6384,-37.1903],[174.6358,-37.1906],[174.6343,-37.1905],[174.6339,-37.1902],[174.6342,-37.1886],[174.64,-37.1867],[174.6407,-37.1856],[174.6396,-37.1853],[174.6379,-37.1863],[174.6355,-37.1867],[174.6348,-37.1861],[174.6349,-37.1841],[174.6329,-37.1836],[174.6282,-37.1816],[174.6257,-37.1814],[174.6254,-37.1819],[174.6261,-37.1829],[174.6297,-37.1841],[174.6314,-37.1851],[174.6319,-37.1857],[174.6319,-37.1867],[174.6283,-37.1875],[174.6284,-37.1904],[174.6273,-37.1915],[174.6234,-37.1898],[174.6255,-37.1922],[174.6253,-37.1932],[174.6237,-37.1939],[174.6224,-37.1937],[174.6225,-37.1919],[174.6221,-37.191],[174.62,-37.1896],[174.614,-37.1883],[174.6115,-37.1886],[174.611,-37.1882],[174.6107,-37.187],[174.6114,-37.1848],[174.6128,-37.1851],[174.6138,-37.1862],[174.615,-37.1859],[174.6156,-37.1852],[174.6157,-37.1846],[174.6144,-37.1838],[174.6138,-37.1823],[174.6138,-37.1816],[174.6151,-37.1792],[174.6143,-37.1789],[174.6151,-37.175],[174.6147,-37.173],[174.6137,-37.172],[174.6116,-37.172],[174.6113,-37.1714],[174.6113,-37.1687],[174.6108,-37.1682],[174.6077,-37.1683],[174.6067,-37.1681],[174.6059,-37.1687],[174.6052,-37.1687],[174.6039,-37.168],[174.6028,-37.1669],[174.601,-37.1661],[174.6004,-37.1651],[174.6005,-37.1638],[174.6001,-37.1631],[174.5964,-37.1602],[174.596,-37.1595],[174.5979,-37.1579],[174.5983,-37.1588],[174.6027,-37.1643],[174.6043,-37.1653],[174.6046,-37.1649],[174.6033,-37.1628],[174.6033,-37.1618],[174.6021,-37.1611],[174.6007,-37.1589],[174.6011,-37.1584],[174.6024,-37.1582],[174.6027,-37.1577],[174.6027,-37.1573],[174.6022,-37.157],[174.6001,-37.1568],[174.6003,-37.1561],[174.602,-37.1553],[174.6026,-37.1549],[174.6026,-37.1544],[174.6014,-37.1531],[174.5998,-37.1526],[174.5994,-37.1521],[174.5999,-37.1501],[174.602,-37.1501],[174.6025,-37.148],[174.6039,-37.1469],[174.603,-37.1466],[174.6017,-37.1469],[174.6008,-37.1467],[174.5995,-37.1484],[174.5987,-37.1482],[174.5976,-37.1473],[174.5978,-37.1481],[174.5973,-37.1506],[174.5961,-37.1517],[174.5942,-37.1524],[174.5937,-37.1545],[174.5922,-37.1554],[174.5906,-37.1546],[174.5904,-37.1531],[174.5912,-37.1507],[174.5905,-37.1475],[174.5906,-37.1467],[174.5927,-37.1452],[174.5928,-37.1438],[174.5925,-37.1433],[174.5906,-37.1423],[174.5904,-37.1414],[174.5878,-37.1405],[174.5873,-37.1398],[174.5876,-37.1385],[174.5889,-37.1361],[174.5889,-37.1354],[174.5881,-37.135],[174.5856,-37.1347],[174.5847,-37.1343],[174.5841,-37.1337],[174.5838,-37.1324],[174.5847,-37.1315],[174.5854,-37.1314],[174.5891,-37.1325],[174.5939,-37.1328],[174.5947,-37.1331],[174.5953,-37.134],[174.5947,-37.1355],[174.5967,-37.1353],[174.5973,-37.1359],[174.5973,-37.1375],[174.5986,-37.1372],[174.599,-37.1356],[174.5979,-37.134],[174.5962,-37.1323],[174.5962,-37.1319],[174.598,-37.1305],[174.5988,-37.1306],[174.6,-37.1316],[174.6009,-37.1317],[174.6024,-37.13],[174.6041,-37.1295],[174.6047,-37.1291],[174.605,-37.128],[174.6041,-37.1272],[174.6017,-37.128],[174.599,-37.1275],[174.5975,-37.1269],[174.5969,-37.1261],[174.5967,-37.1248],[174.5963,-37.1242],[174.5939,-37.1238],[174.5936,-37.1216],[174.596,-37.1202],[174.5974,-37.1201],[174.5985,-37.1202],[174.6009,-37.1216],[174.602,-37.1213],[174.6024,-37.1206],[174.6028,-37.1169],[174.6037,-37.1154],[174.603,-37.1132],[174.604,-37.1118],[174.6039,-37.1114],[174.6036,-37.111],[174.6027,-37.1111],[174.6003,-37.1131],[174.5993,-37.1135],[174.5988,-37.1127],[174.5989,-37.1102],[174.598,-37.1066],[174.5959,-37.1049],[174.5932,-37.1041],[174.5899,-37.1043],[174.5891,-37.1038],[174.5879,-37.1017],[174.5871,-37.1021],[174.5861,-37.1041],[174.5844,-37.1041],[174.5824,-37.1026],[174.5802,-37.1022],[174.58,-37.1029],[174.581,-37.1045],[174.5809,-37.1071],[174.5819,-37.1067],[174.5846,-37.1076],[174.5841,-37.11],[174.5844,-37.1108],[174.5839,-37.1119],[174.5856,-37.1133],[174.5871,-37.1134],[174.5886,-37.1121],[174.5887,-37.1114],[174.588,-37.1099],[174.5884,-37.1087],[174.5895,-37.1077],[174.5929,-37.1072],[174.5937,-37.1075],[174.5942,-37.1086],[174.5941,-37.1106],[174.5884,-37.1171],[174.5866,-37.1183],[174.5851,-37.1201],[174.5853,-37.1204],[174.586,-37.1205],[174.5902,-37.118],[174.5911,-37.1184],[174.5904,-37.12],[174.5889,-37.1212],[174.5854,-37.1226],[174.5852,-37.123],[174.5862,-37.1243],[174.586,-37.1256],[174.5851,-37.1263],[174.5822,-37.1273],[174.5813,-37.1264],[174.5798,-37.1259],[174.5794,-37.1255],[174.5794,-37.125],[174.5804,-37.1228],[174.5797,-37.1204],[174.5781,-37.1195],[174.5762,-37.1193],[174.5695,-37.1175],[174.5677,-37.1166],[174.5664,-37.1172],[174.5662,-37.118],[174.5667,-37.1194],[174.569,-37.1208],[174.5708,-37.1229],[174.5702,-37.1247],[174.5705,-37.1251],[174.5718,-37.1255],[174.5721,-37.126],[174.5723,-37.1281],[174.5751,-37.129],[174.5728,-37.1298],[174.5701,-37.1301],[174.5711,-37.1309],[174.5719,-37.131]],[[174.6282,-37.1945],[174.628,-37.1934],[174.6293,-37.1919],[174.6313,-37.1905],[174.6326,-37.1911],[174.6351,-37.1912],[174.636,-37.1916],[174.6363,-37.1928],[174.6357,-37.1942],[174.635,-37.1946],[174.6339,-37.1944],[174.6292,-37.1949],[174.6282,-37.1945]]]}},{"type":"Feature","properties":{},"geometry":{"type":"Polygon","coordinates":[[[174.2692,-36.3421],[174.2701,-36.3414],[174.2699,-36.3399],[174.268,-36.3379],[174.2669,-36.3381],[174.2666,-36.3399],[174.267,-36.3414],[174.2683,-36.3423],[174.2692,-36.3421]]]}},{"type":"Feature","properties":{},"geometry":{"type":"Polygon","coordinates":[[[174.7951,-36.9312],[174.795,-36.9304],[174.796,-36.9292],[174.7955,-36.9281],[174.795,-36.9276],[174.7924,-36.9266],[174.7907,-36.9263],[174.7878,-36.9273],[174.7876,-36.9303],[174.7867,-36.9315],[174.7849,-36.9319],[174.7823,-36.9318],[174.7825,-36.9323],[174.7836,-36.9323],[174.7841,-36.9327],[174.7838,-36.9327],[174.7851,-36.933],[174.7861,-36.9327],[174.7861,-36.9323],[174.7885,-36.9321],[174.789,-36.9319],[174.7889,-36.9313],[174.7951,-36.9312]]]}},{"type":"Feature","properties":{},"geometry":{"type":"Polygon","coordinates":[[[174.6778,-36.5919],[174.6809,-36.5912],[174.6835,-36.5926],[174.6841,-36.5934],[174.6858,-36.5942],[174.6864,-36.5951],[174.6905,-36.596],[174.692,-36.5956],[174.6922,-36.5947],[174.6915,-36.5944],[174.6912,-36.5932],[174.6921,-36.5907],[174.6926,-36.5914],[174.6925,-36.592],[174.6929,-36.5918],[174.6929,-36.5935],[174.6937,-36.5946],[174.6941,-36.5967],[174.6962,-36.5967],[174.6971,-36.5976],[174.6986,-36.5982],[174.7001,-36.598],[174.7005,-36.5969],[174.7002,-36.5936],[174.6994,-36.5909],[174.6966,-36.5854],[174.6968,-36.5853],[174.694,-36.5795],[174.6928,-36.5757],[174.6917,-36.5743],[174.6912,-36.5743],[174.6913,-36.5741],[174.6882,-36.5744],[174.6853,-36.5757],[174.6845,-36.5764],[174.6844,-36.5772],[174.6852,-36.5807],[174.6851,-36.5814],[174.6838,-36.583],[174.6843,-36.5845],[174.6841,-36.5851],[174.6807,-36.5893],[174.6791,-36.5903],[174.6744,-36.5905],[174.673,-36.5907],[174.6724,-36.5912],[174.6723,-36.5915],[174.6729,-36.5916],[174.6758,-36.5915],[174.6775,-36.5907],[174.6769,-36.5914],[174.6778,-36.5919]]]}},{"type":"Feature","properties":{},"geometry":{"type":"Polygon","coordinates":[[[174.7662,-36.6253],[174.7657,-36.6259],[174.7629,-36.6274],[174.76,-36.6281],[174.7562,-36.6281],[174.7535,-36.6277],[174.7529,-36.6273],[174.7519,-36.6287],[174.7518,-36.6293],[174.7524,-36.6314],[174.7519,-36.6343],[174.7521,-36.6353],[174.7549,-36.6364],[174.7558,-36.6365],[174.7574,-36.636],[174.7622,-36.6304],[174.7659,-36.6286],[174.7665,-36.628],[174.7672,-36.6267],[174.7667,-36.6256],[174.7662,-36.6253]]]}},{"type":"Feature","properties":{},"geometry":{"type":"Polygon","coordinates":[[[174.2953,-36.3516],[174.2962,-36.3512],[174.2962,-36.3501],[174.295,-36.3491],[174.2939,-36.347],[174.2933,-36.3468],[174.2927,-36.3475],[174.2928,-36.3505],[174.2937,-36.3513],[174.2953,-36.3516]]]}},{"type":"Feature","properties":{},"geometry":{"type":"Polygon","coordinates":[[[174.4909,-37.0202],[174.4885,-37.021],[174.4877,-37.02],[174.4875,-37.018],[174.4888,-37.0172],[174.4882,-37.0163],[174.4889,-37.0159],[174.4895,-37.0163],[174.4892,-37.0148],[174.4887,-37.0144],[174.4855,-37.0143],[174.4849,-37.014],[174.4843,-37.0131],[174.4855,-37.012],[174.4885,-37.0113],[174.4899,-37.0106],[174.4901,-37.0101],[174.4897,-37.0089],[174.4892,-37.0088],[174.4871,-37.0097],[174.4856,-37.0098],[174.485,-37.0091],[174.4839,-37.006],[174.4821,-37.0046],[174.4804,-37.0038],[174.4808,-37.0022],[174.48,-37.0006],[174.4782,-36.9995],[174.4769,-36.9992],[174.4777,-37.0035],[174.4798,-37.009],[174.4807,-37.016],[174.4811,-37.0337],[174.4816,-37.0372],[174.4828,-37.0417],[174.4837,-37.0431],[174.488,-37.0476],[174.4911,-37.05],[174.4931,-37.0511],[174.495,-37.0518],[174.4977,-37.0519],[174.4994,-37.0511],[174.5009,-37.0498],[174.5034,-37.0494],[174.5037,-37.0492],[174.5036,-37.0481],[174.5056,-37.0464],[174.508,-37.0455],[174.5085,-37.046],[174.5081,-37.0441],[174.5095,-37.0423],[174.5098,-37.0412],[174.5119,-37.0399],[174.5117,-37.0383],[174.5131,-37.0362],[174.5126,-37.0357],[174.5109,-37.0363],[174.5101,-37.0379],[174.5088,-37.0385],[174.5065,-37.038],[174.505,-37.0389],[174.5034,-37.0408],[174.5022,-37.0416],[174.4995,-37.0415],[174.4964,-37.0373],[174.4954,-37.0345],[174.4938,-37.0332],[174.4938,-37.0326],[174.4946,-37.0325],[174.4952,-37.0334],[174.496,-37.0301],[174.4961,-37.0271],[174.4955,-37.0252],[174.4926,-37.0216],[174.4909,-37.0202]],[[174.491,-37.033],[174.491,-37.0325],[174.4919,-37.0325],[174.4929,-37.0329],[174.4933,-37.0343],[174.4931,-37.0346],[174.4924,-37.0343],[174.491,-37.033]]]}},{"type":"Feature","properties":{},"geometry":{"type":"Polygon","coordinates":[[[175.169,-36.7477],[175.1671,-36.7483],[175.1668,-36.7492],[175.1675,-36.7501],[175.1657,-36.7511],[175.1654,-36.7535],[175.1659,-36.7543],[175.1673,-36.7539],[175.1676,-36.7527],[175.1683,-36.7517],[175.1697,-36.7509],[175.1704,-36.7499],[175.169,-36.7477]]]}},{"type":"Feature","properties":{},"geometry":{"type":"Polygon","coordinates":[[[174.7576,-36.7399],[174.7567,-36.7392],[174.7558,-36.7373],[174.747,-36.7412],[174.7461,-36.7419],[174.747,-36.7422],[174.7558,-36.7398],[174.7576,-36.7399]]]}},{"type":"Feature","properties":{},"geometry":{"type":"Polygon","coordinates":[[[174.8063,-36.82],[174.8056,-36.8207],[174.8048,-36.823],[174.8038,-36.8235],[174.8045,-36.8255],[174.806,-36.8266],[174.8063,-36.8287],[174.8075,-36.8282],[174.8089,-36.8285],[174.8103,-36.8294],[174.8098,-36.8284],[174.8087,-36.8273],[174.8086,-36.8264],[174.8092,-36.8259],[174.8114,-36.8254],[174.8085,-36.8228],[174.8063,-36.82]]]}},{"type":"Feature","properties":{},"geometry":{"type":"Polygon","coordinates":[[[174.8139,-36.6078],[174.8162,-36.6027],[174.8151,-36.6002],[174.8147,-36.6011],[174.8128,-36.6019],[174.8103,-36.602],[174.8084,-36.6038],[174.8077,-36.6051],[174.8076,-36.6058],[174.8081,-36.6066],[174.808,-36.6078],[174.8119,-36.6072],[174.8134,-36.6076],[174.8133,-36.6072],[174.8139,-36.6078]]]}},{"type":"Feature","properties":{},"geometry":{"type":"Polygon","coordinates":[[[174.5654,-37.1109],[174.5657,-37.1099],[174.5654,-37.1093],[174.5636,-37.1086],[174.5624,-37.1088],[174.5622,-37.1095],[174.5625,-37.1104],[174.5631,-37.1109],[174.5644,-37.1113],[174.5654,-37.1109]]]}},{"type":"Feature","properties":{},"geometry":{"type":"Polygon","coordinates":[[[175.1356,-37.1688],[175.1339,-37.1682],[175.136,-37.1681],[175.1336,-37.1663],[175.1323,-37.1663],[175.1317,-37.1657],[175.13,-37.1655],[175.1295,-37.1648],[175.1276,-37.1662],[175.1274,-37.1668],[175.1278,-37.169],[175.1293,-37.1684],[175.1313,-37.1682],[175.1338,-37.1682],[175.1356,-37.1688]]]}},{"type":"Feature","properties":{},"geometry":{"type":"Polygon","coordinates":[[[174.7508,-36.8123],[174.7506,-36.8125],[174.7512,-36.8138],[174.751,-36.8148],[174.7506,-36.8155],[174.7501,-36.8155],[174.75,-36.814],[174.7489,-36.819],[174.7495,-36.8217],[174.7507,-36.8229],[174.7502,-36.8196],[174.7515,-36.815],[174.7523,-36.8141],[174.7543,-36.8138],[174.7549,-36.8124],[174.7545,-36.8116],[174.7584,-36.8075],[174.7575,-36.8072],[174.7575,-36.8058],[174.7571,-36.8052],[174.7571,-36.8073],[174.7566,-36.8085],[174.7539,-36.8111],[174.752,-36.8122],[174.7508,-36.8123]]]}},{"type":"Feature","properties":{},"geometry":{"type":"Polygon","coordinates":[[[175.1533,-36.9129],[175.1549,-36.9135],[175.1554,-36.9142],[175.1558,-36.9164],[175.1577,-36.9113],[175.1586,-36.9109],[175.1591,-36.9113],[175.1595,-36.9111],[175.1592,-36.9105],[175.1585,-36.9102],[175.1561,-36.9115],[175.1549,-36.9111],[175.1533,-36.9129]]]}},{"type":"Feature","properties":{},"geometry":{"type":"Polygon","coordinates":[[[174.4564,-36.9204],[174.4565,-36.9181],[174.456,-36.9183],[174.4564,-36.9204]]]}},{"type":"Feature","properties":{},"geometry":{"type":"Polygon","coordinates":[[[174.6432,-37.076],[174.6377,-37.0765],[174.632,-37.0753],[174.6267,-37.0761],[174.6236,-37.0759],[174.6204,-37.0762],[174.6096,-37.0796],[174.605,-37.0805],[174.6034,-37.0812],[174.603,-37.0817],[174.6031,-37.0821],[174.6038,-37.0823],[174.6048,-37.0823],[174.6089,-37.0815],[174.6115,-37.0806],[174.6143,-37.0808],[174.6169,-37.0801],[174.6186,-37.0787],[174.6206,-37.0778],[174.6249,-37.078],[174.6282,-37.0774],[174.6323,-37.0772],[174.6348,-37.0775],[174.6369,-37.0786],[174.6386,-37.0783],[174.6411,-37.0791],[174.6423,-37.079],[174.6435,-37.0784],[174.6439,-37.0777],[174.644,-37.0772],[174.6425,-37.0776],[174.644,-37.077],[174.6441,-37.0764],[174.6432,-37.076]]]}},{"type":"Feature","properties":{},"geometry":{"type":"Polygon","coordinates":[[[175.0413,-36.7985],[175.0431,-36.7977],[175.0439,-36.7963],[175.0475,-36.7928],[175.0481,-36.7915],[175.0479,-36.791],[175.0461,-36.7898],[175.0454,-36.7896],[175.0451,-36.7899],[175.0446,-36.7921],[175.0435,-36.7932],[175.0421,-36.7938],[175.0423,-36.794],[175.0445,-36.7933],[175.0476,-36.7909],[175.0477,-36.7914],[175.0454,-36.794],[175.044,-36.7947],[175.0436,-36.7956],[175.042,-36.7973],[175.0401,-36.7959],[175.0406,-36.7969],[175.0401,-36.7974],[175.0394,-36.7974],[175.0393,-36.7979],[175.0413,-36.7985]]]}},{"type":"Feature","properties":{},"geometry":{"type":"Polygon","coordinates":[[[174.6782,-36.8704],[174.6773,-36.8709],[174.6786,-36.8725],[174.6782,-36.8732],[174.6784,-36.8746],[174.6787,-36.8749],[174.6797,-36.8746],[174.6806,-36.8733],[174.682,-36.8724],[174.682,-36.8714],[174.6782,-36.8704]]]}},{"type":"Feature","properties":{},"geometry":{"type":"Polygon","coordinates":[[[174.6766,-36.522],[174.6759,-36.5204],[174.6787,-36.5202],[174.6789,-36.5196],[174.678,-36.5171],[174.6775,-36.5168],[174.6762,-36.5173],[174.6749,-36.5173],[174.6735,-36.5161],[174.6722,-36.5161],[174.6717,-36.5158],[174.6714,-36.5145],[174.6714,-36.5134],[174.6729,-36.512],[174.6735,-36.5107],[174.6731,-36.5091],[174.6734,-36.5078],[174.6719,-36.5045],[174.6724,-36.5015],[174.6722,-36.5013],[174.6702,-36.5015],[174.6685,-36.5011],[174.6677,-36.5014],[174.6689,-36.5028],[174.6701,-36.5055],[174.6713,-36.5102],[174.6708,-36.5116],[174.6696,-36.5131],[174.6689,-36.5134],[174.6681,-36.5133],[174.6668,-36.5121],[174.6658,-36.5119],[174.6638,-36.5123],[174.6627,-36.5121],[174.6618,-36.5108],[174.6608,-36.5082],[174.6601,-36.5078],[174.6586,-36.5078],[174.6573,-36.5072],[174.6572,-36.5064],[174.6576,-36.5054],[174.6574,-36.505],[174.6525,-36.5037],[174.6525,-36.5042],[174.6532,-36.5048],[174.6551,-36.506],[174.6556,-36.5079],[174.6575,-36.5099],[174.6574,-36.5103],[174.6565,-36.511],[174.6565,-36.5114],[174.6596,-36.5125],[174.6604,-36.5135],[174.6604,-36.5148],[174.6597,-36.5158],[174.6596,-36.5165],[174.6603,-36.5164],[174.6638,-36.5137],[174.6654,-36.5137],[174.6658,-36.5145],[174.6654,-36.5159],[174.6658,-36.517],[174.6669,-36.5174],[174.6685,-36.5171],[174.6733,-36.5189],[174.6742,-36.52],[174.6738,-36.5214],[174.6744,-36.5222],[174.6766,-36.522]]]}},{"type":"Feature","properties":{},"geometry":{"type":"Polygon","coordinates":[[[174.6041,-36.9545],[174.6068,-36.9549],[174.6079,-36.9555],[174.6088,-36.9554],[174.609,-36.9531],[174.6077,-36.9514],[174.6073,-36.9492],[174.6051,-36.9487],[174.6034,-36.9469],[174.6022,-36.9468],[174.601,-36.9478],[174.6004,-36.9493],[174.5998,-36.9531],[174.6005,-36.954],[174.6012,-36.9542],[174.6017,-36.9539],[174.6023,-36.9512],[174.6028,-36.9506],[174.6033,-36.9505],[174.6039,-36.9508],[174.6047,-36.9524],[174.6041,-36.9545]]]}},{"type":"Feature","properties":{},"geometry":{"type":"Polygon","coordinates":[[[174.4928,-36.3203],[174.4935,-36.3199],[174.4934,-36.3194],[174.4896,-36.3186],[174.486,-36.3202],[174.4844,-36.3204],[174.4835,-36.3201],[174.4817,-36.3204],[174.4804,-36.3214],[174.4788,-36.3219],[174.4772,-36.3221],[174.4747,-36.3215],[174.4724,-36.3217],[174.4635,-36.3249],[174.4603,-36.3257],[174.4579,-36.3259],[174.4551,-36.3251],[174.4518,-36.3233],[174.4512,-36.3226],[174.4513,-36.3221],[174.4529,-36.3202],[174.4527,-36.3197],[174.452,-36.3196],[174.4508,-36.3203],[174.4489,-36.3226],[174.4467,-36.3243],[174.4439,-36.3256],[174.4426,-36.3266],[174.4416,-36.3282],[174.4411,-36.33],[174.4416,-36.3303],[174.4422,-36.3301],[174.4438,-36.3279],[174.4453,-36.3267],[174.4468,-36.3257],[174.4486,-36.3251],[174.4514,-36.325],[174.4555,-36.3268],[174.4584,-36.3274],[174.4633,-36.3265],[174.4691,-36.3246],[174.4701,-36.3249],[174.4709,-36.3257],[174.4722,-36.3281],[174.475,-36.3309],[174.4772,-36.3323],[174.4777,-36.3318],[174.4774,-36.331],[174.4723,-36.3256],[174.4722,-36.325],[174.4726,-36.3242],[174.4754,-36.3233],[174.4799,-36.323],[174.482,-36.3233],[174.4837,-36.3239],[174.4842,-36.3237],[174.485,-36.3226],[174.4868,-36.3215],[174.4903,-36.321],[174.4928,-36.3203]]]}},{"type":"Feature","properties":{},"geometry":{"type":"Polygon","coordinates":[[[174.6299,-36.7906],[174.6333,-36.7872],[174.633,-36.7865],[174.631,-36.785],[174.6286,-36.7849],[174.6279,-36.7851],[174.6275,-36.7863],[174.6284,-36.7883],[174.6289,-36.7908],[174.6293,-36.791],[174.6299,-36.7906]]]}},{"type":"Feature","properties":{},"geometry":{"type":"Polygon","coordinates":[[[174.995,-36.9178],[174.9969,-36.9167],[174.9965,-36.9165],[174.9969,-36.9161],[174.9971,-36.9153],[174.9964,-36.9142],[174.996,-36.9142],[174.9944,-36.9169],[174.9942,-36.9178],[174.995,-36.9178]]]}},{"type":"Feature","properties":{},"geometry":{"type":"Polygon","coordinates":[[[174.802,-37.2268],[174.8007,-37.2252],[174.7991,-37.2221],[174.7976,-37.2206],[174.7968,-37.2203],[174.7954,-37.2202],[174.7943,-37.2206],[174.7925,-37.2218],[174.7905,-37.2223],[174.7873,-37.2238],[174.7873,-37.2243],[174.7885,-37.2249],[174.7893,-37.2259],[174.7906,-37.2283],[174.7925,-37.2293],[174.7935,-37.2293],[174.7955,-37.2303],[174.7967,-37.2306],[174.7978,-37.2303],[174.7991,-37.2278],[174.7996,-37.2274],[174.8018,-37.2275],[174.802,-37.2268]]]}},{"type":"Feature","properties":{},"geometry":{"type":"Polygon","coordinates":[[[174.6663,-37.1304],[174.667,-37.1299],[174.6682,-37.1305],[174.6674,-37.1307],[174.6677,-37.1314],[174.6673,-37.1322],[174.6674,-37.1333],[174.667,-37.1336],[174.6671,-37.1342],[174.6679,-37.1346],[174.6685,-37.1342],[174.6687,-37.1348],[174.6693,-37.135],[174.6695,-37.1347],[174.6698,-37.135],[174.6687,-37.1325],[174.6688,-37.1301],[174.6699,-37.1282],[174.667,-37.1294],[174.6663,-37.1304]]]}},{"type":"Feature","properties":{},"geometry":{"type":"Polygon","coordinates":[[[174.4471,-36.6526],[174.4477,-36.6519],[174.4485,-36.6491],[174.4484,-36.648],[174.4476,-36.6472],[174.4445,-36.646],[174.4451,-36.6506],[174.4471,-36.6526]]]}},{"type":"Feature","properties":{},"geometry":{"type":"Polygon","coordinates":[[[174.3314,-36.5913],[174.328,-36.5916],[174.3247,-36.5908],[174.3236,-36.5909],[174.3205,-36.5923],[174.3185,-36.5925],[174.3091,-36.5884],[174.3058,-36.588],[174.3054,-36.5882],[174.3051,-36.5888],[174.3058,-36.5893],[174.3115,-36.5907],[174.3141,-36.5916],[174.3168,-36.5928],[174.3171,-36.5932],[174.3169,-36.5939],[174.3178,-36.5943],[174.3197,-36.5936],[174.3208,-36.5944],[174.3219,-36.5945],[174.3231,-36.5925],[174.3237,-36.5922],[174.325,-36.5925],[174.3264,-36.5936],[174.3272,-36.5936],[174.3291,-36.593],[174.3314,-36.5918],[174.3314,-36.5913]]]}},{"type":"Feature","properties":{},"geometry":{"type":"Polygon","coordinates":[[[174.9429,-37.0963],[174.9434,-37.0952],[174.9456,-37.0943],[174.9456,-37.0954],[174.9444,-37.0952],[174.9439,-37.0956],[174.9444,-37.0969],[174.9432,-37.0984],[174.9439,-37.0993],[174.9457,-37.0995],[174.9477,-37.1006],[174.9483,-37.1006],[174.9491,-37.0998],[174.9487,-37.0982],[174.949,-37.0976],[174.9513,-37.0968],[174.9512,-37.0933],[174.9516,-37.0929],[174.9544,-37.0918],[174.9545,-37.0914],[174.9511,-37.088],[174.95,-37.089],[174.9491,-37.0919],[174.948,-37.0935],[174.9437,-37.0945],[174.9411,-37.0946],[174.9418,-37.0958],[174.9422,-37.0954],[174.9423,-37.0959],[174.9429,-37.0963]]]}},{"type":"Feature","properties":{},"geometry":{"type":"Polygon","coordinates":[[[174.5699,-36.8649],[174.572,-36.8647],[174.5735,-36.864],[174.5739,-36.8628],[174.5745,-36.8625],[174.5772,-36.8629],[174.5798,-36.8647],[174.5805,-36.8646],[174.5831,-36.8633],[174.5856,-36.8626],[174.5864,-36.8615],[174.5855,-36.8611],[174.5833,-36.8614],[174.5819,-36.8626],[174.5802,-36.8629],[174.5777,-36.8621],[174.5748,-36.8603],[174.5731,-36.8605],[174.5725,-36.8608],[174.571,-36.8635],[174.5698,-36.864],[174.5699,-36.8649]]]}},{"type":"Feature","properties":{},"geometry":{"type":"Polygon","coordinates":[[[174.3973,-36.6309],[174.3984,-36.63],[174.399,-36.6313],[174.402,-36.6318],[174.4022,-36.6294],[174.402,-36.6285],[174.4013,-36.6277],[174.4002,-36.6272],[174.4,-36.6262],[174.3991,-36.6265],[174.3991,-36.6258],[174.3985,-36.6251],[174.3986,-36.6248],[174.398,-36.6236],[174.3976,-36.6216],[174.3983,-36.6203],[174.392,-36.6189],[174.3907,-36.619],[174.3928,-36.6198],[174.3932,-36.6207],[174.3975,-36.6222],[174.3979,-36.6232],[174.3958,-36.6229],[174.3949,-36.625],[174.3937,-36.6263],[174.39,-36.6267],[174.3887,-36.6271],[174.3875,-36.6287],[174.3881,-36.6293],[174.3889,-36.6295],[174.3924,-36.6286],[174.3936,-36.6288],[174.3962,-36.6297],[174.3973,-36.6309]]]}},{"type":"Feature","properties":{},"geometry":{"type":"Polygon","coordinates":[[[174.7497,-36.9977],[174.7496,-36.9981],[174.75,-36.9982],[174.7523,-36.9979],[174.753,-36.9975],[174.7539,-36.9963],[174.7535,-36.9952],[174.7529,-36.9947],[174.7516,-36.9949],[174.7508,-36.996],[174.7508,-36.9966],[174.7497,-36.9977]]]}},{"type":"Feature","properties":{},"geometry":{"type":"Polygon","coordinates":[[[174.5329,-36.477],[174.533,-36.4774],[174.5336,-36.4772],[174.5363,-36.476],[174.5381,-36.4735],[174.5393,-36.4726],[174.539,-36.4716],[174.5392,-36.4687],[174.5387,-36.4678],[174.5381,-36.4679],[174.5369,-36.4693],[174.5361,-36.4709],[174.5359,-36.4728],[174.5351,-36.4733],[174.5335,-36.4753],[174.5329,-36.477]]]}},{"type":"Feature","properties":{},"geometry":{"type":"Polygon","coordinates":[[[175.1294,-36.8289],[175.1261,-36.8279],[175.1252,-36.8284],[175.1247,-36.8293],[175.1249,-36.8297],[175.1266,-36.8307],[175.128,-36.8308],[175.1284,-36.8301],[175.1284,-36.8296],[175.1282,-36.8295],[175.1294,-36.8289]]]}},{"type":"Feature","properties":{},"geometry":{"type":"Polygon","coordinates":[[[174.6776,-37.1445],[174.6768,-37.1448],[174.6755,-37.1445],[174.6732,-37.1437],[174.6716,-37.142],[174.6699,-37.1421],[174.6693,-37.1422],[174.6675,-37.1442],[174.665,-37.145],[174.6634,-37.1465],[174.6636,-37.1472],[174.6642,-37.1476],[174.6656,-37.1468],[174.6665,-37.1468],[174.6684,-37.1461],[174.6741,-37.1452],[174.6746,-37.1454],[174.6753,-37.1467],[174.6766,-37.1463],[174.6776,-37.1445]]]}},{"type":"Feature","properties":{},"geometry":{"type":"Polygon","coordinates":[[[174.7869,-36.8224],[174.7875,-36.8243],[174.7888,-36.8255],[174.7896,-36.8259],[174.7923,-36.8258],[174.7921,-36.8249],[174.791,-36.8231],[174.7894,-36.8237],[174.7877,-36.8224],[174.7869,-36.8224]]]}},{"type":"Feature","properties":{},"geometry":{"type":"Polygon","coordinates":[[[174.4601,-36.7951],[174.4584,-36.7954],[174.4572,-36.7953],[174.4562,-36.797],[174.4562,-36.7977],[174.4566,-36.7982],[174.4573,-36.7984],[174.4612,-36.7979],[174.4627,-36.7983],[174.4655,-36.8002],[174.47,-36.8023],[174.4698,-36.8029],[174.4666,-36.8053],[174.4665,-36.8066],[174.4668,-36.8068],[174.4688,-36.8062],[174.4696,-36.8064],[174.4754,-36.8103],[174.4776,-36.8112],[174.4855,-36.8121],[174.483,-36.8089],[174.4778,-36.8078],[174.4759,-36.8068],[174.4754,-36.8061],[174.4752,-36.8054],[174.4756,-36.8048],[174.4788,-36.8039],[174.4772,-36.801],[174.477,-36.7987],[174.4736,-36.8],[174.4721,-36.8001],[174.469,-36.7993],[174.4676,-36.7984],[174.4671,-36.798],[174.4659,-36.7949],[174.4653,-36.7947],[174.4601,-36.7951]]]}},{"type":"Feature","properties":{},"geometry":{"type":"Polygon","coordinates":[[[174.7847,-36.6229],[174.7856,-36.6222],[174.7857,-36.6198],[174.7872,-36.6187],[174.7878,-36.6188],[174.7881,-36.6179],[174.7907,-36.6189],[174.7918,-36.6202],[174.7917,-36.6212],[174.7905,-36.6223],[174.7948,-36.6221],[174.796,-36.6215],[174.7959,-36.6208],[174.7924,-36.6202],[174.7918,-36.6195],[174.7917,-36.6174],[174.7926,-36.6165],[174.794,-36.6159],[174.7941,-36.6153],[174.792,-36.6134],[174.791,-36.612],[174.791,-36.6099],[174.7926,-36.6072],[174.7919,-36.6067],[174.7902,-36.6069],[174.7896,-36.6077],[174.7883,-36.6102],[174.7883,-36.6136],[174.7873,-36.6147],[174.7855,-36.6155],[174.7856,-36.6162],[174.7867,-36.6168],[174.7868,-36.6173],[174.7865,-36.6184],[174.7848,-36.6201],[174.7847,-36.6229]]]}},{"type":"Feature","properties":{},"geometry":{"type":"Polygon","coordinates":[[[174.7094,-36.5115],[174.709,-36.511],[174.7114,-36.5105],[174.7104,-36.5095],[174.7092,-36.5098],[174.7079,-36.5092],[174.7062,-36.5098],[174.7056,-36.5097],[174.7037,-36.5083],[174.7028,-36.5081],[174.7024,-36.5085],[174.703,-36.5102],[174.7019,-36.5112],[174.7017,-36.5119],[174.7026,-36.5122],[174.7052,-36.5112],[174.7075,-36.5121],[174.7094,-36.5115]]]}},{"type":"Feature","properties":{},"geometry":{"type":"Polygon","coordinates":[[[174.9603,-37.1268],[174.9613,-37.1281],[174.9628,-37.1285],[174.9639,-37.1317],[174.9647,-37.1315],[174.9651,-37.1319],[174.9664,-37.1371],[174.9694,-37.1412],[174.9707,-37.1382],[174.9726,-37.1374],[174.9725,-37.1354],[174.9737,-37.135],[174.9737,-37.1346],[174.9732,-37.1332],[174.9719,-37.1317],[174.971,-37.1316],[174.969,-37.1323],[174.9684,-37.1318],[174.9671,-37.1286],[174.9675,-37.1277],[174.969,-37.1266],[174.9698,-37.1266],[174.9715,-37.1273],[174.9721,-37.1269],[174.9723,-37.1263],[174.9717,-37.1247],[174.9697,-37.1234],[174.9668,-37.1222],[174.9663,-37.1217],[174.968,-37.1198],[174.969,-37.118],[174.9681,-37.1179],[174.9664,-37.1189],[174.9645,-37.1187],[174.9615,-37.1158],[174.9607,-37.1157],[174.9593,-37.1163],[174.9588,-37.1169],[174.9589,-37.1179],[174.9576,-37.119],[174.9575,-37.1195],[174.9577,-37.121],[174.9603,-37.1268]]]}},{"type":"Feature","properties":{},"geometry":{"type":"Polygon","coordinates":[[[175.1889,-36.8957],[175.1893,-36.8958],[175.1906,-36.8938],[175.193,-36.8922],[175.1927,-36.8889],[175.1935,-36.8872],[175.1936,-36.8852],[175.1942,-36.8846],[175.1968,-36.8839],[175.1968,-36.8835],[175.1961,-36.8825],[175.196,-36.8812],[175.198,-36.8787],[175.198,-36.8783],[175.1975,-36.8777],[175.196,-36.8776],[175.1944,-36.88],[175.192,-36.8812],[175.1917,-36.8818],[175.1924,-36.8833],[175.1915,-36.8853],[175.1902,-36.887],[175.1885,-36.8882],[175.1866,-36.8884],[175.1865,-36.889],[175.1872,-36.8902],[175.1867,-36.8911],[175.1849,-36.892],[175.1846,-36.8924],[175.1849,-36.8936],[175.1846,-36.8946],[175.1861,-36.8946],[175.1889,-36.8957]]]}},{"type":"Feature","properties":{},"geometry":{"type":"Polygon","coordinates":[[[174.3454,-36.3683],[174.3439,-36.3681],[174.3436,-36.3684],[174.3439,-36.3687],[174.3454,-36.3694],[174.348,-36.37],[174.35,-36.3715],[174.3523,-36.3716],[174.3537,-36.372],[174.3542,-36.3719],[174.3536,-36.3706],[174.3479,-36.3683],[174.3454,-36.3683]]]}},{"type":"Feature","properties":{},"geometry":{"type":"Polygon","coordinates":[[[174.662,-37.1102],[174.663,-37.109],[174.664,-37.1088],[174.6627,-37.1083],[174.6611,-37.1087],[174.6605,-37.1099],[174.6615,-37.1104],[174.662,-37.1102]]]}},{"type":"Feature","properties":{},"geometry":{"type":"Polygon","coordinates":[[[174.9327,-36.9761],[174.9327,-36.9752],[174.9333,-36.9748],[174.9325,-36.9731],[174.933,-36.972],[174.9318,-36.9715],[174.93,-36.9713],[174.9289,-36.9707],[174.928,-36.9691],[174.9259,-36.9683],[174.9238,-36.967],[174.922,-36.9648],[174.9184,-36.9621],[174.9118,-36.961],[174.9094,-36.9621],[174.9082,-36.9623],[174.9043,-36.9604],[174.9021,-36.9602],[174.9014,-36.9606],[174.9015,-36.9617],[174.902,-36.9623],[174.9053,-36.9633],[174.9083,-36.9656],[174.9106,-36.9634],[174.9117,-36.9628],[174.9185,-36.9648],[174.9196,-36.9654],[174.9219,-36.9682],[174.924,-36.9695],[174.9271,-36.9726],[174.9281,-36.975],[174.9294,-36.9746],[174.9327,-36.9761]]]}},{"type":"Feature","properties":{},"geometry":{"type":"Polygon","coordinates":[[[175.0796,-37.1628],[175.0805,-37.1626],[175.0778,-37.1616],[175.0752,-37.163],[175.0733,-37.1628],[175.0681,-37.1637],[175.0679,-37.1641],[175.0681,-37.1645],[175.0697,-37.1655],[175.0697,-37.1663],[175.0689,-37.1682],[175.0698,-37.1688],[175.0707,-37.1687],[175.0717,-37.1685],[175.0742,-37.1664],[175.0754,-37.1659],[175.0789,-37.1657],[175.078,-37.165],[175.078,-37.1647],[175.0785,-37.1634],[175.0796,-37.1628]]]}},{"type":"Feature","properties":{},"geometry":{"type":"Polygon","coordinates":[[[175.0458,-36.779],[175.0456,-36.7795],[175.0445,-36.7799],[175.0416,-36.78],[175.0419,-36.781],[175.0414,-36.7821],[175.0415,-36.783],[175.0423,-36.783],[175.0433,-36.782],[175.0464,-36.7817],[175.0465,-36.7808],[175.0458,-36.779]]]}},{"type":"Feature","properties":{},"geometry":{"type":"Polygon","coordinates":[[[175.1161,-36.831],[175.116,-36.8301],[175.1148,-36.8294],[175.1111,-36.8289],[175.1116,-36.8291],[175.1129,-36.8307],[175.1138,-36.8321],[175.1131,-36.8325],[175.1119,-36.8323],[175.1112,-36.8326],[175.1157,-36.8327],[175.1157,-36.8315],[175.1161,-36.831]]]}},{"type":"Feature","properties":{},"geometry":{"type":"Polygon","coordinates":[[[174.4146,-36.6368],[174.4148,-36.6362],[174.4138,-36.6358],[174.4125,-36.6362],[174.4124,-36.6379],[174.413,-36.638],[174.4146,-36.6368]]]}},{"type":"Feature","properties":{},"geometry":{"type":"Polygon","coordinates":[[[174.8008,-36.8122],[174.7998,-36.8136],[174.797,-36.8163],[174.7963,-36.8167],[174.7941,-36.817],[174.7943,-36.8175],[174.7997,-36.8164],[174.8001,-36.8166],[174.8005,-36.818],[174.7999,-36.8185],[174.7927,-36.819],[174.7921,-36.8199],[174.7928,-36.8207],[174.7939,-36.8214],[174.7976,-36.8204],[174.7991,-36.8209],[174.8014,-36.8208],[174.8019,-36.8199],[174.8013,-36.8177],[174.8012,-36.8158],[174.8025,-36.8131],[174.8008,-36.8122]]]}},{"type":"Feature","properties":{},"geometry":{"type":"Polygon","coordinates":[[[175.1061,-37.1718],[175.1034,-37.1734],[175.0999,-37.1729],[175.0985,-37.173],[175.0981,-37.1733],[175.0966,-37.1755],[175.0961,-37.1756],[175.0949,-37.175],[175.0939,-37.1736],[175.0932,-37.1748],[175.0934,-37.1753],[175.0953,-37.1772],[175.0954,-37.1789],[175.0951,-37.1797],[175.0962,-37.1799],[175.0964,-37.1822],[175.098,-37.1821],[175.0974,-37.1808],[175.0975,-37.1799],[175.0989,-37.1786],[175.1001,-37.1765],[175.1023,-37.1757],[175.1054,-37.1758],[175.1063,-37.1754],[175.1065,-37.175],[175.106,-37.1729],[175.1061,-37.1718]]]}},{"type":"Feature","properties":{},"geometry":{"type":"Polygon","coordinates":[[[174.4874,-36.2723],[174.4879,-36.274],[174.489,-36.2748],[174.4907,-36.2744],[174.4946,-36.2755],[174.4981,-36.277],[174.4995,-36.2773],[174.4999,-36.277],[174.5001,-36.2749],[174.4999,-36.2741],[174.4966,-36.273],[174.4946,-36.2712],[174.4896,-36.2702],[174.4868,-36.2701],[174.4889,-36.2716],[174.4933,-36.2711],[174.4954,-36.2727],[174.4944,-36.2726],[174.4949,-36.2727],[174.4947,-36.2729],[174.4942,-36.2727],[174.4937,-36.2729],[174.4937,-36.2725],[174.4923,-36.2723],[174.492,-36.2729],[174.491,-36.2732],[174.4914,-36.2739],[174.4903,-36.2732],[174.4897,-36.2734],[174.489,-36.2732],[174.4885,-36.2738],[174.4883,-36.273],[174.4874,-36.2723]]]}},{"type":"Feature","properties":{},"geometry":{"type":"Polygon","coordinates":[[[174.6946,-36.5657],[174.6964,-36.562],[174.6968,-36.5616],[174.6965,-36.5615],[174.6966,-36.5613],[174.6969,-36.5615],[174.6973,-36.558],[174.697,-36.5578],[174.6932,-36.5591],[174.6934,-36.5594],[174.6942,-36.5598],[174.6946,-36.5606],[174.6944,-36.5613],[174.6938,-36.5617],[174.6911,-36.5619],[174.6879,-36.5613],[174.687,-36.5616],[174.6868,-36.5621],[174.687,-36.5626],[174.6884,-36.5635],[174.6881,-36.5644],[174.6865,-36.5656],[174.6867,-36.5664],[174.6917,-36.5656],[174.6946,-36.5657]]]}},{"type":"Feature","properties":{},"geometry":{"type":"Polygon","coordinates":[[[174.4712,-36.8201],[174.4689,-36.8217],[174.469,-36.8224],[174.4697,-36.8236],[174.4706,-36.8241],[174.4718,-36.824],[174.475,-36.8214],[174.4758,-36.8192],[174.4756,-36.8181],[174.4746,-36.8172],[174.4711,-36.8155],[174.4692,-36.8155],[174.4694,-36.8174],[174.4717,-36.8189],[174.4717,-36.8195],[174.4712,-36.8201]]]}},{"type":"Feature","properties":{},"geometry":{"type":"Polygon","coordinates":[[[174.6524,-37.0892],[174.6514,-37.0899],[174.6489,-37.0904],[174.6475,-37.0936],[174.648,-37.094],[174.6503,-37.0931],[174.653,-37.0933],[174.6549,-37.0929],[174.6534,-37.0914],[174.6524,-37.0892]]]}},{"type":"Feature","properties":{},"geometry":{"type":"Polygon","coordinates":[[[175.0471,-37.0771],[175.0489,-37.0755],[175.0498,-37.0757],[175.0503,-37.0805],[175.0513,-37.0844],[175.0536,-37.0871],[175.0543,-37.0874],[175.0548,-37.0871],[175.0548,-37.0867],[175.0539,-37.0849],[175.0534,-37.0823],[175.0524,-37.0809],[175.0518,-37.078],[175.052,-37.077],[175.0542,-37.0761],[175.056,-37.0727],[175.0578,-37.0721],[175.0594,-37.0724],[175.0612,-37.0736],[175.0633,-37.0735],[175.0654,-37.0743],[175.0661,-37.0754],[175.0666,-37.0786],[175.0675,-37.0806],[175.0668,-37.0827],[175.0666,-37.0866],[175.0663,-37.0872],[175.0637,-37.0885],[175.0636,-37.0889],[175.0649,-37.0906],[175.0639,-37.0914],[175.0628,-37.0919],[175.0597,-37.0917],[175.0588,-37.0921],[175.0583,-37.0933],[175.0583,-37.095],[175.0589,-37.0959],[175.061,-37.0965],[175.062,-37.0957],[175.0627,-37.0956],[175.0635,-37.0943],[175.0647,-37.094],[175.0659,-37.0943],[175.0667,-37.0939],[175.0675,-37.0915],[175.0688,-37.0906],[175.0695,-37.0909],[175.0709,-37.0941],[175.0728,-37.0947],[175.0736,-37.0923],[175.0719,-37.09],[175.0715,-37.0874],[175.0704,-37.0867],[175.0701,-37.086],[175.0714,-37.0834],[175.0713,-37.0831],[175.0696,-37.0827],[175.0692,-37.0798],[175.0693,-37.0788],[175.0685,-37.0779],[175.0692,-37.0767],[175.0677,-37.0742],[175.0675,-37.0728],[175.0654,-37.0706],[175.0645,-37.0691],[175.0644,-37.0668],[175.0635,-37.0649],[175.0639,-37.0623],[175.0637,-37.0617],[175.0632,-37.0615],[175.0577,-37.062],[175.0566,-37.0623],[175.0549,-37.0636],[175.0536,-37.0655],[175.0516,-37.0663],[175.0495,-37.0666],[175.0483,-37.0671],[175.0468,-37.0704],[175.0468,-37.0728],[175.0459,-37.0739],[175.0466,-37.0753],[175.0463,-37.0769],[175.0471,-37.0771]]]}},{"type":"Feature","properties":{},"geometry":{"type":"Polygon","coordinates":[[[174.4469,-36.3798],[174.45,-36.3802],[174.4526,-36.3819],[174.4532,-36.3817],[174.4532,-36.3813],[174.4523,-36.3787],[174.4525,-36.3783],[174.4532,-36.378],[174.4568,-36.3785],[174.4593,-36.3782],[174.4635,-36.3771],[174.4664,-36.3778],[174.4684,-36.3779],[174.4707,-36.3777],[174.4714,-36.3772],[174.4705,-36.3768],[174.4676,-36.3764],[174.4641,-36.3753],[174.457,-36.3767],[174.4556,-36.3764],[174.4547,-36.3756],[174.4534,-36.3754],[174.4481,-36.3773],[174.4445,-36.379],[174.4469,-36.3798]]]}},{"type":"Feature","properties":{},"geometry":{"type":"Polygon","coordinates":[[[174.7423,-36.9253],[174.7431,-36.9258],[174.7442,-36.9253],[174.7446,-36.9246],[174.7446,-36.923],[174.7436,-36.9202],[174.7436,-36.9188],[174.7464,-36.9154],[174.7471,-36.915],[174.7486,-36.9146],[174.7505,-36.9149],[174.7524,-36.9169],[174.756,-36.9176],[174.7573,-36.9182],[174.7543,-36.9147],[174.7504,-36.9117],[174.7482,-36.9109],[174.7463,-36.9096],[174.7442,-36.9089],[174.7439,-36.9096],[174.744,-36.9106],[174.7428,-36.9116],[174.7434,-36.9126],[174.7438,-36.9139],[174.7426,-36.915],[174.7419,-36.9163],[174.7408,-36.9206],[174.7409,-36.9213],[174.7423,-36.9229],[174.7423,-36.9253]]]}},{"type":"Feature","properties":{},"geometry":{"type":"Polygon","coordinates":[[[175.1754,-36.9399],[175.1753,-36.942],[175.1729,-36.9442],[175.1723,-36.9465],[175.1714,-36.9472],[175.1689,-36.9481],[175.1666,-36.9485],[175.1662,-36.9483],[175.1665,-36.9485],[175.1662,-36.9503],[175.1667,-36.9512],[175.1676,-36.9514],[175.1709,-36.9515],[175.173,-36.9523],[175.1738,-36.9532],[175.1737,-36.955],[175.1718,-36.9584],[175.1708,-36.9624],[175.1708,-36.9634],[175.1716,-36.9639],[175.1726,-36.9635],[175.1743,-36.9583],[175.1779,-36.9527],[175.1778,-36.9516],[175.1766,-36.9504],[175.1765,-36.9497],[175.1776,-36.9461],[175.1781,-36.9456],[175.1793,-36.9455],[175.1817,-36.9466],[175.1823,-36.946],[175.1819,-36.9445],[175.1807,-36.9432],[175.1754,-36.9399]]]}},{"type":"Feature","properties":{},"geometry":{"type":"Polygon","coordinates":[[[174.7192,-36.5238],[174.7194,-36.5224],[174.7208,-36.5186],[174.7198,-36.5168],[174.7149,-36.5138],[174.7149,-36.515],[174.7171,-36.5169],[174.7178,-36.5179],[174.7176,-36.5192],[174.7166,-36.5198],[174.7145,-36.5198],[174.7128,-36.5193],[174.7121,-36.5197],[174.7132,-36.5207],[174.7172,-36.5223],[174.7192,-36.5238]]]}},{"type":"Feature","properties":{},"geometry":{"type":"Polygon","coordinates":[[[174.4569,-36.675],[174.4563,-36.6766],[174.4569,-36.6782],[174.458,-36.6799],[174.4581,-36.6825],[174.459,-36.6829],[174.4617,-36.6821],[174.463,-36.6824],[174.4668,-36.685],[174.4682,-36.6871],[174.4692,-36.6871],[174.4716,-36.6838],[174.4725,-36.6838],[174.4751,-36.686],[174.4766,-36.6868],[174.4789,-36.6866],[174.4826,-36.6852],[174.4826,-36.6844],[174.482,-36.684],[174.4786,-36.6837],[174.4773,-36.6831],[174.4772,-36.6822],[174.4793,-36.6803],[174.4797,-36.6789],[174.4792,-36.6778],[174.4784,-36.6773],[174.4775,-36.6776],[174.4748,-36.6803],[174.4728,-36.6808],[174.4685,-36.6798],[174.4653,-36.6781],[174.4635,-36.6757],[174.4631,-36.6743],[174.4622,-36.6731],[174.4595,-36.6715],[174.4592,-36.671],[174.4593,-36.6682],[174.4584,-36.6676],[174.4548,-36.6679],[174.4536,-36.6675],[174.451,-36.6629],[174.4508,-36.6602],[174.4485,-36.6579],[174.4451,-36.6583],[174.4448,-36.6586],[174.4447,-36.6583],[174.4432,-36.6582],[174.4425,-36.6586],[174.4424,-36.6598],[174.4434,-36.6603],[174.4474,-36.6595],[174.4487,-36.6602],[174.4501,-36.6641],[174.4499,-36.6654],[174.4492,-36.6663],[174.4478,-36.6669],[174.4431,-36.6673],[174.4418,-36.6682],[174.4418,-36.6694],[174.4428,-36.67],[174.4469,-36.6683],[174.4491,-36.6683],[174.4502,-36.669],[174.4504,-36.67],[174.4504,-36.6709],[174.4495,-36.6729],[174.4497,-36.6749],[174.4531,-36.6732],[174.4551,-36.6728],[174.456,-36.6728],[174.4567,-36.6733],[174.457,-36.6744],[174.4569,-36.675]]]}},{"type":"Feature","properties":{},"geometry":{"type":"Polygon","coordinates":[[[174.6007,-36.7911],[174.6032,-36.7941],[174.6034,-36.795],[174.6027,-36.7956],[174.602,-36.7957],[174.6013,-36.7953],[174.6021,-36.7962],[174.6037,-36.7969],[174.6069,-36.7975],[174.6078,-36.798],[174.6083,-36.7973],[174.6095,-36.7967],[174.6094,-36.7963],[174.6062,-36.7951],[174.6058,-36.7946],[174.606,-36.7933],[174.6085,-36.7916],[174.6107,-36.7911],[174.612,-36.7893],[174.6117,-36.7887],[174.6109,-36.7882],[174.6095,-36.7881],[174.6041,-36.7908],[174.6029,-36.7912],[174.6007,-36.7911]]]}},{"type":"Feature","properties":{},"geometry":{"type":"Polygon","coordinates":[[[174.7682,-36.8662],[174.762,-36.8681],[174.7608,-36.8673],[174.7603,-36.8673],[174.7597,-36.8682],[174.76,-36.8687],[174.7612,-36.869],[174.765,-36.8686],[174.7653,-36.8688],[174.7651,-36.8693],[174.7638,-36.8708],[174.7638,-36.8714],[174.765,-36.8715],[174.7677,-36.8689],[174.7678,-36.8674],[174.7693,-36.8666],[174.7682,-36.8662]]]}},{"type":"Feature","properties":{},"geometry":{"type":"Polygon","coordinates":[[[174.9934,-36.9375],[174.9926,-36.9375],[174.9921,-36.9378],[174.9918,-36.9389],[174.9927,-36.9405],[174.994,-36.9417],[174.9954,-36.9437],[174.9961,-36.9438],[174.9976,-36.9431],[174.9979,-36.942],[174.9969,-36.94],[174.9951,-36.9378],[174.9934,-36.9375]]]}},{"type":"Feature","properties":{},"geometry":{"type":"Polygon","coordinates":[[[174.6984,-36.5286],[174.6923,-36.5283],[174.6918,-36.528],[174.6921,-36.529],[174.6915,-36.5308],[174.6916,-36.5312],[174.6927,-36.5316],[174.6939,-36.5308],[174.6964,-36.5309],[174.6984,-36.5286]]]}},{"type":"Feature","properties":{},"geometry":{"type":"Polygon","coordinates":[[[175.1372,-36.8263],[175.1462,-36.8266],[175.147,-36.826],[175.1471,-36.8255],[175.1464,-36.8244],[175.1464,-36.824],[175.1476,-36.8225],[175.1476,-36.8217],[175.147,-36.8213],[175.144,-36.821],[175.1401,-36.8225],[175.1371,-36.8223],[175.1363,-36.8228],[175.1371,-36.8229],[175.1366,-36.8232],[175.138,-36.8242],[175.1399,-36.8244],[175.1402,-36.8237],[175.1404,-36.8246],[175.1403,-36.8252],[175.1392,-36.8249],[175.138,-36.8255],[175.1374,-36.8253],[175.137,-36.8259],[175.1372,-36.8263]]]}},{"type":"Feature","properties":{},"geometry":{"type":"Polygon","coordinates":[[[174.7936,-36.8492],[174.7919,-36.8481],[174.7887,-36.8473],[174.7868,-36.845],[174.7863,-36.8427],[174.7853,-36.8413],[174.7838,-36.8416],[174.7847,-36.8456],[174.7826,-36.8449],[174.7818,-36.843],[174.7801,-36.8444],[174.7782,-36.844],[174.7809,-36.8417],[174.7799,-36.8412],[174.7772,-36.8432],[174.7761,-36.8434],[174.7752,-36.8432],[174.7764,-36.8416],[174.7754,-36.8417],[174.7763,-36.8405],[174.7749,-36.8404],[174.7729,-36.8413],[174.7714,-36.8439],[174.7709,-36.8438],[174.7716,-36.8422],[174.7713,-36.8418],[174.7704,-36.8439],[174.7699,-36.8437],[174.7706,-36.8416],[174.77,-36.8414],[174.769,-36.8434],[174.7684,-36.8433],[174.7684,-36.843],[174.7682,-36.8432],[174.7683,-36.843],[174.7681,-36.8432],[174.7692,-36.8402],[174.7683,-36.84],[174.7671,-36.843],[174.7668,-36.8429],[174.7667,-36.8419],[174.7665,-36.8429],[174.7653,-36.8426],[174.7655,-36.8414],[174.7645,-36.8413],[174.7641,-36.8421],[174.7635,-36.842],[174.7636,-36.8412],[174.7632,-36.8412],[174.7632,-36.842],[174.7606,-36.8414],[174.7604,-36.8418],[174.7619,-36.8419],[174.7634,-36.8425],[174.7631,-36.8431],[174.7616,-36.8427],[174.7614,-36.8431],[174.7604,-36.8429],[174.7591,-36.8436],[174.7585,-36.8451],[174.7581,-36.8452],[174.7587,-36.8435],[174.7575,-36.8432],[174.7579,-36.8423],[174.7589,-36.8425],[174.7595,-36.8412],[174.76,-36.8407],[174.7589,-36.8406],[174.7586,-36.8409],[174.7567,-36.8403],[174.76,-36.8374],[174.7593,-36.8364],[174.7574,-36.8366],[174.7538,-36.8396],[174.752,-36.8438],[174.7513,-36.8436],[174.7511,-36.8425],[174.7509,-36.8428],[174.7499,-36.8422],[174.7493,-36.8428],[174.747,-36.8422],[174.7461,-36.8415],[174.7459,-36.841],[174.7463,-36.8407],[174.7475,-36.8407],[174.747,-36.8403],[174.7454,-36.84],[174.7427,-36.8383],[174.7434,-36.8355],[174.7459,-36.8358],[174.7459,-36.8353],[174.7423,-36.835],[174.7416,-36.8352],[174.7402,-36.8361],[174.7394,-36.838],[174.7404,-36.8381],[174.7414,-36.8387],[174.7457,-36.8426],[174.7491,-36.8435],[174.7519,-36.8453],[174.7523,-36.8462],[174.7513,-36.8477],[174.7513,-36.8485],[174.7516,-36.8486],[174.7526,-36.8483],[174.7549,-36.8486],[174.7562,-36.848],[174.7571,-36.8465],[174.7575,-36.8463],[174.7595,-36.8462],[174.7637,-36.8444],[174.7644,-36.8443],[174.7655,-36.8453],[174.7686,-36.8462],[174.7713,-36.8451],[174.7741,-36.8474],[174.7748,-36.849],[174.7748,-36.8496],[174.7744,-36.8517],[174.7723,-36.8535],[174.771,-36.8551],[174.7726,-36.8543],[174.7745,-36.854],[174.7779,-36.855],[174.7777,-36.8538],[174.7763,-36.8522],[174.7763,-36.851],[174.7787,-36.8494],[174.7824,-36.8493],[174.7858,-36.8478],[174.7871,-36.8485],[174.7862,-36.8478],[174.7909,-36.8481],[174.7936,-36.8492]]]}},{"type":"Feature","properties":{},"geometry":{"type":"Polygon","coordinates":[[[174.7503,-36.7182],[174.7495,-36.7178],[174.7498,-36.7131],[174.7509,-36.7112],[174.7501,-36.7111],[174.7466,-36.7134],[174.7423,-36.7137],[174.7395,-36.7148],[174.7376,-36.7144],[174.7356,-36.7177],[174.7359,-36.7181],[174.7366,-36.7181],[174.7394,-36.7172],[174.7401,-36.7174],[174.741,-36.7181],[174.7416,-36.7198],[174.742,-36.72],[174.7425,-36.72],[174.7447,-36.7184],[174.7471,-36.7187],[174.7503,-36.7182]]]}},{"type":"Feature","properties":{},"geometry":{"type":"Polygon","coordinates":[[[175.1773,-36.8608],[175.1762,-36.8616],[175.1747,-36.8613],[175.1752,-36.8628],[175.1763,-36.8634],[175.1777,-36.8633],[175.1783,-36.8618],[175.1773,-36.8608]]]}},{"type":"Feature","properties":{},"geometry":{"type":"Polygon","coordinates":[[[174.3082,-36.3817],[174.3078,-36.381],[174.307,-36.3814],[174.3069,-36.382],[174.3081,-36.3839],[174.3091,-36.3832],[174.3106,-36.3833],[174.3109,-36.3828],[174.3108,-36.3824],[174.3099,-36.3818],[174.3089,-36.382],[174.3082,-36.3817]]]}},{"type":"Feature","properties":{},"geometry":{"type":"Polygon","coordinates":[[[174.285,-36.4948],[174.279,-36.4949],[174.274,-36.4969],[174.2745,-36.4963],[174.2712,-36.498],[174.2664,-36.4982],[174.2659,-36.4987],[174.2685,-36.4995],[174.2686,-36.5002],[174.263,-36.5032],[174.2589,-36.5046],[174.2589,-36.5052],[174.2594,-36.5057],[174.2581,-36.5073],[174.2506,-36.5113],[174.2499,-36.5119],[174.2504,-36.5127],[174.2509,-36.5127],[174.2523,-36.5112],[174.2531,-36.5108],[174.2545,-36.5103],[174.2566,-36.5102],[174.2632,-36.5048],[174.2642,-36.5046],[174.2658,-36.505],[174.2679,-36.5035],[174.2706,-36.5037],[174.2725,-36.5011],[174.2749,-36.4993],[174.2792,-36.4981],[174.2813,-36.4956],[174.285,-36.4948]]]}},{"type":"Feature","properties":{},"geometry":{"type":"Polygon","coordinates":[[[174.434,-36.4236],[174.4381,-36.4242],[174.4386,-36.422],[174.4408,-36.4204],[174.4418,-36.4203],[174.4439,-36.4224],[174.4451,-36.4216],[174.4455,-36.4217],[174.4469,-36.4234],[174.449,-36.4243],[174.4507,-36.4243],[174.4508,-36.4235],[174.4494,-36.4216],[174.4504,-36.4197],[174.4503,-36.4187],[174.45,-36.4185],[174.448,-36.4189],[174.4465,-36.4185],[174.4459,-36.4175],[174.4469,-36.4148],[174.4483,-36.4141],[174.4496,-36.4126],[174.4526,-36.4121],[174.453,-36.4112],[174.4528,-36.4105],[174.4512,-36.4092],[174.45,-36.409],[174.4497,-36.4098],[174.449,-36.4105],[174.4471,-36.4105],[174.4448,-36.409],[174.4428,-36.4089],[174.4421,-36.4085],[174.4414,-36.4077],[174.4411,-36.4066],[174.4405,-36.4063],[174.4398,-36.4067],[174.4397,-36.4072],[174.4404,-36.4121],[174.4397,-36.4129],[174.4385,-36.4131],[174.4361,-36.412],[174.4339,-36.4094],[174.4328,-36.41],[174.4326,-36.4109],[174.4312,-36.4131],[174.431,-36.4144],[174.4314,-36.415],[174.4311,-36.4176],[174.4319,-36.4183],[174.4321,-36.4195],[174.4312,-36.4229],[174.4334,-36.4222],[174.434,-36.4236]]]}},{"type":"Feature","properties":{},"geometry":{"type":"Polygon","coordinates":[[[174.3626,-36.5581],[174.3617,-36.559],[174.3617,-36.5593],[174.3628,-36.5598],[174.364,-36.561],[174.3644,-36.5621],[174.3644,-36.5636],[174.3637,-36.5655],[174.3621,-36.5675],[174.3595,-36.5701],[174.3599,-36.5708],[174.361,-36.5703],[174.366,-36.5652],[174.3673,-36.5649],[174.3685,-36.5657],[174.3687,-36.5668],[174.3683,-36.568],[174.3691,-36.5684],[174.3722,-36.564],[174.3741,-36.5634],[174.3761,-36.5632],[174.3745,-36.5627],[174.3737,-36.562],[174.3712,-36.5623],[174.3709,-36.5634],[174.3694,-36.5629],[174.366,-36.5628],[174.3659,-36.5598],[174.3644,-36.5586],[174.3626,-36.5581]]]}},{"type":"Feature","properties":{},"geometry":{"type":"Polygon","coordinates":[[[175.4221,-36.1209],[175.4198,-36.1208],[175.4188,-36.1285],[175.4181,-36.1295],[175.417,-36.1301],[175.4162,-36.1295],[175.4144,-36.1255],[175.4128,-36.123],[175.4128,-36.1224],[175.4141,-36.1202],[175.4084,-36.1196],[175.4022,-36.1193],[175.4023,-36.1199],[175.4036,-36.1206],[175.4069,-36.1219],[175.4076,-36.1229],[175.4074,-36.1241],[175.4058,-36.1251],[175.4027,-36.1244],[175.4006,-36.1245],[175.4003,-36.1248],[175.401,-36.1254],[175.404,-36.1265],[175.4053,-36.1281],[175.4048,-36.1289],[175.4018,-36.1312],[175.4016,-36.1328],[175.4026,-36.1344],[175.4024,-36.1348],[175.401,-36.1358],[175.3985,-36.1355],[175.3979,-36.1359],[175.3992,-36.1367],[175.4,-36.1377],[175.4021,-36.1374],[175.4034,-36.1381],[175.404,-36.1373],[175.4057,-36.1367],[175.4056,-36.1345],[175.4078,-36.1339],[175.4126,-36.1337],[175.4132,-36.1333],[175.4149,-36.1335],[175.4159,-36.133],[175.4188,-36.1353],[175.4198,-36.1369],[175.4217,-36.1384],[175.4247,-36.1387],[175.4254,-36.1386],[175.4259,-36.1379],[175.4256,-36.1354],[175.4227,-36.1292],[175.4224,-36.1279],[175.4221,-36.1209]]]}},{"type":"Feature","properties":{},"geometry":{"type":"Polygon","coordinates":[[[174.7443,-36.6243],[174.744,-36.6244],[174.7441,-36.6239],[174.7426,-36.6245],[174.7397,-36.6245],[174.7366,-36.6237],[174.7368,-36.6248],[174.7364,-36.6255],[174.7352,-36.6255],[174.7334,-36.6248],[174.7328,-36.6249],[174.7326,-36.6256],[174.7328,-36.6261],[174.735,-36.6272],[174.7398,-36.6282],[174.7411,-36.6291],[174.7426,-36.6306],[174.7427,-36.6312],[174.7421,-36.6337],[174.7431,-36.6341],[174.7445,-36.6323],[174.7442,-36.6288],[174.7454,-36.6263],[174.7443,-36.6243]]]}},{"type":"Feature","properties":{},"geometry":{"type":"Polygon","coordinates":[[[174.9768,-36.9982],[174.9775,-36.9987],[174.9791,-36.9984],[174.9811,-36.9991],[174.9849,-36.9982],[174.9845,-36.9978],[174.9824,-36.9973],[174.9809,-36.9962],[174.9814,-36.9956],[174.9809,-36.9951],[174.9789,-36.9948],[174.9761,-36.9973],[174.9768,-36.9982]]]}},{"type":"Feature","properties":{},"geometry":{"type":"Polygon","coordinates":[[[174.7809,-36.9291],[174.7816,-36.9278],[174.7817,-36.9269],[174.7798,-36.9272],[174.7785,-36.9267],[174.7781,-36.9263],[174.7778,-36.9241],[174.7768,-36.9235],[174.7744,-36.9226],[174.772,-36.9224],[174.7685,-36.9223],[174.7683,-36.9227],[174.771,-36.925],[174.7714,-36.9241],[174.7726,-36.9244],[174.7786,-36.9276],[174.7789,-36.9281],[174.7793,-36.928],[174.78,-36.9283],[174.7809,-36.9291]],[[174.7763,-36.9243],[174.7763,-36.9251],[174.7753,-36.9252],[174.7733,-36.9245],[174.7731,-36.9239],[174.7738,-36.9235],[174.7757,-36.9234],[174.7759,-36.9242],[174.7763,-36.9243]]]}},{"type":"Feature","properties":{},"geometry":{"type":"Polygon","coordinates":[[[175.0185,-36.8816],[175.0199,-36.8828],[175.0208,-36.8824],[175.0201,-36.8823],[175.0205,-36.882],[175.0185,-36.8816]]]}},{"type":"Feature","properties":{},"geometry":{"type":"Polygon","coordinates":[[[174.4986,-36.5683],[174.5019,-36.5671],[174.5022,-36.5663],[174.5018,-36.5652],[174.4999,-36.5643],[174.4959,-36.5642],[174.4947,-36.5645],[174.4947,-36.5651],[174.4968,-36.5679],[174.4974,-36.5683],[174.4986,-36.5683]]]}},{"type":"Feature","properties":{},"geometry":{"type":"Polygon","coordinates":[[[175.1948,-36.839],[175.1947,-36.8398],[175.1935,-36.84],[175.1943,-36.8423],[175.1951,-36.8424],[175.1957,-36.842],[175.1977,-36.8416],[175.1977,-36.8407],[175.1974,-36.8403],[175.1959,-36.8393],[175.1948,-36.839]]]}},{"type":"Feature","properties":{},"geometry":{"type":"Polygon","coordinates":[[[175.173,-36.8858],[175.1742,-36.8857],[175.1744,-36.8845],[175.1757,-36.8841],[175.1758,-36.883],[175.1752,-36.8825],[175.1738,-36.8824],[175.1722,-36.8831],[175.1727,-36.8833],[175.173,-36.8842],[175.173,-36.8858]]]}},{"type":"Feature","properties":{},"geometry":{"type":"Polygon","coordinates":[[[174.6409,-36.8504],[174.6409,-36.85],[174.6393,-36.8482],[174.6402,-36.847],[174.64,-36.8465],[174.6392,-36.8473],[174.6388,-36.8466],[174.6376,-36.8462],[174.6373,-36.8476],[174.6351,-36.8481],[174.6349,-36.8484],[174.6348,-36.8475],[174.6346,-36.8473],[174.6342,-36.8477],[174.6344,-36.8472],[174.6335,-36.8462],[174.6333,-36.8466],[174.6329,-36.8474],[174.6343,-36.85],[174.6362,-36.8518],[174.6383,-36.8518],[174.6409,-36.8504]]]}},{"type":"Feature","properties":{},"geometry":{"type":"Polygon","coordinates":[[[174.7222,-36.6437],[174.7225,-36.6436],[174.7229,-36.6416],[174.7225,-36.6422],[174.7223,-36.6415],[174.7233,-36.6399],[174.7223,-36.6408],[174.7222,-36.639],[174.7215,-36.6389],[174.721,-36.6379],[174.7201,-36.6373],[174.7199,-36.6387],[174.7211,-36.6399],[174.7222,-36.6437]]]}},{"type":"Feature","properties":{},"geometry":{"type":"Polygon","coordinates":[[[174.7979,-36.3802],[174.7984,-36.3794],[174.7995,-36.3787],[174.8003,-36.3785],[174.8017,-36.3786],[174.8025,-36.3782],[174.802,-36.3768],[174.7998,-36.3748],[174.8001,-36.374],[174.8014,-36.3729],[174.8015,-36.3721],[174.7987,-36.3728],[174.7968,-36.3723],[174.796,-36.3727],[174.7954,-36.3742],[174.7949,-36.3743],[174.7936,-36.3742],[174.7917,-36.3735],[174.7879,-36.3745],[174.7871,-36.3743],[174.7853,-36.3726],[174.7847,-36.3728],[174.7852,-36.3749],[174.7862,-36.3761],[174.7876,-36.3765],[174.7898,-36.3753],[174.7921,-36.3754],[174.7945,-36.3782],[174.7945,-36.3778],[174.7957,-36.3783],[174.7979,-36.3802]]]}},{"type":"Feature","properties":{},"geometry":{"type":"Polygon","coordinates":[[[174.6609,-37.048],[174.6587,-37.0501],[174.6595,-37.051],[174.6606,-37.0508],[174.6617,-37.0514],[174.6629,-37.0531],[174.6631,-37.0544],[174.6621,-37.0554],[174.6587,-37.056],[174.6582,-37.0566],[174.6602,-37.0581],[174.6624,-37.0574],[174.6635,-37.0574],[174.6665,-37.0589],[174.6662,-37.0564],[174.6652,-37.054],[174.6628,-37.0507],[174.6613,-37.0494],[174.6609,-37.048]]]}},{"type":"Feature","properties":{},"geometry":{"type":"Polygon","coordinates":[[[174.7546,-36.7348],[174.7531,-36.7324],[174.7532,-36.7321],[174.7478,-36.7294],[174.7471,-36.7293],[174.7451,-36.7299],[174.7442,-36.7311],[174.7443,-36.7319],[174.7472,-36.7317],[174.75,-36.7323],[174.7522,-36.7339],[174.7546,-36.7348]]]}},{"type":"Feature","properties":{},"geometry":{"type":"Polygon","coordinates":[[[174.3474,-36.5887],[174.3485,-36.5888],[174.3485,-36.59],[174.3491,-36.5905],[174.3532,-36.5918],[174.3541,-36.593],[174.3557,-36.5938],[174.3565,-36.5939],[174.3592,-36.5931],[174.3611,-36.5913],[174.3624,-36.5906],[174.3623,-36.5904],[174.3608,-36.5911],[174.3619,-36.5892],[174.362,-36.588],[174.3615,-36.5867],[174.362,-36.5858],[174.3598,-36.5853],[174.3583,-36.5838],[174.3562,-36.5837],[174.3545,-36.584],[174.3532,-36.5846],[174.3521,-36.5847],[174.3515,-36.5854],[174.3508,-36.5847],[174.3471,-36.5853],[174.3466,-36.5851],[174.3463,-36.5864],[174.3473,-36.5871],[174.3474,-36.5887]]]}},{"type":"Feature","properties":{},"geometry":{"type":"Polygon","coordinates":[[[174.5246,-36.379],[174.5227,-36.3792],[174.5213,-36.3797],[174.5197,-36.3811],[174.5177,-36.3843],[174.5177,-36.3858],[174.5183,-36.3865],[174.5201,-36.3876],[174.5191,-36.3899],[174.5197,-36.3905],[174.5207,-36.3903],[174.5216,-36.3887],[174.5213,-36.3869],[174.5219,-36.3868],[174.5258,-36.3883],[174.5272,-36.3895],[174.5279,-36.3908],[174.5288,-36.391],[174.5297,-36.3894],[174.5294,-36.3886],[174.5288,-36.3879],[174.5265,-36.3868],[174.5202,-36.3851],[174.5196,-36.3844],[174.5198,-36.3829],[174.5212,-36.3816],[174.525,-36.3807],[174.5276,-36.381],[174.5285,-36.3807],[174.5284,-36.3803],[174.5278,-36.38],[174.5246,-36.379]]]}},{"type":"Feature","properties":{},"geometry":{"type":"Polygon","coordinates":[[[174.6723,-36.864],[174.6663,-36.8578],[174.6656,-36.8575],[174.665,-36.8581],[174.6661,-36.8601],[174.6681,-36.8615],[174.6678,-36.8621],[174.6685,-36.8631],[174.6742,-36.867],[174.6739,-36.8682],[174.6746,-36.8685],[174.6746,-36.8659],[174.6723,-36.864]]]}},{"type":"Feature","properties":{},"geometry":{"type":"Polygon","coordinates":[[[174.6906,-36.5972],[174.6895,-36.5973],[174.6895,-36.5978],[174.6913,-36.5977],[174.6913,-36.5974],[174.6906,-36.5972]]]}},{"type":"Feature","properties":{},"geometry":{"type":"Polygon","coordinates":[[[174.3111,-36.3734],[174.3098,-36.3722],[174.3083,-36.3717],[174.3095,-36.373],[174.3111,-36.3734]]]}},{"type":"Feature","properties":{},"geometry":{"type":"Polygon","coordinates":[[[174.7253,-36.6477],[174.7251,-36.6457],[174.7269,-36.6439],[174.7268,-36.6432],[174.7265,-36.6431],[174.726,-36.6442],[174.7253,-36.6447],[174.7251,-36.6452],[174.7239,-36.6455],[174.7239,-36.6446],[174.7249,-36.6426],[174.7236,-36.6437],[174.7222,-36.6438],[174.7241,-36.6457],[174.7253,-36.6477]]]}},{"type":"Feature","properties":{},"geometry":{"type":"Polygon","coordinates":[[[174.6079,-37.0488],[174.6086,-37.0499],[174.6084,-37.0508],[174.6086,-37.051],[174.6076,-37.052],[174.6058,-37.0526],[174.6053,-37.053],[174.6061,-37.0542],[174.6059,-37.0548],[174.6039,-37.0567],[174.602,-37.0577],[174.5992,-37.0586],[174.5964,-37.0584],[174.5939,-37.0594],[174.5919,-37.0593],[174.5891,-37.0616],[174.5884,-37.064],[174.5885,-37.0648],[174.5888,-37.0651],[174.5896,-37.0648],[174.5906,-37.0628],[174.5947,-37.0609],[174.5992,-37.06],[174.6024,-37.0588],[174.6041,-37.0591],[174.6049,-37.0588],[174.6059,-37.0574],[174.6086,-37.0561],[174.6085,-37.0545],[174.6117,-37.051],[174.6122,-37.0509],[174.6134,-37.0529],[174.6138,-37.0532],[174.6143,-37.0531],[174.6144,-37.0515],[174.6139,-37.0486],[174.6133,-37.0472],[174.6126,-37.0476],[174.6129,-37.0472],[174.6126,-37.0469],[174.6105,-37.0483],[174.6079,-37.0488]]]}},{"type":"Feature","properties":{},"geometry":{"type":"Polygon","coordinates":[[[174.7253,-36.8504],[174.724,-36.8515],[174.7232,-36.8516],[174.724,-36.8524],[174.7255,-36.8532],[174.7262,-36.8533],[174.7291,-36.8523],[174.731,-36.8528],[174.7317,-36.8526],[174.7311,-36.8511],[174.7298,-36.8503],[174.7253,-36.8504]]]}},{"type":"Feature","properties":{},"geometry":{"type":"Polygon","coordinates":[[[174.7308,-36.4214],[174.7295,-36.4186],[174.7293,-36.4108],[174.7301,-36.4084],[174.7306,-36.4078],[174.7273,-36.4093],[174.7271,-36.4105],[174.7277,-36.4147],[174.7293,-36.4201],[174.7308,-36.4214]]]}},{"type":"Feature","properties":{},"geometry":{"type":"Polygon","coordinates":[[[174.5155,-36.503],[174.5193,-36.5032],[174.5218,-36.503],[174.5259,-36.5009],[174.5267,-36.5001],[174.5267,-36.4997],[174.5256,-36.4996],[174.5235,-36.5007],[174.5187,-36.5017],[174.5122,-36.5003],[174.5072,-36.4973],[174.5027,-36.4933],[174.5015,-36.4929],[174.4998,-36.494],[174.4991,-36.4957],[174.498,-36.4955],[174.4971,-36.4938],[174.4964,-36.4935],[174.4902,-36.4935],[174.4811,-36.4975],[174.4792,-36.4995],[174.4785,-36.4998],[174.4755,-36.5004],[174.4689,-36.5028],[174.4571,-36.5039],[174.4559,-36.5036],[174.4526,-36.5023],[174.4512,-36.5008],[174.4517,-36.4984],[174.451,-36.4961],[174.4519,-36.4922],[174.4523,-36.4914],[174.4542,-36.4899],[174.4535,-36.4887],[174.4534,-36.4881],[174.4548,-36.4854],[174.4542,-36.4846],[174.4541,-36.4826],[174.4531,-36.4806],[174.4519,-36.4806],[174.4498,-36.4815],[174.4479,-36.4818],[174.4467,-36.4814],[174.4452,-36.4797],[174.4445,-36.4796],[174.4441,-36.4799],[174.444,-36.4806],[174.4446,-36.4829],[174.4446,-36.4861],[174.442,-36.4895],[174.4396,-36.4917],[174.4372,-36.4928],[174.4323,-36.4937],[174.428,-36.4959],[174.4279,-36.4965],[174.4284,-36.4972],[174.4275,-36.4986],[174.4274,-36.4996],[174.4291,-36.5017],[174.4306,-36.5029],[174.4315,-36.503],[174.4349,-36.5022],[174.4373,-36.5037],[174.4373,-36.5043],[174.4359,-36.5055],[174.4359,-36.5064],[174.4366,-36.507],[174.4369,-36.5078],[174.4365,-36.5082],[174.4345,-36.5085],[174.4336,-36.5101],[174.4313,-36.5107],[174.4314,-36.5126],[174.4322,-36.5167],[174.4308,-36.5196],[174.4291,-36.5199],[174.4287,-36.5207],[174.4308,-36.5202],[174.4341,-36.5185],[174.4389,-36.5144],[174.4404,-36.5139],[174.4414,-36.514],[174.4434,-36.515],[174.4441,-36.5159],[174.444,-36.5177],[174.443,-36.5193],[174.4428,-36.5201],[174.4436,-36.5206],[174.4467,-36.5212],[174.4478,-36.523],[174.4488,-36.5237],[174.4515,-36.5237],[174.4522,-36.5234],[174.4512,-36.5215],[174.451,-36.5205],[174.4514,-36.5204],[174.4522,-36.5173],[174.4543,-36.5144],[174.4544,-36.5133],[174.4538,-36.5119],[174.4568,-36.5089],[174.4596,-36.5082],[174.4625,-36.5082],[174.4636,-36.509],[174.464,-36.5117],[174.4644,-36.512],[174.4649,-36.5119],[174.4655,-36.5111],[174.4656,-36.5093],[174.4671,-36.5085],[174.4668,-36.508],[174.4642,-36.5069],[174.4641,-36.5064],[174.4647,-36.5057],[174.4663,-36.5051],[174.4685,-36.5052],[174.4718,-36.503],[174.4748,-36.5022],[174.481,-36.5013],[174.4835,-36.5016],[174.4863,-36.4995],[174.4889,-36.4996],[174.4892,-36.4989],[174.489,-36.4969],[174.4899,-36.4958],[174.4907,-36.4955],[174.4949,-36.4952],[174.4982,-36.4983],[174.5011,-36.4966],[174.5031,-36.4961],[174.5042,-36.4967],[174.506,-36.4986],[174.5067,-36.5002],[174.5085,-36.5011],[174.5099,-36.5008],[174.5136,-36.5017],[174.5155,-36.503]]]}},{"type":"Feature","properties":{},"geometry":{"type":"Polygon","coordinates":[[[174.5491,-36.5686],[174.5482,-36.5671],[174.546,-36.5662],[174.5458,-36.5654],[174.546,-36.5643],[174.5448,-36.565],[174.5446,-36.566],[174.5436,-36.5672],[174.5398,-36.5679],[174.5393,-36.5683],[174.5423,-36.5696],[174.5435,-36.5692],[174.5471,-36.5702],[174.5485,-36.57],[174.549,-36.5694],[174.5491,-36.5686]]]}},{"type":"Feature","properties":{},"geometry":{"type":"Polygon","coordinates":[[[174.7761,-36.9605],[174.7745,-36.9637],[174.7742,-36.967],[174.7748,-36.9674],[174.7748,-36.9679],[174.7738,-36.9702],[174.7719,-36.9714],[174.7738,-36.9712],[174.7745,-36.9699],[174.7766,-36.968],[174.7776,-36.9664],[174.7779,-36.9645],[174.7775,-36.9608],[174.7761,-36.9605]]]}}]}